customer_id,month,defaulted_within_60d,FIN-001,FIN-002,FIN-003,FIN-004,FIN-005,FIN-006,FIN-007,FIN-008,BEH-001,BEH-002,BEH-003,BEH-004,BEH-005,BEH-006,BEH-007,BEH-008,TXN-001,TXN-002,TXN-003,TXN-004,TXN-005,TXN-006,TXN-007,TXN-008,CRD-001,CRD-002,CRD-003,CRD-004,CRD-005,CRD-006,CRD-007,CRD-008
CUST-00001,0,0,-0.057,0,0.878,0,1.1846,0,0.9229,0.0838,0,1,0.0307,-0.0474,0,190,0,0,0.9979,0.9698,0.3343,0.2239,0,0.3762,0.9092,-0.0231,4,0,0,0.1867,0,5,1.8494,0
CUST-00001,1,0,0.1526,2,0.2878,0.1164,0.6823,0,2.7267,0.4729,0,0,0.3069,0.084,0,240,0,1,1.0946,-1.2786,0.2533,-0.0691,1,0.2768,0.4809,-0.1066,8,0,0,0.1021,0,6,1.5779,0
CUST-00001,2,0,-0.1763,3,0.6936,0.1816,1.3459,1,1.7088,0.0921,0.561,0,0,-0.1961,1,84,0,0,1.0951,-0.872,0.202,0.0713,0,0.1,0.2,-0.1681,-19,0,7,-0.2894,0,22,1.6061,0
CUST-00001,3,0,0.0726,3,0.6796,0.2236,1.4096,0,0.2155,0.4114,2.2418,1,0.2007,-0.2041,0,153,0,2,0.5475,0.3862,0.1616,0.1452,0,0.2793,1.9638,0.1102,-7,1,0,0.1061,0,10,1.678,1
CUST-00001,4,0,0.123,6,0.6525,0.2775,1.6683,0,2.4597,0.4,2.2651,2,0.1864,0.1898,0,255,0,0,1.08,-0.3377,0.4068,-0.0267,0,0.4187,1.1366,0.0084,-3,0,3,0.2474,0,0,1.31,0
CUST-00001,5,0,-0.0673,0,0.388,0.1954,1.2608,0,0.2724,0.3544,1.3414,2,0.0227,0.2444,0,84,0,0,0.6856,-0.3732,0.0811,0.3704,0,0.1273,1.1698,-0.089,-29,1,5,-0.1271,0,0,1.3644,0
CUST-00001,6,0,0.1785,4,0.473,0.2279,0.7314,0,0.9471,0.4041,3.0064,0,0.2227,-0.2228,2,222,1,2,0.8687,-1.2623,0.2615,0.2095,1,0.3112,1.4469,0.0471,-23,0,12,0.2287,0,0,1.1113,0
CUST-00001,7,0,-0.1688,3,0.3267,0.2955,1.1323,0,2.0349,0.2674,4.7196,1,0.0465,0.1111,0,153,0,0,1.0164,0.4465,0.2038,-0.2799,1,0.3257,0.5831,-0.0892,-16,0,0,0.3201,0,0,1.097,0
CUST-00001,8,0,-0.0854,0,0.7819,0.1687,0.9849,1,1.9438,0.3328,1.344,0,0.2839,0.0106,0,133,0,0,0.9293,-0.9284,0.2023,-0.0733,1,0.3411,0.3499,-0.1163,-20,1,11,0.3057,0,0,1.7347,0
CUST-00001,9,0,0.0991,3,0.7632,0.2305,1.3071,1,0.8653,0.2215,3.8173,0,0.0645,-0.173,0,223,0,1,0.7131,0.0787,0.1946,-0.1619,2,0.4519,0.7105,-0.2105,-9,0,0,0.0921,0,0,0.6765,0
CUST-00001,10,0,-0.0913,3,0.2608,0.1106,0.8197,1,1.4697,0.0191,4.1282,0,0,-0.237,0,179,0,0,0.8531,-0.108,0.2415,-0.0697,0,0.3582,1.4096,0.145,14,0,0,-0.0692,0,0,1.2528,0
CUST-00001,11,0,0.1703,0,0.9909,0.3332,1.685,0,2.3473,0.1542,0,1,0.0725,-0.0158,1,90,0,0,0.6927,-1.3095,0.1119,-0.4,0,0.4696,1.4489,0.1732,1,0,0,-0.1674,0,0,1.0454,0
CUST-00002,0,0,0.0687,4,0.4135,0.2371,1.2194,0,1.6227,0.1604,0.5177,0,0.0184,-0.0309,0,153,0,0,1.1089,-0.4087,0.3738,-0.1404,0,0.2951,1.2579,-0.0303,-14,0,0,0.3583,0,8,1.6981,0
CUST-00002,1,0,0.1093,1,0.5524,0.1868,1.3138,0,3.3981,0.2318,3.2198,1,0.0316,-0.1088,0,0,0,3,0.8234,-0.1558,0.0932,-0.1264,0,0.5904,2.0321,0.0319,3,0,0,0.1255,0,0,1.4265,0
CUST-00002,2,0,0.1061,2,0.627,0.1169,0.9502,0,1.7145,0.1159,0,1,0,0.013,0,255,0,0,0.6982,-1.1359,0.1167,-0.1135,0,0.3742,1.5433,-0.0222,30,1,0,0.1774,0,24,1.2146,0
CUST-00002,3,0,0.1624,5,0.4186,0.2919,1.6073,1,2.4902,0.2,0,1,0.2427,0.2057,1,185,0,0,0.8733,0.9682,0.2088,0.0533,0,0.44,2.6898,0.0323,-18,2,0,0,1,20,1.3445,0
CUST-00002,4,0,0.01,3,0.4381,0.12,1.4369,0,3.2375,0.4463,0,0,0,-0.0324,1,198,0,1,0.7464,-0.3103,0.0727,0.0135,0,0.2375,0.6689,-0.097,-42,1,0,-0.0812,0,0,1.1383,0
CUST-00002,5,0,-0.1724,0,0.4153,0.2056,1.3455,0,4.7362,0.1612,0,2,0,-0.1274,1,235,0,0,1.0238,-0.0902,0.0636,0.2458,0,0.4509,1.4186,-0.0616,9,0,11,-0.1958,0,0,1.696,0
CUST-00002,6,0,0.0174,0,0.01,0.2329,1.2104,0,1.7734,0.2111,0,0,0.282,0.1681,0,146,0,0,0.6966,-0.3054,0.2743,0.0141,0,0.3541,1.5784,0.169,12,0,9,-0.1552,0,4,1.4903,0
CUST-00002,7,0,-0.0457,0,0.5594,0.1563,1.6962,0,1.4185,0.257,3.4712,1,0.0394,0.2352,0,147,0,3,0.8724,0.1265,0.2192,-0.2672,0,0.2846,0.9555,0.1261,1,2,9,0.3743,0,3,1.0365,0
CUST-00002,8,0,0.2277,3,0.7796,0.1435,1.2703,0,0.2,0.4171,0,1,0,-0.0357,1,204,0,1,0.7202,-0.0009,0.1723,-0.1581,0,0.2462,0.3735,0.1971,-6,0,9,-0.1777,0,4,1.3777,0
CUST-00002,9,0,0.2025,1,0.4357,0.2027,1.5845,0,1.9629,0.206,0,0,0.1271,0.2953,0,210,0,0,1.0784,-1.8837,0.3079,0.1489,0,0.4423,0.5778,0.0218,-21,0,6,0.2094,0,1,1.4513,0
CUST-00002,10,0,-0.1768,4,0.2558,0.2558,1.9225,0,2.3071,0.0789,0,0,0.0404,0.0459,1,160,0,0,0.7701,1.4594,0.287,0.0848,0,0.468,0.7835,-0.0061,-4,0,0,0.0073,0,0,1.192,0
CUST-00002,11,0,0.0341,1,0.6173,0.1225,1.0624,0,0.7076,0.2984,3.9972,2,0,0.0218,2,125,0,1,0.8514,0.3528,0.1104,0.1514,1,0.1977,0.2,-0.1992,0,2,0,0.5328,0,0,1.6064,0
CUST-00003,0,0,0.1584,8,0.9319,0.2011,1.0694,0,1.6049,0.503,4.5808,0,0.033,0.1247,0,217,0,0,0.8834,-0.1785,0.3182,0.197,1,0.3082,0.2,-0.0499,20,0,0,0.1058,0,18,1.4908,0
CUST-00003,1,0,0.0069,9,0.4776,0.1847,1.0725,1,2.3552,0.0253,1.6274,0,0,0.0717,0,55,0,0,0.9219,0.8236,0.2266,0.225,0,0.451,1.2656,-0.0464,3,0,0,0.4019,0,10,1.2472,0
CUST-00003,2,0,-0.0732,0,0.1338,0.0618,1.808,0,1.5538,0,2.384,0,0,-0.0262,0,173,0,1,0.6141,0.8723,0.1142,-0.4,0,0.4938,2.3636,-0.1295,-12,0,4,0.1918,0,2,1.2365,0
CUST-00003,3,0,0.031,2,0.6204,0.0905,1.157,0,1.9583,0.0919,0,1,0.2365,0.2544,0,310,0,0,0.9586,-0.4073,0.1552,-0.1357,2,0.3065,1.4999,0.0128,27,0,2,-0.1046,0,0,1.593,0
CUST-00003,4,0,-0.0492,1,0.8744,0.2422,1.2742,0,0.856,0.3084,0.8371,0,0.001,0.1194,0,151,0,0,0.7147,-0.2674,0.1888,-0.1186,0,0.4611,1.263,-0.02,-1,2,2,0.0655,0,0,1.2342,0
CUST-00003,5,0,0.1838,2,0.8399,0.1768,1.2064,0,1.5281,0.3076,0,0,0.2559,0.0046,0,101,0,0,0.8474,-0.2733,0.1017,0.0752,0,0.1416,1.1294,0.0468,-14,0,0,0.2369,0,15,1.3234,0
CUST-00003,6,0,0.0249,0,0.6155,0.18,1.095,1,1.8524,0.0113,4.5875,0,0.1069,-0.2097,0,-16,0,1,0.8872,-0.567,0.3928,-0.1601,0,0.3188,1.8059,-0.0221,24,0,10,0.0445,0,0,1.4451,0
CUST-00003,7,0,-0.0115,4,0.7379,0.3141,1.4918,0,2.6327,0.3259,1.2422,0,0,0.0155,0,220,0,3,0.8366,-0.6342,0.188,0.2285,1,0.1,1.0056,-0.1215,18,1,0,0.1092,0,0,1.5946,0
CUST-00003,8,0,0.0936,0,0.9456,0.2685,1.1782,0,2.848,0.3716,0,0,0.1676,0.0412,0,267,0,1,0.9565,1.0769,0.235,0.3187,0,0.5744,1.3085,0.0892,34,1,0,-0.0922,0,9,1.4551,0
CUST-00003,9,0,-0.1167,0,0.7628,0.3185,2.218,0,3.5527,0.2458,2.6186,1,0,-0.261,1,191,0,0,0.878,1.7349,0.1948,-0.1956,1,0.4565,0.4241,-0.0091,-7,0,3,0.1057,0,0,1.2174,0
CUST-00003,10,0,0.0208,1,0.8516,0.1574,1.3841,1,0.728,0.2482,4.9072,0,0.0581,-0.1873,0,255,0,0,0.849,-0.3773,0.3358,-0.2187,0,0.4645,1.2009,0.0256,7,2,4,0.275,0,3,1.424,0
CUST-00003,11,0,0.1191,0,0.5841,0.2337,1.1592,0,0.7388,0.0012,3.7073,0,0,0.2431,1,197,0,0,0.7929,1.2707,0.2388,-0.2735,0,0.1719,1.2724,0.0484,11,0,4,0.1117,0,0,1.2835,0
CUST-00004,0,0,0.306,0,0.4996,0.1673,1.1889,0,2.0667,0.1017,0,0,0.1377,-0.074,0,277,0,0,0.6469,0.654,0,0.001,0,0.3557,1.2532,0.0758,-50,2,10,0.0609,0,6,1.603,0
CUST-00004,1,0,-0.0066,2,0.6032,0.1711,1.2524,0,0.479,0.1311,0,1,0,0.0611,1,197,0,0,0.6331,0.9908,0.0745,0.371,0,0.3536,0.4715,-0.0657,14,2,8,0.0496,0,11,1.4813,0
CUST-00004,2,0,0.0715,5,0.6671,0.1895,1.6468,0,2.6161,0.4388,1.1905,0,0.0149,0.109,0,228,0,1,0.9883,-0.8264,0.2453,-0.1869,2,0.4912,0.6265,0.0159,9,0,16,0.0396,0,1,1.2091,0
CUST-00004,3,0,0.1789,0,0.8425,0.0598,1.3464,0,0.5822,0.3494,0.4288,0,0.0237,0.1145,0,147,0,0,0.8572,-0.1192,0.2222,-0.3055,1,0.2288,1.2439,0.0445,21,0,0,0.0463,0,2,1.9327,0
CUST-00004,4,0,0.1873,3,0.5781,0.267,1.4442,0,3.1413,0.2524,4.6779,1,0,-0.2011,0,167,0,0,0.7252,-0.348,0,0.016,1,0.3124,1.227,0.0396,-17,1,0,0.0244,0,0,1.6204,0
CUST-00004,5,0,0.0604,0,0.5133,0.2127,1.043,1,1.2432,0.3658,1.7624,0,0.0202,0.1518,1,204,0,1,0.8239,-0.8445,0.0867,-0.1045,0,0.2091,1.3143,0.0506,5,2,0,-0.0246,0,0,1.3991,0
CUST-00004,6,0,0.0111,1,0.6385,0.2254,1.4634,0,2.0268,0.0676,1.6112,1,0,0.1831,0,122,0,0,1.1623,0.1391,0.3926,-0.1053,0,0.3163,1.8272,0.0054,30,1,18,-0.0776,0,0,1.7514,0
CUST-00004,7,0,0.1521,0,0.5723,0.218,0.7815,0,5.0508,0.2182,0,0,0.0171,0.1441,1,180,0,0,0.8572,0.5193,0.4517,-0.0395,1,0.2272,0.6423,-0.1917,-14,1,7,0.0916,0,10,1.2069,0
CUST-00004,8,0,0.141,10,0.182,0.2323,1.2317,0,1.4395,0.4828,5.9615,1,0.1738,-0.2092,2,198,0,0,0.7431,0.986,0.1425,-0.0304,0,0.4655,1.3542,-0.0535,-13,2,0,0.0547,0,0,1.0061,0
CUST-00004,9,0,0.1614,3,0.4626,0,1.5351,0,1.0897,0.2574,0,0,0,0.1829,1,302,0,0,0.8583,-0.3117,0.3023,-0.2165,0,0.3434,1.3751,-0.0477,20,0,35,0.1196,0,0,1.3476,0
CUST-00004,10,0,-0.1012,0,0.5666,0.1493,1.2287,1,2.5329,0.1749,0.79,0,0.0156,0.0345,0,155,0,2,1.0138,-0.0049,0.1859,-0.1594,2,0.5538,1.5143,0.1868,11,0,24,0.1069,0,22,1.4994,0
CUST-00004,11,0,-0.0971,3,0.6033,0.2057,1.6872,1,2.2748,0.0661,3.0338,1,0.0784,0.1432,0,74,0,0,0.8248,-0.2252,0.1082,0.0404,0,0.3085,1.3105,0.0485,12,0,5,0.0269,0,11,1.3306,0
CUST-00005,0,0,-0.1219,1,0.8166,0.1414,0.8251,0,0.2,0.475,2.8452,1,0,0.1526,1,212,0,0,1.1311,1.0808,0.328,0.395,2,0.7224,0.8317,0.1846,37,0,0,0.1844,0,0,1.5355,0
CUST-00005,1,0,-0.0284,0,0.5895,0.1081,1.5432,1,1.4513,0.0619,1.9353,0,0.1068,-0.0461,0,202,0,0,0.9514,-0.1307,0.0547,-0.3692,1,0.3422,1.5193,-0.1386,2,0,0,-0.0077,0,22,1.4986,0
CUST-00005,2,0,0.0007,6,0.7853,0.3044,1.286,0,2.3455,0.2068,3.9588,1,0.2131,-0.2134,0,95,0,0,1.0493,-0.353,0.0912,-0.0261,0,0.3321,1.0229,-0.0859,9,0,0,-0.0412,0,5,1.3752,0
CUST-00005,3,0,0.1072,0,0.6738,0.2225,1.5555,0,1.9198,0.2773,0,0,0.1655,-0.0566,0,136,0,0,0.8692,0.7718,0.0856,-0.0345,0,0.3839,2.4202,-0.0616,-26,1,4,0.2499,0,5,1.2494,0
CUST-00005,4,0,0.2834,2,0.3812,0.1034,1.2995,0,1.4435,0.3432,0,0,0.3886,0.1076,3,255,0,1,0.9251,0.7245,0.2609,0.0991,0,0.2297,0.5652,-0.05,-3,0,9,0.3171,0,4,1.0288,0
CUST-00005,5,0,-0.1826,1,0.4667,0.1477,0.9149,1,0.6463,0.2418,2.766,0,0.1075,0.0655,0,170,0,2,0.8523,-0.1009,0.3168,0.1566,1,0.4026,1.1324,-0.1363,-10,0,6,0.3087,0,0,1.1444,0
CUST-00005,6,0,-0.1768,8,0.1517,0.2365,1.5394,0,1.977,0.16,0,0,0,-0.0906,0,197,0,2,0.8089,0.7202,0.0953,-0.1534,1,0.3337,0.2,0.0129,6,0,0,0.2313,0,20,1.0762,0
CUST-00005,7,0,0.046,3,0.785,0.1866,1.5808,0,2.4479,0.2091,0,0,0.1393,0.0102,0,191,0,0,0.7843,0.3869,0.0129,0.1833,0,0.285,1.0946,0.0956,5,2,2,-0.0736,0,0,1.4992,0
CUST-00005,8,0,0.0439,0,0.1838,0.2452,1.2947,0,1.9519,0.2655,0,1,0.0342,-0.3128,0,61,0,1,0.86,-0.4821,0.1152,0.0665,1,0.2884,0.5175,0.2,16,0,1,-0.2406,0,4,1.2334,0
CUST-00005,9,0,0.0422,3,0.01,0.1405,1.244,0,1.2284,0.3847,0,1,0,-0.0052,0,123,0,3,0.9751,0.31,0.3007,-0.3492,0,0.3835,0.2246,0.1267,-5,0,0,0.2227,0,0,1.4852,0
CUST-00005,10,0,0.0417,4,0.7131,0.2138,1.0079,0,1.9099,0.2525,0,1,0.0921,-0.0724,2,244,0,1,0.8805,0.6754,0.2579,0.1698,0,0.3401,1.3522,-0.0609,-25,2,0,0.2568,0,8,1.7019,0
CUST-00005,11,0,0.0298,1,0.5173,0.1321,1.1068,0,1.4371,0.3444,0.1707,0,0.0934,-0.11,0,196,0,0,0.877,0.0786,0.2984,-0.0395,0,0.3447,0.2696,-0.0025,-13,1,0,-0.0245,0,0,1.184,0
CUST-00006,0,0,0.0672,2,0.2816,0.0894,1.3637,1,2.2287,0.3459,0,1,0.123,0.0443,0,156,0,1,0.7995,-0.838,0.1835,-0.1841,1,0.1195,0.2,0.1102,1,3,0,-0.058,0,6,0.9716,0
CUST-00006,1,0,0.1296,3,0.3677,0,1.0182,1,1.7886,0.336,0,0,0,-0.0043,2,168,0,3,0.8758,-0.0114,0.3545,-0.1896,0,0.4726,1.4956,-0.0619,-7,0,18,0.3778,0,10,0.9866,0
CUST-00006,2,0,0.1958,7,0.3415,0.2012,1.4944,1,1.818,0.2502,0,1,0,0.018,1,139,0,0,1.2189,-0.3207,0.3195,0.1459,1,0.3836,0.7108,0.0766,25,0,0,0.1461,0,0,1.3979,0
CUST-00006,3,0,0.0119,3,0.7614,0.2902,1.3364,0,2.475,0.4439,0,0,0,-0.117,0,159,0,0,0.9103,0.059,0.1185,0.0443,1,0.2898,1.9071,-0.0189,2,1,8,0.3277,0,6,1.1035,0
CUST-00006,4,0,0.1133,0,0.4772,0.1902,1.8036,0,0.5539,0.4048,0,2,0.1062,0.1325,0,220,0,3,1.0069,-0.5365,0.3078,-0.0642,1,0.3664,1.8676,0.0253,18,2,0,0.1054,0,8,1.8472,0
CUST-00006,5,0,-0.0166,0,0.7965,0.1224,1.4999,1,0.2593,0.2187,0,0,0,-0.2401,0,309,0,1,0.8104,0.5488,0.2252,-0.0065,1,0.5635,1.4142,-0.0116,15,0,0,-0.2018,0,0,1.5485,0
CUST-00006,6,0,0.0531,3,0.9091,0.3646,0.7217,0,1.5245,0.2655,3.7451,0,0,0.0346,0,202,0,1,0.8867,-0.591,0,-0.3835,0,0.5463,1.6665,0.028,-7,1,17,0.3841,0,2,1.1646,1
CUST-00006,7,0,-0.06,4,0.8575,0.0917,1.0223,1,0.5457,0.1769,2.8844,2,0.0067,0.0475,0,112,0,1,0.7766,1.6154,0.3253,0.1043,0,0.1876,2.1515,-0.1661,-6,0,4,0.3599,0,0,1.2487,0
CUST-00006,8,0,0.1003,0,0.8587,0.3498,2.0209,0,1.6794,0,3.5901,0,0.0495,0.3359,2,59,0,1,0.8497,-0.4578,0.1565,0.1182,0,0.2442,0.8369,0.0366,-37,2,0,0.1403,0,0,1.1946,0
CUST-00006,9,0,0.162,3,0.6759,0.1027,1.0875,0,2.097,0.4399,2.8603,0,0.0304,0.1067,0,166,0,1,1.037,0.2885,0.1931,0.1255,1,0.3755,2.2584,0.0636,27,0,22,0.0449,0,17,1.2447,0
CUST-00006,10,0,0.1129,1,0.469,0.1933,1.1611,0,0.4456,0.2708,2.5069,1,0.067,-0.0332,0,99,0,3,0.8596,0.2693,0.2579,-0.1164,2,0.2057,1.413,0.0023,21,0,17,-0.2502,0,0,0.9505,0
CUST-00006,11,0,0.0054,0,0.5991,0,1.4696,0,1.2365,0.3777,5.0103,1,0.1247,-0.0055,0,167,0,2,0.9851,-2.153,0.2686,0.1056,1,0.3482,1.8728,0.0066,13,2,0,0.017,0,12,1.0704,0
CUST-00007,0,0,-0.018,2,0.4887,0,1.004,0,1.4922,0.2837,0,0,0.3507,0.0845,0,280,0,0,0.8734,-1.0608,0.1401,-0.1287,0,0.3847,0.8513,0.1286,-6,0,23,0.0463,0,0,1.1588,0
CUST-00007,1,0,0.1388,3,0.3478,0.0811,1.6662,0,3.0271,0.4711,0,0,0,-0.0059,0,216,0,0,0.8316,-0.2156,0.2919,-0.2044,1,0.3034,2.0033,-0.0664,-22,2,0,0.1075,0,0,1.8348,0
CUST-00007,2,0,0.2333,4,0.466,0.4697,1.0818,0,2.3687,0.2924,4.5231,0,0.0018,-0.201,2,131,0,1,0.5026,-0.1243,0.1856,-0.0916,0,0.3861,0.8656,-0.1214,-11,0,0,0.1162,0,4,1.1785,1
CUST-00007,3,0,0.175,1,0.6421,0.2459,0.8785,0,2.1921,0.1841,0,1,0.4002,0.03,1,174,0,1,0.8729,-0.6829,0,-0.1121,1,0.1618,1.163,-0.0538,-5,0,0,0.0941,0,12,1.0686,0
CUST-00007,4,0,-0.1288,4,0.015,0.2844,1.2648,0,1.824,0,0,1,0.2476,-0.2054,0,235,0,1,0.9513,-0.0857,0.2432,0.0141,0,0.5374,1.7389,0.0346,-20,0,0,0.1556,0,16,2.0974,0
CUST-00007,5,0,-0.0256,3,1.1301,0.1853,1.1068,0,2.866,0.3828,0.445,1,0.189,-0.0346,2,123,0,1,0.726,0.4054,0.2503,-0.1364,2,0.3879,1.4361,-0.0122,-10,0,9,-0.2794,0,0,1.4395,0
CUST-00007,6,0,0.19,3,0.6064,0.1234,1.708,0,2.6665,0.322,1.9525,0,0.0161,0.4762,0,170,0,0,0.8626,-0.6867,0,0.0326,0,0.473,1.2604,0.0123,3,1,0,0.1237,1,0,1.2657,0
CUST-00007,7,0,-0.1427,4,1.0556,0.2288,1.4364,0,2.6017,0.1533,0,0,0.0136,0.1512,0,166,0,0,1.0649,0.7422,0.3022,-0.0875,1,0.1275,0.4396,0.1949,-1,0,26,0.1523,0,0,1.3869,0
CUST-00007,8,0,-0.081,0,0.3899,0.2066,1.1735,0,2.2604,0,0,0,0.0304,0.0626,1,227,0,0,0.8785,-1.1243,0.3392,-0.0972,0,0.3802,1.7477,0.1469,22,1,6,0.0909,0,1,1.8303,0
CUST-00007,9,0,-0.0885,3,0.8221,0.3102,1.9007,0,1.9869,0.3049,2.02,0,0.0731,-0.0833,0,253,0,0,0.7785,0.7282,0.1247,-0.0982,1,0.3975,0.6231,-0.129,23,0,0,0.1213,0,0,2.12,0
CUST-00007,10,0,-0.0652,0,0.7644,0.107,1.2163,0,1.9616,0.1253,4.1691,0,0.0547,-0.1384,0,133,0,0,0.7191,0.6033,0.1674,0.1516,1,0.4013,1.3299,-0.0877,18,0,15,0.1218,0,11,1.156,0
CUST-00007,11,0,0.2424,5,0.7786,0.1635,1.6038,0,0.2,0.1911,4.4201,0,0,0.034,0,168,0,0,1.064,0.1278,0.1591,0.2179,0,0.4659,1.2572,0.0373,0,0,14,-0.0574,0,0,1.6134,0
CUST-00008,0,0,0.1863,0,0.8525,0.2729,1.3919,0,0.4304,0.0208,0,1,0.1162,0.05,0,192,0,1,0.9544,0.3389,0.1774,0.0282,0,0.5541,0.8843,0.1574,-11,0,7,0.0093,0,0,1.0012,0
CUST-00008,1,0,0.0581,3,0.569,0.3039,1.3877,0,0.2,0.4501,5.3728,0,0.1074,0.3696,1,301,0,1,1.0471,-1.2969,0.3051,0.2693,0,0.2288,0.8359,-0.0099,19,0,0,-0.1753,0,18,1.462,0
CUST-00008,2,0,0.101,0,0.8796,0.3508,1.4226,0,0.753,0.628,0,0,0,-0.1196,1,137,0,0,0.8088,1.5318,0.2429,-0.1662,1,0.346,1.7126,0.0334,-37,1,0,0.2016,0,6,1.5603,0
CUST-00008,3,0,0.013,2,0.7151,0.2064,1.1596,1,0.2,0.1665,3.3122,0,0.1059,0.303,0,135,0,2,0.7611,-0.1614,0.1855,-0.1633,0,0.4195,0.3126,0.0009,-19,1,6,0.0282,0,6,1.616,0
CUST-00008,4,0,0.1284,4,0.9164,0.1649,1.8766,0,2.6855,0.3145,4.7787,1,0.0181,0.1583,0,179,0,0,1.328,-0.7141,0.2622,0.31,0,0.5058,2.2218,-0.0574,-24,0,23,-0.0102,0,0,1.9261,0
CUST-00008,5,0,0.1694,3,0.4805,0.2523,1.5277,0,2.1333,0.4559,0,1,0.2152,-0.1127,0,142,0,0,0.9755,0.4481,0.2406,0.0597,0,0.1998,1.938,0.0172,-11,0,17,0.2306,0,1,1.3757,0
CUST-00008,6,0,0.0809,3,0.3546,0.2866,1.8025,0,1.3337,0.2631,5.2245,0,0.1113,-0.0805,0,151,0,1,0.7244,-0.1148,0.3173,0.1264,0,0.3923,0.5132,0.1866,-35,0,3,0.1242,0,14,1.3735,0
CUST-00008,7,0,-0.0059,6,0.5468,0.1234,0.8412,0,4.6863,0.3801,0.1389,0,0.1521,-0.2597,1,122,0,1,0.551,-0.5885,0.2288,0.014,0,0.3492,0.7871,-0.1618,15,1,3,0.2911,0,0,1.3033,0
CUST-00008,8,0,0.1635,7,0.9653,0.2668,1.4737,0,0.2,0.0809,2.5217,0,0.1034,-0.0575,0,133,0,1,0.9609,0.1863,0.1416,-0.1025,0,0.1972,0.2324,-0.0578,-16,0,0,-0.2931,0,1,1.3355,0
CUST-00008,9,0,0.0541,1,0.786,0.1698,1.5294,0,3.4439,0.1971,1.3706,0,0,0.2635,0,118,0,0,0.9206,-0.8158,0.2709,0.2873,0,0.3504,0.5385,0.1517,6,0,0,-0.1295,0,4,1.8812,0
CUST-00008,10,0,-0.0913,1,0.6243,0.1531,1.4301,0,1.6256,0.2833,1.0447,0,0.0385,0.1863,0,173,0,0,0.8287,-0.4171,0.1413,-0.1807,0,0.3525,1.5713,-0.0028,-7,1,0,-0.0237,0,13,1.5549,0
CUST-00008,11,0,0.0295,3,0.3341,0.1825,1.301,0,2.7317,0.4807,0,0,0,0.0535,2,90,0,0,0.8967,-0.4493,0.1467,0.0436,0,0.3059,1.1279,-0.0562,2,0,22,-0.129,1,0,1.1533,0
CUST-00009,0,0,0.1489,2,0.7226,0.1125,1.3966,0,1.3021,0.2982,0,0,0.2026,0.2384,0,216,0,0,0.8052,0.7878,0,-0.1479,0,0.3279,1.3398,-0.161,22,1,10,-0.2224,0,20,1.1626,0
CUST-00009,1,0,0.1091,0,0.7605,0.2476,1.21,0,3.4052,0.1984,5.6665,0,0,0.1421,0,301,0,0,0.8455,-0.0327,0.0134,0.1476,0,0.442,1.4707,-0.1636,8,0,0,0.0129,0,1,1.5776,0
CUST-00009,2,0,-0.0202,2,0.6726,0.0674,1.0885,0,2.5663,0.0366,2.8123,0,0.0242,0.1122,1,223,0,0,0.9443,-0.7677,0,0.2624,0,0.283,1.3035,-0.1272,6,0,4,0.0434,0,0,1.2112,0
CUST-00009,3,0,0.0201,0,0.8177,0.2013,1.7035,1,3.2044,0.4796,4.5737,2,0.1232,-0.2235,1,179,0,1,0.5338,0.843,0,-0.0708,0,0.3126,0.8547,-0.0302,11,1,0,-0.1416,0,0,1.0838,0
CUST-00009,4,0,-0.0101,0,0.5149,0.2097,1.706,0,3.1318,0.2726,3.0398,0,0,-0.1193,0,144,0,2,0.943,-0.3648,0.2559,-0.1812,0,0.3053,1.5929,0.072,7,1,1,-0.015,0,0,1.6628,0
CUST-00009,5,0,0.1217,8,0.7474,0.2602,0.7545,0,1.3892,0.2568,4.1537,0,0.1396,0.2727,1,229,0,0,0.8232,-1.1046,0.2971,0.0173,0,0.2518,1.3162,0.1877,41,1,13,0.2231,0,2,1.517,0
CUST-00009,6,0,0.0018,2,0.2863,0.1717,0.7487,1,2.9315,0.2837,3.6078,0,0.2982,-0.0746,0,219,0,0,0.5572,0.1688,0.2103,-0.0393,0,0.4388,1.4428,-0.0637,-50,1,26,0.2857,0,10,1.4298,0
CUST-00009,7,0,0.0522,3,0.8357,0.4036,1.101,1,1.6768,0.209,1.6063,0,0.0482,-0.0829,0,110,0,1,1.0774,0.694,0,-0.3294,0,0.3467,1.9804,-0.1588,-3,3,0,0.068,0,0,1.4356,0
CUST-00009,8,0,-0.1015,7,0.6036,0.0817,1.6099,0,2.2133,0.1619,1.0773,0,0.0494,-0.1059,0,47,0,0,1.0888,-0.0554,0.4829,0.214,0,0.4202,0.6185,-0.0415,5,0,9,-0.1354,0,5,1.3917,0
CUST-00009,9,0,-0.0834,4,0.7098,0.1973,0.8382,0,1.836,0.3593,3.5483,2,0,0.0402,0,251,0,3,0.9264,0.1985,0.0088,0.1626,0,0.3448,1.5545,-0.1164,23,0,9,-0.0008,0,5,1.6855,0
CUST-00009,10,0,0.0554,6,0.5972,0.262,1.2735,1,0.2457,0.3003,0.1816,2,0.1804,-0.1972,0,148,0,0,0.9014,0.3794,0.2209,0.2569,0,0.3344,0.4155,0.028,19,0,6,-0.2303,0,0,1.0567,0
CUST-00009,11,0,-0.0521,0,0.5474,0.1272,1.7218,0,4.3292,0.3624,0,0,0.0065,0.1296,0,131,0,1,0.8718,1.2384,0.1429,0.2664,0,0.3522,0.4326,0.1549,6,1,0,-0.1397,0,0,1.6798,0
CUST-00010,0,0,-0.1421,0,0.7179,0.1219,1.4409,0,2.3323,0.278,2.4405,0,0.1371,-0.1665,1,79,0,2,0.9213,0.8783,0.0459,0.2647,0,0.7305,1.2958,0.0546,-39,2,10,0.049,0,5,1.6096,0
CUST-00010,1,0,-0.0635,8,0.2974,0,1.3965,0,1.325,0.3818,1.7885,0,0,-0.0753,0,244,0,0,0.6301,-1.1382,0.3748,-0.0356,0,0.2131,0.2478,-0.0677,3,0,2,0.1145,0,4,1.3333,0
CUST-00010,2,0,0.0433,0,0.4216,0.1251,0.9382,0,2.9499,0.5821,3.8925,1,0,0.1716,0,233,0,0,0.6205,0.3451,0.1247,0.1141,1,0.3338,0.4753,-0.0022,18,1,0,0.134,0,0,1.4035,0
CUST-00010,3,0,-0.0372,4,0.5624,0.2652,1.5995,0,2.5217,0.1853,5.9492,0,0,-0.1748,1,184,0,0,1.0234,1.0485,0.2305,0.1078,0,0.5326,1.3588,0.0668,6,0,9,-0.1838,0,0,1.6392,0
CUST-00010,4,0,-0.0609,0,0.6435,0.235,0.9718,0,1.9164,0.0956,3.119,0,0.2643,0.1255,1,313,0,0,1.0364,1.4967,0.2661,-0.0404,0,0.1762,0.7865,-0.0734,-16,2,5,-0.0039,0,9,1.5686,0
CUST-00010,5,0,-0.0329,1,0.7768,0.0577,0.8819,0,3.2048,0.2524,0,1,0.0379,0.1619,0,286,0,0,0.8457,-0.0922,0.1339,0.1525,0,0.3635,0.2,-0.1032,-12,0,12,-0.0539,0,0,1.2786,0
CUST-00010,6,0,-0.1087,3,0.6743,0.2556,1.6081,0,0.2278,0.4409,2.4697,0,0.1894,0.3274,0,117,0,0,0.8723,0.3607,0.2368,0.2407,0,0.2624,0.7903,-0.0373,7,0,5,-0.2129,0,3,1.3727,0
CUST-00010,7,0,0.1336,3,1.1034,0.1684,0.8638,0,2.8012,0,2.4374,1,0.0851,-0.2067,0,189,0,1,0.833,-0.2385,0.2491,-0.0093,0,0.2857,1.1965,0.1747,-3,0,0,-0.2332,0,13,1.2709,0
CUST-00010,8,0,-0.0762,2,0.32,0.1999,1.2695,0,2.3676,0.0572,1.2628,0,0,-0.0881,1,194,0,0,1.2044,0.8593,0.1454,0.3042,0,0.4047,0.7474,0.0977,-16,2,0,-0.1638,0,0,1.2828,0
CUST-00010,9,0,-0.0192,4,0.5674,0.1487,1.0827,0,2.0892,0.403,3.582,0,0,0.1753,0,121,0,0,0.881,0.1558,0,-0.043,1,0.1339,1.0768,-0.0031,20,1,0,-0.0405,0,0,1.1612,0
CUST-00010,10,0,0.2198,9,0.6366,0.0452,1.4015,1,0.7847,0.5958,0,0,0.0985,-0.2438,0,191,0,0,1.1557,0.1785,0.1506,-0.1486,1,0.3654,1.5885,-0.049,-24,0,0,0.036,0,10,1.4771,0
CUST-00010,11,0,0.1633,0,0.5791,0.1736,0.8636,0,1.2528,0.0622,1.3591,0,0.258,0.0237,1,189,0,0,0.745,-0.2977,0.3557,0.1253,0,0.4052,1.4285,-0.2119,-12,1,0,0.0718,0,1,1.4405,0
CUST-00011,0,0,0.0373,5,0.6932,0.211,1.4989,2,0.2973,0.4086,0,1,0.0976,0.0772,0,243,0,0,0.8756,0.5633,0.1535,0.2493,1,0.269,1.8935,-0.1557,-16,0,9,-0.2678,0,0,1.5457,0
CUST-00011,1,0,0.0435,5,0.7359,0.1173,1.1252,1,0.6449,0.3043,2.2567,1,0,0.1441,0,187,0,1,0.9012,0.6335,0.2442,0.1592,0,0.422,0.7536,0.1161,25,0,0,-0.0271,0,0,1.534,0
CUST-00011,2,0,0.0795,1,0.6931,0.2348,1.288,0,1.8154,0.2051,0.2468,1,0,0.0119,0,165,0,1,0.8283,0.4064,0.1061,-0.0298,0,0.618,1.4276,0.0095,-41,2,0,-0.0473,0,17,1.3997,0
CUST-00011,3,0,0.0776,6,0.0221,0.082,1.0113,0,1.9233,0.1649,0,0,0.2035,0.0194,0,234,0,0,0.8163,-0.3761,0.3414,-0.2061,0,0.162,0.6148,0.0088,-11,0,0,0.2329,0,0,1.4202,0
CUST-00011,4,0,0.0322,0,0.518,0.237,1.7335,1,2.1624,0.3666,0.6878,0,0.0811,0.066,1,186,0,1,0.8523,0.3045,0.3236,0.1045,1,0.4189,1.9263,0.0422,-4,0,7,0.1118,0,21,1.344,0
CUST-00011,5,0,0.132,4,0.4545,0.1961,1.3751,1,1.6634,0.4452,2.4531,0,0.2684,-0.2263,0,221,0,2,0.7902,-0.9841,0.141,-0.4,1,0.293,1.7443,0.0433,39,1,2,0.2075,0,10,1.4088,0
CUST-00011,6,0,-0.0184,4,0.7953,0.1143,1.4332,1,3.3065,0.0642,0,0,0.1975,-0.22,0,194,0,0,0.9961,0.7217,0.1727,-0.0486,0,0.3664,1.2311,-0.0095,2,0,24,-0.0036,0,0,1.8238,0
CUST-00011,7,0,0.0182,0,0.6661,0.1801,1.3895,0,2.8849,0.0809,1.2181,2,0,0.5104,1,231,0,1,0.911,-0.5303,0.2209,-0.0467,0,0.2854,2.0473,0.0011,37,1,7,-0.0748,0,0,1.2506,0
CUST-00011,8,0,0.274,1,0.8953,0.0939,1.2439,0,1.1548,0.3445,0,0,0.203,0.0305,0,94,0,0,0.919,0.3233,0.3175,-0.1138,0,0.3149,0.9829,0.1219,6,0,2,-0.1433,0,0,1.0438,0
CUST-00011,9,0,0.1034,3,0.5708,0.1952,1.4659,0,2.1194,0.2197,4.6473,1,0,-0.0692,0,139,0,0,0.7811,-0.0118,0.0756,0.1217,1,0.3716,1.5712,0.0531,-38,0,3,0.5765,0,1,1.6509,0
CUST-00011,10,0,-0.1427,1,0.01,0.2641,1.4644,1,4.6201,0.2993,3.6066,1,0.1071,-0.225,1,146,0,0,0.8483,1.1553,0.1317,0.0597,1,0.3418,2.1004,0.0487,16,0,0,0.1772,0,0,1.0788,0
CUST-00011,11,0,-0.1145,1,0.8655,0.2517,1.5919,0,0.8821,0.3063,0,0,0.0181,0.0395,0,94,0,1,0.9385,0.4741,0.2459,0.0466,0,0.4467,0.927,0.1384,10,0,0,0.3721,0,7,1.1105,0
CUST-00012,0,0,-0.0258,4,0.9412,0.2557,1.2843,0,0.8917,0.1977,0.7153,1,0.0222,0.0954,0,81,0,1,0.652,0.6838,0.2224,0.0513,0,0.534,0.6832,-0.2976,-1,1,15,-0.0587,0,2,1.3374,0
CUST-00012,1,0,0.3287,3,0.5023,0.1409,1.5572,0,0.8542,0.1282,0.1538,0,0,0.0171,0,204,0,0,0.9387,0.4879,0.0525,-0.2781,0,0.4805,0.6942,-0.0019,-20,0,0,0.0373,0,0,0.7526,0
CUST-00012,2,0,-0.2,0,0.7974,0.1201,1.3106,0,1.0973,0.2687,0,0,0.115,0.1774,0,149,0,2,1.0187,0.5416,0.1437,-0.3367,1,0.4115,0.9736,-0.1536,9,0,10,-0.0694,0,0,1.0224,0
CUST-00012,3,0,0.117,9,0.2644,0.0926,0.8237,0,4.0661,0.4563,0,0,0.2185,0.1495,1,132,0,0,0.825,-0.4951,0.1302,0.0783,0,0.5426,1.0826,0.0449,-14,0,0,-0.0305,0,0,1.3171,0
CUST-00012,4,0,-0.2,3,0.5929,0.0989,2.0563,0,1.1465,0.0018,0,1,0.1197,-0.3189,1,244,0,2,0.8757,-0.5959,0,-0.1137,0,0.376,0.5559,-0.1114,5,1,0,-0.0835,0,13,1.344,0
CUST-00012,5,0,0.0035,0,0.5582,0.2559,1.2678,1,1.0029,0.7301,4.0796,1,0,0.1968,0,108,0,0,0.7325,-0.8929,0.0442,-0.28,0,0.4126,0.2,-0.0966,19,1,10,0.2324,0,9,1.5322,0
CUST-00012,6,0,0.0148,6,0.7776,0.0556,0.7561,0,2.6081,0.1068,5.2708,0,0.1835,0.1721,0,140,0,0,0.5298,-0.3743,0.1452,-0.0192,1,0.3394,0.2,-0.2348,-6,0,20,-0.0316,0,3,1.563,0
CUST-00012,7,0,0.1437,3,0.7205,0.1919,1.4316,0,1.8583,0.0947,5.0467,0,0.033,0.1273,0,178,0,1,0.8465,-0.5543,0.0817,-0.1522,0,0.1,1.0013,0.1308,5,0,0,-0.4302,0,8,1.3956,0
CUST-00012,8,0,0.1005,0,0.6722,0.2591,1.3376,0,4.2874,0.3556,5.9928,1,0.3563,-0.233,0,149,0,0,0.744,0.8242,0.153,-0.0412,0,0.3454,0.643,-0.0609,5,0,2,0.2005,0,8,1.045,0
CUST-00012,9,0,0.1227,5,0.2285,0.182,1.4949,1,3.9042,0.2955,2.9792,0,0.1306,0.2825,1,234,0,0,0.9055,0.8218,0.1679,0.1134,0,0.2984,2.8826,0.0898,-17,4,0,0.1139,0,0,1.6208,0
CUST-00012,10,0,-0.1067,2,0.6032,0.1491,1.0755,0,1.8063,0,2.6215,1,0.1236,-0.139,1,226,0,0,0.9279,-0.1134,0.3836,-0.191,0,0.3116,0.2768,-0.1291,-36,0,0,-0.1387,0,17,1.2699,0
CUST-00012,11,0,0.1071,0,0.5117,0.2227,1.5858,0,0.2,0.5376,1.4698,0,0.1069,0.1849,1,314,0,0,0.8742,-0.2969,0.2079,-0.2268,0,0.196,0.8225,-0.0043,-6,2,0,-0.0663,0,9,1.3804,0
CUST-00013,0,0,0.048,2,0.7395,0.2931,0.9756,1,2.0751,0.4688,4.0844,0,0.1531,-0.3055,1,160,0,0,0.908,-0.0211,0.1805,0.1183,0,0.2954,2.2447,0.0362,41,0,6,-0.1365,0,0,1.2975,1
CUST-00013,1,0,0.2055,1,0.5669,0.2607,1.3057,1,2.3421,0.2431,0.9421,0,0.0812,0.1345,0,241,0,1,0.7984,0.0444,0.3564,0.065,0,0.2341,0.2,-0.1601,-35,3,0,-0.2794,0,0,1.9413,0
CUST-00013,2,0,0.2187,6,0.3726,0.2868,1.1947,0,1.1313,0.3598,0,0,0,0.3351,0,157,0,2,0.7616,-0.5104,0.194,0.1461,0,0.3506,0.8811,-0.1066,-7,2,10,0.2155,0,0,1.4324,0
CUST-00013,3,0,0.0162,3,0.9278,0.184,1.357,1,3.6497,0.0778,1.9319,0,0.2255,-0.3787,1,236,0,0,0.9217,0.335,0.2165,-0.0639,1,0.344,0.5892,0.3845,-5,2,10,0.1537,0,0,1.3739,0
CUST-00013,4,0,0.2094,6,0.6836,0.1134,1.0198,0,1.6877,0.2538,1.9297,0,0.2127,0.071,1,208,0,0,0.8961,-0.5619,0.3464,0.3648,0,0.2179,0.3146,0.1396,8,0,6,0.1604,0,0,1.3589,0
CUST-00013,5,0,0.0903,0,0.3741,0.218,1.6895,0,1.3608,0.1084,9.1099,0,0.4313,-0.1135,0,179,0,0,1.241,-0.3428,0.1922,0.3268,0,0.3521,0.4066,0.0258,-27,0,0,-0.0074,0,0,1.44,0
CUST-00013,6,0,-0.0648,4,0.513,0.1722,1.2557,0,1.611,0.2958,5.8372,0,0.0653,0.0156,2,198,0,0,0.8354,-0.2603,0.1513,0.0889,1,0.3529,1.458,-0.088,-30,0,23,0.0081,0,13,0.8739,0
CUST-00013,7,0,0.3846,6,0.7402,0.1768,1.0611,0,0.7188,0.3002,0,0,0.2609,0.0276,2,218,0,0,0.8832,-0.0313,0.2311,-0.4,0,0.1777,1.6615,-0.0113,13,1,0,0.0052,0,0,1.653,0
CUST-00013,8,0,-0.0991,2,1.0725,0.2942,1.3091,0,1.0851,0.1034,5.1974,1,0.1499,-0.1715,1,162,0,1,0.763,0.4018,0.1869,-0.0915,0,0.3107,1.3247,-0.0786,19,0,16,-0.0537,0,2,0.9933,0
CUST-00013,9,0,-0.086,0,0.4895,0.2326,1.3519,1,1.7989,0.3275,3.6475,0,0.0005,0.189,0,235,0,1,0.7068,1.5628,0.226,0.0841,1,0.3535,0.4569,0.1354,14,0,0,0.1708,0,0,1.4409,0
CUST-00013,10,0,-0.0363,8,0.5133,0.1284,1.2423,0,2.7008,0.1767,2.1205,0,0.095,0.2321,1,238,0,0,0.8433,-1.2085,0.1428,-0.0076,1,0.3731,1.2377,-0.0898,17,2,0,0.0231,0,7,1.3157,0
CUST-00013,11,0,0.2542,0,0.6835,0.3012,0.9357,0,1.5418,0.241,0,1,0,-0.0706,0,94,0,0,0.6117,0.0178,0.2513,-0.09,1,0.3105,1.3641,0.123,19,1,0,0.0626,0,4,1.3234,0
CUST-00014,0,0,0.18,5,0.6471,0.1802,1.4406,0,2.9868,0.4081,0,0,0.1667,-0.2018,0,107,0,0,0.7995,0.6139,0.2677,-0.0144,0,0.2706,0.7731,-0.0217,-1,0,2,-0.3205,0,0,0.818,0
CUST-00014,1,0,0.0797,8,0.7723,0.289,1.2321,0,1.1867,0.392,1.944,0,0.0635,-0.2021,1,144,0,0,0.6652,1.2007,0.1554,0.0691,1,0.3522,0.5757,0.0303,25,1,0,-0.1844,0,5,1.2918,0
CUST-00014,2,0,0.1303,6,0.703,0.2774,1.389,0,0.2,0.3477,0.9374,0,0.1147,0.2109,0,154,0,0,0.6116,-0.1856,0.4704,-0.3171,0,0.2155,1.2408,0.0125,-40,1,11,-0.1021,0,3,1.5902,0
CUST-00014,3,0,0.0185,6,0.3426,0.3537,1.3138,0,1.7498,0.0931,2.8177,0,0,0.1517,0,181,0,0,0.9571,0.513,0.3109,-0.134,0,0.6573,0.3614,-0.2381,-38,0,10,0.2785,0,10,1.5605,0
CUST-00014,4,0,-0.0277,6,0.6962,0.1902,1.1084,0,2.5083,0.1597,4.4044,1,0.2455,0.0128,0,200,0,0,0.6005,0.0943,0.1874,-0.0601,0,0.2424,0.2,0.0665,0,2,0,0.1109,0,0,1.3043,0
CUST-00014,5,0,0.006,0,0.8311,0.1213,1.2899,0,1.6267,0.5042,1.6028,1,0.001,-0.1211,0,202,0,2,0.9208,-0.2986,0.0348,0.103,0,0.3506,0.9121,0.0226,17,2,0,0.214,0,7,0.985,0
CUST-00014,6,0,-0.0076,3,0.3782,0.2578,1.1087,0,4.2652,0.0416,8.0582,0,0.2108,0.2388,0,127,0,0,0.8824,0.5678,0.3735,0.0986,0,0.1,0.2,0.0519,4,1,0,0.1108,0,10,0.678,0
CUST-00014,7,0,0.1484,2,0.8967,0.0307,1.1865,0,2.2288,0.2041,3.991,1,0.228,-0.0885,0,175,0,0,0.9404,0.1879,0.2337,0.1731,1,0.2046,0.5556,-0.0689,-1,0,5,0.1848,0,21,1.9086,0
CUST-00014,8,0,0.0792,4,0.8498,0.2464,1.6598,0,1.4264,0.4207,0,0,0.0313,-0.4763,0,151,0,0,0.7098,0.1175,0,0.0008,0,0.5877,0.9368,0.0017,13,1,16,0.0595,0,0,1.6596,0
CUST-00014,9,0,0.2217,0,0.5764,0.2765,1.3403,0,0.6926,0.5911,3.422,0,0,-0.0771,0,130,0,0,0.7259,0.9821,0.2023,-0.1723,2,0.2877,0.5065,0.0105,-19,0,0,-0.1434,0,4,1.3329,0
CUST-00014,10,0,-0.095,0,0.7886,0.2155,1.0706,1,1.7538,0.3557,6.9868,0,0.2616,0.1103,0,211,0,0,0.8044,0.9856,0.0041,-0.26,1,0.4317,1.1366,0.0042,14,0,0,0.2747,0,3,1.6064,0
CUST-00014,11,0,0.4036,0,0.7465,0,1.5066,0,1.582,0.2871,5.1376,1,0.1373,0.1303,0,86,0,0,0.8457,2.0071,0.2215,-0.1929,0,0.4598,1.7916,-0.075,-4,2,0,0.1613,0,0,1.5686,0
CUST-00015,0,0,0,0,1.0097,0.0745,1.6443,0,0.7268,0.1534,0,0,0,0.2303,0,110,0,0,1.0546,-1.1386,0.0052,0.28,1,0.2274,0.7002,-0.0863,6,0,4,-0.0931,0,8,1.1832,0
CUST-00015,1,0,-0.012,3,0.6487,0.2777,1.3649,1,0.2,0.2676,2.8953,0,0.3481,-0.0606,0,211,0,0,0.7781,0.9721,0.2826,0.0119,0,0.4258,0.2,-0.0507,30,0,7,0.1253,0,2,0.775,0
CUST-00015,2,0,0.0891,0,0.6032,0.3661,1.2174,0,0.7005,0.4888,5.456,0,0.3225,0.0878,0,163,0,1,0.9932,-0.4298,0.3047,-0.015,0,0.3858,1.3245,0.0571,13,0,21,0.3026,0,2,1.4515,0
CUST-00015,3,0,0.2321,2,0.4285,0.2746,1.3412,0,1.9857,0.3464,0,1,0.078,0.1977,0,158,0,1,1.0433,-0.6581,0,-0.0043,0,0.3792,0.2279,0.0978,10,0,2,0.3095,1,0,1.8631,0
CUST-00015,4,0,0.2129,4,0.5081,0.2919,0.5638,1,2.8816,0.0977,0,0,0,0.0194,0,162,0,1,0.8839,0.6196,0.2225,0.2103,0,0.3979,0.335,0.0739,32,0,36,-0.2152,0,20,1.4139,1
CUST-00015,5,0,0.0255,0,0.62,0.0462,1.1872,0,0.2787,0.4282,3.2071,1,0.1398,0.1723,0,330,0,2,1.117,-0.3886,0.0083,-0.1787,0,0.2518,0.4028,0.0912,-23,0,0,0.1397,0,0,1.7742,0
CUST-00015,6,0,-0.0843,2,0.6421,0.1743,1.6179,0,3.287,0.509,1.8323,1,0.0932,-0.0552,0,264,0,0,0.994,-0.0037,0.1818,-0.249,0,0.4127,1.5469,-0.2219,-22,0,0,-0.1835,0,0,1.404,0
CUST-00015,7,0,0.1451,0,1.1273,0.158,1.6064,1,0.2,0.3805,2.1821,0,0,0.211,0,105,0,0,0.683,0.3099,0.1275,-0.0657,0,0.22,0.9136,-0.2345,-6,0,8,-0.4283,0,29,1.1424,0
CUST-00015,8,0,0.1533,2,0.7239,0.0609,1.5774,1,2.6384,0.1231,0,1,0,0.1934,1,137,0,1,0.6494,-0.3851,0.0902,0.1209,0,0.4235,1.4984,0.2357,30,0,0,0.0912,0,0,1.0953,0
CUST-00015,9,0,-0.0223,2,0.8929,0.2737,1.09,0,2.6129,0.1414,1.5324,0,0.0584,-0.1252,0,148,0,2,0.898,-0.0612,0.186,0.2427,1,0.4149,0.5685,0.0159,-1,0,8,-0.051,0,0,1.2937,0
CUST-00015,10,0,-0.0265,4,1.3482,0.2425,1.3037,0,0.4273,0.1622,0,0,0.2684,-0.0033,0,238,0,3,0.7616,-0.9134,0.1166,0.0191,0,0.3075,0.2676,-0.0105,2,0,0,0.0165,0,0,1.6431,0
CUST-00015,11,0,-0.2,1,0.3951,0.1147,1.6286,0,1.6769,0.1201,0,0,0.0349,-0.0605,0,72,0,1,0.9008,-0.493,0.21,0.0799,1,0.472,0.3087,-0.0751,-2,1,4,0.2568,0,2,1.3945,0
CUST-00016,0,0,-0.0922,0,0.618,0.2073,1.0567,0,0.6325,0.1348,6.174,1,0.2127,0.4879,1,141,0,0,0.8186,0.2897,0.2481,0.0559,0,0.3394,1.2726,0.1617,35,1,0,0.0491,0,2,1.6892,0
CUST-00016,1,0,-0.0772,3,0.042,0.2071,1.3238,0,0.3693,0.3811,1.6914,0,0.0764,0.0472,1,190,0,0,0.7195,0.9415,0.1397,-0.0396,0,0.3549,1.1743,0.0327,-7,2,13,0.0999,0,0,1.0774,0
CUST-00016,2,0,-0.0268,0,0.8987,0.0431,1.394,0,0.4594,0.4778,5.4493,0,0.0779,0.0902,2,250,0,0,1.047,-0.2132,0.1643,0.1794,0,0.3174,0.3587,0.0952,-40,1,0,0.2019,0,15,1.9388,0
CUST-00016,3,0,0.0487,6,0.7826,0.082,1.1824,1,3.0243,0.4641,5.1624,2,0.0782,-0.3369,0,282,0,1,0.6469,0.6771,0.1054,-0.1033,1,0.4437,0.6765,-0.0333,43,0,3,0.2252,0,1,1.1946,0
CUST-00016,4,0,0.1135,6,0.3586,0.1424,0.864,1,2.0825,0.2954,3.7422,0,0.0376,0.2174,0,214,0,0,1.0364,0.1936,0.2052,-0.0798,0,0.1382,1.0793,-0.0318,3,0,8,0.03,0,10,1.2946,0
CUST-00016,5,0,0.1154,3,0.7185,0.0257,1.0421,0,2.7328,0.1985,0,0,0,0.3089,0,215,0,0,0.9575,0.6845,0.1258,0.12,2,0.4393,0.2,-0.0193,23,3,0,0.151,0,0,1.3528,0
CUST-00016,6,0,0.2672,4,0.5063,0.2795,1.5039,1,3.2049,0.4181,0,0,0.1431,0.0593,0,192,0,0,0.6274,-0.3614,0.4055,0.0037,0,0.3531,1.2253,0.1028,18,0,7,0.1345,0,9,0.988,0
CUST-00016,7,0,0.0427,9,0.7091,0.1134,1.6122,0,0.3348,0.2663,0,0,0.1752,-0.2444,0,290,0,0,0.6514,1.2959,0.2012,-0.2698,1,0.2253,0.2,0.003,-5,2,7,-0.2018,0,2,1.5831,0
CUST-00016,8,0,0.1869,2,0.4482,0.2163,1.7716,0,3.1289,0.2136,0.8303,0,0.0662,-0.4228,0,227,0,1,0.7796,-0.2212,0.0873,0.0865,1,0.3407,0.6598,0.0792,-15,1,0,0.0032,0,5,1.4531,0
CUST-00016,9,0,0.1682,0,0.4747,0.0891,0.9832,0,2.7296,0.3102,0.3837,0,0.2234,0.0513,0,148,0,0,0.8759,0.1207,0.1913,-0.1719,1,0.232,0.5162,0.0128,-8,0,12,0.1862,0,0,1.7902,0
CUST-00016,10,0,0.0966,4,0.8793,0.048,0.8212,0,3.8167,0.4792,0,1,0,0.112,0,163,0,1,0.8785,1.0916,0.3354,0.2922,0,0.2493,1.2391,-0.1575,4,0,0,-0.0703,0,0,1.1204,0
CUST-00016,11,0,0.1121,8,0.7816,0.1452,1.5579,0,1.0219,0.0695,0,1,0,0.2702,0,148,0,0,0.8648,-0.4808,0.0023,0.204,0,0.3268,1.1237,0.0059,-19,0,0,-0.0855,0,11,1.133,0
CUST-00017,0,0,0.2118,2,0.5831,0.0929,1.1388,0,3.7544,0,0,1,0.0732,0.1003,0,196,0,0,0.8425,0.7691,0.2584,0.0685,0,0.2894,1.0816,-0.0979,-19,0,0,-0.0541,0,8,1.3301,0
CUST-00017,1,0,-0.0592,0,0.38,0.1367,1.4257,0,2.0584,0.1246,0,2,0.1553,0.0367,1,237,0,0,0.5538,0.3506,0.2683,-0.0287,0,0.2179,1.1157,0.0023,-16,1,3,0.0654,0,0,1.1094,0
CUST-00017,2,0,0.0753,7,0.6792,0.1425,1.0605,0,2.9406,0.2464,0,0,0.0741,0.1211,0,195,0,0,0.8237,-0.0192,0.0768,0.1668,1,0.3642,1.3623,-0.1508,-22,1,0,0.2475,0,0,1.3027,0
CUST-00017,3,0,-0.1115,0,0.5658,0.1933,1.3261,1,3.3942,0.3551,2.2172,1,0.1122,-0.2493,0,182,0,2,0.886,0.0778,0.367,0.2149,0,0.1867,1.0007,-0.0086,22,0,0,0.0848,0,7,1.4412,0
CUST-00017,4,0,0.2272,7,0.1007,0.2123,1.3565,0,2.9248,0.1502,3.5991,0,0.0278,0.078,0,187,0,0,0.8009,-0.9186,0.3299,-0.0107,0,0.3192,1.4792,-0.0071,-3,1,0,0.3611,0,6,1.3488,0
CUST-00017,5,0,0.366,3,0.3049,0,1.4307,0,1.7529,0.5875,0,0,0.1979,-0.3254,2,165,0,0,0.924,-0.6459,0.1165,0.3014,1,0.3511,1.7757,-0.049,-16,0,30,-0.2151,0,0,1.4256,0
CUST-00017,6,0,0.0735,4,0.496,0.0836,1.6387,0,1.8777,0.6015,5.7862,0,0.062,0.0709,0,230,0,0,0.7982,0.4991,0.2026,-0.0227,0,0.3398,0.9654,-0.0996,22,0,0,-0.1866,0,7,1.2163,0
CUST-00017,7,0,0.1077,2,0.8028,0.1128,0.9589,0,2.7841,0.3662,0,0,0,-0.0583,2,194,0,0,0.9007,-0.2743,0.2529,0.216,0,0.1368,1.9654,0.0992,5,0,0,0.2298,0,8,1.3333,0
CUST-00017,8,0,0.0041,7,0.97,0.2619,1.1384,1,2.1557,0.3416,4.1436,0,0.0586,-0.0529,0,132,0,0,0.8505,0.1871,0.1124,-0.0945,0,0.4511,1.7715,-0.0417,-18,1,13,-0.0908,0,0,1.3347,0
CUST-00017,9,0,0.1122,4,0.506,0.3381,1.1445,1,0.749,0.1809,1.3419,0,0.2453,0.0341,1,133,0,1,0.6152,0.1934,0.3399,0.011,0,0.3789,0.2849,-0.0568,6,2,18,0.1866,0,11,1.2521,0
CUST-00017,10,0,-0.2,2,0.8352,0.2631,1.1215,0,1.8004,0.0847,2.4968,0,0.3231,0.1638,0,90,0,0,1.074,-0.1338,0.0116,0.43,1,0.5134,1.5984,-0.0149,-25,1,5,0.0913,0,4,1.209,0
CUST-00017,11,0,0.2679,5,0.7678,0.0799,1.1872,0,3.4349,0.3554,4.9303,0,0,0.0665,0,159,0,1,1.1912,0.5959,0.0625,0.1788,0,0.2431,2.0681,-0.1266,30,0,0,-0.0114,0,5,1.7001,0
CUST-00018,0,0,0.066,3,0.366,0.1852,1.1053,0,2.2917,0.1124,0,0,0.1837,0.4159,0,239,0,1,0.9017,0.3702,0.2614,-0.0561,0,0.2454,1.0598,-0.1842,-1,0,4,0.1487,0,0,0.9135,0
CUST-00018,1,0,-0.1761,3,1.1578,0.1976,1.6893,1,0.2,0.3497,3.3915,0,0,0.0156,1,208,0,1,0.9859,-1.5072,0.2138,-0.093,0,0.2133,0.7233,-0.0702,2,1,5,0.085,0,0,1.7845,0
CUST-00018,2,0,-0.0691,0,0.1563,0.0403,1.2165,0,3.1498,0.1877,0.9081,1,0.09,0.1234,1,191,0,0,1.0566,0.9565,0.3301,-0.2708,0,0.3015,1.3847,-0.1288,-33,0,8,0.08,0,0,1.7578,0
CUST-00018,3,0,-0.1889,3,0.8473,0.2486,1.2312,0,0.615,0.0838,0,0,0.0786,-0.0382,0,255,0,0,0.9865,-0.8533,0.2673,0.1354,0,0.412,0.4409,0.11,-10,3,0,0.1632,0,8,1.5263,0
CUST-00018,4,0,0.0043,5,0.4361,0.0723,1.0295,0,1.5034,0.1183,3.0402,0,0.1159,-0.3691,0,132,0,1,0.8763,0.1603,0.1842,-0.2187,0,0.3076,1.3457,-0.2211,-25,0,22,0.0845,0,0,1.2168,0
CUST-00018,5,0,0.2511,1,0.7227,0.1872,0.8476,0,1.8403,0.3927,0,0,0.1444,0.5272,1,108,0,1,0.8041,-0.3747,0,-0.3136,0,0.3373,2.0691,-0.0136,-1,0,2,0.303,0,0,1.1525,0
CUST-00018,6,0,0.1212,8,1.3118,0.1299,1.6867,0,3.4069,0.5977,3.5546,0,0.1253,-0.1245,0,234,0,0,0.8905,1.5276,0.2493,0.1927,0,0.5079,1.7841,-0.0525,-4,0,2,0.1439,0,12,1.526,0
CUST-00018,7,0,-0.0553,5,0.4963,0.1921,1.2246,0,2.7813,0.2209,4.8643,0,0.1246,0.0686,0,211,0,0,0.8804,0.5515,0.1799,-0.0447,0,0.2037,2.2811,-0.1696,22,0,5,0.1702,0,0,1.2435,0
CUST-00018,8,0,0.1499,1,0.6886,0.1391,1.5041,1,1.4451,0.0896,0.841,0,0.0994,0.1371,0,221,0,2,1.0235,-0.0266,0.2934,0.017,0,0.3284,0.852,-0.0885,-37,0,0,0.1691,0,0,1.0975,0
CUST-00018,9,0,-0.0188,0,0.6233,0.1789,1.3835,0,0.389,0.2019,4.2362,0,0.1394,-0.1,0,190,0,0,0.3916,-0.8682,0.1982,0.1095,0,0.3259,1.0176,-0.1135,5,1,0,0.0598,0,0,1.2639,0
CUST-00018,10,0,0.0894,2,0.6137,0.1357,1.0977,0,3.6576,0,1.29,0,0,-0.0861,0,127,0,0,0.7477,-0.1456,0,-0.0775,1,0.3549,0.2127,-0.0579,-11,0,15,0.1076,0,11,1.2103,0
CUST-00018,11,0,0.1452,0,0.4163,0.1855,1.4315,0,0.499,0.1918,0,1,0.1913,0.1757,0,241,0,2,0.8934,-2.1363,0.2235,0.292,1,0.3269,1.9018,0.1048,11,1,19,0.1201,0,0,1.4749,0
CUST-00019,0,0,-0.2,1,0.8421,0.0659,1.2463,0,2.2895,0.3903,0,0,0.0808,0.0125,0,87,0,0,0.9375,-0.1654,0.0825,0.091,0,0.3913,0.2,0.0634,-14,1,9,-0.0313,0,19,1.5321,0
CUST-00019,1,0,-0.0868,0,0.7894,0.1874,0.9285,0,0.2886,0,0,0,0.0198,-0.0856,1,101,0,0,0.651,-0.4657,0,0.1721,0,0.3017,0.791,-0.1139,-8,2,0,0.1719,0,0,1.2436,0
CUST-00019,2,0,-0.0056,3,0.7273,0.1973,1.4305,1,3.0045,0.1133,0.794,0,0,-0.0409,0,222,0,0,0.7556,-0.1212,0.2023,-0.0655,0,0.2879,0.5918,0.1234,18,1,0,0.092,0,0,1.7024,0
CUST-00019,3,0,0.0075,5,0.7279,0.0968,1.3516,1,1.9434,0.3898,4.2047,0,0.1529,0.1413,0,332,0,2,0.6579,0.4043,0.1553,0.2208,0,0.3927,1.6898,-0.0863,21,0,0,0.3087,0,0,1.386,0
CUST-00019,4,0,0.0925,2,0.1472,0.1534,1.455,0,2.4651,0.4646,4.254,1,0.0846,0.0668,1,218,0,1,0.9286,-0.2076,0.1709,-0.1683,0,0.3964,1.3678,-0.1464,-7,1,0,0.0402,0,0,1.4341,0
CUST-00019,5,0,-0.025,1,0.4606,0.1888,2.0882,0,2.817,0.2791,2.7322,1,0,-0.0482,0,189,0,0,0.7511,1.1607,0.2411,-0.2291,2,0.2332,0.2,0.0801,-7,0,0,-0.2779,0,0,1.5089,0
CUST-00019,6,0,-0.1855,0,0.5126,0.0908,1.219,0,2.5703,0.4657,1.5383,0,0,-0.0321,1,218,0,0,1.0325,-0.5855,0.2624,0.1382,1,0.3871,0.7502,-0.0706,-41,0,0,-0.1185,0,4,1.0452,0
CUST-00019,7,0,0.13,2,0.5929,0.0518,1.4066,0,1.1301,0.0131,0,3,0.0457,-0.0787,0,255,0,0,0.6951,0.1535,0.4068,0.2798,1,0.5071,1.6254,0.1266,0,0,15,0.1575,0,1,1.4522,0
CUST-00019,8,0,0.1328,2,0.3634,0,1.5653,0,2.6282,0.2332,0,0,0.0658,-0.1716,0,162,0,0,0.6269,-0.2275,0.0961,0.1266,1,0.5877,2.1479,0.0462,-19,0,0,-0.0301,0,23,1.4517,0
CUST-00019,9,0,0.0698,0,0.6547,0.2364,1.1264,0,2.1335,0.142,0,0,0.0285,-0.2988,0,175,0,0,0.6192,0.3671,0.1144,-0.0551,0,0.4517,0.9247,0.0711,-1,0,0,0.266,0,0,1.6009,0
CUST-00019,10,0,0.1632,3,0.7698,0.1236,1.0992,0,3.6907,0.4702,0.7681,2,0,-0.0409,0,286,0,2,0.3777,-0.5834,0.2597,0.3441,0,0.3692,1.0269,0.073,-20,2,0,0.1025,0,1,1.9817,0
CUST-00019,11,0,0.1386,0,1.0494,0,1.2391,0,2.9236,0.1165,3.2751,2,0,0.1916,0,255,0,1,0.9185,-0.3094,0.3372,0.2037,2,0.4584,0.9882,-0.0918,-5,0,0,0.1236,0,12,1.3743,0
CUST-00020,0,0,0.117,0,0.4156,0.1571,1.963,0,0.8743,0.3344,4.1599,0,0.2017,0.2648,2,249,0,0,1.1872,-0.8661,0.5727,0.2572,0,0.3559,1.2109,0.1738,-5,0,5,-0.1632,0,9,1.5841,0
CUST-00020,1,0,0.2315,2,0.6162,0.1676,0.5293,0,2.443,0.1902,0,0,0,-0.0412,1,187,0,0,0.9767,-0.3575,0.0354,-0.4,1,0.1118,0.3632,0.0495,-25,0,0,0.0147,0,9,1.2808,0
CUST-00020,2,0,-0.0754,3,0.2512,0.1829,0.8447,0,3.3812,0.3135,0.1416,0,0.1857,-0.1454,1,96,0,1,1.0509,-0.1746,0.1927,-0.0855,0,0.1612,1.0743,-0.1014,-5,1,2,0.1026,0,8,1.501,0
CUST-00020,3,0,-0.0514,3,1.1329,0.2219,1.2026,1,1.3519,0.3899,0,0,0.0855,0.1901,0,141,0,0,0.8802,-0.0643,0.1954,0.002,0,0.4877,0.7614,-0.1284,-38,0,0,0.3148,0,11,1.3001,0
CUST-00020,4,0,-0.0736,0,0.2805,0.3286,0.8714,0,1.9386,0.1886,0,1,0.0769,0.3479,0,192,0,0,0.9248,-0.4241,0.4191,0.1035,1,0.4137,1.4009,0.0366,5,0,2,-0.0986,0,4,1.2249,0
CUST-00020,5,0,0.0291,4,0.6057,0.0993,1.3742,0,3.7062,0.0727,7.912,0,0.0279,-0.1244,0,104,0,0,0.859,0.2558,0.108,0.3464,0,0.1,1.2102,-0.0841,-40,1,0,0.0926,0,6,1.2421,0
CUST-00020,6,0,0.1168,0,0.6424,0.1136,0.8651,0,2.828,0.2647,0,1,0,0.0288,0,134,0,0,0.9261,-0.1125,0.2226,0.1586,0,0.6248,1.7144,-0.0316,-36,0,0,-0.1051,0,0,1.2332,0
CUST-00020,7,0,0.0012,0,0.5194,0.1469,1.2612,1,1.6534,0.2821,0,0,0.0613,0.2538,0,124,0,0,0.6942,1.9848,0.3379,0.0407,0,0.157,0.8671,0.1293,35,0,8,0.2879,0,6,1.4248,0
CUST-00020,8,0,0.0014,7,0.3821,0.1935,1.2814,0,1.1395,0.2156,0,1,0.0794,-0.0235,0,248,0,1,1.1864,0.2634,0.1645,-0.0737,0,0.3771,1.2905,-0.0067,-37,0,0,0.2332,0,0,1.7502,0
CUST-00020,9,0,0.0754,0,0.857,0.2124,1.2036,0,0.7201,0.1571,0,1,0.0128,-0.0908,0,133,0,0,0.8711,-1.2528,0.23,0.0017,0,0.2771,1.3784,0.0683,6,1,0,0.2133,0,9,1.4908,0
CUST-00020,10,0,0.2132,8,0.736,0.1592,1.6784,0,1.3361,0.2489,1.4848,0,0.2159,0.2777,1,217,0,0,0.8915,-0.5528,0.0066,-0.3361,1,0.2785,1.8549,0.0736,39,0,0,-0.0356,0,8,1.491,0
CUST-00020,11,0,-0.0123,0,0.8613,0.2234,1.0864,0,1.966,0.3144,0.0079,0,0.033,-0.1151,0,89,0,1,0.7107,-0.6382,0.4362,0.034,0,0.4956,1.067,0.0858,13,0,0,0.0716,0,8,1.2826,0
CUST-00021,0,0,0.0587,6,1.0041,0.238,0.9466,0,1.36,0.1682,0,1,0.1309,0.3852,0,136,0,0,0.9835,-0.0583,0.1167,0.1797,0,0.3888,0.7809,-0.0369,7,1,0,0.1533,0,0,1.7349,0
CUST-00021,1,0,0.0319,5,0.7715,0.1673,1.2358,0,1.3773,0.4515,0,0,0.125,-0.0935,0,248,0,0,0.9081,-0.2747,0.237,-0.1161,0,0.2881,1.1034,-0.0794,-15,1,14,-0.1063,0,6,1.2534,0
CUST-00021,2,0,0.0036,1,0.4612,0.1038,0.795,1,1.7471,0.1437,0,0,0.0738,0.1834,0,194,0,0,1.0801,0.789,0.171,-0.071,0,0.1607,1.736,0.1389,-2,0,24,-0.0277,0,0,1.2996,0
CUST-00021,3,0,0.0571,3,0.5768,0.1923,1.8816,0,1.1006,0.1434,4.4006,1,0,-0.1321,0,153,0,0,1.0857,-1.359,0.2997,0.1165,0,0.3139,1.1546,-0.1295,0,0,4,0.0424,0,0,1.5052,0
CUST-00021,4,0,-0.1566,1,0.6411,0.3265,1.0972,0,3.1014,0.3529,0,2,0.0028,-0.0435,0,106,0,0,0.6661,-0.587,0.1829,0.1247,0,0.2981,1.0281,0.2144,-29,1,18,0.057,0,0,1.6961,0
CUST-00021,5,0,0.0613,0,1.0508,0,1.132,0,2.6957,0.2021,2.9159,0,0,-0.0418,0,139,0,0,0.8109,-1.1212,0.2422,0.1545,0,0.2093,0.822,-0.0744,-47,3,0,0.1652,0,0,1.6254,0
CUST-00021,6,0,0.0205,1,0.6289,0.2648,1.6708,0,1.3908,0.2347,0,0,0.0664,-0.1848,1,175,0,0,0.9123,-0.4024,0.1458,0.1651,1,0.341,2.5326,-0.1929,-2,0,24,0.0786,0,0,1.8115,0
CUST-00021,7,0,0.093,4,0.5334,0.3143,1.3452,1,4.0351,0.3335,0,0,0.2328,0.0489,0,256,0,1,0.6346,-1.3333,0.2557,0.4875,0,0.2419,0.2,-0.1185,5,1,0,-0.1473,0,0,1.3885,0
CUST-00021,8,0,0.0765,7,0.6764,0.1658,1.4709,1,2.5309,0.4989,0.9514,1,0.1304,0.3307,0,168,0,0,0.9719,0.8485,0.2515,-0.0344,0,0.407,1.3666,-0.2032,-29,1,0,-0.2042,0,0,1.554,0
CUST-00021,9,0,-0.1467,4,0.341,0.3515,1.5168,0,2.34,0.1192,1.1392,1,0.0673,-0.1108,0,238,0,0,0.7868,0.6227,0.0054,0.0371,0,0.3711,0.9209,0.201,-26,2,0,0.4344,0,11,1.607,0
CUST-00021,10,0,0.0374,6,0.7089,0.3191,1.5987,0,2.6172,0.2701,2.2983,0,0.1389,-0.1008,0,270,0,1,0.6958,-0.5003,0.1854,-0.2909,0,0.292,0.7115,0.0952,-4,1,0,0.1454,0,0,1.1838,0
CUST-00021,11,0,0.089,8,0.7771,0.0527,1.6173,0,2.8184,0.2884,3.3397,0,0.0865,0.0869,1,124,0,2,0.7142,-0.4197,0.2646,0.031,2,0.1743,0.2914,0.2736,-50,0,8,0.0033,0,0,1.4523,0
CUST-00022,0,0,0.0749,0,0.5172,0.1964,1.3006,0,2.5886,0.2479,0,2,0,0.1703,2,96,0,2,1.0132,0.8669,0.3797,0.4562,0,0.1658,0.4671,-0.0333,20,0,0,0.0858,0,7,1.5726,0
CUST-00022,1,0,-0.1084,4,0.4315,0.1249,1.5456,0,1.3579,0.1468,4.7414,1,0,0.2228,1,212,0,0,0.8955,-0.3959,0.3075,0.0408,1,0.218,1.0219,-0.0692,2,1,9,-0.1561,0,0,1.0831,0
CUST-00022,2,0,0.1116,5,0.8195,0.1732,1.114,0,1.0555,0.2179,5.7728,0,0.1452,0.069,0,163,0,0,0.7589,0.0647,0.307,-0.1786,0,0.2886,1.7574,0.0829,-3,0,0,0.0432,0,7,1.381,0
CUST-00022,3,0,0.0854,1,0.461,0.2078,1.1685,1,1.1337,0.3163,1.4557,1,0.1023,-0.0247,0,203,0,0,0.6493,-1.5524,0.1396,0.1095,0,0.3469,1.6092,-0.0767,20,0,0,0.2421,0,0,1.3264,0
CUST-00022,4,0,0.1885,2,0.7044,0.2752,1.0826,0,1.2577,0.1557,3.7751,0,0.1126,0.2099,1,128,0,0,0.6351,-0.2945,0.1654,0.0783,0,0.5578,0.4042,-0.0301,5,0,16,-0.2582,0,0,1.5183,0
CUST-00022,5,0,0.041,0,0.7998,0.0713,1.2336,1,0.7418,0.1719,0.8627,0,0,-0.0444,0,144,0,0,0.5142,0.4491,0.0518,-0.0875,2,0.3399,1.2787,0.1216,0,0,4,-0.0653,0,0,1.4197,0
CUST-00022,6,1,0.4642,4,0.2706,0.1835,0.8505,1,4.3269,0.224,9.0416,1,0.3167,0.2979,0,157,0,4,0.7359,0.8663,0.3548,0.3209,1,0.5888,1.7914,-0.0163,48,3,11,0.3591,0,0,1.3929,0
CUST-00022,7,1,0.5123,14,0.1138,0.6439,0.5648,1,4.8302,0.8887,13.9387,4,0.4969,0.5688,3,54,1,4,1.4056,2.019,0.6672,0.2664,2,0.5656,2.7019,0.037,57,4,55,0.482,1,18,0.6435,0
CUST-00022,8,1,0.3929,19,0.2984,0.8302,-0.1288,3,6.5701,0.628,22.6952,2,0.5523,0.2735,3,-32,0,5,1.2785,1.7355,0.5343,0.4317,3,0.7956,3.8015,-0.0182,91,3,63,0.4386,1,58,0.6036,1
CUST-00023,0,0,-0.0792,7,0.4202,0.1232,1.239,0,4.0212,0.3955,0,0,0.1274,-0.3319,0,265,0,1,1.109,0.4052,0.4996,-0.0986,0,0.4234,1.4481,0.076,4,1,0,0.0849,0,15,1.2954,0
CUST-00023,1,0,0.1667,0,0.2533,0.0145,1.6333,0,0.8838,0.2334,0,1,0.0838,0.0606,1,145,0,0,0.7343,0.4177,0.1272,-0.0296,0,0.2595,0.9411,-0.0846,13,0,3,0.21,0,4,0.9012,0
CUST-00023,2,0,0.0748,0,0.4584,0.1529,1.3929,0,2.8586,0,0,0,0,-0.1793,2,147,0,0,0.8592,-0.2625,0.352,0.0241,0,0.2855,0.6141,0.1636,5,0,0,0.1645,0,0,1.3722,0
CUST-00023,3,0,0.1202,4,0.2499,0.2147,1.0423,0,3.3087,0.2454,0,0,0,0.3144,0,195,1,3,0.6826,0.095,0.1347,0.2851,3,0.2241,0.8798,0.1461,13,2,19,0.0537,0,16,1.4278,0
CUST-00023,4,0,0.0314,5,0.3525,0.2732,1.002,0,3.0467,0.3755,3.9092,1,0,-0.2355,0,-3,0,0,0.9143,-0.0461,0.2859,0.3436,0,0.2787,1.5917,0.0122,14,0,0,0.1194,0,10,1.3143,0
CUST-00023,5,0,-0.0195,0,1.0022,0.2401,1.5381,0,0.2,0,3.1237,0,0,0.0893,0,89,0,0,0.7193,0.997,0.2999,0.2521,0,0.3335,0.6797,0.159,5,0,0,0.386,0,0,0.9592,0
CUST-00023,6,0,-0.05,0,0.3061,0.1732,0.4405,2,0.4758,0.0103,2.8301,1,0,-0.1284,0,204,0,0,0.6373,-0.1565,0.0577,-0.1446,0,0.2908,0.305,0.0516,-16,0,0,0.1783,0,0,1.2262,0
CUST-00023,7,0,0.0746,3,0.6112,0.2586,1.822,1,1.006,0.3438,0,1,0,-0.3891,0,134,0,0,0.7663,1.6772,0.2753,0.2657,0,0.3019,1.6261,0.0066,0,0,7,0.0911,0,0,1.3745,0
CUST-00023,8,0,-0.0095,3,0.2427,0.4035,1.1129,1,0.2,0.2321,0.6064,0,0,0.1647,1,186,0,0,0.9874,-0.2343,0.203,-0.0223,0,0.3968,0.3465,-0.117,24,0,2,-0.1565,0,6,1.5112,0
CUST-00023,9,0,0.0657,0,0.511,0.0365,0.8068,0,2.7168,0.1063,6.4859,0,0,0.1057,0,207,0,2,1.1392,-0.3392,0.1417,-0.0817,0,0.4142,1.1985,0.0069,11,0,10,0.2354,0,0,1.6036,0
CUST-00023,10,0,0.1467,0,0.9134,0.0524,1.3003,0,1.7176,0.5074,0,1,0.1748,0.3094,0,177,0,0,1.0075,0.054,0.2479,0.1799,1,0.308,1.4975,0.0771,3,1,0,0.0792,0,0,1.3291,0
CUST-00023,11,0,-0.0545,3,0.9495,0.0388,1.0907,0,4.5045,0.2447,3.2674,0,0.088,0.128,1,89,0,0,0.8292,-0.1733,0.3853,-0.078,0,0.3723,1.5032,-0.1285,-4,0,2,0.0741,0,0,1.3363,0
CUST-00024,0,0,0.0447,3,0.5882,0.3043,1.4903,0,2.3473,0.2159,0,1,0,0.5481,0,117,0,1,0.6172,-0.4879,0,-0.017,0,0.1549,0.5047,-0.2697,37,0,3,-0.3584,0,22,1.0724,0
CUST-00024,1,0,-0.0419,1,0.613,0.305,1.2532,1,3.1756,0.3743,7.1586,0,0.1839,-0.2365,0,157,0,0,0.9636,0.447,0.1842,-0.0369,1,0.3374,0.9171,-0.0255,-26,0,0,-0.0775,0,9,1.4733,0
CUST-00024,2,0,0.0344,3,0.738,0.0564,1.1527,0,1.6438,0.3698,6.3813,0,0,-0.4622,1,110,0,0,0.9108,-0.1857,0.142,0.2278,0,0.4006,1.1202,0.0089,-24,0,16,0.0872,0,20,1.1198,0
CUST-00024,3,0,0.0215,4,0.2869,0.3055,1.2459,0,2.2484,0.2594,0,0,0.0776,-0.0729,0,115,0,0,0.9796,1.1826,0.5073,0.0549,1,0.3191,0.6886,0.0236,8,2,7,-0.1231,0,0,1.3886,0
CUST-00024,4,0,0.1373,0,1.2477,0.3958,1.1581,0,3.8624,0.0752,1.0702,1,0.1973,-0.0581,1,245,0,0,0.999,-0.3553,0.3056,-0.2332,0,0.3678,0.32,-0.1115,18,0,0,0.2935,0,0,1.0912,0
CUST-00024,5,0,-0.0873,0,0.7946,0.2023,1.1095,0,3.0764,0.1479,1.2049,0,0.2058,0.1782,0,169,0,0,1.1116,-0.005,0.2817,-0.1776,0,0.3188,2.0207,0.0009,12,3,6,-0.1688,0,0,1.5649,0
CUST-00024,6,0,0.0859,0,0.5434,0.2429,1.1516,1,1.6817,0.2756,0,0,0.0165,-0.0588,2,228,0,1,0.8384,0.3661,0.0169,0.2369,0,0.1524,0.8574,0.0892,6,1,9,-0.1649,0,5,1.1377,0
CUST-00024,7,0,0.1116,4,0.8075,0.2559,1.2434,0,0.4845,0.3709,1.6394,1,0.3104,-0.0454,1,135,0,0,0.8785,-1.0353,0.1089,0.1883,0,0.2743,1.1779,0.0767,10,0,8,0.0485,0,4,1.329,0
CUST-00024,8,0,-0.0121,0,0.7653,0.2835,2.083,0,3.5799,0.5038,1.8115,1,0.0652,-0.1978,0,154,0,1,0.9858,0.4381,0.2254,0.023,0,0.3344,1.4313,-0.142,-13,1,3,0.2657,0,7,1.5539,0
CUST-00024,9,0,0.2375,0,0.2857,0.1976,1.4095,0,3.4432,0.2851,2.9383,0,0,0.2117,0,246,0,2,0.6623,0.601,0.0488,0.1376,0,0.321,1.2414,-0.0722,-12,1,8,0.0214,0,0,1.272,0
CUST-00024,10,0,0.1139,5,0.2013,0.1855,0.5747,1,1.2483,0.527,6.6362,0,0.2412,0.0159,0,162,0,0,0.8331,-0.2116,0.2332,-0.083,0,0.3019,1.8908,0.0377,-27,1,7,-0.043,0,0,1.2012,0
CUST-00024,11,0,-0.0221,6,0.3983,0.3232,1.3263,0,1.3203,0.1769,1.8868,1,0.0876,0.1175,0,201,0,1,1.1383,1.2173,0.1908,0.0649,0,0.4784,2.5354,0.0793,-17,0,11,0.0231,0,2,1.616,0
CUST-00025,0,0,0.0984,2,0.6684,0.2539,0.908,0,0.2,0.318,2.95,0,0.0028,0.0956,0,248,0,0,0.9356,-0.5123,0.3574,0.0764,0,0.4094,0.2,-0.1215,-23,0,20,-0.2568,0,0,1.1579,0
CUST-00025,1,0,0.0478,0,0.6516,0.089,1.2892,1,0.4909,0.2593,0,1,0.0404,-0.0782,0,21,0,1,0.4514,0.0292,0.2385,-0.1819,0,0.3616,2.0363,-0.1012,16,0,0,0.1741,0,0,0.9024,0
CUST-00025,2,0,0.1167,2,0.5866,0.0806,1.2923,1,2.1289,0.4609,2.8841,1,0.0837,0.1896,1,198,0,2,0.7519,0.8917,0.2397,-0.2877,1,0.2245,0.3184,0.0744,-9,1,13,0.1793,0,14,1.2344,0
CUST-00025,3,0,0.311,1,0.8977,0.0313,1.607,0,0.2,0.0445,3.3601,0,0.2292,-0.278,0,82,0,2,0.6551,1.2223,0.0547,0.0743,0,0.3671,0.8184,0.1222,-24,1,4,-0.1283,0,3,1.2049,0
CUST-00025,4,0,-0.0016,4,0.9683,0.1371,1.2044,0,1.5823,0.1487,0,0,0,-0.0346,0,81,0,3,0.7042,-0.7551,0.4266,-0.3575,0,0.2902,0.5511,-0.0364,-11,0,0,-0.0623,0,2,1.4529,0
CUST-00025,5,0,-0.1288,1,0.6888,0.1273,1.7262,0,1.146,0.4065,0,0,0.0473,-0.2641,0,243,0,0,0.5716,0.4792,0.256,-0.0548,0,0.4178,1.1095,0.144,-23,1,0,0.1217,0,0,1.4249,0
CUST-00025,6,0,0.0608,9,0.8077,0,1.521,0,3.0713,0.2095,6.01,0,0.0616,-0.0633,0,76,0,0,0.8103,-0.3727,0,-0.0109,0,0.1514,1.1665,-0.1418,-4,0,0,-0.0941,0,0,1.6632,0
CUST-00025,7,0,0.0607,3,0.5704,0.2333,1.5319,1,1.6825,0,3.941,0,0,-0.0759,0,141,0,0,0.9028,-0.4336,0.2025,-0.3971,0,0.3083,0.3778,0.0834,49,1,4,0.2012,0,0,1.4505,0
CUST-00025,8,0,-0.0373,3,0.716,0.2626,0.8641,0,3.6606,0.1584,5.2482,0,0.0291,-0.0397,0,127,0,0,0.999,0.6023,0.0042,0.3805,0,0.3843,0.2864,0.0902,-4,1,0,0.0842,0,0,1.1168,0
CUST-00025,9,0,0.1391,0,0.4879,0.2298,1.2498,0,1.9045,0.4765,2.3392,0,0.0047,0.2159,0,120,0,2,0.8124,0.2904,0.3674,-0.1642,1,0.1739,1.9271,0.0833,27,0,8,-0.1248,0,3,1.4952,0
CUST-00025,10,0,0.0783,4,0.2596,0,1.6548,0,1.577,0.4558,0,0,0.102,0.108,0,227,0,1,0.6254,-0.2086,0.3822,-0.2809,0,0.243,2.3214,0.1108,4,0,2,0.0748,0,9,1.7524,0
CUST-00025,11,0,0.2241,3,0.9136,0.1009,1.3591,0,0.6447,0.0511,4.8309,2,0,-0.0678,0,76,0,0,0.7231,0.0006,0.268,0.2285,0,0.11,0.7362,-0.063,-16,0,0,0.3329,0,0,1.2201,0
CUST-00026,0,0,-0.1031,1,0.7324,0,1.0485,0,2.708,0,4.6937,0,0,-0.0541,0,325,0,0,0.9171,0.3665,0.0719,0.0627,0,0.4586,0.9247,-0.0781,-43,0,18,0.223,0,0,1.4329,0
CUST-00026,1,0,-0.1589,0,0.7234,0,1.1094,1,3.4857,0.3124,1.7638,0,0.1352,-0.0232,0,241,0,0,0.5666,0.6186,0.218,-0.2531,0,0.2107,0.3304,-0.0395,-9,2,0,0.1611,0,0,1.0793,0
CUST-00026,2,0,-0.099,0,1.0969,0.2539,1.2334,1,3.6083,0.3541,0.4861,2,0,-0.1945,0,129,0,0,0.899,-0.4014,0.0162,0.1338,3,0.3915,1.6348,0.1876,35,0,20,-0.0669,0,7,1.5883,0
CUST-00026,3,0,0.139,3,0.4329,0.2748,1.6965,1,2.3721,0.3182,1.2692,0,0.0736,-0.1927,1,54,0,0,0.762,-1.0792,0.1769,0.2335,0,0.3589,1.1638,-0.0645,-11,2,6,0.1047,0,14,1.3888,0
CUST-00026,4,1,0.3825,4,0.06,0.4019,0.5663,1,2.1196,0.6449,9.3589,1,0.2464,0.1141,0,178,0,1,0.6308,0.7572,0.384,0.373,1,0.3931,1.8653,0.0541,31,3,18,0.2155,0,16,1.0802,0
CUST-00026,5,1,0.5113,13,0.1231,0.4308,0.2245,3,4.0539,0.8245,19.7491,4,0.3141,0.1243,0,-24,0,4,1.3175,0.4959,0.2685,0.3315,1,0.7479,2.7682,0.1499,53,3,56,0.2023,1,26,0.9887,0
CUST-00026,6,1,0.6759,22,0.0836,0.5321,-0.9352,2,7.3024,0.8642,25.7561,3,0.5217,0.7698,5,-57,1,4,1.1938,1.6212,0.6752,0.3308,3,0.6535,3.5244,0.1349,44,5,77,0.3591,1,43,0.5586,0
CUST-00027,0,0,0.2284,6,0.8871,0.2374,0.994,0,3.4373,0.2458,0.5627,0,0.1902,-0.0451,0,230,0,2,1.2751,-0.4317,0.3158,0.2857,0,0.2352,1.513,-0.1377,29,2,14,0.0656,0,5,1.023,0
CUST-00027,1,0,0.0677,6,0.5051,0.169,1.2787,0,2.3741,0.159,2.1168,0,0.0692,0.1149,1,196,0,0,0.7348,-0.1269,0.4955,-0.1026,0,0.3538,0.8451,0.0456,53,1,4,0.1523,0,12,1.6814,0
CUST-00027,2,0,0.1695,1,0.5077,0.1265,1.1889,0,3.1066,0.4742,0,0,0,-0.1338,0,277,0,1,0.9808,0.8523,0.0585,-0.144,2,0.2612,0.9982,0.1231,3,1,0,-0.1347,0,13,1.6847,0
CUST-00027,3,0,-0.101,0,0.4974,0.3562,0.9851,0,1.4628,0.3087,5.7844,0,0,-0.1701,1,173,0,0,0.949,0.0083,0.2568,-0.1963,1,0.4686,0.2,-0.0387,15,0,0,-0.2307,0,16,1.4801,0
CUST-00027,4,0,-0.1348,0,0.8366,0.1657,1.6087,1,1.7572,0.1604,0,0,0.1678,0.0969,1,204,0,0,0.7681,1.2782,0.3243,-0.069,1,0.1046,1.5149,-0.0474,-28,1,8,0.1647,0,5,1.2445,0
CUST-00027,5,0,0.1378,0,0.4573,0.3013,1.4895,0,0.2102,0.487,0,0,0.1665,-0.2558,0,135,0,0,0.9844,0.4554,0.4558,-0.2335,0,0.2955,1.1416,-0.053,-4,1,0,0.0975,0,21,1.1943,0
CUST-00027,6,0,0.0992,4,0.7318,0.0501,1.7597,0,2.1368,0.198,2.1207,1,0.1567,0.025,0,184,0,2,0.7546,-1.0963,0.2286,0.0882,0,0.108,1.4932,0.0035,-26,0,9,0.2167,0,0,1.692,0
CUST-00027,7,0,-0.0642,3,0.6379,0.2242,1.4878,0,3.4098,0.1778,0,0,0.0523,0.0393,0,198,0,0,0.7157,-0.637,0.0048,0.0329,0,0.3785,1.2343,-0.0007,-6,0,0,-0.0018,0,4,1.3491,0
CUST-00027,8,0,0.0477,7,1.0554,0.1537,1.1975,1,2.4322,0.4575,0.8646,0,0,0.2853,1,201,0,0,0.9309,-0.2596,0,0.0336,0,0.5444,1.2857,-0.0395,-19,0,0,0.0979,0,0,1.0342,0
CUST-00027,9,0,0.1543,4,0.3184,0.1465,0.6046,0,1.9585,0.2768,1.9221,0,0.0436,0.1015,1,208,0,0,1.0569,0.3634,0.1442,-0.0292,1,0.4268,1.2216,-0.082,-1,0,9,0.0369,0,6,1.8437,0
CUST-00027,10,0,-0.0392,0,0.4613,0.1295,1.5383,0,1.3693,0.3166,6.6641,0,0,0.1756,0,101,0,0,0.9931,0.6935,0.1893,-0.2735,2,0.2621,1.4179,0.0212,21,0,15,0.2001,0,0,1.5555,0
CUST-00027,11,0,0.0771,6,0.1464,0.2432,1.6629,0,4.3533,0.3318,0,0,0.0927,0.1392,0,226,0,0,0.8721,-0.2401,0.2369,-0.1798,0,0.3858,0.3935,0.0693,-33,1,1,0.2883,0,10,1.1963,0
CUST-00028,0,0,0.1114,2,1.3617,0.1676,1.4871,1,1.3141,0.5774,0,0,0.1922,0.0621,0,59,0,2,0.8132,0.0471,0.1971,-0.2335,0,0.3102,1.3545,-0.0561,36,0,16,0.1833,0,0,1.3676,0
CUST-00028,1,0,-0.0493,3,0.6437,0.1076,1.3121,0,1.8199,0.2233,0,0,0.026,0.1239,1,181,0,0,0.7883,-0.0058,0.1163,-0.2399,0,0.3927,1.2518,-0.1041,7,1,0,0.2934,0,4,1.6165,0
CUST-00028,2,0,0.0002,8,0.5917,0.0864,1.6856,0,1.6483,0.1024,1.2785,0,0,0.0804,0,150,0,0,0.8743,1.6859,0,0.4227,1,0.2453,2.3355,0.1183,13,0,9,-0.0713,0,3,0.9141,0
CUST-00028,3,0,0.2207,0,0.4173,0.0088,1.3821,0,2.8025,0.2461,6.5079,0,0,0.2344,0,139,0,1,0.8169,-0.2953,0,-0.2036,0,0.2567,0.5311,-0.0861,16,0,14,0.007,0,11,1.9614,0
CUST-00028,4,0,-0.0262,0,0.625,0.2025,1.2798,1,2.177,0.1387,2.8577,1,0.1648,-0.109,2,170,0,0,1.0659,0.3649,0.2172,0.0955,0,0.4283,1.4132,-0.0086,-15,1,0,0.2097,0,0,1.3446,0
CUST-00028,5,0,0.0799,6,0.7004,0.5048,1.5692,1,3.2187,0.2524,4.5029,0,0.126,-0.0685,0,218,0,1,0.6869,0.7237,0.227,0.2232,0,0.3694,0.837,-0.0059,35,0,6,0.0783,0,0,1.334,0
CUST-00028,6,0,0.082,4,0.7622,0.1312,1.63,0,4.314,0.1342,4.4971,0,0.1938,0.313,1,170,0,2,1.0147,0.2956,0.219,-0.0729,0,0.1,1.5754,0.0018,8,0,12,-0.1685,0,5,1.3407,1
CUST-00028,7,0,-0.0175,2,1.1202,0,1.2574,1,2.5528,0.4178,6.6612,0,0.3336,-0.1583,0,210,0,0,0.7835,-0.2675,0.2171,0.0983,0,0.5436,1.8123,-0.0312,-22,1,0,-0.254,0,0,1.4441,0
CUST-00028,8,0,-0.0642,2,1.0578,0.1261,1.2502,0,3.5173,0.5393,0,0,0.261,-0.1026,0,214,0,1,0.9988,0.3914,0.1669,0.2191,0,0.4138,1.0121,0.0413,7,0,0,0.2826,0,0,1.0525,0
CUST-00028,9,0,0.1104,10,0.4562,0,1.5111,1,2.5454,0,3.6968,1,0.254,-0.1847,0,142,0,2,1.0467,-0.5069,0.2357,0.2417,0,0.2938,1.1317,0.1608,-18,1,17,-0.1259,0,9,0.9552,0
CUST-00028,10,0,0.1256,2,0.2285,0.4358,1.0781,0,1.7951,0.2636,7.0706,0,0.2683,0.0818,0,134,0,0,0.8214,0.0132,0.0682,0.0878,1,0.3692,1.5067,0.0461,5,4,0,-0.067,0,13,1.8723,1
CUST-00028,11,0,0.0808,1,0.5415,0.2105,1.7646,0,1.7929,0,0,0,0.1923,-0.0502,0,112,0,0,0.7968,-0.239,0.2054,-0.1077,1,0.3841,1.362,-0.0046,-31,0,0,-0.0248,0,0,1.5394,0
CUST-00029,0,0,0.2114,0,0.2674,0.192,1.8629,1,3.3127,0.2636,1.9913,1,0.1245,0.2671,2,240,0,0,0.6118,-0.4519,0.1178,-0.0222,1,0.1971,0.2,-0.04,5,0,0,-0.0069,0,0,1.0132,0
CUST-00029,1,0,0.0364,5,0.2723,0.1451,1.1705,1,4.8118,0.149,8.4426,1,0.3173,0.0061,1,171,0,0,1.117,0.5687,0.2783,-0.2774,2,0.2339,0.6063,-0.0747,-1,0,13,0.3158,0,2,1.1179,0
CUST-00029,2,0,0.1422,1,0.6659,0.1694,1.141,0,3.5163,0.3799,0,1,0,0.0278,0,133,0,0,1.0299,-0.5758,0.1641,-0.3287,0,0.3893,1.14,0.0229,36,1,6,0.0449,0,0,1.5795,0
CUST-00029,3,0,0.0672,1,0.5811,0.1583,1.4725,0,2.2434,0.2656,0.4735,0,0.0838,-0.1064,0,70,0,1,1.0109,-0.464,0.007,0.0604,0,0.2871,0.3926,-0.0041,19,0,6,-0.2333,0,2,1.5254,0
CUST-00029,4,0,0.2003,0,0.4982,0.2986,1.4575,0,4.0447,0,2.3385,0,0.0075,0.0862,0,159,0,0,0.6771,0.6137,0.296,0.12,2,0.5903,2.0947,0.0703,19,0,0,-0.1431,0,0,1.3959,0
CUST-00029,5,0,-0.0726,4,0.0759,0.2372,1.0392,0,2.5273,0.1913,4.0991,0,0.1073,-0.0128,0,326,0,0,0.7905,-0.5869,0.1982,-0.0489,0,0.2613,1.4159,-0.0323,3,1,0,-0.0127,0,6,1.3197,0
CUST-00029,6,0,0.0421,2,0.5464,0.0686,1.4945,0,2.9784,0.3719,7.1826,0,0.1501,-0.1034,0,292,0,0,0.8479,0.9681,0.2333,-0.161,0,0.3537,1.4532,-0.11,-37,1,0,0.1349,0,0,1.4905,0
CUST-00029,7,0,-0.0286,5,0.3358,0.1037,1.1167,0,1.7247,0.2987,3.4482,0,0,-0.216,0,136,0,3,0.8469,-0.4823,0.2535,-0.3152,0,0.4627,1.4211,0.0977,-2,0,6,0.1394,0,0,1.7021,0
CUST-00029,8,0,-0.0361,2,0.4648,0.2149,1.3068,1,2.6472,0.4208,4.0483,0,0.1667,-0.1671,0,244,0,0,0.6165,-0.4291,0.1144,0.2355,0,0.2356,0.5512,0.0783,39,0,0,0.1218,1,0,0.9188,0
CUST-00029,9,0,0.1717,6,0.3855,0.1262,0.7017,0,3.608,0.2546,1.3508,0,0,-0.1332,0,206,0,4,0.705,-0.4931,0,0.0879,0,0.219,0.729,0.1223,10,0,0,0.2031,0,0,1.1709,0
CUST-00029,10,0,0.0643,3,0.6764,0.263,1.3266,0,1.6757,0.2536,2.7291,0,0.0255,-0.0715,1,212,0,1,0.6255,1.2004,0.2789,-0.0324,0,0.3541,0.2,0.1834,8,0,0,-0.0746,0,0,1.3874,0
CUST-00029,11,0,0.1243,4,0.7226,0.0728,0.8516,0,0.3757,0.374,2.6512,0,0.0402,0.2918,0,97,0,1,0.9551,0.701,0.4458,-0.109,2,0.4535,1.4334,-0.0733,1,0,18,-0.1176,0,3,1.495,0
CUST-00030,0,0,0.2586,1,0.5249,0.1639,1.523,1,4.1531,0.1537,3.8439,0,0,0.1397,0,100,0,0,0.8466,-1.2689,0,-0.0037,0,0.193,0.703,-0.077,8,0,13,-0.1704,0,0,1.7732,0
CUST-00030,1,0,-0.0642,0,0.7904,0.2426,1.608,0,1.6031,0.234,5.3511,0,0,0.0593,0,200,0,1,0.9302,-0.646,0.2991,0.167,0,0.5118,1.5196,-0.224,-25,2,0,-0.1629,0,24,1.0983,0
CUST-00030,2,0,-0.0884,3,0.6761,0.1647,1.3375,0,0.8082,0.0448,0.8499,1,0.2062,-0.0151,0,128,0,1,0.8583,-0.9446,0.2122,0.1732,0,0.3378,0.2,0.026,22,1,19,0.1706,0,11,1.669,0
CUST-00030,3,0,0.1708,2,0.3089,0.374,1.6434,0,3.0653,0.1942,6.6074,0,0.1358,-0.2421,1,157,0,1,0.9652,0.5191,0.1807,-0.2349,0,0.3758,0.2,0.2959,-1,0,0,-0.1162,0,10,1.6354,0
CUST-00030,4,0,-0.1189,1,0.9725,0.0813,1.2608,0,2.2949,0.3256,1.0818,0,0,0.1207,1,123,0,0,0.9914,0.6878,0.1795,0.0864,0,0.5316,1.7051,-0.1574,-2,0,0,0.0966,0,8,1.6095,0
CUST-00030,5,0,0.1939,2,1.1604,0.1392,1.4215,0,0.2,0.3034,3.5223,1,0,-0.0368,1,244,0,0,0.9961,-0.5222,0.2287,0.1856,0,0.2932,1.4983,-0.1475,1,0,3,-0.2816,0,4,1.8034,0
CUST-00030,6,0,0.114,0,0.7941,0.0013,0.7821,0,1.9101,0.529,0,1,0,0.1473,0,206,0,0,0.7616,-0.9791,0,-0.0429,0,0.1596,0.6315,0.1134,-19,1,0,0.3424,0,0,1.1555,0
CUST-00030,7,0,0.2518,0,0.621,0.1286,1.252,1,2.4774,0.385,0.9919,0,0.1487,0.1719,0,93,0,0,0.5752,0.2362,0.1515,0.0794,1,0.3529,0.6243,-0.1247,13,0,0,-0.0621,0,20,1.5956,0
CUST-00030,8,0,-0.0168,0,0.7638,0.252,1.7469,0,0.2,0.4982,4.161,0,0.2806,-0.1283,0,204,0,0,0.7636,-0.1766,0.1426,0.0746,0,0.5018,0.8344,-0.0425,3,0,0,0.0797,0,1,1.288,0
CUST-00030,9,0,-0.027,6,1.0764,0.0904,0.8762,0,2.7021,0.1975,0.3566,2,0.052,-0.1612,0,171,0,1,0.8351,0.8278,0.124,-0.1553,0,0.2685,1.7541,0.0528,1,0,0,-0.0847,0,0,1.4234,0
CUST-00030,10,0,-0.0447,3,0.4875,0.1691,1.6908,0,1.6608,0.3173,3.0574,1,0,-0.1579,1,103,0,0,0.7202,-0.638,0.0889,0.0894,0,0.3144,0.2,0.0374,-22,0,0,0.1172,0,0,1.3798,0
CUST-00030,11,0,0.0854,5,0.2997,0.061,1.3645,0,2.0677,0.2824,9.2728,1,0.1205,-0.179,0,226,0,0,0.6782,-0.3337,0.1679,0.171,1,0.4084,0.2278,0.0236,22,2,0,0.4408,0,8,1.2937,0
CUST-00031,0,0,-0.0229,8,0.2977,0.1449,1.2312,0,0.3938,0.2478,0,0,0,0.1327,1,139,0,0,1.0392,0.3576,0.3023,0.0401,1,0.3717,0.8854,0.1505,3,0,0,0.2746,0,0,1.071,0
CUST-00031,1,0,0.0159,0,0.999,0.2219,1.4473,1,3.9073,0.3215,0,0,0,-0.4646,1,281,0,0,0.7773,1.4928,0.3548,-0.0196,1,0.4406,0.5548,0.1701,14,0,0,-0.0848,0,0,1.4897,0
CUST-00031,2,0,0.0404,2,0.2603,0.3578,1.0307,1,3.3034,0,1.6124,0,0,0.3527,0,153,0,1,1.1396,-0.2873,0.3266,-0.3994,0,0.3334,1.7935,0.0438,18,0,0,0.0991,0,25,1.3412,0
CUST-00031,3,0,0.1856,0,0.1311,0.193,0.97,1,4.7488,0.2532,4.6873,0,0,-0.082,0,206,0,0,0.8298,-0.872,0.2587,-0.0664,0,0.1864,1.3612,0.041,9,3,0,0.295,0,0,1.1694,0
CUST-00031,4,0,0.0424,5,0.693,0.2257,1.2968,0,2.169,0.3895,4.6605,0,0.2295,0.1163,0,194,0,1,1.0702,0.4268,0.2179,0.1403,1,0.2421,1.6746,-0.0337,30,2,0,0.0061,0,6,1.2258,0
CUST-00031,5,0,0.0742,1,0.7868,0.1472,1.296,1,3.3695,0.39,0,0,0,-0.286,1,204,0,1,0.8177,0.8191,0.4687,0.056,0,0.2371,1.6085,-0.0777,20,2,0,-0.0951,0,7,1.1813,0
CUST-00031,6,0,-0.2,0,0.3819,0.0899,1.005,0,1.6281,0.4616,2.3419,0,0.1257,0.0209,0,292,0,1,1.0526,-0.3675,0.1712,-0.0632,0,0.3577,1.5375,0.0891,6,4,6,0.5643,0,0,1.6447,0
CUST-00031,7,0,0.2966,0,0.7051,0.2295,1.4692,1,1.751,0.1589,0,0,0,0.1233,0,193,0,0,0.9116,-0.5453,0.0149,0.0554,0,0.137,2.7637,-0.0785,30,3,0,-0.1247,0,9,1.3304,0
CUST-00031,8,0,0.089,3,0.4408,0.0839,1.2325,0,3.7938,0.4258,4.3291,1,0.2547,0.1124,0,150,0,0,0.8713,-0.5418,0.2429,-0.2161,2,0.3283,0.4004,-0.0001,2,0,5,0.2873,0,0,1.4078,0
CUST-00031,9,0,0.0593,2,0.2176,0.2556,1.2283,0,0.2,0.3895,0,0,0.0737,-0.1172,1,83,0,0,0.9358,-0.9812,0.0451,-0.0319,2,0.2028,1.4469,-0.0903,-18,0,14,0.1835,0,8,1.3175,0
CUST-00031,10,0,0.0476,1,1.0054,0.1425,1.1965,0,0.2,0.3238,2.9228,2,0,0.0651,0,170,0,0,0.9418,-1.4177,0.287,-0.3209,1,0.3993,1.3807,-0.0245,-3,0,1,0.1445,0,16,1.0839,0
CUST-00031,11,0,0.1472,0,0.8272,0,1.0149,0,2.297,0.2169,0,0,0,0.1404,0,121,0,3,0.9615,-1.7063,0.1439,0.1079,0,0.4642,1.5904,-0.0691,9,1,12,0.2766,0,0,1.5768,0
CUST-00032,0,0,0.0217,0,0.1313,0.1193,0.7609,0,1.6411,0.1665,5.3789,0,0.1338,-0.0737,2,124,0,0,0.8729,0.3621,0.225,-0.3271,1,0.3073,0.2,0.1068,-13,2,0,0.3276,0,20,1.0939,0
CUST-00032,1,0,0.0366,0,0.4586,0.0626,1.5929,0,1.9406,0.6082,0,0,0,0.0242,0,151,0,0,0.8132,-0.9875,0.2546,0.2588,0,0.4415,1.5257,-0.084,-14,1,3,0.1986,0,2,1.1907,0
CUST-00032,2,0,0.0929,3,0.4341,0.0881,1.0604,0,2.0903,0.2577,0,1,0.0313,-0.0821,0,132,0,0,0.835,0.7609,0.2466,0.057,1,0.4183,1.3855,-0.002,-7,0,1,0.2109,0,0,1.9609,0
CUST-00032,3,0,-0.0775,6,0.3928,0.2187,1.4653,1,2.2096,0.4298,0,1,0.1981,0.0025,0,178,0,3,0.7752,1.0859,0.2468,-0.0666,0,0.3951,0.7695,-0.3528,14,1,0,0.0839,0,10,1.338,0
CUST-00032,4,0,0.189,0,0.4271,0.0306,1.283,0,3.1245,0.3035,4.5802,0,0,-0.007,1,198,0,0,0.7973,0.023,0.0737,-0.1283,0,0.5519,2.3018,-0.0362,-25,3,0,-0.1273,0,0,1.0979,0
CUST-00032,5,0,-0.1287,8,0.7657,0.017,0.7186,0,0.2,0.1844,1.3573,0,0.1885,0.0266,0,172,0,0,0.892,0.1717,0.0986,0.2847,0,0.373,1.0983,0.0211,6,0,0,-0.305,0,0,1.3812,0
CUST-00032,6,0,0.0376,3,0.6879,0.1252,1.8198,0,3.3531,0.3105,0.127,0,0,0.2658,0,44,0,1,0.6499,0.3164,0.4686,-0.2818,0,0.3396,0.2,0.1287,34,0,0,0.1364,0,12,1.396,0
CUST-00032,7,0,-0.0106,0,0.4938,0.087,0.7331,1,1.0134,0.117,3.7564,1,0,0.3156,0,145,0,1,0.5969,0.0718,0.0509,-0.3716,0,0.4212,1.2299,0.1734,-5,1,0,-0.0203,0,7,1.7197,0
CUST-00032,8,0,-0.0524,1,0.5897,0.2889,1.0424,0,0.8382,0.0392,0,0,0.0258,-0.394,0,77,0,0,0.7278,-1.2176,0.3007,0.1274,1,0.2169,1.6634,0.1256,24,0,0,-0.1855,0,0,1.459,0
CUST-00032,9,0,0.2147,1,0.3296,0.2156,1.6111,0,2.2432,0.0314,0,0,0,-0.2151,0,162,0,0,1.1181,0.6915,0.2566,-0.1292,1,0.1545,1.5927,0.0945,3,0,10,0.1434,0,10,1.238,0
CUST-00032,10,0,0.0177,0,0.3478,0.029,1.0257,1,1.8434,0.2537,1.819,1,0,-0.1775,0,66,0,0,0.9909,-0.5659,0.2659,0.1422,0,0.3496,0.2,-0.0592,21,1,17,0.1331,0,9,1.5826,0
CUST-00032,11,0,0.3144,10,0.5294,0.1466,1.36,0,1.8504,0.2849,3.3571,0,0.2707,0.1342,1,208,0,1,0.8636,0.4439,0.085,0.495,2,0.3236,0.2,-0.0475,5,2,9,-0.3059,0,0,1.6551,0
CUST-00033,0,0,0.0279,3,0.9389,0.1657,1.4348,0,3.4235,0.2159,2.9727,0,0.2499,-0.0592,0,168,0,1,0.8113,-0.286,0.0549,-0.0406,0,0.4659,2.0628,0.09,-16,1,7,-0.0534,0,4,1.0209,0
CUST-00033,1,0,0.0265,1,0.7847,0.3873,1.0113,1,2.3535,0.3874,1.6781,0,0,0.0535,0,108,0,1,0.9591,0.3137,0.3007,0.2623,0,0.1766,0.2,-0.0541,-27,1,3,-0.0086,0,0,1.3066,0
CUST-00033,2,0,0.2537,4,0.8031,0.0642,1.201,0,0.9724,0.1862,0,0,0.0508,0.1435,0,169,0,2,1.0503,1.1197,0.0464,0.4507,1,0.3598,1.0839,-0.0403,2,0,0,0.0875,0,7,1.3453,0
CUST-00033,3,0,0.1836,5,0.5213,0.1377,1.0054,0,1.9367,0.556,7.8078,0,0.0002,-0.0598,0,164,0,0,1.0895,1.2048,0.2138,-0.1057,2,0.3684,0.2497,-0.0175,-16,1,19,0.0109,0,0,1.4666,0
CUST-00033,4,0,-0.1561,1,1.2322,0.3684,1.4025,1,0.4677,0.2507,2.6105,0,0.2027,0.3758,0,170,0,0,0.7269,0.2292,0.1119,0.4073,1,0.3294,1.6317,-0.1266,-20,0,0,0.065,0,0,1.4383,0
CUST-00033,5,0,-0.0393,4,0.2473,0.2493,1.1988,0,1.8087,0.4105,3.0549,0,0,0.0076,0,204,0,0,1.0091,-1.1638,0,-0.1164,0,0.2114,0.7588,0.0205,-2,2,0,-0.0556,0,4,1.3858,0
CUST-00033,6,0,-0.1183,3,0.5562,0.2829,1.2372,0,0.8478,0.3756,0.0992,2,0.033,0.1333,0,167,0,0,0.8655,-0.0381,0.1626,0.0591,0,0.3254,0.6792,0.06,8,2,0,-0.1634,0,1,1.2518,0
CUST-00033,7,0,0.2353,0,0.2266,0.1648,1.2289,2,3.5012,0.0657,0,0,0.0425,-0.129,0,273,0,1,0.9573,0.4525,0,-0.065,0,0.5503,0.7434,0.1476,-47,0,3,0.119,0,18,1.5062,0
CUST-00033,8,0,-0.1675,8,0.7019,0.0597,1.0559,0,0.7289,0.2828,2.7837,0,0.0628,-0.2747,0,246,0,0,0.8648,0.1043,0.1143,-0.1636,1,0.2547,1.7493,-0.1942,-49,0,0,-0.0596,0,12,1.372,0
CUST-00033,9,0,0.1609,4,0.4486,0.363,1.3888,0,3.5006,0.2046,0.7149,0,0.1577,0.3044,1,227,0,0,1.1758,0.6293,0.1068,0.0613,1,0.3082,0.8212,-0.0198,-8,1,0,0.0851,0,9,1.7386,0
CUST-00033,10,0,0.1211,4,0.3581,0.1596,1.1358,0,0.2,0.3939,2.8958,1,0,-0.0895,1,216,0,2,0.7168,-0.5784,0.3661,-0.0143,0,0.3716,1.3667,-0.0204,-13,0,0,0.3546,0,6,1.5181,0
CUST-00033,11,0,0.0966,4,1.1074,0.2386,1.0133,0,0.8604,0.1761,0,0,0.1227,0.2559,0,222,0,0,0.5572,-0.6756,0.177,0.2207,0,0.3799,1.3766,-0.1471,-4,0,13,-0.1884,0,0,1.344,0
CUST-00034,0,0,0.2109,2,0.8974,0.3807,1.3844,0,3.67,0.3134,2.5181,0,0.0397,0.1957,0,175,0,0,0.7319,-0.8229,0.1536,0.4043,0,0.3612,0.7458,0.1363,-11,2,12,0.257,0,0,1.5105,0
CUST-00034,1,0,0.0184,0,0.3828,0.3015,1.389,0,3.46,0.3589,0.6406,0,0,0.4215,0,280,0,0,0.8007,-0.0394,0.2621,0.1156,1,0.3799,1.0531,-0.0635,16,1,0,0.0093,0,0,1.4758,0
CUST-00034,2,0,-0.1394,0,0.5013,0.1769,1.1683,0,0.8703,0.5786,2.0935,0,0.081,-0.2161,0,178,0,0,0.4984,0.794,0.2837,-0.0485,0,0.5467,1.8199,-0.0814,-23,0,0,0.082,0,0,1.5363,0
CUST-00034,3,0,0.0693,1,0.4073,0.2389,1.2746,0,0.2,0.2331,2.3406,0,0.0767,-0.0029,1,124,0,0,1.0728,0.1198,0.3443,-0.1851,1,0.4806,0.7347,0.0673,-20,2,0,-0.0516,0,4,1.2643,0
CUST-00034,4,0,0.2047,6,0.6137,0.2551,0.9711,1,1.2983,0.1611,2.2235,0,0,0.1759,0,142,0,0,0.9215,0.088,0.1538,-0.1657,1,0.2124,0.2,-0.1799,65,0,0,0.1644,0,0,1.5751,0
CUST-00034,5,0,-0.0338,3,0.3572,0.2306,1.2653,1,1.2458,0.3632,0.0495,0,0.1199,0.2821,0,109,0,1,0.8396,-2.0106,0.3081,0.1203,0,0.4533,2.0545,0.1309,30,0,0,0.3803,0,8,1.343,0
CUST-00034,6,0,-0.0114,3,0.9508,0.2693,1.0798,0,0.2,0.2483,3.5275,0,0.1355,-0.0196,0,137,0,0,0.6968,0.4233,0.1392,-0.0268,1,0.3628,0.2,0.0132,50,2,2,0.1055,0,8,1.4027,0
CUST-00034,7,0,0.3489,0,0.7769,0.1843,1.4704,0,2.3091,0.0647,7.2634,0,0.043,0.1726,0,118,0,0,0.9217,0.2395,0,-0.1295,1,0.4116,1.9429,-0.099,3,1,0,-0.2807,0,0,1.4545,0
CUST-00034,8,0,0.2469,0,0.4459,0.2464,1.6427,0,1.4061,0.0705,1.862,0,0.1468,-0.0057,0,131,0,0,0.7665,1.8671,0.0722,-0.2026,1,0.5737,0.8148,-0.0541,-36,1,0,0.1607,0,15,1.4041,0
CUST-00034,9,0,-0.0367,3,0.3145,0.191,0.8798,0,2.8216,0.1648,1.4021,3,0.0417,-0.0312,1,169,0,0,0.6681,-0.3194,0.1493,0.1853,0,0.2846,0.6776,0.063,-6,0,0,-0.3571,0,0,1.3423,0
CUST-00034,10,0,0.2069,6,0.9113,0.2303,1.1867,0,3.0021,0.2597,2.9805,1,0,0.2754,1,294,0,1,0.9282,-0.5508,0.229,-0.1697,0,0.2713,2.2202,0.0851,-24,1,10,0.069,0,6,1.2556,0
CUST-00034,11,0,-0.0508,3,0.2128,0.3725,1.5587,0,0.2,0.1693,0,0,0.1359,0.0061,0,157,0,0,0.8598,-0.586,0.1311,-0.0155,0,0.4806,1.3094,-0.0538,1,0,0,-0.1083,0,0,0.8933,0
CUST-00035,0,0,0.0483,2,0.6774,0.1597,1.4468,0,1.1208,0.1479,1.1522,0,0,-0.3127,0,193,0,2,0.7568,-0.2879,0.1846,-0.3076,0,0.4108,0.8629,-0.0726,3,1,0,0.0305,0,0,1.3902,0
CUST-00035,1,0,-0.1192,3,0.3221,0.1464,1.8071,1,2.1638,0.1019,0,1,0.2365,-0.0951,0,171,0,1,1.007,-0.4888,0.1301,0.3325,0,0.2488,1.4982,0.2042,-21,0,7,0.5683,0,2,1.4724,0
CUST-00035,2,0,-0.0973,2,0.2088,0.159,1.0885,1,3.0232,0.2266,2.9443,0,0.0101,0.0043,1,194,0,1,0.9827,-0.1662,0.0626,-0.1039,0,0.4113,1.612,0.0093,-12,2,13,0.0451,0,10,1.0877,0
CUST-00035,3,1,0.3276,8,0.9312,0.345,0.3019,1,3.9996,0.6697,7.7224,1,0.0704,0.4544,1,14,0,1,1.3138,1.5871,0.4243,0.1568,2,0.4211,2.609,-0.0212,62,0,11,-0.0122,0,28,0.7598,0
CUST-00035,4,1,0.6799,14,0.4294,0.4847,0.4618,2,6.1557,0.3768,14.2726,5,0.644,0.2539,2,78,0,4,1.4529,1.4595,0.5393,0.148,4,0.7726,2.9005,0.179,51,3,49,0.4046,2,20,0.4538,0
CUST-00035,5,1,0.7658,18,0.0679,0.3667,-0.0684,2,5.4687,0.6951,23.0167,6,0.3851,0.7077,1,6,1,6,1.4848,2.2923,0.6856,0.4185,2,0.5042,3.7979,0.0353,73,4,52,0.638,1,59,0.1,1
CUST-00036,0,0,-0.1127,3,0.201,0.1997,1.1841,0,1.4578,0.3956,0,0,0,-0.2707,1,145,0,0,0.8912,0.3618,0.1181,0.2827,0,0.5761,0.9805,0.1578,-8,0,26,0.2829,0,20,1.5175,0
CUST-00036,1,0,0.1,7,0.7111,0.3735,1.2411,0,1.3593,0.3033,0,1,0.216,-0.3148,0,186,0,0,0.7815,0.5865,0.0379,0.3827,0,0.193,0.2,0.1338,3,1,0,-0.2701,0,0,1.212,0
CUST-00036,2,0,0.0061,3,0.7456,0.1783,1.1143,0,2.0975,0.2,3.3606,0,0.185,0.2006,0,199,0,1,0.8647,-0.09,0.2043,-0.2172,1,0.2495,1.7207,0.0913,-7,0,0,0.3496,0,0,1.3764,0
CUST-00036,3,0,-0.0126,10,0.7498,0.1239,0.7306,0,2.288,0.4177,1.6831,0,0.0111,0.2316,0,179,0,2,1.0151,-0.1844,0.2329,-0.2039,0,0.4568,1.6777,-0.0055,4,0,2,0.1678,0,16,1.0541,0
CUST-00036,4,0,-0.0292,4,0.7506,0.1844,1.5696,0,0.2,0.0716,9.8015,1,0.0123,-0.1598,0,283,0,0,0.8855,-0.2968,0.2477,-0.4,0,0.267,1.3233,0.2177,8,2,5,0.0488,0,11,1.7985,0
CUST-00036,5,0,0.2497,0,0.4994,0.2574,1.3256,0,3.5865,0.5446,4.5224,0,0.1629,0.4444,0,154,0,0,0.6948,0.3097,0.2349,0,0,0.3892,1.4159,0.2178,-35,0,0,-0.1125,0,0,1.3813,0
CUST-00036,6,0,0.2303,5,0.5763,0.1535,0.9753,0,3.0132,0.3257,1.5394,0,0,-0.0992,0,126,0,1,0.9974,-1.6631,0.2033,0.0136,1,0.25,1.981,0.1315,5,0,0,0.0778,1,12,1.2261,0
CUST-00036,7,0,-0.027,3,0.3407,0.0796,1.9831,0,3.363,0.2619,2.6841,0,0.0357,0.1687,1,42,0,0,0.9694,0.0043,0.0079,0.0331,0,0.1961,0.762,0.0599,30,0,10,0.1357,0,11,1.2942,0
CUST-00036,8,0,-0.0117,3,0.853,0.2569,1.4966,0,0.5372,0.0917,2.8886,2,0,0.0298,1,216,0,0,0.6688,-0.6669,0.344,0.131,0,0.1028,0.5608,-0.0429,-35,0,0,-0.2003,0,7,1.6576,0
CUST-00036,9,0,0.1535,3,0.6809,0.3359,1.2906,1,1.7089,0.2196,0,0,0.2681,0.0485,0,138,0,0,0.8779,-0.5387,0.2434,-0.1082,1,0.2626,0.8409,-0.1942,27,1,0,0.3059,0,7,1.5644,0
CUST-00036,10,0,0.2587,3,0.5204,0.033,0.9343,1,1.5209,0.1991,1.9844,0,0.0275,-0.0051,1,175,0,0,0.8463,-0.7487,0.0586,-0.4,0,0.3175,0.4184,-0.0537,-33,0,20,-0.3488,0,0,1.4536,0
CUST-00036,11,0,0.1784,7,0.6091,0.1326,1.1921,0,3.7168,0.2298,3.6419,0,0.02,0.0153,0,101,0,2,0.9747,1.8925,0.324,-0.0863,0,0.2725,0.8512,0.2612,7,1,0,0.201,0,2,1.3534,0
CUST-00037,0,0,-0.04,1,0.7642,0.0042,1.1045,0,1.1251,0.4464,9.623,1,0.0657,-0.2129,0,61,0,2,1.0095,-0.3811,0.1912,0.0474,0,0.3039,0.6476,0.1628,14,2,20,0.2272,0,0,1.8582,0
CUST-00037,1,0,0.0789,4,0.663,0.3185,1.6449,0,2.0523,0.3213,4.5389,1,0.0122,-0.0738,0,178,0,0,0.9583,-0.5131,0.2221,0.0283,0,0.3496,1.3498,0.2347,-14,3,0,0.1347,0,0,1.6893,0
CUST-00037,2,0,0.1697,4,0.4423,0.1816,0.9432,0,1.9841,0.3695,2.6652,0,0,-0.022,0,178,0,0,1.2182,-0.6286,0.3021,0.0306,0,0.2495,0.8581,-0.0813,15,0,5,-0.3412,0,14,1.5667,0
CUST-00037,3,0,0.194,2,0.5857,0.1493,1.6382,1,0.2,0.5357,0,0,0.1179,0.1073,0,182,0,2,0.8212,-0.1869,0.3317,0.0215,1,0.4533,1.2019,-0.105,11,0,0,0.3675,0,2,1.1876,0
CUST-00037,4,0,0.2449,4,0.8305,0.2113,0.7701,0,0.3514,0.1685,3.7383,0,0.0408,-0.0711,0,185,0,0,0.7862,-0.1003,0.2468,0.1771,0,0.387,1.6705,0.037,17,0,0,0.2722,0,0,1.628,0
CUST-00037,5,0,0.0938,2,1.2789,0.1883,1.2912,0,2.5273,0.48,0,0,0.2581,-0.1278,1,168,0,0,0.7902,-0.8866,0.2446,-0.1553,0,0.3682,2.5865,0.0139,-1,0,1,0.1062,0,6,1.2734,0
CUST-00037,6,0,-0.2,0,0.2419,0.1372,1.1245,0,2.8874,0.1375,0,1,0.1203,0.4,0,126,0,0,1.0758,0.2338,0.2262,-0.1416,1,0.3876,0.9009,0.0241,13,0,12,0.0678,0,1,1.51,0
CUST-00037,7,0,0.2175,4,0.2881,0.2052,1.6019,0,0.2,0.2795,3.1916,0,0.1324,-0.2029,0,91,0,2,0.8569,-0.1588,0.204,-0.3094,0,0.3851,0.8858,0.1777,17,0,0,-0.1492,1,0,1.4242,0
CUST-00037,8,0,0.2798,7,0.6041,0.2455,1.3205,0,0.8075,0.2739,0,0,0.1922,0.1061,1,144,0,0,0.6194,0.075,0.2695,0.2664,0,0.2296,0.427,0.1911,6,1,15,-0.3071,0,6,1.2874,0
CUST-00037,9,0,0.1266,5,0.3549,0.4388,1.3928,0,2.6647,0.1548,4.3555,1,0.1426,0.0072,0,217,0,0,0.8581,-1.0188,0.0628,0.0366,1,0.2528,2.164,-0.03,-1,1,0,0.0806,0,13,1.3484,0
CUST-00037,10,0,0.0416,2,0.5272,0.1358,1.3195,0,0.7919,0.199,0,1,0.1786,0.0628,0,207,0,2,0.8058,0.8855,0.0568,0.1589,0,0.4103,1.9274,0.045,-25,0,0,0.2067,0,0,1.4807,0
CUST-00037,11,0,0.0359,3,0.7465,0.3005,1.2399,0,1.4647,0.1558,0.958,0,0.1675,0.2188,0,161,0,0,0.9272,-0.5167,0.282,0.2914,0,0.6093,0.3836,-0.0729,4,0,0,-0.1418,0,0,1.2296,0
CUST-00038,0,0,0.1814,1,0.3137,0.0589,1.2726,0,3.5349,0.4231,2.4096,0,0.1807,0.4949,0,115,0,0,0.8525,-0.1701,0.0093,0.0914,0,0.326,1.4427,0.0972,-45,0,0,-0.0943,0,9,1.0127,0
CUST-00038,1,0,-0.0522,3,0.4231,0.224,1.0177,0,0.2,0.3216,1.5699,0,0,0.1426,1,106,0,1,0.8803,-0.0491,0.099,0.0873,0,0.4412,0.9127,-0.0901,10,1,8,0.454,0,1,1.5347,0
CUST-00038,2,0,0.0333,2,0.8006,0.1118,1.2807,0,2.5425,0.5966,1.8865,0,0.1235,-0.0082,1,118,0,1,0.926,0.4913,0.3105,0.1058,0,0.4188,0.2,-0.0857,-7,3,10,0.2102,0,18,1.2963,0
CUST-00038,3,0,0.1079,0,0.2758,0.0364,1.4983,0,5.7677,0.6695,0,0,0.1904,0.0688,1,121,0,4,1.2529,-0.6555,0.2048,0.0057,0,0.2827,0.7867,0.0671,-25,0,6,-0.1724,0,15,1.4754,0
CUST-00038,4,0,0.1165,2,0.5675,0.0992,1.5175,2,2.2163,0.2614,4.5803,0,0.0367,-0.0788,0,178,0,0,0.8814,0.8716,0,-0.0145,1,0.2408,0.2782,-0.0931,57,0,0,-0.2351,0,0,1.4175,0
CUST-00038,5,0,0.1967,8,0.515,0.2859,1.9491,0,0.3908,0.4164,5.104,0,0.0237,0.0137,0,211,0,0,1.2785,-0.1871,0.0055,-0.1416,0,0.2537,2.0349,0.0237,13,1,0,0.0079,0,18,1.2566,0
CUST-00038,6,0,0.235,2,0.8599,0.2208,1.2783,0,1.0839,0.2122,1.3493,0,0.1873,-0.1161,1,167,0,0,0.918,-0.1413,0.1643,0.1425,0,0.218,0.2,-0.0013,51,0,17,0.0737,0,0,1.4381,0
CUST-00038,7,0,0.1473,0,0.5788,0.2128,1.2201,0,3.5098,0.3536,3.3974,0,0,0.0996,1,207,0,0,0.6687,0.4427,0.3895,0.0193,0,0.3989,0.2,0.0742,19,0,4,-0.0993,0,7,1.3202,0
CUST-00038,8,0,0.2091,0,0.6487,0.1504,1.1942,2,5.0835,0.1066,0.9649,0,0.1085,0.0889,0,93,0,3,0.9667,-0.0644,0.4199,-0.0766,0,0.5119,1.3426,-0.1978,16,1,15,-0.0695,0,22,1.3522,0
CUST-00038,9,0,0.1572,2,0.3971,0.2336,1.8459,0,4.927,0.36,0,0,0.0981,0.109,0,168,0,1,1.0495,0.1122,0.2299,0.1825,0,0.5212,0.8901,0.0726,15,0,0,-0.1598,0,13,1.5264,0
CUST-00038,10,0,0.1224,4,0.6291,0.1499,1.2196,0,3.2945,0,1.581,0,0.0125,0.2938,0,99,0,0,0.5602,0.479,0.2896,0.1962,0,0.3747,0.8928,0.0846,1,1,15,0.3384,0,0,1.6471,0
CUST-00038,11,0,-0.0797,0,0.6391,0.28,1.6491,1,4.1742,0.3499,0,0,0.2329,0.0391,1,133,0,4,1.0686,1.2462,0.193,0.1575,0,0.3519,0.2,0.0322,18,1,6,0.0197,0,5,1.8617,0
CUST-00039,0,0,0.0728,1,0.1499,0.2176,2.2767,0,2.5313,0.2917,5.5607,0,0,0.207,1,209,0,1,0.877,-1.3378,0.1903,-0.0666,0,0.5504,0.9111,0.1087,-17,1,0,-0.1822,0,6,1.4615,0
CUST-00039,1,0,0.2209,1,0.9375,0.2263,1.4301,0,1.4108,0.6017,1.3957,1,0,-0.0383,2,178,0,2,1.1163,-0.8727,0.2786,0.0702,1,0.264,0.7483,-0.1053,0,0,0,0.0223,0,0,1.7358,0
CUST-00039,2,0,0.1363,0,0.4787,0.0778,0.8985,1,0.4689,0.0539,1.7207,1,0.1179,0.13,1,152,0,2,1.1116,0.1454,0.1791,-0.3358,0,0.2451,1.4853,-0.02,-9,0,0,0.1391,0,0,1.5619,0
CUST-00039,3,0,0.0708,7,0.6455,0.1458,1.4908,0,3.5256,0.1592,0,1,0.2131,0.2344,0,298,0,0,0.88,-1.8876,0,-0.1134,3,0.2697,0.4858,-0.0673,23,1,4,0.1166,0,10,1.5534,0
CUST-00039,4,0,-0.0619,3,0.3514,0.1145,1.6711,0,2.0851,0.4291,4.0644,2,0.0694,-0.1628,0,188,0,0,1.143,0.1172,0.351,0.6589,2,0.4925,0.7216,0.0719,18,0,0,0.1415,0,4,1.0304,0
CUST-00039,5,0,0.0395,0,0.8673,0.0689,1.0036,0,4.3731,0.1962,0.1654,1,0.0186,0.1504,0,150,0,0,0.6203,0.4782,0.0907,0.3622,1,0.1,0.4913,0.0345,-20,1,0,0.0533,0,1,1.5713,0
CUST-00039,6,0,0.1109,4,0.3095,0.0685,1.2474,0,1.6993,0.2666,2.4558,0,0.0174,-0.3689,0,111,0,0,0.862,0.7958,0.1636,0.2028,1,0.4595,1.6619,-0.1012,5,0,0,-0.1605,0,2,1.3363,0
CUST-00039,7,0,0.1496,2,0.6034,0.0864,1.7684,1,1.0454,0.3666,0,0,0,0.0629,0,150,0,0,1.0706,-1.0881,0.2341,0.1003,0,0.4166,2.134,0.114,12,0,0,-0.0016,0,9,1.2261,0
CUST-00039,8,0,0.1564,4,1.2167,0.1623,2.0415,0,1.9772,0.2339,1.3654,0,0.0316,0.036,0,192,0,0,0.9284,-0.3472,0.113,-0.1788,0,0.3082,0.2,-0.0063,27,1,0,0.0729,0,0,1.4483,0
CUST-00039,9,0,0.1586,4,0.783,0.1035,1.6105,0,3.4272,0.308,3.5455,0,0.1813,0.4278,0,44,0,1,0.8943,0.8519,0.0861,0.2403,0,0.2385,0.5089,-0.0341,-13,0,0,-0.0309,0,10,1.4076,0
CUST-00039,10,0,-0.1509,0,0.3021,0.1155,1.2054,0,0.2,0.2353,3.1795,0,0.0814,-0.0912,0,131,0,0,1.0292,0.5445,0.0692,0.0617,2,0.4145,1.1979,-0.0167,42,0,0,0.2654,0,4,0.771,0
CUST-00039,11,0,0.2701,12,0.7215,0.1131,1.3225,0,4.3225,0.1279,1.7025,4,0,0.276,0,210,0,1,0.8521,0.8298,0.1626,-0.3043,0,0.3744,1.2719,0.1135,31,2,3,0.0177,0,22,1.3695,0
CUST-00040,0,0,0.2068,3,0.01,0.0374,1.0778,0,1.4135,0.2798,0,1,0.0901,0.0394,0,179,0,0,0.7264,-0.2759,0.1482,-0.0708,0,0.2733,1.6563,-0.1091,27,2,8,-0.0216,0,0,1.1116,0
CUST-00040,1,0,-0.0414,1,0.7451,0.2501,1.721,1,1.2862,0.3452,0,0,0.0733,0.0653,1,91,0,0,0.9056,0.3597,0.174,0.1573,0,0.4341,1.6824,-0.0217,24,0,7,0.211,0,8,0.9606,0
CUST-00040,2,0,0.0942,2,0.7522,0.1245,0.9951,0,0.2,0.2661,0.9046,0,0.0129,-0.193,1,215,0,0,1.0051,0.4449,0.051,-0.0289,1,0.2159,0.3047,0.0556,12,0,10,0.2141,0,23,1.3008,0
CUST-00040,3,0,-0.0925,6,0.8044,0.2423,1.195,1,1.4407,0.4131,2.5906,0,0.0787,0.001,0,224,0,0,0.8556,0.1324,0.1951,0.0043,2,0.4767,1.4855,0.1787,-19,0,24,0.0447,0,7,1.6764,0
CUST-00040,4,0,0.0043,2,0.5429,0.1117,1.3426,0,2.9035,0.0548,0,0,0.0564,-0.0348,0,127,0,0,0.8435,-0.1614,0.1091,-0.0326,1,0.1979,1.5678,-0.0821,32,1,0,0.3192,0,0,1.2444,0
CUST-00040,5,0,0.5545,2,0.4103,0.129,0.7691,0,1.6066,0.1836,5.3397,0,0.0724,0.0255,0,201,0,0,0.9369,-0.1508,0.1468,0.09,0,0.2804,1.0069,0.0897,29,0,27,-0.3662,0,16,1.3274,0
CUST-00040,6,0,0.1615,0,0.6248,0.125,1.0872,0,4.4737,0.1562,0,2,0.0917,0.0651,0,158,0,1,0.8106,0.3389,0.058,0.0641,0,0.2979,0.9857,-0.0877,-23,0,1,0.0146,0,0,1.2005,0
CUST-00040,7,0,0.1526,0,0.01,0.1969,1.5233,0,1.4945,0.0988,3.2967,0,0.1634,-0.2312,1,114,0,0,0.7306,-0.5383,0.2418,0.2875,1,0.3815,2.1181,0.1413,-4,2,0,0.0769,0,0,1.8378,0
CUST-00040,8,0,0.1117,0,0.6806,0.1307,0.8563,0,2.0119,0.4705,0.556,0,0.0259,0.1552,0,120,0,1,1.1467,1.0732,0.3037,0.0071,0,0.3617,0.4143,0.0918,7,2,19,-0.0299,0,5,1.5245,0
CUST-00040,9,0,0.0497,5,0.6358,0.3476,1.4149,0,1.7389,0,0,0,0,-0.1852,0,99,0,1,0.8102,-0.2633,0.1314,-0.0352,0,0.1723,1.3958,0.0788,14,0,0,0.2255,0,14,1.4202,0
CUST-00040,10,0,0.1056,2,0.6447,0.285,1.192,0,1.5488,0.2123,1.0089,0,0.1768,0.071,1,168,0,0,1.0462,0.1102,0.1474,0.1044,0,0.3336,1.8197,-0.3031,13,0,7,-0.0434,0,13,1.1522,0
CUST-00040,11,0,0.0049,3,0.7882,0.2274,1.3543,0,3.0047,0.4846,0,0,0.0382,-0.0724,0,191,0,2,0.7837,0.0128,0.1321,0.2078,0,0.4007,1.9233,0.0148,-14,0,2,0.4107,0,0,1.0135,0
CUST-00041,0,0,0.2013,8,0.4982,0.2315,1.2104,0,0.9589,0.1651,1.6028,1,0.092,-0.1608,0,295,0,1,0.913,0.2289,0.2865,-0.0711,0,0.3093,1.065,-0.0495,-18,0,0,-0.1906,0,0,1.5271,0
CUST-00041,1,0,0.1025,0,0.6724,0.2707,1.2946,0,1.2043,0.2021,2.0627,2,0.1341,0.0311,1,211,0,2,0.9348,1.1739,0.1671,0.4848,0,0.3431,1.3875,-0.1689,-6,3,0,0.0951,0,0,1.549,0
CUST-00041,2,0,-0.0957,0,0.3054,0.076,1.4686,0,0.7351,0.1658,0.9633,1,0.0853,-0.1842,1,207,0,2,0.9778,-0.2174,0.2926,-0.1627,1,0.2985,1.7206,0.0409,7,2,0,-0.203,1,20,1.1029,0
CUST-00041,3,0,-0.0131,0,0.4829,0.2357,1.5567,0,1.8337,0.2517,2.9289,1,0.1015,0.1227,0,175,0,0,0.5853,-0.2805,0.2116,-0.2823,1,0.5393,1.198,-0.1086,-5,0,17,-0.0971,0,1,2.1339,0
CUST-00041,4,0,0.0861,5,0.5678,0.1769,1.1199,0,1.6422,0.3661,0,0,0.1226,-0.1975,0,253,0,0,1.2355,0.6471,0.1521,0.0489,1,0.1967,1.0309,0.2124,35,1,18,0.2422,0,0,1.4893,0
CUST-00041,5,0,0.0401,0,0.8333,0.2175,1.2086,1,3.0393,0.1813,2.6081,0,0,0.1778,1,104,0,0,0.7639,-0.1147,0.1749,-0.199,1,0.4431,0.5199,-0.1177,-12,0,0,0.11,0,0,1.0327,0
CUST-00041,6,0,0.1007,4,0.2254,0.2717,1.276,1,2.8045,0.2164,2.1858,1,0.1729,0.1781,2,180,0,0,0.5528,0.6692,0.4088,-0.026,0,0.1252,0.916,-0.057,29,0,0,-0.1058,1,12,1.2113,0
CUST-00041,7,0,0.0697,6,0.9299,0.2544,1.2043,0,1.7928,0.5969,0,0,0,-0.0198,1,162,0,0,0.9441,-0.2576,0,-0.0411,0,0.3537,1.598,-0.0211,33,0,0,0.2581,0,13,1.3466,0
CUST-00041,8,0,0.2407,6,0.6992,0.3133,1.7046,0,2.6817,0.2783,0.9512,0,0,0.0407,0,-20,0,0,1.108,1.3171,0.2546,-0.06,0,0.2189,0.388,0.0431,-9,3,4,0.0918,0,16,1.2617,0
CUST-00041,9,0,-0.038,0,0.2234,0.1733,0.7115,1,1.631,0.1331,0,0,0.2182,-0.307,2,209,0,0,0.7793,0.4381,0.2285,0.337,0,0.3376,0.7157,0.0143,-4,2,37,-0.0873,1,9,1.5357,0
CUST-00041,10,0,0.2002,1,0.4743,0.3192,0.811,1,2.3497,0.2926,4.2419,0,0.1147,-0.2033,1,217,0,0,0.9861,0.9736,0.1831,-0.0098,0,0.4616,2.3787,0.0776,26,1,5,0.1014,0,5,1.3975,0
CUST-00041,11,0,-0.2,6,0.5062,0.2748,0.9502,0,3.1307,0.1116,0,0,0.107,-0.0498,2,109,0,0,0.9298,-0.1382,0.334,0.0363,0,0.3794,0.9178,0.0259,3,3,0,-0.0603,0,30,1.8181,0
CUST-00042,0,0,0.2435,0,0.3426,0.0067,1.4913,0,0.8686,0.3651,2.8922,0,0,0.0605,0,175,0,0,0.8908,-0.1648,0.3451,-0.1434,0,0.3728,1.6506,0.0506,-31,0,5,0.0944,0,0,1.3038,0
CUST-00042,1,0,0.2468,1,0.1598,0.2023,1.7209,1,1.1509,0.1264,2.3386,0,0,-0.056,0,221,0,2,1.1834,-0.0594,0.3345,0.1198,1,0.2795,0.4895,-0.0215,4,0,0,0.0634,0,4,1.2535,0
CUST-00042,2,0,-0.0811,7,0.1761,0.1373,1.2551,0,2.5454,0.3858,9.3408,0,0.0543,0.0366,1,124,0,0,0.8304,0.0933,0.0324,0.1388,0,0.358,0.9539,0.1697,-50,2,16,-0.2364,0,23,1.5295,0
CUST-00042,3,0,-0.0488,2,0.3526,0.0037,1.3344,0,1.0194,0.1798,2.6414,0,0.2467,0.1357,0,186,0,0,0.6776,0.7501,0.1468,0.075,0,0.512,0.9526,0.0473,5,1,17,0.0789,0,6,1.4413,0
CUST-00042,4,0,-0.0423,0,0.8386,0.186,1.362,0,1.1605,0.2596,4.2045,1,0,-0.0734,0,162,0,0,0.8877,0.1043,0.1029,-0.06,2,0.3495,0.9563,0.0065,-6,0,0,-0.302,0,13,1.3824,0
CUST-00042,5,0,0.1643,3,0.7184,0.0668,0.8441,0,0.2,0.2022,4.4669,0,0.0825,0.0289,0,63,0,1,0.9967,0.1849,0.1966,0.2555,1,0.4332,1.9417,-0.054,-28,0,0,-0.0516,0,10,1.5357,0
CUST-00042,6,0,-0.0312,1,0.2815,0.2316,1.3796,0,1.9691,0.3283,1.4608,0,0.0611,-0.0352,1,162,0,2,0.8223,1.4046,0.3014,0.139,0,0.2326,0.5492,0.0565,5,1,0,-0.0029,0,0,1.4823,0
CUST-00042,7,0,0.038,0,0.1724,0.2254,1.0698,0,2.4944,0.2883,2.118,0,0.1139,0.3026,0,52,0,0,0.6842,0.761,0.387,-0.2819,0,0.3816,1.4037,-0.1555,15,0,2,0.2168,0,13,1.1231,0
CUST-00042,8,0,-0.0266,4,0.5333,0.1798,1.5874,1,0.5638,0.209,4.4499,2,0.0496,0.1064,0,197,0,0,1.0956,-1.4163,0.1671,-0.1127,0,0.403,0.2,0.2122,13,0,0,0.0013,0,0,1.5389,0
CUST-00042,9,0,-0.0915,0,0.4357,0.2349,1.6696,1,0.2,0.2714,1.2583,0,0.1043,0.0598,1,204,0,0,0.8954,-0.7547,0.0598,0.1761,0,0.398,0.5407,0.0817,9,0,0,-0.3329,0,3,0.7865,0
CUST-00042,10,0,0.0966,3,0.9263,0.162,0.9859,0,1.2229,0.1636,4.7815,0,0,-0.0666,0,148,0,0,1.0873,-0.5767,0.4147,0.0065,0,0.247,0.342,0.0439,-40,0,12,0.3162,0,6,1.2048,0
CUST-00042,11,0,0.1978,2,0.6954,0.208,0.9779,0,2.1679,0.3716,4.7719,1,0.1914,-0.4361,0,207,0,1,0.74,-0.0736,0.2228,0.3001,0,0.288,0.9654,-0.0511,-50,2,0,0.5959,0,0,1.2089,0
CUST-00043,0,0,-0.0298,0,0.4405,0.1704,1.8813,0,3.8481,0.176,0,1,0.0126,0.0169,0,56,0,0,0.8874,0.456,0.224,0.2372,0,0.4833,1.4659,0.0604,7,0,9,0.0008,0,0,1.4401,0
CUST-00043,1,0,0.268,2,1.0776,0,1.0409,0,1.038,0.3732,0,0,0,-0.0742,0,169,0,0,0.763,0.5389,0.3727,-0.0222,0,0.4858,1.9963,0.0144,11,0,0,-0.0993,0,4,1.1811,0
CUST-00043,2,0,-0.1406,0,0.3719,0.3331,0.7869,0,3.0725,0.194,3.4803,0,0.0738,-0.0868,0,311,0,0,0.7466,-0.1128,0.1286,0.3357,0,0.2925,1.3386,0.0841,8,0,13,0.2999,0,9,1.1622,0
CUST-00043,3,0,-0.1165,3,0.3085,0.0697,0.9252,1,4.0895,0.205,0,0,0.0805,-0.269,0,160,0,1,0.7086,-0.1187,0,-0.4,1,0.3861,1.0966,0.0237,-13,0,19,0.1664,0,16,1.0516,0
CUST-00043,4,0,-0.0081,3,0.3513,0.1745,0.7398,0,2.4952,0.2339,0.2949,0,0.0094,0.0044,0,200,0,4,0.9084,0.3747,0.3356,0.105,0,0.5351,1.0211,0.0389,17,1,0,0.3455,0,0,1.4181,0
CUST-00043,5,0,-0.1979,4,0.3733,0.2464,0.8719,0,0.5279,0.4102,1.887,0,0.0257,-0.18,0,209,0,0,1.3148,-0.93,0.2059,-0.031,2,0.2911,0.5384,0.022,3,0,9,0.0729,0,2,1.6002,0
CUST-00043,6,0,-0.011,3,0.7637,0.3181,1.1695,1,3.0259,0.0372,2.1728,0,0.1666,-0.1369,1,205,0,1,1.2445,0.3512,0.2948,-0.1161,0,0.2088,0.2,-0.0168,32,1,8,0.1439,0,0,1.4687,0
CUST-00043,7,0,-0.0701,5,1.2179,0.2242,1.2673,0,2.2247,0.1139,0,1,0,0.0042,0,236,0,3,0.9244,-0.313,0.1251,-0.0495,1,0.3706,1.761,0.0437,-20,2,18,-0.1817,0,0,1.287,0
CUST-00043,8,0,0.1949,6,0.6933,0.087,1.2389,1,2.1585,0.3734,2.8727,0,0.1372,-0.1572,2,161,0,0,1.0012,0.3021,0.4315,-0.2218,1,0.6397,1.3714,0.0045,-12,1,0,0.2199,0,0,1.2705,0
CUST-00043,9,0,-0.0034,4,0.8133,0.1533,1.044,0,1.227,0.1013,1.4563,0,0.1922,-0.0019,0,236,0,0,0.9855,0.4097,0.2814,-0.0927,0,0.4056,0.6114,-0.0411,-7,0,0,0.4087,0,17,1.4511,0
CUST-00043,10,0,0.1588,6,0.5223,0.1795,1.0534,0,2.1963,0.1556,0,0,0.1068,-0.1266,0,253,0,0,1.1183,-0.5396,0.3378,-0.0509,1,0.4365,0.2,0.0588,-2,1,18,-0.0935,0,6,1.0678,0
CUST-00043,11,0,0.0126,0,0.7081,0.1478,1.1522,0,2.0239,0.207,0,0,0.0277,0.193,1,189,0,0,0.8249,-0.5984,0.1062,-0.0384,0,0.4085,0.782,0.0689,24,0,0,0.1032,0,0,1.6362,0
CUST-00044,0,0,-0.139,3,0.5648,0.0551,1.8193,1,3.9461,0.2001,0,1,0,0.1181,0,171,0,1,0.7823,0.0299,0.2549,-0.1545,1,0.396,1.3835,0.0075,11,0,6,0.1866,1,0,1.1192,0
CUST-00044,1,0,0.1481,3,1.0291,0.1848,1.1939,0,4.493,0.3405,2.3993,0,0.3283,-0.1677,1,239,0,0,0.9572,0.6558,0.0698,-0.0142,2,0.4197,0.5299,0.1062,-31,0,0,-0.0779,0,0,1.1445,0
CUST-00044,2,0,-0.1369,5,0.4762,0.0984,1.3407,0,2.7335,0.408,0,1,0.0679,0.5073,0,134,0,0,0.9167,-1.3485,0.3122,-0.0675,1,0.1,0.8928,0.0423,19,0,0,0.302,0,0,1.3303,0
CUST-00044,3,0,-0.2,0,0.792,0.1536,1.002,0,1.8356,0.155,4.6024,0,0.3485,-0.0453,1,253,0,2,0.8732,0.4439,0,0.0693,1,0.3022,1.5487,-0.1353,-6,1,2,-0.0361,0,11,1.668,0
CUST-00044,4,0,0.2292,2,0.7324,0.2043,1.4846,0,2.2481,0.3245,2.4608,1,0.4088,-0.0599,2,193,0,0,0.9206,0.1318,0.3709,-0.2667,0,0.3227,0.7213,-0.3126,25,0,2,-0.0817,0,0,1.6337,0
CUST-00044,5,0,0.0798,1,0.2826,0.0194,0.7891,0,0.9367,0.3651,0,0,0.1673,0.1579,2,224,0,0,0.7713,1.0891,0,0.0794,1,0.47,0.9608,-0.0705,-19,0,23,0.4934,0,1,1.3645,0
CUST-00044,6,0,0.0519,0,0.65,0.2629,1.2325,0,0.7385,0.344,0.9787,0,0,0.0861,0,52,0,1,0.973,-0.8294,0.4654,0.2654,0,0.3182,0.6988,-0.0252,38,0,7,0.1779,0,0,1.2041,0
CUST-00044,7,0,0.0793,4,1.0622,0.1613,1.2029,0,1.2834,0.0657,0,1,0,-0.0365,0,238,0,0,0.9262,-0.1737,0.3613,-0.2943,0,0.3832,0.7378,-0.1059,27,0,8,0.1568,0,0,1.1924,0
CUST-00044,8,0,0.239,0,0.6057,0.2455,1.3164,1,1.9156,0.2745,4.5376,0,0.0388,0.0638,1,177,0,0,0.7573,-0.2035,0.181,0.2136,0,0.286,0.8347,-0.0588,-14,0,0,0.1584,0,7,1.5842,0
CUST-00044,9,0,-0.112,3,0.9139,0.0945,1.1813,0,1.3466,0.2937,7.1353,0,0.1099,-0.0056,1,172,0,0,0.9923,-0.1547,0.3852,-0.058,0,0.277,0.2,-0.1889,-5,0,0,0.1776,0,0,1.5831,0
CUST-00044,10,0,0.1395,3,0.5485,0.3341,1.1398,0,1.719,0.4147,0.4986,1,0.1556,-0.1048,0,166,0,0,0.8838,-0.5911,0.208,-0.2877,1,0.3855,0.2769,-0.1644,18,0,11,-0.2418,0,8,0.7296,0
CUST-00044,11,0,0.0936,5,0.3921,0.3288,0.9393,0,2.3015,0.182,0,1,0,-0.3408,0,112,0,0,0.8768,0.6787,0.3332,0.3179,0,0.321,0.58,-0.037,12,0,7,0.0169,0,0,1.1773,0
CUST-00045,0,0,-0.1548,1,0.5448,0.3386,1.3473,0,2.1064,0.1724,0,0,0,-0.0314,0,245,0,0,0.9235,0.4453,0.2795,0.1211,0,0.348,1.6662,0.0319,-9,0,4,0.0038,0,5,1.6414,0
CUST-00045,1,0,0.0665,0,0.3399,0.2346,1.2154,0,4.0652,0.6563,0.8527,1,0,0.1619,0,228,0,1,0.9645,1.074,0,0.0979,0,0.3296,1.2113,-0.0504,22,0,0,0.052,0,0,1.7386,0
CUST-00045,2,0,-0.0215,0,0.6026,0.226,1.1687,0,2.196,0.4815,1.319,0,0,0.0475,0,216,0,0,0.747,0.259,0.3117,0.3582,0,0.2962,2.1602,-0.1026,-25,0,2,-0.0677,0,0,1.303,0
CUST-00045,3,0,0.1158,1,0.3419,0.1591,0.9219,0,2.7946,0.3512,1.3271,0,0.1467,0.4967,1,204,0,0,0.7171,0.8441,0.1783,0.0735,1,0.5924,0.4879,-0.0799,51,0,4,-0.0945,0,0,1.3558,0
CUST-00045,4,0,-0.2,7,0.3281,0.2984,1.4202,0,2.2469,0.2967,0.6828,1,0.0952,-0.0291,0,259,0,2,1.0671,-0.7084,0.065,-0.1921,0,0.2249,0.8554,-0.2694,-5,0,0,-0.2772,0,11,1.5856,0
CUST-00045,5,0,0.3139,1,0.7522,0.2068,1.4092,1,1.136,0.4386,2.6878,0,0,0.0757,0,197,0,1,0.9369,-0.008,0.0745,0.2809,0,0.4292,1.7854,-0.0765,-3,0,1,-0.1998,0,9,1.5228,0
CUST-00045,6,0,0.0547,4,0.299,0.2093,0.3868,0,0.3093,0,7.7202,0,0.0585,-0.1061,0,131,0,0,0.8148,-0.4962,0.0622,-0.3175,1,0.2606,1.3598,0.1187,-9,0,6,-0.0376,0,8,1.1996,0
CUST-00045,7,0,0.0523,0,0.8916,0.1095,0.9712,0,2.053,0.2162,0,0,0.0634,0.0973,0,179,0,1,0.8133,0.5255,0.1333,0.0405,0,0.4594,1.3817,-0.0592,-42,2,0,-0.1608,0,23,1.3017,0
CUST-00045,8,0,0.2863,0,0.8412,0.1992,1.4669,0,2.3522,0.6779,2.2176,0,0,0.2389,0,152,0,1,0.8621,0.6948,0.1575,0.247,1,0.521,0.2,-0.0198,-20,0,4,-0.0438,0,0,1.1811,0
CUST-00045,9,0,0.0419,2,0.886,0.3039,0.9882,1,2.8295,0.2151,1.1822,0,0.0651,0.0159,0,122,0,1,0.9189,0.2893,0.2248,0.0847,1,0.3717,1.7285,0.0192,27,1,0,-0.3727,0,5,1.1125,0
CUST-00045,10,0,-0.0073,5,0.9444,0.169,1.268,0,2.2909,0.241,0,0,0,-0.1527,0,265,0,2,0.8094,-0.0731,0.2418,-0.2236,0,0.428,1.1575,-0.1262,-50,0,0,0.0546,0,0,1.3891,0
CUST-00045,11,0,0.1294,10,0.5597,0.1139,0.9366,0,1.4654,0.3731,0.3693,0,0.1177,0.1411,1,229,0,2,0.8425,-0.1345,0.1764,-0.3082,0,0.261,1.1099,0.1684,-2,0,0,0.156,0,2,1.143,0
CUST-00046,0,0,0.0124,6,0.8181,0.2115,1.1702,0,1.1698,0.4254,0,0,0,0.0569,1,228,0,0,0.8965,0.3355,0.3208,-0.0394,1,0.3758,0.3477,-0.1036,-2,1,19,0.0417,0,0,0.9959,0
CUST-00046,1,0,0.1793,3,0.7872,0.0979,1.5474,0,2.8909,0.2317,2.4221,0,0.1176,0.0662,0,120,0,1,0.8477,-0.0649,0.2757,0.007,2,0.222,0.8837,0.0631,-22,2,0,-0.0164,0,0,1.6795,0
CUST-00046,2,0,-0.0613,8,0.3051,0.2019,1.0569,1,3.5617,0.3145,0,0,0.1989,-0.0996,0,309,0,0,0.789,0.1034,0,-0.2491,0,0.1274,1.0528,-0.0984,-14,2,24,0.1475,1,7,1.7738,0
CUST-00046,3,0,0.0704,3,0.7255,0.0828,1.3623,2,2.5867,0.0246,3.5787,0,0.1094,0.2779,2,95,0,0,0.9718,1.6885,0.1831,0.1416,0,0.1879,0.6691,0.0961,-37,0,5,0.3443,0,0,1.3896,0
CUST-00046,4,0,-0.0073,0,0.4395,0.2159,1.541,0,2.7047,0.1882,9.4047,0,0,0.0882,0,219,0,4,0.7053,1.1979,0,0.1448,0,0.2912,1.1734,0.0095,-5,0,21,0.0018,0,0,1.068,0
CUST-00046,5,0,0.1042,4,0.9314,0.2165,1.5746,1,2.0792,0.2289,0,0,0,-0.1127,0,204,0,0,0.8407,0.3472,0.2046,0.1314,0,0.6653,0.8102,-0.0179,-24,0,27,0.0639,0,0,1.2478,0
CUST-00046,6,0,0.1534,6,0.5005,0.088,1.4122,0,1.4756,0.0686,0,0,0.1909,0.0529,1,68,0,0,0.7507,0.1236,0.302,0.1603,0,0.3849,1.3268,0.0623,-8,0,0,0.1301,0,4,1.4669,0
CUST-00046,7,0,-0.0816,3,0.6456,0.2736,1.2109,1,1.1937,0.3135,3.2252,0,0.0705,-0.0172,0,131,0,1,0.9632,-0.2779,0.2196,0.0096,1,0.2956,0.8523,0.0155,-8,0,0,-0.0305,0,11,1.3179,0
CUST-00046,8,0,0.2016,3,0.7206,0.1301,1.7453,1,2.9795,0.354,0,0,0.0819,-0.1568,0,179,0,0,0.6797,-0.162,0.3908,0.0834,0,0.4267,1.175,-0.0149,-19,0,5,0.1089,0,0,1.1299,0
CUST-00046,9,0,0.0384,4,0.4669,0.0768,1.369,0,1.5472,0.3078,0.2059,0,0,-0.2375,0,174,0,1,0.8501,0.3965,0.126,-0.0936,0,0.4681,0.8903,-0.036,2,0,2,0.1284,0,0,1.637,0
CUST-00046,10,0,0.1453,0,0.4969,0.0355,1.0674,1,0.2,0,0,0,0.0535,-0.0598,0,165,0,0,0.8565,0.1352,0.2364,-0.126,0,0.3956,0.2,0.1497,-17,0,0,0.0663,0,0,1.6783,0
CUST-00046,11,0,-0.0591,0,0.6397,0.221,1.4352,0,3.0657,0.016,3.2252,1,0.0579,0.0654,0,103,0,0,0.8218,1.2316,0.1385,0.079,0,0.4451,1.3062,-0.03,-8,1,7,0.1047,0,1,1.0981,0
CUST-00047,0,0,0.1798,5,0.5913,0,1.0212,0,2.6596,0.2638,0,0,0,0.0139,0,201,0,0,0.7263,1.4228,0.3461,0.084,1,0.4144,1.9732,-0.1409,4,1,23,0.01,0,1,1.7101,0
CUST-00047,1,0,0.0434,3,0.4081,0.0477,1.5641,0,0.2,0.3228,1.8915,0,0,-0.1015,1,167,0,0,0.6958,-0.1623,0.0791,-0.1534,0,0.2465,0.9808,-0.1212,-23,0,0,0.1068,0,4,1.5336,0
CUST-00047,2,0,0.2423,4,0.5761,0.1807,1.1455,0,2.1144,0.2505,7.4616,1,0.2055,0.0914,0,175,0,2,0.9118,-0.5281,0.2441,0.1745,1,0.3229,0.9064,-0.0221,49,0,7,0.1698,0,2,1.358,0
CUST-00047,3,0,0.2094,0,0.7875,0.2414,1.3586,1,2.4621,0.483,0,0,0.1221,0.1433,0,170,0,0,0.9576,-0.187,0.065,-0.0849,0,0.3292,1.2097,0.0266,32,0,8,0.0814,0,0,1.3721,0
CUST-00047,4,0,0.1626,0,0.7731,0.2781,1.4847,0,1.6183,0.1868,0.9015,1,0,-0.4447,0,106,0,2,0.8425,1.3382,0.1663,-0.0012,1,0.4323,0.2,0.1083,-21,0,7,0.4835,0,0,1.295,0
CUST-00047,5,0,0.0917,5,0.6698,0.2529,1.4154,1,2.8286,0.323,0.0566,1,0.0234,-0.5,0,167,0,0,0.8491,-0.3588,0.1723,-0.2592,0,0.1606,1.0383,0.0883,-5,1,0,0.0065,0,0,1.2588,0
CUST-00047,6,0,-0.0182,4,0.5613,0.2698,1.1152,0,2.1661,0.066,0,0,0.1032,0.2222,1,161,0,2,0.9567,-0.0303,0.101,0.2127,0,0.2251,0.2,-0.0337,-2,0,2,0.0884,0,9,1.1938,1
CUST-00047,7,0,-0.0392,2,0.2795,0.1527,1.1407,0,1.6615,0.4757,6.514,0,0.1508,-0.2318,0,172,0,0,0.8337,-1.1287,0.0729,0.2881,0,0.3222,0.3415,-0.1871,16,1,5,0.1374,0,0,1.3473,0
CUST-00047,8,0,-0.156,6,0.5422,0.2492,1.4154,0,0.3249,0.2835,0,0,0.0303,-0.3738,2,184,0,0,0.8164,-0.6879,0.213,0.039,0,0.1532,1.7298,-0.0336,-16,2,10,0.2079,0,6,1.4343,0
CUST-00047,9,0,0.008,1,0.3113,0.1218,1.1315,1,2.3691,0.2967,6.129,0,0.1699,-0.2159,0,225,0,0,0.874,-0.8557,0.4046,-0.2382,0,0.537,0.2,0.0152,26,0,0,0.3346,0,0,1.6465,0
CUST-00047,10,0,0.1767,5,0.3898,0.23,1.5516,0,0.4875,0.2688,3.4585,0,0.0696,0.0591,1,140,0,0,1.0297,0.604,0.2645,-0.1529,0,0.3635,1.2161,-0.0957,28,0,0,0.2899,0,0,1.3517,0
CUST-00047,11,0,0.1699,4,0.9411,0.1321,1.6113,1,1.4439,0.1919,0,0,0.0373,0.1276,0,184,0,1,0.9021,-1.1689,0.1631,-0.118,0,0.409,0.8942,-0.062,-26,0,0,0.1758,0,0,0.9549,0
CUST-00048,0,0,0.1951,5,0.3701,0.0073,1.5584,0,1.9076,0.176,0,2,0.0688,-0.0555,1,274,0,0,0.5104,-1.0603,0.1634,0.037,0,0.4844,1.3105,0.0998,-27,0,19,0.1705,0,0,1.449,0
CUST-00048,1,0,0.0835,3,0.4139,0.0808,1.5722,0,0.2,0.0166,2.7804,0,0.0554,0.2604,0,170,0,0,0.9084,-0.9299,0.3969,-0.0041,1,0.5077,1.3409,0.033,-37,0,0,0.2121,0,9,1.4561,0
CUST-00048,2,0,0.154,2,0.4046,0.1869,1.1301,0,3.4024,0.2315,0,0,0,0.3143,0,183,0,0,1.0133,0.2614,0.149,-0.1397,0,0.4486,2.0337,0.0987,10,0,0,0.3856,0,0,1.2341,0
CUST-00048,3,0,0.1657,7,0.8186,0.225,1.1661,0,1.9406,0.3201,3.7414,0,0.104,-0.0448,1,190,0,0,0.9528,1.3345,0.174,-0.0444,0,0.4644,0.95,-0.0119,11,0,0,0.1213,0,0,1.8355,0
CUST-00048,4,0,0.0702,0,0.6088,0.2572,1.4254,0,1.4722,0.2504,6.1289,1,0.203,0.2479,0,245,0,0,0.9022,0.7259,0.212,-0.1079,1,0.2966,0.2,0.1889,-27,0,13,0.1921,0,7,1.4284,0
CUST-00048,5,0,-0.1037,1,0.4843,0,1.5666,1,2.6956,0.1001,1.4593,1,0,-0.0488,0,67,0,0,0.7774,-1.6841,0.2539,-0.2513,0,0.3958,0.9504,-0.1388,32,1,21,0.1704,0,14,1.5758,0
CUST-00048,6,0,-0.0452,1,0.5265,0.2975,1.0753,0,1.4744,0.0697,0,1,0,0.1367,0,185,0,0,0.9704,0.5989,0.2412,0.116,1,0.3548,1.2831,-0.0708,-41,0,19,0.1263,0,11,1.134,0
CUST-00048,7,0,0.047,8,0.2429,0.0834,1.1703,0,2.5902,0.4263,3.9821,0,0,-0.2353,0,167,0,0,1.0793,-0.5947,0.0945,-0.247,1,0.4953,0.4794,-0.1939,-17,0,0,0.3081,0,9,1.2311,0
CUST-00048,8,0,0.0955,4,0.9529,0.3555,1.5798,0,2.4326,0.2693,0,0,0.0475,0.0181,1,189,0,1,0.9804,-0.5564,0.525,0.1866,0,0.7391,1.3282,0.0753,18,0,19,-0.0059,0,6,1.1958,0
CUST-00048,9,0,0.0105,0,0.5454,0.2315,1.2557,1,2.8455,0.3999,2.4153,0,0,0.155,0,154,0,0,1.0016,0.3264,0.1521,0.267,0,0.5372,1.1205,0.046,-39,0,5,0.3272,0,6,1.3586,0
CUST-00048,10,0,0.0596,0,0.5516,0.2696,0.3539,0,0.3071,0.0098,0,0,0,-0.0406,1,164,0,0,0.8725,-0.9131,0.2376,0.3487,0,0.2213,0.2,0.2259,12,0,17,-0.0999,0,6,1.4009,0
CUST-00048,11,0,0.0518,0,0.9706,0.2964,1.2787,0,2.7649,0.3203,6.9326,0,0.158,-0.0899,0,159,0,1,0.752,-0.0417,0.2059,0.1573,1,0.5277,0.5295,0.0047,20,0,3,0.104,0,0,1.4911,0
CUST-00049,0,0,-0.0464,0,0.7599,0.2696,1.6301,0,2.3251,0.2841,0,0,0,0.0518,2,167,0,0,0.7519,0.3375,0.0719,0.2481,2,0.4428,0.2,-0.0663,9,0,0,-0.1134,0,3,1.2566,0
CUST-00049,1,0,0.077,0,0.678,0.1815,1.2047,1,3.0621,0.168,0,2,0.1093,-0.4439,0,112,0,0,0.85,-1.0773,0.2293,-0.0014,0,0.2782,0.2,0.0486,30,0,4,0.103,0,7,1.7523,0
CUST-00049,2,1,0.1633,2,0.1208,0.33,0.9512,1,3.5029,0.6121,4.2519,3,0.339,0.175,0,36,0,1,1.1847,0.8031,0.395,0.3356,0,0.4207,2.0965,0.0103,47,0,17,0.3834,0,25,1.0869,1
CUST-00049,3,1,0.4552,15,0.0434,0.4422,0.7867,1,3.1219,0.2503,12.4739,2,0.6032,0.1323,2,-10,0,2,1.2185,1.5901,0.6201,0.578,3,0.611,3.1549,0.1435,53,2,35,0.4386,1,27,1.0449,0
CUST-00049,4,1,0.671,21,0.2754,0.6431,-0.0456,2,6.4456,0.9949,21.9755,4,0.5825,0.8572,3,78,1,2,1.468,1.862,0.5338,0.1721,3,0.727,3.5281,0.2148,58,3,70,0.4884,0,41,0.2866,0
CUST-00050,0,0,0.0445,2,0.7556,0.1947,1.0831,0,1.4042,0.2053,2.5087,0,0,-0.1093,1,136,0,0,0.8567,0.0077,0.047,0.326,0,0.3396,0.2228,-0.0877,-10,0,13,-0.2088,0,0,1.7773,0
CUST-00050,1,0,0.0544,2,1.0181,0.4199,1.6368,1,2.085,0.2621,3.9842,0,0.2164,0.2739,0,272,0,2,0.9423,-0.9546,0.2146,-0.1403,0,0.3849,0.9035,-0.1459,-22,2,0,0.087,1,26,1.9904,0
CUST-00050,2,0,0.0429,8,0.694,0.18,1.2766,0,1.2223,0.3131,2.4779,0,0.0012,0.1567,0,229,0,0,0.8355,-0.1913,0.1133,-0.0657,1,0.3559,1.9255,0.0916,-14,0,0,0.2176,0,0,1.4662,0
CUST-00050,3,0,-0.0356,6,0.5731,0.2854,1.4179,0,3.1917,0.3223,2.2185,0,0,0.1189,0,197,0,0,0.875,0.1362,0.1483,-0.3181,0,0.3352,0.206,-0.1547,-11,0,0,-0.0668,0,5,1.4571,0
CUST-00050,4,0,0.232,0,0.5248,0.1174,1.4975,0,2.0029,0.337,0.2091,0,0.3015,-0.085,0,235,0,0,0.848,0.087,0.1071,0.0665,0,0.5611,0.7141,0.0124,13,1,0,0.1348,0,9,1.0156,0
CUST-00050,5,0,0.0122,0,0.2729,0.1306,1.4174,0,2.8098,0.6125,0,1,0.0058,-0.0679,0,170,0,0,0.7366,1.2912,0.2312,-0.0123,0,0.3471,1.6824,-0.0389,38,0,41,0.0459,0,0,1.2996,0
CUST-00050,6,0,0.2087,7,0.7376,0.2604,1.0772,0,1.8187,0.2884,0,0,0.0497,0.1203,1,183,0,0,0.5055,-0.2132,0.0681,0.1829,1,0.2998,1.7778,0.154,-12,0,0,-0.0339,0,0,1.3099,0
CUST-00050,7,0,-0.0502,0,0.1693,0.1265,1.327,1,0.8106,0.5432,1.4924,1,0.2037,-0.0224,2,143,0,1,0.7956,0.6697,0,-0.0115,0,0.2489,1.7163,0.0144,-4,0,0,0.0601,0,0,1.3143,0
CUST-00050,8,0,0.1633,2,0.6032,0.2671,1.3341,1,3.3115,0.0081,0.9011,1,0,-0.111,0,221,0,0,0.8535,-0.3843,0.2471,-0.0237,0,0.4163,0.3107,0.1065,-50,0,0,-0.0216,0,6,1.7271,0
CUST-00050,9,0,0.0496,2,0.3591,0.2102,1.3373,1,3.8422,0.3189,1.7224,0,0,0.2376,0,263,0,0,0.7821,0.3084,0.3102,-0.0482,1,0.464,0.2,0.0572,12,1,14,0.2136,0,0,1.1359,0
CUST-00050,10,0,0.0336,3,0.4246,0.2723,1.5977,1,1.7667,0.456,2.3259,0,0.0905,0.2631,1,181,0,3,0.82,-1.3817,0.0291,-0.0952,2,0.379,1.7728,0.0559,18,0,6,0.2172,0,0,1.5417,0
CUST-00050,11,0,0.0065,6,0.695,0.3679,0.9939,0,0.7245,0.4717,1.5786,1,0.227,0.1939,1,77,0,0,0.7839,0.5042,0.0292,0.0505,1,0.2881,1.6476,0.2595,18,0,9,0.0388,0,0,1.209,0
CUST-00051,0,0,-0.1497,4,0.8682,0,1.451,0,2.3729,0.3064,1.9649,1,0.0133,-0.0377,0,188,0,0,0.8137,-0.1424,0.1888,-0.2462,0,0.4412,0.8917,-0.1831,-42,0,7,-0.3024,0,0,1.3867,0
CUST-00051,1,0,0.0676,2,0.2868,0.1841,1.3285,0,3.5301,0.3994,1.7338,0,0,0.4268,0,133,0,0,1.1108,0.8958,0.3486,0.073,0,0.1485,0.4167,0.0796,9,0,6,0.0927,0,0,1.1942,0
CUST-00051,2,0,0.0885,8,0.5912,0.2198,1.7069,0,0.4527,0.2374,2.0099,0,0.1433,-0.0116,1,198,0,0,0.9572,0.5741,0,-0.2735,0,0.1544,0.2972,-0.1523,-31,1,0,-0.0942,0,0,1.4394,0
CUST-00051,3,0,0.0997,4,0.4132,0.1679,1.1889,0,1.8404,0.2664,5.8216,0,0.127,-0.0083,0,106,0,1,1.0587,-1.1868,0.3577,0.0395,0,0.537,0.952,-0.0189,34,0,1,0.0013,0,1,1.6196,0
CUST-00051,4,0,0.1828,0,0.8258,0.304,1.0245,0,3.4629,0.3016,0,2,0.1936,-0.2056,0,94,0,0,0.6969,1.0312,0.144,-0.1994,0,0.3398,1.3558,0.0383,-8,1,0,-0.0391,0,6,1.7279,0
CUST-00051,5,0,0.1918,4,0.9198,0.1268,0.9344,0,2.5096,0.1613,0,2,0.052,0.2272,0,290,0,0,0.6246,0.586,0.2918,0.3015,0,0.1642,0.9698,-0.0523,-40,0,11,0.1633,0,0,1.4994,0
CUST-00051,6,0,-0.0545,0,0.2168,0.0405,1.931,0,0.4933,0.1589,0.2694,0,0,-0.0488,0,145,0,1,0.9557,-0.451,0.2328,-0.0084,0,0.3344,1.4336,0.1234,-4,0,0,-0.0099,0,0,1.0253,0
CUST-00051,7,0,0.1655,3,0.3473,0.2851,1.3318,1,0.2,0.3316,0,0,0,0.033,1,200,0,1,0.8756,0.2695,0.3751,0.1133,0,0.4422,0.9458,-0.1043,-9,0,0,0.1199,0,0,1.4447,0
CUST-00051,8,0,0.1609,2,0.6695,0.1702,1.7287,0,2.1177,0.4347,0,1,0,0.2339,1,135,0,0,0.8091,1.1501,0.2534,-0.118,1,0.3638,0.418,0.0206,23,0,3,0.3118,0,0,1.2919,0
CUST-00051,9,0,0.1539,6,0.9329,0.331,1.5616,1,3.6607,0.1578,5.4886,1,0.1956,0.1666,0,181,0,0,0.6921,0.269,0.1784,0.0248,1,0.359,0.5931,0.0634,11,0,20,-0.1173,0,10,1.358,0
CUST-00051,10,0,0.3692,4,0.3774,0.2045,1.6398,1,2.1106,0.1957,1.8578,0,0,-0.1,1,219,0,0,0.8685,-0.1753,0.1586,-0.1184,0,0.3873,0.5231,-0.0688,-29,0,2,-0.038,0,0,1.4318,0
CUST-00051,11,0,-0.041,7,0.6388,0.1576,1.2539,0,1.4577,0.2166,0,0,0,-0.1007,0,179,0,0,0.6929,-1.0729,0.0954,0.1724,0,0.3908,1.4621,-0.0241,-24,0,0,-0.0461,0,12,1.4043,0
CUST-00052,0,0,0.048,0,0.5556,0.3974,1.6014,0,2.0326,0.2441,0.452,0,0,-0.2036,1,153,0,2,0.9927,0.063,0.2858,0.2315,2,0.4089,0.7387,0.0555,-22,2,0,0.0525,0,1,1.2314,0
CUST-00052,1,0,0.0481,0,0.6683,0.2097,0.778,0,3.7614,0.3478,5.1121,0,0.2353,0.1338,1,191,0,0,0.9563,-1.0041,0.369,0.2264,0,0.3425,1.5419,0.1225,-8,0,7,0.2239,0,2,1.6566,0
CUST-00052,2,0,0.1256,0,0.7387,0.1773,1.3674,1,0.2,0.1264,0.3325,0,0,-0.0801,0,202,0,0,0.9918,0.4516,0.244,0.2289,0,0.35,0.2,-0.0382,32,0,0,0.2153,0,1,1.4411,0
CUST-00052,3,0,0.2069,4,0.6446,0.0695,1.6109,0,0.2,0.2755,4.4052,3,0,0.0396,1,182,0,0,0.9012,1.4867,0,0.0723,0,0.4836,2.6142,0.0642,-50,2,7,0.1868,0,0,0.9999,0
CUST-00052,4,0,-0.0287,3,0.9864,0.2388,1.2053,1,2.199,0.1276,0.6128,1,0.1183,0.1071,0,142,0,0,0.9644,0.436,0.0123,0.0964,0,0.3961,1.7272,-0.1983,7,0,0,0.1365,0,0,1.4178,0
CUST-00052,5,0,-0.0935,2,0.6162,0.2952,1.2463,0,2.7339,0.0283,3.145,1,0.2181,0.0331,0,180,0,0,0.8821,0.7061,0.0322,-0.1222,0,0.2546,0.234,0.1421,19,2,0,0.0213,0,5,1.5777,0
CUST-00052,6,0,0.1713,5,0.4538,0.1089,1.0998,0,1.6778,0.1428,0,0,0.1494,-0.2898,0,151,0,0,1.0164,-0.2578,0.0181,0.1121,0,0.3601,1.9972,0.0273,-4,0,0,-0.1424,0,4,1.2345,0
CUST-00052,7,0,-0.1041,1,0.7659,0.1104,0.9777,0,2.6469,0.5145,6.4979,0,0.0069,-0.0285,0,61,0,1,1.0041,0.2998,0.384,-0.1418,0,0.3034,0.7075,-0.0668,-27,2,20,-0.2216,0,12,1.2229,0
CUST-00052,8,0,0.0622,3,0.439,0.12,1.1327,0,4.8323,0.4871,0.0666,0,0,-0.0264,0,205,0,0,0.8417,-0.1341,0.1867,-0.0077,1,0.1988,1.7521,0.0792,22,1,0,0.2939,0,0,1.6255,0
CUST-00052,9,0,0.0316,3,0.7722,0.3397,1.4393,0,2.234,0.169,1.068,0,0.0259,-0.0475,0,209,0,0,0.8983,0.3086,0,0.2425,0,0.4466,1.71,0.1127,24,1,0,0.1912,0,13,0.9915,0
CUST-00052,10,0,0.2363,7,0.7609,0.0924,1.7476,0,2.9611,0.4415,5.6299,0,0.0205,0.0571,1,222,0,0,0.9425,0.1185,0.2029,-0.2136,0,0.3886,1.3228,0.0215,35,0,0,0.0303,0,0,0.9239,0
CUST-00052,11,0,0.1937,3,0.3941,0.2086,1.2067,0,1.0468,0.216,0,0,0,-0.0719,0,57,0,2,1.0215,0.6502,0.1607,0.0327,0,0.3128,0.8614,0.0344,7,0,0,-0.0607,0,0,1.6671,0
CUST-00053,0,0,0.0302,4,0.5134,0.3615,1.1836,0,3.3853,0.0838,0,0,0,0.001,2,241,0,0,0.6894,0.0751,0.1571,-0.1833,1,0.5002,0.9242,-0.0927,5,0,13,-0.1897,0,0,1.4181,0
CUST-00053,1,0,0.0748,4,0.2871,0.2642,0.5459,0,0.7776,0.4539,2.7145,1,0,-0.5,0,139,0,0,0.7153,-0.9558,0.2187,0.0372,1,0.2371,1.7589,0.1156,-7,1,0,-0.0356,0,22,1.4169,0
CUST-00053,2,0,-0.0858,2,0.6794,0.3344,1.265,0,1.1742,0.3219,5.1897,0,0.1414,0.0215,0,217,0,2,0.5923,-1.1076,0.0146,0.2196,0,0.2323,1.2379,-0.0267,16,1,30,-0.2263,0,0,1.1834,0
CUST-00053,3,0,0.0194,7,0.4401,0.1778,1.1405,0,3.8752,0.1609,3.2605,0,0.244,0.0148,0,231,0,1,0.5765,-0.2692,0.0801,-0.066,0,0.1437,0.2747,0.1074,-12,2,0,0.27,0,0,1.3865,0
CUST-00053,4,0,-0.1741,0,0.6334,0.0903,1.3357,0,0.2,0.128,0,0,0,0.1858,1,178,0,0,0.8751,-0.1016,0.3494,0.1205,1,0.4587,2.0669,0.0893,-2,0,0,0.1833,0,8,1.7157,0
CUST-00053,5,0,0.1531,3,0.8473,0.1409,0.9156,0,1.3421,0.2776,0,0,0.2221,0.2452,0,263,0,0,0.9434,-0.8627,0.1018,0.1593,0,0.5987,1.1722,-0.0546,-3,0,0,0.1156,0,15,1.6869,0
CUST-00053,6,0,0.1703,0,0.6172,0.3082,1.1849,0,2.8544,0.3725,4.1997,0,0.126,0.1327,0,194,0,0,0.6987,-0.4611,0.0504,-0.152,1,0.4329,1.377,-0.1,-50,0,8,0.0882,0,12,2.0872,0
CUST-00053,7,0,0.0018,2,0.3635,0.2283,1.1689,0,0.2,0.4601,0,0,0,-0.112,0,180,0,0,0.9359,0.7985,0.2882,0.0931,0,0.3017,1.3552,0.1358,-4,0,0,0.3896,0,7,1.8331,0
CUST-00053,8,0,0.1434,1,0.3275,0.1034,1.4471,1,0.5655,0.1069,0,0,0.029,-0.1739,0,102,0,0,0.6671,-0.2256,0.3142,-0.1371,1,0.2922,1.2335,-0.1329,6,0,11,-0.0849,0,6,1.3927,0
CUST-00053,9,0,-0.2,0,0.3452,0.2112,1.1708,0,2.5447,0.2785,1.7039,0,0,0.3764,0,211,0,2,0.8789,0.9412,0.112,0.0867,1,0.3556,0.2,0.1011,-29,0,0,-0.074,0,4,1.2383,0
CUST-00053,10,0,-0.2,0,0.4005,0.271,0.7843,0,2.0661,0.215,2.4913,0,0.1804,0.0875,0,183,0,0,0.8998,0.7967,0.2852,0.1243,0,0.3916,1.7522,0.0812,22,3,23,-0.1325,0,13,0.9489,0
CUST-00053,11,0,0.0944,0,0.3237,0.1482,1.3339,0,1.7106,0.4435,0.5228,1,0,-0.1708,0,227,0,0,0.8507,-0.4602,0.3029,0.3516,0,0.5373,1.4066,0.2336,-9,0,3,0.2485,0,6,1.0351,0
CUST-00054,0,0,0.0863,3,0.5208,0,1.1803,0,0.2,0.2561,0.0784,1,0.2326,-0.095,0,134,0,2,0.7697,-0.3245,0.289,0.07,1,0.5357,1.0154,0.0327,-8,0,13,-0.1882,0,0,1.7361,0
CUST-00054,1,0,0.0694,2,0.8289,0.1865,1.5381,0,0.2,0,3.0113,0,0,-0.0842,0,207,0,1,0.8166,-0.2698,0,-0.0703,0,0.3744,1.6247,0.0118,-3,0,30,0.0307,0,0,1.0633,0
CUST-00054,2,0,0.2782,0,0.4882,0.0626,1.3235,0,3.0563,0.3396,1.0442,1,0,0.0391,0,171,0,0,1.108,0.8888,0.3282,0.0173,0,0.1509,2.0418,-0.1644,9,0,13,0.277,0,14,1.4424,0
CUST-00054,3,0,-0.0435,5,1.0791,0.4248,1.4134,1,3.478,0,5.5145,0,0.1435,0.2014,1,239,0,1,0.7515,-0.2028,0.1939,0.4253,0,0.4449,0.6732,-0.0347,-22,0,16,0.175,0,5,1.4427,0
CUST-00054,4,0,0.1287,0,0.3586,0.1295,1.0689,0,1.1808,0.2599,4.1197,0,0.1055,-0.1627,0,210,0,0,0.8072,-0.8784,0.2269,-0.1571,1,0.3346,0.6156,-0.0283,11,0,0,-0.0483,0,5,1.0581,0
CUST-00054,5,0,0.0388,0,0.5568,0.2574,1.3359,0,4.2044,0.2242,0,0,0,0.2037,0,174,0,1,0.8235,0.0872,0.29,-0.1605,0,0.3777,0.6602,0.0296,-19,0,0,0.1948,0,2,1.3681,0
CUST-00054,6,0,0.1773,2,0.3029,0.2449,1.3566,0,2.129,0.5412,0,3,0,-0.198,0,64,0,0,1.0217,0.3117,0.2027,-0.0149,0,0.463,1.3525,-0.0309,-2,0,0,-0.0545,0,0,1.7999,0
CUST-00054,7,0,0.0726,4,0.8532,0,1.0406,0,1.7563,0.0934,0,1,0,-0.1478,1,154,1,2,0.6924,-0.6162,0.0974,0.0141,0,0.5108,1.417,0.1292,4,0,0,0.264,0,3,1.2786,0
CUST-00054,8,0,-0.0198,0,0.5833,0.0356,1.2398,0,3.7853,0.4542,0.0892,0,0,-0.1424,1,266,0,0,0.8558,-0.009,0.2217,-0.0018,2,0.4087,0.8038,-0.1548,-13,1,10,0.0768,0,0,1.6331,0
CUST-00054,9,0,0.1526,3,0.4284,0.1028,1.6427,0,0.2,0.2657,0,0,0.1797,0.1731,0,201,0,0,0.947,0.1745,0.3584,-0.0903,0,0.2635,1.3507,-0.0973,12,1,0,-0.248,0,8,1.7884,0
CUST-00054,10,0,0.018,6,0.3459,0.2471,0.9828,0,2.2438,0.5464,2.0001,0,0,-0.1444,0,197,0,0,0.9124,0.3006,0.2764,0.008,0,0.407,0.8044,0.3132,-6,2,10,0.3314,0,14,1.3822,0
CUST-00054,11,0,0.1368,7,0.4412,0.125,1.7281,0,1.3391,0.3994,9.6317,0,0.1335,-0.2272,0,49,0,1,0.8311,-1.8016,0.1262,-0.4,0,0.2411,1.4126,-0.1018,12,0,20,0.1511,0,0,1.3765,0
CUST-00055,0,0,0.1839,1,0.3796,0.2542,0.6641,0,1.594,0.3914,0,0,0,-0.0571,0,173,0,2,0.8632,-0.1934,0.0956,-0.2571,1,0.4583,0.9781,-0.0337,22,0,13,-0.2184,0,18,1.0871,0
CUST-00055,1,0,-0.1232,3,0.4852,0.3205,1.5549,0,2.5246,0.4048,1.8477,0,0,0.0816,0,256,0,0,0.9497,0.6571,0.2008,0.2045,0,0.3555,1.3539,-0.175,-29,0,0,-0.0524,0,0,1.1667,0
CUST-00055,2,0,0.0607,2,0.4219,0.066,1.3436,1,1.2327,0,4.2121,1,0,-0.162,0,221,0,1,0.8345,-0.1151,0.3261,-0.0584,1,0.2542,0.4251,-0.0188,-7,0,7,-0.1298,0,0,1.0759,0
CUST-00055,3,0,0.083,1,0.4454,0.2868,1.6536,1,2.6702,0.4468,3.3544,0,0,-0.2638,0,212,0,2,0.8624,0.5475,0.0962,-0.0014,0,0.3935,1.0449,0.1074,-1,2,0,-0.1501,0,5,1.275,0
CUST-00055,4,0,-0.0334,2,0.2672,0.1303,1.5246,0,1.3666,0.3862,2.3902,0,0.1237,0.095,0,343,0,1,0.9653,1.439,0.3921,0.1012,1,0.5202,1.0885,-0.0285,5,0,13,0.0179,0,19,1.5464,0
CUST-00055,5,0,0.0472,1,0.3096,0.2018,1.5582,0,1.8713,0.1915,5.0793,0,0,0.1727,0,237,0,0,0.8889,0.7957,0.179,-0.0951,0,0.164,1.5941,0.0425,24,0,0,0.0424,0,0,1.7047,0
CUST-00055,6,0,0.0762,3,1.0807,0.1604,1.6436,0,3.0673,0.1161,0.589,0,0.2247,-0.1533,1,226,0,2,0.7221,1.131,0.2717,0.222,1,0.583,1.5314,0.1414,35,2,5,-0.148,0,11,1.2837,0
CUST-00055,7,0,0.1546,3,0.5892,0.2304,1.382,0,3.1267,0.146,7.9528,0,0,-0.2721,0,187,0,0,0.5773,-0.3874,0.343,-0.0256,0,0.2617,1.1385,-0.1243,-6,2,5,0.037,0,1,1.0034,0
CUST-00055,8,0,0.21,2,0.7925,0.3067,1.1166,0,1.4044,0.2128,0.0643,0,0.1089,0.1187,1,179,0,0,0.843,-0.1244,0.4307,0.0714,0,0.468,0.2,-0.0175,-10,2,0,0.0885,0,0,1.4365,0
CUST-00055,9,0,0.1262,8,0.234,0,0.9965,0,1.8931,0,0,1,0.1634,-0.3636,0,353,0,2,0.8236,1.9598,0.2488,0.1684,1,0.4261,0.9099,-0.1269,-15,1,0,0.2071,0,7,1.3967,0
CUST-00055,10,0,-0.023,5,0.5411,0.142,1.0151,0,3.0243,0.5275,2.6069,0,0.0634,-0.2226,1,132,0,0,0.7939,1.0107,0.2102,-0.0788,0,0.5128,0.7436,0.089,20,0,0,0.0326,0,0,1.6663,0
CUST-00055,11,0,-0.0583,2,0.7199,0.3487,0.8527,0,1.8086,0.1073,2.1591,0,0.1986,-0.3905,0,146,0,1,0.7855,0.6898,0.3764,0.1256,0,0.1669,0.6501,0.0191,6,0,0,0.0054,0,0,1.2406,0
CUST-00056,0,0,-0.0288,6,0.8382,0.2462,1.4416,1,3.0877,0.2128,0,0,0,-0.0778,0,156,0,1,0.7885,0.2099,0.1938,-0.1717,0,0.3577,1.4297,-0.101,-4,1,0,0.0343,0,0,0.9891,0
CUST-00056,1,0,0.0881,4,0.5142,0.2593,1.8188,0,0.2,0.2662,0,0,0.0577,0.0681,0,227,0,1,0.7318,0.8074,0.3594,0.0973,0,0.4181,1.4637,-0.0347,23,0,0,0.1383,0,0,1.627,0
CUST-00056,2,0,0.0965,0,1.1164,0.3985,0.7428,0,3.3951,0.0872,0,1,0.2237,0.0791,0,149,0,0,0.9922,0.1301,0,0.3162,0,0.2979,0.9663,-0.0514,-27,1,19,-0.2123,0,0,1.6372,0
CUST-00056,3,0,0.0872,3,0.4806,0.2663,1.3719,0,2.6186,0.2083,0,0,0.1759,0.4443,0,202,0,0,0.6696,-0.6385,0.0038,0.009,0,0.1887,0.8402,-0.1137,37,0,0,0.0263,0,3,1.1117,0
CUST-00056,4,0,0.0726,2,0.8318,0.2182,1.7415,0,3.5465,0.2174,1.3335,0,0.2764,0.2188,2,311,0,2,0.9034,-0.8072,0.3067,-0.2663,1,0.6863,1.8435,-0.018,4,1,0,0.3003,0,0,1.4684,0
CUST-00056,5,0,-0.184,3,0.3614,0.2983,1.2413,1,0.6085,0.062,2.8673,0,0,0.0798,0,174,0,0,0.9357,0.4434,0.087,-0.1753,1,0.5469,1.8765,0.0321,32,0,16,0.4163,0,4,1.4517,0
CUST-00056,6,0,0.2155,0,0.7782,0.2309,1.1001,0,3.0083,0.2748,1.442,0,0,-0.0629,0,164,0,0,1.0874,0.5855,0,0.1438,0,0.2714,1.414,-0.0197,-1,1,17,-0.1278,0,4,1.0977,0
CUST-00056,7,0,0.0653,5,0.4807,0.0854,1.0956,0,1.0652,0.0714,4.601,2,0,-0.1664,0,189,0,1,0.91,0.7017,0.0506,0.0424,0,0.2427,0.5795,-0.1615,-16,0,10,-0.0675,0,0,1.3037,0
CUST-00056,8,0,0.209,1,0.4401,0.3132,1.6446,0,0.3943,0.3905,3.3179,0,0.0818,-0.3845,0,214,0,1,0.8292,-0.0435,0.1859,0.4085,0,0.6038,0.6812,0.0831,-9,0,1,-0.0746,0,3,1.4685,0
CUST-00056,9,0,-0.0612,6,0.84,0.2476,1.2287,0,3.6051,0.2394,0,0,0,-0.018,0,249,0,0,0.7193,0.2394,0.1318,0.1633,0,0.2902,0.5491,0.0125,36,2,25,0.3487,0,0,1.3815,0
CUST-00056,10,0,0.0141,0,0.3015,0.1429,1.1315,0,1.5845,0.105,1.2705,0,0.1222,0.1667,0,198,0,1,0.9159,-0.7561,0.1882,0.2663,0,0.3625,1.3428,0.0694,-11,1,0,0.1706,0,0,1.7304,0
CUST-00056,11,0,-0.1895,0,0.8049,0.107,1.2921,1,0.8073,0.2055,6.5593,0,0.1521,-0.0737,1,137,0,1,0.8558,-0.2949,0.3408,0.1704,0,0.2643,0.9741,0.17,3,0,12,0.5168,0,0,1.3288,0
CUST-00057,0,0,0.0162,6,0.302,0.2912,1.255,0,3.1591,0.1741,0.2282,0,0.1423,0.0649,0,284,0,1,0.9503,1.6723,0.1531,0.0608,0,0.2697,0.7249,-0.0523,-39,0,0,0.3672,0,9,1.7411,0
CUST-00057,1,0,-0.0513,7,0.3281,0.225,1.7896,0,4.2336,0.407,0,0,0.0785,-0.3053,1,267,0,2,0.5875,0.0385,0.165,0.1001,0,0.4687,0.2,0.1859,-33,1,16,0.2405,0,0,0.9728,0
CUST-00057,2,0,0.2638,1,0.9745,0.2689,1.4364,0,0.7597,0,0,0,0,0.1712,1,133,0,2,0.4235,0.1503,0.0403,0.183,2,0.2129,1.2096,-0.1575,23,0,12,-0.1114,0,14,1.4502,0
CUST-00057,3,0,0.1645,0,0.3617,0.0819,0.8764,0,3.8034,0.3139,1.1665,0,0.0536,0.1125,0,195,0,2,0.5082,-0.1868,0.1871,-0.1124,0,0.4045,0.8913,-0.1439,26,4,0,-0.2786,0,13,1.1896,0
CUST-00057,4,0,0.065,4,0.6284,0.1616,0.8427,1,0.6667,0.2503,7.829,0,0.1256,0.1602,0,183,0,0,0.9468,0.183,0.2514,-0.0479,0,0.1798,0.6676,-0.0803,-3,0,8,0.4358,0,6,1.5591,0
CUST-00057,5,0,-0.0614,3,0.4263,0,1.2104,1,3.2159,0.4229,4.3951,0,0,0.1127,1,222,0,0,0.6353,1.0523,0,0.3854,1,0.5744,0.8151,0.036,-17,0,0,0.088,0,0,1.5836,0
CUST-00057,6,0,0.0153,0,1.0838,0.2207,1.338,0,1.0625,0.3698,0,0,0.03,0.0357,0,222,0,0,0.8694,-0.8444,0.3753,-0.1638,1,0.4467,1.2366,-0.0715,-7,0,0,0.0469,0,0,1.6197,0
CUST-00057,7,0,-0.1616,0,0.5676,0.2666,0.9949,0,0.9725,0.0252,0,0,0.0263,-0.1046,0,289,0,0,0.8219,-0.0801,0.2686,0.2688,1,0.1085,0.8378,-0.0743,-28,0,0,0.0989,0,1,1.4277,0
CUST-00057,8,0,-0.0127,3,0.5412,0.1199,1.404,1,2.3114,0.5409,1.0184,0,0.0197,0.1245,0,220,0,0,0.8313,0.0069,0.2561,-0.0398,0,0.4144,2.0955,0.006,-8,0,0,-0.1443,0,0,1.5052,0
CUST-00057,9,0,0.0567,1,1.029,0.1147,2.0309,1,2.9024,0.0937,0,2,0.1905,0.295,0,125,0,0,0.8901,-0.7305,0.1788,0.0972,0,0.3681,1.93,-0.038,-20,0,10,-0.0236,0,0,0.7996,0
CUST-00057,10,0,-0.0845,3,0.4711,0.0901,1.2336,0,2.1427,0.2358,0,0,0.1566,0.3274,0,55,0,2,0.9627,-0.5712,0.1326,0.0996,1,0.3476,1.0683,-0.0351,15,1,8,0.0658,0,3,1.5021,0
CUST-00057,11,0,-0.0186,0,1.1133,0.2237,1.3221,0,2.2546,0.1011,4.6702,1,0,0.0959,0,156,0,0,1.0991,0.3721,0.1977,0.2461,0,0.2467,1.9418,0.1409,2,0,0,0.2622,0,11,2.0725,0
CUST-00058,0,0,0.112,2,0.468,0.1366,0.8351,0,0.2,0.5777,1.9897,0,0.0183,0.3773,0,223,0,0,0.8005,-1.0283,0.1756,-0.2444,2,0.4453,0.8354,0.1027,-13,0,7,-0.0421,0,0,0.8809,0
CUST-00058,1,1,0.1665,7,0.3874,0.333,0.9716,1,2.2972,0.122,12.3242,2,0.2093,0.1829,0,81,0,0,0.9554,1.7329,0.1834,0.2212,1,0.4503,1.9215,0.1447,20,4,24,0.2994,1,19,1.1154,0
CUST-00058,2,1,0.564,15,0.0791,0.3695,0.4881,2,7.485,0.7699,13.2401,4,0.2065,0.42,1,16,0,5,1.1882,1.4376,0.479,0.1992,2,0.5354,1.7143,-0.1163,38,2,41,0.6537,0,47,1.152,0
CUST-00058,3,1,0.5908,24,0.01,0.5216,-0.2711,2,5.5547,0.9031,27.7411,3,0.5394,0.7439,2,3,0,4,1.2888,2.5676,0.6588,0.6022,3,0.7764,3.6315,0.1976,42,2,52,0.8038,0,65,0.8027,0
CUST-00059,0,0,0.1066,2,0.6045,0.1942,1.058,0,0.8849,0,1.2393,0,0.0888,-0.3291,1,207,0,0,1.0433,0.4322,0.2248,-0.0375,0,0.2676,1.2034,-0.1883,-4,1,0,0.0771,0,0,1.3891,0
CUST-00059,1,0,-0.1196,8,0.55,0.1785,0.6255,0,2.4598,0.3043,0.8804,1,0.0752,0.1942,0,57,0,1,1.1504,1.1902,0.005,0.0456,0,0.3524,0.7678,0.0429,5,0,19,0.1834,0,2,1.3813,0
CUST-00059,2,0,0.315,1,0.3468,0.1937,1.4538,0,2.7385,0.6286,0,1,0.1525,-0.4264,1,122,0,2,0.8839,0.3,0.1641,0.3043,2,0.3559,1.9642,0.0012,-1,1,0,0.6606,1,6,0.9978,0
CUST-00059,3,0,-0.12,0,0.5528,0.3628,1.6741,0,3.1146,0.3561,0,1,0.0778,0.0693,0,185,0,0,0.8368,-0.1239,0.0999,0.0625,0,0.3118,0.7027,0.0409,-40,0,24,-0.1839,0,1,1.4065,0
CUST-00059,4,0,-0.2,1,0.8438,0.3895,1.4305,0,1.4065,0.3802,1.1283,0,0.0359,0.5145,0,177,0,0,0.6063,0.3494,0.311,-0.1456,0,0.6004,0.2,-0.0065,-29,0,0,0.1178,0,0,0.8408,0
CUST-00059,5,0,0.0432,5,0.5677,0.2045,1.0827,0,2.8469,0,1.3655,0,0,0.1456,0,187,0,0,0.8012,0.2658,0.079,0.1284,0,0.4592,1.8802,0.0856,0,3,0,0.1025,0,6,0.9737,0
CUST-00059,6,0,-0.0398,2,0.4632,0.1317,1.5383,0,4.0797,0.5903,0,0,0.1752,-0.0035,0,58,0,2,0.9972,0.1103,0.2755,0.2492,0,0.4892,1.4012,-0.0625,-22,0,17,0.1263,0,0,1.0823,0
CUST-00059,7,0,-0.0553,0,0.3948,0.2217,0.9777,0,1.8866,0.3936,2.1755,2,0.0929,-0.0066,0,217,0,0,0.5534,0.6161,0.0925,-0.1211,0,0.4932,0.7916,-0.0562,-14,1,0,0.0579,0,0,1.5186,0
CUST-00059,8,0,0.0376,1,1.2221,0.3251,1.0348,0,1.2915,0.1517,5.4328,0,0.0371,-0.0505,0,120,0,0,0.5368,-0.3686,0.2925,0.1225,0,0.3294,1.1095,-0.0263,-23,0,8,0.1515,0,1,1.3474,0
CUST-00059,9,0,0.1276,0,0.0308,0.2219,0.7189,0,1.4881,0.0582,2.3766,0,0.0791,-0.1482,0,207,0,1,0.9442,-0.5812,0.0991,-0.154,0,0.3024,1.0506,0.091,6,0,7,0.1373,0,2,1.4817,0
CUST-00059,10,0,0.0318,3,1.0486,0.0286,0.9569,0,1.4467,0.3656,3.1657,0,0,0.1232,1,178,0,0,0.8718,-1.1688,0,-0.1693,0,0.234,0.493,0.1478,-6,0,6,0.081,0,0,1.5852,0
CUST-00059,11,0,0.0616,1,0.6843,0.1749,1.0819,0,2.4755,0.3633,3.3001,0,0.0989,0.118,0,118,0,2,0.8514,0.4195,0.0893,-0.0099,0,0.4095,1.1716,-0.0789,-20,0,0,-0.1681,0,12,1.3361,0
CUST-00060,0,0,-0.0214,0,0.7233,0.2673,1.0036,0,2.4589,0.2297,0,0,0.2754,-0.4257,1,118,0,2,0.9181,0.4363,0.1745,0.0061,0,0.3957,0.4105,0.05,0,2,1,0.231,0,12,1.3446,0
CUST-00060,1,0,0.1186,1,1.1026,0.2663,1.2807,1,2.9272,0.1801,6.3203,1,0.1525,-0.0568,0,178,0,2,1.0324,0.4753,0,-0.4,0,0.2934,0.5489,0.0946,19,0,0,-0.0829,0,0,1.2896,0
CUST-00060,2,0,0.0694,6,0.8255,0.1354,1.3762,0,2.1002,0.2685,5.1533,1,0.2186,0.0446,0,77,0,0,0.9147,-0.7169,0.2243,0.0665,0,0.4136,2.1987,-0.0369,-10,0,0,0.1365,0,0,1.5428,0
CUST-00060,3,0,0.1441,2,0.6264,0.2465,0.8347,0,2.0695,0.0967,5.2168,1,0.1896,0.2722,0,178,0,0,1.134,0.0965,0.3182,-0.053,0,0.4149,0.6973,-0.1847,20,0,4,0.2697,0,6,1.6555,0
CUST-00060,4,0,0.0331,3,0.4937,0.2632,1.5577,1,0.897,0.3331,3.6651,1,0.0077,-0.029,0,124,0,3,0.919,-0.2733,0.0508,-0.1872,0,0.4594,0.2,-0.133,-28,2,0,-0.2323,0,0,1.6243,0
CUST-00060,5,0,0.1917,0,0.7312,0.2081,1.2252,0,1.6591,0.1532,6.1787,0,0,-0.1626,0,319,0,0,0.6568,-0.3841,0.0041,-0.1611,0,0.3806,0.8919,-0.1257,6,0,14,0.1983,0,4,1.2274,0
CUST-00060,6,0,0.1042,1,0.9909,0.2011,1.0347,0,3.5355,0.2448,0,0,0.1624,-0.1159,0,108,0,0,0.9773,-0.0911,0.0275,-0.3962,0,0.3245,0.8215,-0.1773,16,0,9,0.4174,0,10,1.3549,0
CUST-00060,7,0,0.1315,8,0.4569,0.1891,0.9711,0,1.8155,0,0,1,0.1168,-0.1449,0,235,0,0,0.8268,0.3439,0.1144,-0.0372,1,0.3601,0.2,-0.1157,-30,0,0,-0.1204,0,6,1.549,0
CUST-00060,8,0,0.1581,4,0.7072,0,1.7627,0,2.8196,0.2304,0,0,0,0.1059,0,125,0,3,0.7542,0.0621,0.0079,-0.2639,0,0.2111,0.9938,0.0115,-13,2,0,-0.1195,0,2,1.0695,0
CUST-00060,9,0,0.0628,5,0.7274,0,1.6247,0,3.1402,0.1286,0,2,0,0.1884,0,173,0,3,0.7514,-0.5696,0,0.3155,1,0.3965,1.1938,-0.041,23,0,0,0.1249,0,0,1.6151,0
CUST-00060,10,0,0.0144,0,0.1771,0.1476,1.0602,1,1.2722,0.3527,5.4816,1,0.3093,0.0551,0,273,0,0,0.826,0.7778,0.3053,-0.1355,0,0.3016,0.2356,-0.2691,-4,1,2,0.2714,0,0,1.5192,0
CUST-00060,11,0,0.0511,1,0.7767,0.2083,1.2615,0,3.9791,0.262,4.3117,0,0.2993,-0.0759,0,218,0,1,1.1694,-0.5286,0.0883,0.0162,0,0.3469,0.2,0.0489,6,0,11,0.4875,0,0,1.2341,0
CUST-00061,0,0,-0.0005,0,0.406,0.2403,1.4325,1,3.4373,0.2416,3.33,2,0.0789,-0.186,0,275,0,0,0.7098,-0.468,0.2394,-0.0023,0,0.3275,0.5907,-0.1572,9,1,12,0.0851,0,0,1.013,0
CUST-00061,1,0,0.0229,3,0.8594,0.2184,1.2027,1,1.2551,0.1156,0,0,0.0667,-0.1435,0,38,0,0,0.9533,0.2217,0.0115,-0.0652,1,0.4508,2.2165,-0.0122,15,0,0,-0.0188,0,6,1.3603,0
CUST-00061,2,0,-0.0838,0,0.7935,0.116,1.2226,0,2.807,0.3548,0.0182,0,0.2952,-0.1986,0,184,0,0,0.783,0.409,0.213,0.1492,1,0.209,0.5012,-0.0143,21,0,0,-0.244,0,0,1.4422,0
CUST-00061,3,0,0.0004,5,0.8008,0.2836,0.745,0,1.651,0.2868,0.4648,0,0,0.0348,0,122,0,0,0.9634,-0.2431,0.4228,-0.0638,1,0.4955,1.6152,0.1173,-2,0,13,0.1648,0,12,1.2375,0
CUST-00061,4,0,0.1612,2,0.4847,0.1441,1.561,0,2.8256,0.2571,0,0,0,-0.2739,1,166,0,2,0.7282,0.0704,0.0971,0.2192,0,0.5394,1.6429,-0.2578,35,0,0,-0.0041,0,0,1.1848,0
CUST-00061,5,0,-0.0161,6,0.6918,0.309,1.4674,0,1.5226,0.393,0,0,0,0.1026,0,174,0,0,0.6623,-0.2521,0.209,0.0322,0,0.2326,0.2,0.0006,10,0,3,0.4009,0,0,1.4269,0
CUST-00061,6,0,-0.0442,7,0.7359,0.267,1.6361,0,2.5823,0.2701,3.9529,0,0,-0.1836,0,203,0,0,1.1464,0.1702,0.2929,-0.1937,1,0.2221,0.2,-0.0118,-4,0,0,0.1792,0,0,1.019,0
CUST-00061,7,0,0.205,2,0.3848,0.1797,0.92,0,3.1829,0.338,2.2094,0,0,0.2414,0,205,0,0,0.9084,0.0202,0,0.1078,1,0.4932,0.2,-0.1637,-18,2,26,0.0885,0,5,1.4662,0
CUST-00061,8,0,-0.0948,5,1.1684,0.1199,1.6072,0,2.2476,0.2181,0,3,0,-0.1165,1,248,0,0,0.5676,0.1334,0.2857,0.1818,0,0.3495,1.6699,0.143,16,0,19,0.2116,0,3,1.1944,0
CUST-00061,9,0,0.2418,4,0.3992,0.187,1.7112,0,3.796,0,0.8557,0,0,-0.0923,1,238,0,0,0.7261,-0.3021,0.087,0.1082,0,0.3478,1.6123,0.1878,-23,0,9,-0.053,0,0,1.7696,0
CUST-00061,10,0,0.0238,1,0.5497,0.2746,1.4565,0,3.1956,0.3588,0.3498,0,0.0554,-0.1736,1,226,0,2,1.0257,0.4576,0.1356,0.1186,1,0.4782,0.6027,-0.1711,38,0,0,0.1061,0,0,1.5802,0
CUST-00061,11,0,0.1375,1,0.4841,0.198,1.1221,0,2.4038,0,0,1,0.0884,-0.2616,0,209,0,1,1.0985,1.4756,0.1684,0.1114,0,0.3222,1.2694,0.0133,-9,0,13,0.2436,0,6,1.4177,0
CUST-00062,0,0,0.2673,3,0.647,0.0829,1.2383,1,2.3234,0.167,4.4458,0,0,0.2442,2,252,0,0,1.0334,-0.3052,0.2041,0.0998,1,0.2973,0.7702,-0.1327,-3,0,17,-0.11,0,7,1.4402,0
CUST-00062,1,0,-0.0524,5,0.7007,0.1088,1.7619,0,1.2436,0.0957,0,0,0,0.083,2,133,0,0,0.9072,1.3921,0.3564,-0.0421,0,0.472,1.954,0.1172,-25,0,0,0.0264,0,17,1.4582,0
CUST-00062,2,0,-0.0429,3,0.8048,0.2628,1.177,0,1.9819,0,2.0194,1,0,0.1747,2,205,0,2,1.0722,0.0527,0.0814,0.1169,3,0.5822,1.3625,0.0993,-26,0,0,0.2732,0,2,1.6966,0
CUST-00062,3,0,0.1022,2,1.2174,0.1091,1.4378,0,2.6953,0.3068,6.088,0,0,0.3607,0,200,0,2,0.8606,0.5962,0,0.3511,0,0.5865,0.4306,0.0145,17,0,1,-0.3267,0,6,1.5685,0
CUST-00062,4,0,0.1315,0,0.5432,0.2204,1.2169,0,2.4562,0.1976,2.9483,1,0.0668,-0.1233,0,200,0,0,0.74,-0.676,0.2535,0.0675,0,0.5375,1.0621,0.0719,-9,0,18,0.03,0,0,1.0885,0
CUST-00062,5,0,-0.1437,2,0.01,0.2694,1.7591,0,0.4682,0.2145,0,0,0.0325,-0.0906,0,61,0,1,0.5663,-0.0436,0.1171,0.1001,1,0.2366,1.4338,-0.1443,16,1,0,-0.0671,0,0,1.506,0
CUST-00062,6,0,-0.0079,0,0.7782,0.0493,0.7889,0,1.0124,0.1456,0,0,0.1025,-0.182,0,193,0,0,1.2925,0.3846,0.1071,0.2967,1,0.2893,1.3967,-0.0662,20,0,0,0.2245,0,5,1.138,0
CUST-00062,7,0,-0.1606,0,0.5792,0.14,1.4909,0,3.5828,0.1523,1.6746,0,0.0314,-0.009,0,174,0,0,0.7119,0.6829,0.2646,-0.1424,0,0.4518,1.9479,0.0686,16,0,14,-0.143,0,11,1.7749,0
CUST-00062,8,0,0.2112,0,0.8127,0.3075,0.9197,0,3.7652,0.2319,2.0249,2,0,-0.4609,0,252,0,2,1.0312,-0.733,0.0175,-0.0848,0,0.4176,1.9199,0.0615,44,2,0,0.2046,0,0,1.1644,0
CUST-00062,9,0,-0.0023,3,0.7048,0.1301,1.7074,2,0.2,0,0,0,0,0.1707,0,255,0,0,0.9117,0.3382,0,0.0815,0,0.3804,2.7092,-0.0334,20,1,0,0.0038,0,4,1.5285,0
CUST-00062,10,0,0.1296,6,0.5697,0.2474,1.0596,0,2.4532,0.4446,2.0174,1,0.0373,0.1767,1,88,0,0,0.7921,-0.3627,0.2301,0.0685,0,0.344,1.8788,0.1897,31,1,9,0.1277,0,0,1.5701,0
CUST-00062,11,0,0.0739,3,0.6458,0.1441,1.6049,0,1.9224,0.0278,0,3,0.0995,-0.2923,0,263,0,1,1.1165,-0.9587,0.1461,0.1853,0,0.4488,1.7446,-0.0043,-18,0,0,0.0918,0,15,1.6231,0
CUST-00063,0,0,-0.1041,0,0.7461,0.3296,1.1154,0,1.8186,0.4364,0,0,0.3835,-0.0914,0,200,0,1,0.9187,-0.6469,0.0557,-0.0412,0,0.3708,0.4507,-0.0919,28,0,26,-0.0627,0,8,1.4671,0
CUST-00063,1,0,0.1125,5,0.8578,0.1567,1.6965,0,4.9357,0.5724,0,3,0,0.2066,2,189,0,1,0.7223,1.3403,0.3986,0.0312,1,0.4244,0.42,0.0169,-12,0,14,0.1627,0,1,0.9198,0
CUST-00063,2,0,0.0699,0,0.4052,0.2192,1.408,0,3.1567,0.5904,0,1,0,0.1078,1,188,0,1,0.6096,-1.0729,0.3082,-0.3085,0,0.4319,0.6647,-0.0425,-17,0,9,-0.0923,0,0,1.5039,0
CUST-00063,3,0,0.2361,2,0.9378,0.2365,1.3913,1,0.5757,0.1377,3.4886,1,0.0436,0.0988,1,288,0,0,1.1071,0.229,0.0711,-0.0245,1,0.3641,0.8787,0.0883,33,0,0,-0.0949,1,10,1.027,0
CUST-00063,4,0,-0.06,0,0.7304,0.2273,0.9211,0,3.5181,0.2247,4.1895,2,0,-0.2485,0,158,0,1,0.7261,0.0266,0.4262,0.0223,0,0.6654,0.814,-0.1184,16,1,5,-0.0826,0,0,1.5011,0
CUST-00063,5,0,-0.1548,3,0.9755,0.1879,0.9174,0,2.1816,0.2308,1.2471,0,0,0.101,0,183,0,1,0.644,0.5233,0.2066,-0.088,0,0.3522,1.3639,0.0066,-25,0,0,-0.0017,0,0,0.8303,0
CUST-00063,6,0,0.0945,9,0.2572,0.1729,1.0075,0,1.7931,0.2459,3.8968,0,0,-0.2039,0,86,0,0,1.0013,0.8835,0.3728,-0.1703,0,0.3535,0.2,-0.0385,-9,0,0,-0.0819,0,0,1.7065,0
CUST-00063,7,0,0.0678,0,0.5577,0.2326,1.526,1,2.3452,0.2312,3.4245,0,0,0.1723,0,185,0,0,1.1301,1.5647,0.2154,-0.1343,0,0.3604,1.1258,0.0467,-21,0,5,0.0514,0,5,1.4821,0
CUST-00063,8,0,-0.0783,0,0.7408,0.0034,0.9479,0,5.4087,0.0274,2.551,1,0,0.003,1,115,0,0,1.047,0.2106,0.3173,-0.2733,1,0.2046,0.8138,-0.217,-6,0,0,0.0186,0,4,1.4165,0
CUST-00063,9,0,-0.15,2,0.6324,0.267,1.4839,0,1.9651,0,0,0,0.1739,0.1491,0,286,0,1,0.8558,-0.8912,0.1191,0.0574,0,0.2405,1.4416,-0.1286,2,0,0,-0.188,0,0,1.4669,0
CUST-00063,10,0,0.1054,0,0.5527,0.2112,1.3089,0,1.9164,0.2259,0,0,0,0.0675,0,239,0,0,0.9695,0.0954,0.0419,-0.0474,0,0.2776,0.6599,-0.0293,-3,0,0,0.1024,0,8,1.4335,0
CUST-00063,11,0,0.2002,1,0.804,0.1001,1.4577,0,4.046,0.2909,0,1,0.1996,-0.1925,0,158,0,4,1.1611,0.4154,0.0367,0.1098,1,0.351,0.9991,0.1912,-23,2,4,-0.1102,0,1,0.9813,0
CUST-00064,0,0,-0.0016,0,0.1373,0.3069,1.6104,0,1.7773,0.1572,0,0,0,-0.4412,0,188,0,0,0.7829,0.5121,0.3214,0.0333,0,0.299,0.3397,0.0423,-29,0,0,0.16,0,7,1.6639,0
CUST-00064,1,0,0.0315,6,0.8415,0.3701,1.0401,0,3.8208,0.3344,1.4395,2,0.0644,0.1006,0,138,0,0,0.7398,-0.8443,0.15,0.0995,0,0.3273,1.1627,-0.0555,16,0,0,0.1194,0,0,1.2733,0
CUST-00064,2,0,0.1446,6,0.8372,0.317,1.0881,1,4.1602,0.3271,1.84,0,0.1734,-0.2063,0,170,0,0,0.9013,-0.8129,0.2391,0.2195,0,0.3239,0.8693,0.2047,35,1,20,0.2321,0,3,1.5502,0
CUST-00064,3,0,-0.009,1,0.969,0.2163,1.2831,0,3.2031,0.1534,0,0,0,0.002,0,106,0,1,0.6427,0.81,0.1369,0.0226,0,0.3022,0.9206,-0.0419,-14,0,0,-0.0654,0,2,1.6578,0
CUST-00064,4,0,-0.2,5,0.7344,0.0756,1.1413,0,3.2796,0.48,3.3836,0,0,-0.0875,0,138,0,0,0.651,-0.1596,0.1887,0.4287,0,0.4425,1.3936,-0.1482,20,0,0,0.0205,0,8,1.6768,0
CUST-00064,5,0,0.0253,0,0.7054,0,1.1699,1,3.6511,0.3295,2.5173,0,0,0.0307,1,176,0,0,0.8763,0.2415,0,0.2582,0,0.1667,1.3073,0.105,2,0,0,0.3082,0,0,1.5604,0
CUST-00064,6,0,0.053,10,0.7582,0.0452,1.6234,0,3.3992,0.349,2.2458,0,0,-0.3032,0,277,0,1,0.738,-0.3336,0.1257,-0.0941,0,0.4839,0.323,0.0656,16,0,0,-0.0509,0,6,1.2308,0
CUST-00064,7,0,-0.037,4,0.5012,0.2806,1.1663,0,1.2397,0.0254,3.6917,0,0.1743,-0.0502,1,184,0,4,0.8665,0.7793,0.1873,0.0247,0,0.1447,0.8257,-0.136,-1,0,0,-0.2014,0,0,0.9809,0
CUST-00064,8,0,0.0208,7,0.7318,0.2262,1.5683,0,2.1178,0.3085,0,2,0.1198,0.0419,0,201,0,0,0.7871,-0.5524,0.0796,-0.0633,0,0.3117,1.1163,-0.0544,1,0,9,0.1226,0,2,1.5868,0
CUST-00064,9,0,0.0834,6,0.509,0.1178,1.6779,1,2.0694,0.1927,0,0,0,0.1187,0,114,0,0,0.7662,-0.9549,0.4516,-0.0649,0,0.2595,1.2158,-0.0831,-6,0,2,0.058,0,0,1.8678,0
CUST-00064,10,0,-0.0302,6,0.6432,0.2938,1.433,0,2.4669,0.3543,0,0,0.0334,-0.3024,0,151,0,0,0.8016,0.5854,0.3613,0.0665,0,0.3492,0.8609,-0.0019,-26,0,0,0.2061,0,0,1.2245,0
CUST-00064,11,0,-0.19,1,0.3598,0.2746,2.2267,0,0.4106,0.5333,0,0,0,-0.2256,1,210,0,0,0.7723,0.2841,0.1674,-0.3016,0,0.4367,1.38,-0.1516,14,0,5,0.0885,0,0,1.234,0
CUST-00065,0,0,-0.0597,4,0.9209,0.2712,1.5482,0,5.059,0.1553,0.3405,1,0.1293,0.2173,3,258,0,0,1.009,0.8745,0.2251,-0.101,0,0.4825,1.282,-0.065,2,0,0,0.1666,0,0,1.7158,0
CUST-00065,1,0,-0.0229,1,0.2925,0.1481,0.8237,0,1.8346,0.4192,0,0,0,-0.4407,1,139,0,1,0.8605,-0.6618,0.2478,0.0361,0,0.2583,0.2,-0.1591,-17,0,0,-0.1911,0,9,1.1985,0
CUST-00065,2,0,-0.0059,1,0.9011,0.228,1.4295,0,2.8797,0.1336,0,0,0.0681,-0.1412,1,134,0,0,0.5289,-0.0884,0.2209,0.2543,0,0.3007,0.5766,0.2167,-34,3,18,0.1659,0,0,1.2541,0
CUST-00065,3,0,0.3043,0,0.2398,0.1419,0.6226,0,2.2053,0.403,0,0,0.224,-0.0524,0,219,0,0,0.9729,0.8138,0.1822,-0.0473,0,0.2169,0.7181,0.0798,3,1,0,0.0587,0,4,1.7302,0
CUST-00065,4,0,0.1571,2,0.2538,0.0583,1.2282,1,1.8099,0.4509,0,0,0.0448,-0.0738,1,119,0,1,1.187,-0.6175,0.1317,0.375,0,0.3131,1.9055,0.0351,4,0,6,-0.2631,0,11,1.897,0
CUST-00065,5,0,-0.117,3,0.3926,0.2365,1.5314,0,1.7815,0.344,1.9828,0,0.2166,-0.005,0,260,0,2,0.7381,-0.4121,0.1008,0.0977,2,0.2801,1.3413,0.0543,12,1,0,0.1403,0,7,1.7331,0
CUST-00065,6,0,-0.2,0,0.6587,0,1.2184,0,2.9873,0.029,0,0,0.218,0.1831,1,221,0,0,1.0457,-0.1919,0.2815,0.1812,0,0.4271,0.4469,0.1132,23,0,0,-0.0423,0,4,1.6928,0
CUST-00065,7,0,0.1238,4,0.7645,0.2042,1.3667,0,2.1335,0.3176,1.3658,0,0.1185,0.0969,0,233,0,2,0.8052,0.069,0.073,0.0678,2,0.489,0.7998,-0.0874,-7,0,1,0.1075,0,6,1.4637,0
CUST-00065,8,0,0.2657,3,0.6326,0.228,1.212,0,2.3795,0.3783,2.522,1,0.0699,0.0325,0,225,0,0,1.0296,-0.4638,0.31,0.0432,1,0.3194,0.8465,-0.0229,11,2,10,-0.3357,0,8,1.47,0
CUST-00065,9,0,-0.0097,9,0.8211,0.1959,1.4661,1,0.2,0.4014,2.4266,0,0,0.0779,0,130,0,0,0.8538,-0.0903,0.2653,-0.0991,0,0.4941,0.2,0.22,0,0,0,-0.0844,0,0,1.4995,0
CUST-00065,10,0,0.0739,3,0.5652,0.1638,1.1803,0,1.3796,0,0.1954,2,0.0575,-0.0355,0,203,0,0,0.9576,-0.0064,0.4184,-0.0512,0,0.2319,1.1409,0.0263,11,0,0,0.2738,0,0,1.4019,0
CUST-00065,11,0,0.039,3,0.8839,0.1722,1.0236,0,1.8343,0.2294,5.5017,0,0.1814,-0.0111,1,240,0,1,1.0609,0.3281,0.1169,-0.0314,1,0.1971,0.4956,0.0439,-8,0,7,-0.0318,0,0,1.1245,0
CUST-00066,0,0,0.0645,0,0.4242,0.0742,1.515,1,3.3462,0.3832,0,1,0.1665,0.0905,1,217,0,0,0.6781,0.5577,0.2871,0.0027,1,0.3252,1.1333,-0.0043,-5,0,5,-0.1357,0,6,1.7741,0
CUST-00066,1,0,0.0267,0,0.8195,0.1139,1.727,1,2.2319,0.0651,0.4472,0,0.0332,0.1246,1,106,0,0,0.7883,0.3699,0.2078,-0.1931,0,0.4992,0.7166,-0.0266,13,0,1,0.1686,0,0,1.192,0
CUST-00066,2,0,-0.109,8,0.502,0.3123,1.0364,0,0.963,0.0629,0.5293,0,0.0509,-0.0661,0,106,0,0,1.0241,0.9541,0.222,-0.0465,0,0.4601,0.7449,0.1076,12,1,7,0.2056,0,7,1.2322,0
CUST-00066,3,0,0.04,4,0.4948,0.3091,1.2803,0,2.6197,0.135,0,0,0.1054,-0.4121,0,124,0,0,0.7205,0.7772,0.2283,0.1718,0,0.5161,0.6226,0.1321,-1,1,2,0.0074,0,0,1.161,0
CUST-00066,4,0,0.0221,0,0.8454,0.2229,1.27,1,2.3195,0.1995,4.0524,0,0.2186,-0.3376,0,138,0,1,1.0572,1.7694,0.3339,0.3952,0,0.409,1.0673,0.1574,-8,0,0,0.2141,0,3,1.2475,0
CUST-00066,5,0,0.0954,5,0.4467,0.0434,1.2744,1,4.8953,0.2024,4.7728,1,0,0.3476,0,227,0,3,1.1289,-0.0876,0.0663,0.1061,0,0.1,0.9585,0.0599,22,1,1,-0.0119,0,0,2.0022,0
CUST-00066,6,0,0.1029,0,0.9147,0.1741,1.533,0,3.8397,0.2307,0,0,0.2926,-0.3808,0,279,0,0,0.963,-0.1136,0.054,-0.1836,0,0.3429,1.8372,0.1183,12,0,18,-0.0123,0,0,1.6349,0
CUST-00066,7,0,0.2241,0,0.5094,0.3678,2.1689,0,1.6353,0.3023,4.4927,0,0.1943,-0.1865,2,205,0,3,0.8575,-1.9125,0.1301,0.2559,2,0.3474,0.3545,-0.036,-25,0,0,0.1071,0,0,1.3496,0
CUST-00066,8,0,-0.066,5,0.582,0.3263,1.7623,0,1.9778,0.2001,0,1,0,0.1521,0,135,0,0,0.7408,-0.0247,0.1012,0.0421,1,0.4352,1.3704,-0.0171,-18,0,0,-0.1787,0,0,1.173,0
CUST-00066,9,0,0.1728,6,1.137,0.4868,1.5066,0,3.8579,0.1442,0,0,0,0.029,1,143,0,1,0.9844,0.0131,0.1859,0.1615,0,0.3229,2.6791,-0.0261,-16,0,9,0.011,0,0,1.401,0
CUST-00066,10,0,-0.1086,2,0.6338,0.3016,1.1009,1,1.2865,0.1908,1.5383,0,0,0.1973,1,190,0,0,0.6122,-0.1174,0.0317,-0.2559,0,0.4538,0.2,-0.0776,12,0,17,0.2214,0,0,1.939,0
CUST-00066,11,0,-0.0823,0,1.0001,0.2686,1.4165,1,2.7442,0.6603,0,0,0,-0.3271,0,255,0,0,0.9794,1.0221,0.0939,-0.2645,2,0.5841,1.9116,-0.172,4,0,0,-0.055,0,0,1.3244,0
CUST-00067,0,0,0.0705,3,0.4449,0.0551,0.4168,0,1.6742,0.4358,3.6729,0,0.1158,0.0296,0,177,0,0,1.0176,0.6953,0.2773,-0.2709,0,0.51,1.2985,0.0003,33,1,4,0.0424,0,24,1.5357,0
CUST-00067,1,0,-0.0336,6,0.5638,0.1001,1.3902,1,3.5344,0.022,7.0981,2,0.2693,-0.0507,0,193,0,0,0.9266,0.4745,0.1563,-0.1524,0,0.2584,0.661,-0.0757,4,0,0,0.0397,0,0,1.0993,0
CUST-00067,2,0,-0.2,2,0.7418,0.1428,1.1432,0,3.2101,0.381,0,0,0.0696,0.018,1,209,0,0,0.9159,-0.4872,0.1087,-0.1741,0,0.5442,0.6481,-0.1303,-4,0,24,-0.051,0,9,1.3994,0
CUST-00067,3,0,0.0312,4,0.8192,0.0909,0.7133,0,1.5419,0.1149,3.2843,0,0.1173,-0.2543,0,127,0,0,0.8539,1.222,0.0711,-0.0584,2,0.2368,1.6899,-0.0655,-18,0,0,-0.2221,0,0,1.1799,0
CUST-00067,4,0,0.0064,2,0.6654,0.2092,1.151,1,0.9057,0.0287,1.7189,0,0.3141,-0.1107,1,192,0,1,0.8472,-0.3941,0,-0.1942,0,0.2955,0.2,0.0357,3,1,13,0.2669,0,14,1.4632,0
CUST-00067,5,0,-0.0551,1,0.3755,0,1.282,0,4.4531,0.0526,0,0,0,-0.0187,1,140,0,0,0.7593,0.1378,0.2121,-0.1747,0,0.3995,0.2,-0.0411,24,0,0,0.0398,0,4,1.572,0
CUST-00067,6,0,0.0448,0,0.5247,0.1376,1.5778,1,1.8203,0.5397,2.6552,0,0,0.3332,0,213,0,3,0.6744,0.1377,0.1603,-0.1763,1,0.3792,1.8741,-0.2239,9,3,18,0.4,0,0,1.8327,0
CUST-00067,7,0,-0.1428,0,0.8262,0.1196,1.0168,0,2.5946,0.429,0.1351,0,0.0942,-0.024,1,138,0,0,0.9573,-0.9435,0,0.3544,0,0.1349,1.0856,0.0002,-23,0,0,-0.0704,0,3,0.9014,0
CUST-00067,8,0,0.2799,4,0.4062,0.1094,1.4069,0,2.4205,0.027,1.9945,0,0.1817,0.1658,0,277,0,0,0.9543,0.9876,0.2747,0.0801,0,0.4617,0.2,-0.1213,-20,0,0,-0.0002,0,11,1.794,0
CUST-00067,9,0,0.1857,6,0.3682,0.2107,0.6951,0,2.8739,0.4755,3.9218,1,0.1032,0.0135,0,155,0,0,1.1297,-0.7431,0.2307,-0.1745,2,0.4023,0.8552,-0.0562,-12,0,15,-0.0342,0,6,1.7314,1
CUST-00067,10,0,-0.002,1,0.5301,0.2059,1.241,0,2.036,0.542,5.3336,0,0,-0.1741,0,364,0,0,0.4748,-0.1821,0.0731,0.0612,0,0.2441,0.2,0.0734,6,0,0,0.1139,0,9,0.9304,0
CUST-00067,11,0,0.0789,0,0.8982,0.0829,1.2665,0,0.8211,0.3571,0.8861,1,0,-0.0441,0,233,0,0,0.9681,-0.4354,0.0729,-0.1156,2,0.3071,1.0566,-0.0693,13,0,7,0.1187,0,1,1.4204,0
CUST-00068,0,0,0.1203,4,0.7554,0.048,0.974,0,0.3826,0.211,0,0,0.2991,-0.0707,0,52,0,0,1.202,-0.32,0.2604,0.5334,0,0.462,1.7235,-0.0253,10,0,11,0.0252,0,0,1.3096,0
CUST-00068,1,0,0.2442,2,0.6449,0.3005,1.2424,0,3.6313,0.4146,0.4213,0,0.1678,-0.1265,0,96,0,0,0.9564,-0.1341,0.3358,0.1074,0,0.3008,1.5456,-0.0538,32,0,23,-0.0367,0,0,1.4097,0
CUST-00068,2,0,0.1415,2,0.5394,0.1126,1.3482,0,2.4281,0.1123,0,0,0,0.0601,0,162,0,2,0.8466,-0.7507,0.2769,0.0053,1,0.3397,0.2762,0.1318,19,0,0,0.2515,0,4,1.3747,0
CUST-00068,3,0,0.0325,1,0.4805,0.2605,1.1363,0,0.8832,0.4959,6.658,2,0.3346,-0.191,0,69,0,2,0.734,1.1509,0.1692,0.1714,1,0.3655,0.7692,0.0489,-15,3,0,0.129,0,5,1.7238,0
CUST-00068,4,0,0.0423,0,0.4528,0.1625,1.2845,0,0.2,0,0,0,0,-0.174,2,202,0,3,0.779,-0.0591,0.2807,0.1895,0,0.2569,1.5648,0.0063,-7,0,2,0.0488,0,0,1.0211,0
CUST-00068,5,0,0.1375,2,0.4681,0.2781,1.3393,0,2.3721,0.1322,0,0,0,0.2221,2,115,0,0,0.795,0.5282,0.0065,-0.0338,3,0.5604,1.1093,-0.0876,-35,0,23,-0.1993,0,0,1.143,0
CUST-00068,6,0,0.1318,1,0.7371,0.1836,1.1729,0,1.4663,0.0101,0.0991,0,0,-0.1504,0,55,0,4,0.8017,0.0499,0.2301,0.1968,0,0.4183,1.0952,-0.0965,5,1,1,0.0675,0,12,1.196,0
CUST-00068,7,0,-0.2,4,0.3526,0.1725,1.5055,0,3.8693,0.2891,0,0,0.2654,0.2483,1,189,0,2,0.9295,-1.0795,0,-0.3603,0,0.2022,1.7503,0.0728,17,1,2,-0.2256,0,9,1.2992,0
CUST-00068,8,0,0.2417,0,0.6847,0.4224,1.2093,0,0.2,0.3029,0,0,0.1312,0.3689,0,217,0,0,0.9211,0.2677,0.1882,0.1232,0,0.1788,1.6043,0.1097,-12,1,0,0.2022,0,8,1.9521,0
CUST-00068,9,0,0.0728,8,0.5064,0.199,1.5218,1,2.0763,0.3794,1.732,1,0.0195,0.1168,0,248,0,0,0.9821,1.2599,0.1373,0.221,1,0.2844,1.2914,0.0321,28,0,0,-0.2082,0,1,1.7481,0
CUST-00068,10,0,-0.0007,5,0.9452,0.124,1.4248,0,1.3684,0.1824,0,2,0,-0.0529,1,277,0,1,0.7721,-0.0841,0,0.1639,0,0.142,2.2746,-0.1974,-15,1,13,0.2837,0,10,1.6296,0
CUST-00068,11,0,0.01,5,0.3698,0.3162,0.6891,1,0.401,0.3016,0,0,0,0.416,1,149,0,0,0.9913,0.1494,0.0807,0.2954,0,0.2835,0.733,0.0412,25,0,0,0.1623,0,7,1.7546,0
CUST-00069,0,0,0.0958,1,0.2258,0.2029,0.9796,0,1.5176,0.2769,0.0793,2,0.1322,-0.2552,0,154,0,2,0.7908,-0.4852,0.2755,0.0085,1,0.5643,1.2731,0.0091,7,1,17,0.0175,0,9,1.5923,0
CUST-00069,1,0,0.024,0,0.2526,0,1.345,0,0.2,0.0764,5.6447,0,0.1578,-0.1687,0,177,0,0,0.9705,-0.2077,0.2216,-0.2113,0,0.3204,0.722,-0.0374,33,0,0,0.0646,0,8,1.2678,0
CUST-00069,2,0,-0.2,3,0.6921,0.102,1.3186,0,0.8727,0.3849,5.0103,0,0.0299,0.0576,2,301,0,2,0.6884,0.5987,0.2029,-0.0977,0,0.6334,1.4529,0.0506,-27,0,14,0.0163,0,5,1.1357,0
CUST-00069,3,0,0.0118,2,0.4204,0.1446,0.9723,0,1.2829,0.2332,1.5424,0,0.143,-0.0675,0,249,0,1,0.9503,0.1322,0.3042,-0.2071,1,0.3277,1.2425,-0.0348,-7,0,7,0.1147,0,0,1.6758,0
CUST-00069,4,0,-0.0079,2,0.7358,0.0453,1.014,0,0.8865,0.3449,0,0,0.0529,0.0282,0,207,0,0,1.0034,-0.9282,0.0712,-0.0204,1,0.4364,1.0211,-0.0009,7,0,15,0.0383,0,0,1.7772,0
CUST-00069,5,0,0.1402,0,0.2109,0.3093,1.8619,0,1.937,0.2463,2.1677,0,0.1049,-0.2517,0,180,0,0,0.963,0.1458,0.1483,-0.1279,0,0.3104,1.0877,-0.0268,7,0,0,0.1263,0,6,1.1836,0
CUST-00069,6,0,-0.0746,4,0.7621,0.1051,1.4218,0,2.428,0.3453,6.9547,0,0.0038,-0.1743,0,164,0,0,1.0297,0.7334,0.1349,0.2677,0,0.3662,0.647,-0.13,-48,2,0,-0.0854,0,0,1.1949,0
CUST-00069,7,0,-0.0265,4,0.4763,0.1222,1.0731,0,2.8578,0.5989,1.3143,0,0.113,-0.2894,0,228,0,3,0.805,0.3428,0.1745,-0.1504,2,0.4574,1.8522,0.0622,-29,0,17,-0.089,0,6,1.4879,0
CUST-00069,8,0,0.0361,0,0.7891,0.082,1.4949,0,0.4178,0.4084,4.27,1,0,0.2329,0,168,0,1,1.1121,-0.3231,0.1238,-0.2315,0,0.1,0.314,0.0421,26,0,0,-0.1937,0,0,1.0457,0
CUST-00069,9,0,-0.1928,1,0.7415,0.0099,2.2032,1,1.3483,0.2522,3.3912,2,0,-0.1625,0,195,0,1,0.9332,-0.3459,0.2884,0.0669,1,0.4135,0.897,0.0752,-22,2,6,0.087,0,0,1.5621,0
CUST-00069,10,0,-0.007,2,0.9581,0.0064,1.4146,0,1.962,0.245,0,0,0,0.1161,0,143,0,0,0.8292,-0.5381,0.1022,-0.0987,1,0.486,1.3607,-0.1528,31,0,9,0.2132,0,1,1.414,0
CUST-00069,11,0,-0.0492,1,0.8221,0.1178,1.6416,0,2.4456,0.0639,1.028,0,0.0311,-0.1136,0,74,0,1,0.6606,0.3524,0.507,0.2065,3,0.2299,0.7148,0.0171,-5,0,7,-0.0806,0,4,1.2672,0
CUST-00070,0,0,0.0526,5,0.5176,0.2109,1.5785,1,0.6831,0.0974,2.3013,0,0,0.0094,0,180,0,1,0.7714,0.4969,0.1194,-0.131,1,0.5076,1.3837,-0.1354,-18,1,20,-0.0177,0,0,1.3814,0
CUST-00070,1,0,0.0545,0,0.8946,0.1445,1.3559,1,2.2748,0.2701,2.0217,1,0.0265,0.3363,0,180,0,2,0.8491,0.1796,0.2061,0.1034,0,0.1,1.0886,-0.1052,-21,0,5,0.3326,0,21,1.3721,0
CUST-00070,2,0,-0.0319,0,0.515,0.3035,1.7467,0,3.7931,0.4233,2.6973,1,0.0482,0.1202,1,237,0,0,0.5981,0.5502,0.1577,-0.0262,1,0.4676,1.0467,-0.039,-11,0,9,0.1648,0,8,1.3203,0
CUST-00070,3,0,0.2019,0,0.7557,0.2077,1.8913,0,3.1364,0.348,1.0623,0,0.0092,-0.1209,0,193,0,0,0.9448,-1.0042,0.1433,0.0285,0,0.3125,0.7838,-0.0586,3,0,13,0.3458,0,4,1.2328,0
CUST-00070,4,0,0.0238,4,0.777,0.2891,1.1882,0,0.2,0.3247,2.3864,1,0.2771,-0.114,0,151,0,1,0.6834,-0.366,0.0968,-0.0396,0,0.3321,1.9752,-0.1349,57,2,0,0.0744,0,8,1.5546,0
CUST-00070,5,0,0.1663,9,0.5716,0.3223,1.6419,1,1.941,0.3229,0,0,0.2786,-0.209,1,172,0,2,0.8993,0.1525,0.2104,0.1658,0,0.2655,0.3383,0.017,-2,1,9,0.0715,0,3,1.4195,1
CUST-00070,6,1,-0.0632,5,0.01,0.3213,1.1776,1,1.8609,0.5032,11.0767,1,0.1935,0.2405,2,164,0,1,0.9061,1.363,0.3254,0.1341,1,0.5062,1.72,0.0597,5,2,20,0.2966,0,18,1.37,0
CUST-00070,7,1,0.2554,14,0.5791,0.6059,0.5272,2,6.1931,0.5515,15.7822,1,0.4072,0.2491,3,-47,1,2,1.1355,0.3581,0.5118,0.3137,4,0.5354,2.9269,0.0216,18,2,30,0.0637,1,42,0.4626,0
CUST-00070,8,1,0.6132,17,0.01,0.6149,0.2363,3,4.6485,0.6257,21.7169,5,0.639,0.2831,1,-83,1,4,1.3254,1.501,0.5506,0.7451,3,0.685,3.686,0.1389,85,3,70,0.8589,2,37,0.8046,0
CUST-00071,0,0,0.0702,2,0.3794,0.119,1.6445,1,0.6422,0.3565,5.3536,0,0.2691,-0.161,0,192,0,0,0.8385,-0.5633,0.2275,0.0426,0,0.1991,0.2149,-0.046,17,1,0,0.024,0,0,1.1242,0
CUST-00071,1,0,0.1794,0,0.3759,0.1446,1.1242,0,1.9573,0.41,5.2712,0,0.0127,-0.2268,1,165,0,0,0.6345,-0.3283,0.2337,0.0578,0,0.4823,0.9915,0.0209,5,0,0,0.0086,0,7,0.9547,0
CUST-00071,2,0,-0.0015,0,0.6285,0.176,1.6486,0,2.2095,0.2991,0.0737,0,0.1405,0.2231,0,195,0,0,0.9445,0.4408,0.2392,0.5349,0,0.336,0.2896,0.0594,-23,0,7,0.1148,0,0,1.3319,0
CUST-00071,3,0,0.0645,0,0.8418,0.1865,1.0011,0,3.383,0.2175,2.8599,0,0.1113,0.3913,0,290,0,1,0.901,-0.4426,0.1651,0.3618,1,0.2538,1.4073,-0.099,12,1,0,-0.1126,0,0,1.377,0
CUST-00071,4,0,0.06,0,0.7909,0.1457,1.822,0,2.1211,0.1537,0,0,0.0378,0.3293,1,250,0,1,0.8303,-0.2328,0,0.0636,2,0.5359,1.1299,0.0299,21,3,6,-0.1358,0,0,1.0728,0
CUST-00071,5,0,-0.0961,6,0.8161,0.2292,1.215,0,2.5162,0.4716,3.8398,0,0.0996,-0.1823,0,130,0,2,1.0035,1.0877,0.1328,0.1117,2,0.1844,2.4809,0.0796,8,0,6,0.1721,0,0,1.089,0
CUST-00071,6,0,0.0991,7,0.9737,0.2223,1.4419,0,2.5913,0.2915,2.9677,0,0.092,0.3691,0,285,0,1,0.7148,-1.0179,0.348,0.0105,0,0.2945,0.8523,-0.0543,-13,2,0,-0.2742,0,14,1.3161,0
CUST-00071,7,0,0.0582,6,0.0784,0.1372,0.6557,0,3.1821,0.19,3.9341,0,0,-0.2364,0,105,0,1,0.75,0.832,0.0929,0.0416,0,0.2501,0.4145,-0.0166,-9,0,0,0.3032,0,0,1.48,0
CUST-00071,8,0,0.0101,10,0.9793,0.1923,1.3632,0,1.1609,0.5517,3.4491,0,0.2313,-0.1018,0,223,0,1,0.671,0.7315,0.2743,0.1129,0,0.5181,1.3545,-0.041,-23,0,8,0.2326,0,0,1.3143,0
CUST-00071,9,0,0.1321,4,0.5901,0.1353,1.0566,0,0.4708,0.3675,3.3622,0,0.1726,0.1248,0,128,0,1,0.6563,-0.3008,0.1806,-0.0252,0,0.3208,0.4218,0.0991,17,0,13,0.0697,0,8,1.1669,0
CUST-00071,10,0,0.1006,1,0.5357,0.1292,0.9384,1,0.2,0.3169,2.5917,1,0.1693,-0.014,0,155,0,0,0.297,-0.4417,0.0279,0.0831,0,0.2602,0.2,-0.0553,6,4,12,0.0965,0,0,1.5521,0
CUST-00071,11,0,-0.0308,1,0.6651,0.5115,0.9442,1,2.2353,0.2294,0.8218,1,0.048,0.0106,1,196,0,0,0.7274,-0.9492,0.1358,0.0486,0,0.2691,0.2,0.0726,17,0,22,-0.0577,0,0,1.5346,0
CUST-00072,0,0,0.0318,7,0.5964,0.3489,1.3076,1,2.584,0.5232,7.256,0,0.0399,0.1227,0,196,0,0,0.7817,-0.2318,0.0022,-0.0519,0,0.1904,1.7637,0.0361,2,0,0,0.1937,0,0,1.0499,0
CUST-00072,1,0,0.0103,4,1.1296,0.2112,1.807,1,1.3555,0.4014,2.2087,0,0.0741,0.057,0,162,0,0,0.8925,-0.6688,0.1873,0.1872,0,0.4403,1.4149,0.1308,-18,0,4,0.0171,0,0,1.5693,0
CUST-00072,2,0,-0.0881,0,0.698,0.1444,1.3503,0,1.8561,0.3529,1.0037,0,0.0037,-0.0755,0,213,0,2,1.0851,-0.4548,0.2035,0.068,0,0.3675,1.2587,-0.0195,-23,0,0,0.063,0,0,0.8186,0
CUST-00072,3,0,-0.1228,2,0.4091,0.0539,1.5968,0,1.0262,0.4974,3.6598,0,0,-0.2585,0,146,0,0,0.9498,0.3768,0.1304,-0.0393,0,0.3767,0.9636,-0.092,7,0,0,0.0549,0,3,1.3114,0
CUST-00072,4,0,0.2271,0,0.3747,0.1698,1.1982,0,2.1999,0.0504,3.4873,1,0,-0.043,1,125,0,1,0.712,0.0383,0.1873,0.3933,0,0.2801,0.7556,0.05,30,0,10,-0.0574,0,6,1.1553,0
CUST-00072,5,0,-0.1099,0,0.1286,0.0174,1.3103,0,2.6248,0.3898,0.4073,1,0.1723,-0.341,0,174,0,0,0.9829,-0.362,0.2034,-0.1635,0,0.2792,0.733,0.1013,19,0,0,-0.021,0,0,1.5737,0
CUST-00072,6,0,-0.1513,1,0.7664,0.1104,1.1722,1,1.866,0.1577,0.3706,1,0.0263,-0.0149,0,191,0,0,1.1866,0.7948,0.4777,-0.1842,0,0.3951,1.3345,-0.2094,20,1,4,0.5136,0,13,1.4022,0
CUST-00072,7,0,0.1181,0,0.9711,0.2604,1.5456,0,1.6444,0.2932,1.2379,0,0.1186,-0.0879,0,128,0,0,1.0189,0.1787,0.1974,0.0708,0,0.3194,1.5312,-0.0924,-32,1,14,0.2781,0,0,1.2471,0
CUST-00072,8,0,0.0604,4,0.6334,0.1764,0.8888,0,0.5289,0.3285,3.5382,0,0,-0.0918,0,265,0,0,0.9083,-0.4872,0.2827,-0.0764,0,0.1768,1.4263,-0.0103,-6,0,0,0.1027,0,0,1.102,0
CUST-00072,9,0,-0.0067,2,0.7089,0.3078,1.2237,0,0.2366,0.1782,1.2417,0,0.1445,0.1678,0,118,0,0,0.8669,-0.367,0.2324,-0.2516,0,0.3658,1.0411,0.1502,-2,2,5,0.0772,0,0,1.0925,0
CUST-00072,10,0,0.1345,8,0.5439,0.152,1.6097,0,1.0021,0.1737,4.6967,1,0.1379,0.3056,0,277,0,0,0.7343,-0.0645,0.2401,-0.0891,0,0.481,1.5651,0.0717,-5,0,3,0.1964,0,0,1.2052,0
CUST-00072,11,0,0.0624,1,0.6786,0.1454,1.3366,0,2.9484,0.3951,5.3902,1,0.0549,0.2689,0,122,0,1,0.9411,0.6831,0.1229,-0.2133,0,0.3484,0.876,-0.1044,5,0,0,0.5681,0,0,1.5121,0
CUST-00073,0,0,0.0728,3,0.4047,0.3757,1.1669,0,4.7774,0.258,0.054,0,0.1357,-0.0424,0,144,0,0,0.8032,0.0034,0.0214,0.0074,0,0.2149,0.3649,0.0316,28,1,3,-0.3428,1,32,1.271,0
CUST-00073,1,0,0.2011,0,0.3523,0.0354,0.9647,0,0.8089,0.123,3.1733,0,0.1634,-0.4331,0,138,0,0,1.0109,0.2245,0.2413,0.2156,0,0.2605,0.4035,-0.1015,5,0,1,-0.1842,0,0,1.897,0
CUST-00073,2,0,0.0521,1,0.9602,0.2919,1.7855,0,1.8864,0.1957,5.293,0,0,0.01,0,248,0,0,0.7323,1.8067,0.1061,0.0854,0,0.452,0.5612,-0.0403,-12,0,3,0.2686,0,0,1.1975,0
CUST-00073,3,0,0.2794,0,0.8665,0.1998,1.3414,0,2.3935,0.301,0,0,0,0.2169,0,156,0,0,0.6549,-1.573,0.3886,-0.2247,0,0.3441,0.5564,0.056,-41,0,0,0.3555,0,12,1.7523,0
CUST-00073,4,0,0.1189,3,0.5636,0.0263,1.0235,1,3.7788,0.0859,1.5921,0,0,0.0116,0,125,0,0,0.6529,-0.259,0.1716,-0.0959,0,0.4052,1.1909,-0.0064,-8,2,2,-0.3306,1,3,1.3225,0
CUST-00073,5,0,-0.1276,2,0.9617,0.2206,1.1515,0,1.5595,0.3539,5.5336,0,0.0773,-0.2406,0,76,0,1,0.7455,-0.7636,0.3172,-0.006,2,0.2689,0.79,0.0964,3,1,0,0.144,0,12,1.398,0
CUST-00073,6,0,0.043,0,0.5581,0.082,0.9145,0,2.1402,0.2479,0,1,0.2198,0.0861,0,183,1,1,0.9378,-0.3807,0,0.0949,2,0.5215,0.8509,-0.0301,2,0,8,0.2144,0,5,1.3643,0
CUST-00073,7,0,-0.0307,1,0.5217,0.0842,1.1325,1,4.6339,0.4252,1.666,0,0.016,0.1665,0,80,0,2,0.6784,-0.1153,0.276,-0.1744,0,0.114,1.2618,0.0124,0,0,0,0.2465,0,5,1.5011,0
CUST-00073,8,1,0.2162,11,0.0791,0.2997,0.5425,1,3.0428,0.3812,10.1791,3,0.1633,0.3408,1,-15,0,1,1.1635,1.422,0.249,0.0199,0,0.7196,2.1398,0.0236,18,3,18,0.1861,1,12,1.0898,1
CUST-00073,9,1,0.3862,8,0.6212,0.4489,0.3116,1,4.9373,0.4837,16.1352,2,0.1293,0.3172,2,86,0,2,1.3278,2.2631,0.4817,0.16,2,0.519,2.5337,0.1942,63,2,52,0.3624,0,25,0.5251,0
CUST-00073,10,1,0.7807,20,0.01,0.5522,-0.3029,2,6.6044,0.7839,25.1162,4,0.4284,0.3848,2,-94,1,6,1.3486,2.8128,0.4333,0.2678,2,0.728,3.6044,0.1532,72,5,64,0.1516,2,52,0.354,0
CUST-00074,0,0,0.0658,4,0.4841,0.4088,0.7999,0,3.3507,0.359,0,0,0,-0.1161,1,178,0,1,1.1209,-0.9017,0.0509,-0.2427,2,0.3819,0.8959,-0.0191,2,1,30,-0.2916,0,0,1.543,0
CUST-00074,1,0,-0.0627,0,0.4701,0.2337,1.3649,1,2.6062,0.2034,4.9778,0,0.146,0.0988,1,263,0,2,0.7626,-1.0393,0.0845,0.1108,0,0.2462,1.9678,0.115,-27,1,6,0.2073,0,0,1.0816,0
CUST-00074,2,0,-0.0868,0,0.5572,0.043,1.333,1,0.752,0.274,0,1,0.0048,0.0359,0,191,0,1,0.5148,0.2204,0.151,-0.126,0,0.558,2.0106,-0.1777,-6,0,0,0.3796,0,0,1.2549,0
CUST-00074,3,0,0.0311,4,0.6511,0.1369,1.5198,1,2.3521,0.2942,0,1,0,0.0852,0,265,0,0,1.0923,0.7784,0.4352,-0.3136,0,0.6569,0.4241,-0.0597,-8,0,19,0.0327,0,3,1.5056,0
CUST-00074,4,0,0.0451,0,0.4557,0.0653,0.9172,0,1.211,0.3167,0,0,0,-0.2301,1,91,0,1,0.5576,0.0892,0.1044,0.0741,0,0.2875,0.9394,-0.139,31,1,18,0.333,0,0,0.9194,0
CUST-00074,5,0,0.1166,1,0.9334,0,1.263,0,2.9467,0.165,0.6945,2,0.0716,0.0319,0,203,0,0,0.7962,1.3881,0.2293,0.0142,0,0.2052,0.9956,-0.0532,-33,0,10,0.1239,0,1,1.3179,0
CUST-00074,6,0,0.1811,4,0.4532,0.3106,1.4103,0,4.1162,0.2648,3.0471,1,0.0296,0.0375,2,166,0,0,0.9866,0.3218,0.3253,-0.0146,0,0.2401,1.9952,-0.0194,3,0,1,-0.1426,0,13,1.2448,0
CUST-00074,7,0,0.1331,1,0.5916,0.2611,1.4945,1,2.9882,0.2921,0,0,0.3042,0.0341,0,86,0,4,0.8667,-0.2157,0.071,-0.214,0,0.4077,0.5871,0.0582,-36,0,0,0.2124,0,0,1.2178,0
CUST-00074,8,0,0.0835,1,1.0177,0.1788,1.6276,0,1.5902,0.3825,6.5645,1,0.2655,-0.106,0,144,0,0,0.9173,0.2953,0,0.2297,1,0.4085,0.9043,-0.165,20,2,18,-0.1609,0,0,1.2321,0
CUST-00074,9,0,-0.044,3,0.5948,0.0552,0.8344,0,2.3746,0.4469,8.7152,0,0,-0.0213,1,128,0,1,0.5823,0.4046,0.1557,0.0754,2,0.4973,1.3886,0.0394,-5,0,1,0.3137,0,21,1.3242,0
CUST-00074,10,0,0.0686,5,0.7972,0.1727,1.535,0,3.2758,0.7225,0.3957,1,0.4106,0.0636,0,137,1,2,0.9084,0.1935,0.404,0.0224,0,0.3357,0.2,-0.0673,37,0,0,0.3875,0,0,1.24,0
CUST-00074,11,0,-0.0879,6,0.7507,0.1844,1.0032,0,1.193,0.4818,3.1588,0,0.1137,0.0543,0,275,0,2,0.7829,0.312,0.1141,0.3367,1,0.4646,1.135,0.0178,-12,0,19,-0.0502,0,0,1.2979,0
CUST-00075,0,0,-0.0072,0,0.6184,0.1159,1.1199,0,2.3948,0.4359,3.8941,0,0,-0.1218,0,168,0,0,0.9853,0.0913,0.056,-0.2307,0,0.1572,0.2,0.0547,30,0,9,0.1835,0,0,1.279,0
CUST-00075,1,0,0.12,3,0.3737,0.2009,1.0073,0,1.1402,0.4518,3.914,0,0.0286,-0.0489,0,188,0,3,0.8696,1.9848,0.0711,-0.0861,0,0.2592,1.2599,0.0433,19,0,12,-0.1523,0,12,1.7212,0
CUST-00075,2,0,-0.0637,5,0.3307,0.4765,1.1106,0,2.4618,0.3311,0,2,0,0.1406,1,263,0,1,0.8818,-0.5306,0.2018,0.0411,0,0.273,0.2,-0.1236,12,1,0,-0.1551,0,9,1.2421,0
CUST-00075,3,0,0.1394,0,0.3872,0.1344,1.3979,1,4.1138,0.1679,0,2,0.1413,0.0675,0,115,0,0,0.9275,-0.6946,0,0.129,0,0.2534,0.6455,0.0219,5,0,0,0.2409,0,0,1.3277,0
CUST-00075,4,0,-0.0811,3,0.3815,0.1895,1.6289,0,1.701,0.1364,0,0,0,-0.0132,0,198,0,0,1.0461,-0.659,0.1551,0.0398,1,0.3789,2.8444,-0.0538,-3,2,0,-0.0952,0,0,1.5296,0
CUST-00075,5,0,0.029,2,0.3818,0.1472,1.2194,1,3.6665,0.4,0,2,0.0424,-0.1788,1,162,0,0,1.0349,1.3004,0.1342,0.5805,0,0.1,1.5258,0.2958,10,0,0,0.0639,0,0,1.3365,0
CUST-00075,6,0,-0.0143,2,0.6057,0.1613,0.9253,1,1.8637,0.2075,7.2193,1,0.0718,0.0942,1,165,0,4,0.8094,0.8384,0.1359,-0.1764,1,0.4354,1.2258,-0.0584,-3,0,0,0.2892,0,0,1.2643,0
CUST-00075,7,0,0.1788,5,0.7363,0.2184,0.2868,1,3.0377,0.2971,1.7809,1,0.1443,0.1636,0,172,0,1,0.8953,-0.9592,0,0.1839,1,0.4127,1.4852,-0.0759,4,0,0,0.249,0,0,1.0743,0
CUST-00075,8,0,-0.132,8,0.1238,0.1136,1.7205,0,0.2,0.0531,0,0,0,-0.0969,1,146,0,0,0.7164,-0.4008,0.2104,-0.0781,1,0.2587,0.7041,-0.0844,-12,0,10,-0.333,0,0,1.6099,0
CUST-00075,9,0,0.0767,5,0.6568,0.0027,0.9701,0,2.061,0.296,1.3868,0,0,-0.2548,0,217,0,0,0.9957,0.2911,0.1358,-0.0606,1,0.3863,0.925,0.0978,33,0,0,0.3884,0,9,1.5853,0
CUST-00075,10,0,0.0205,4,0.5363,0.3934,1.5633,0,0.4629,0.4138,7.0943,0,0,0.0902,0,101,0,0,0.8461,-0.6179,0.2239,0.1468,0,0.4859,0.5187,0.028,22,0,26,0.1637,0,4,1.7237,0
CUST-00075,11,0,0.0409,0,0.2749,0.144,1.2358,1,5.3845,0.1279,1.5791,2,0,0,0,171,0,0,1.0504,0.9,0.1647,0.0701,1,0.4101,0.43,-0.1997,6,0,5,-0.0792,0,0,1.7049,0
CUST-00076,0,0,0.1755,0,0.5667,0.2819,1.1484,0,1.979,0.3475,6.8419,0,0,0.0317,1,105,0,2,0.9119,-0.3987,0.0411,0.151,0,0.2835,1.1296,-0.0471,-22,0,0,0.1388,0,0,1.6235,0
CUST-00076,1,0,-0.0798,0,0.5134,0.1199,1.5891,0,1.4758,0.482,2.557,1,0.2985,0.0476,0,241,0,0,0.9609,-0.467,0.2395,-0.1153,0,0.499,1.2242,-0.0696,17,0,6,-0.1345,0,0,0.877,0
CUST-00076,2,0,-0.0087,6,0.265,0.1981,1.4617,0,3.403,0.2773,0.0915,1,0.0767,0.1644,1,258,0,1,0.7462,-0.7202,0.0712,0.1353,0,0.2179,1.3436,-0.0888,-33,1,0,0.2284,0,19,1.2937,0
CUST-00076,3,0,0.1237,2,0.7565,0.175,0.7631,0,2.8114,0.3482,2.3261,0,0.0672,0.1707,1,148,0,0,0.5741,0.4495,0,-0.0217,0,0.2742,1.9632,0.0491,-6,0,0,0.1115,0,10,1.3667,0
CUST-00076,4,0,-0.0041,0,0.4864,0.3225,1.327,0,3.052,0.0666,3.7723,2,0,-0.0363,2,350,0,1,0.9056,0.4167,0.1979,0.0726,0,0.4693,0.4199,0.1416,-11,0,13,0.1353,0,0,1.4258,0
CUST-00076,5,0,-0.1667,0,0.5897,0.1796,1.1451,1,3.9052,0.6029,8.3096,0,0.0102,0.162,0,255,0,2,0.9397,-0.6776,0.0482,0.1005,0,0.2923,1.106,0.0873,20,0,4,0.0911,0,12,1.5986,0
CUST-00076,6,0,0.1207,0,0.6727,0.1248,1.1405,1,3.4171,0.2266,1.6192,1,0.0625,-0.1579,0,145,0,0,0.7832,-0.47,0.3065,0.0109,0,0.3322,1.0651,0.0576,-20,0,0,-0.0823,0,10,1.127,0
CUST-00076,7,0,0.0088,1,0.384,0.2376,1.1452,0,3.1036,0.1473,4.2691,3,0.1064,-0.3817,1,207,0,0,0.5108,-0.8228,0.1159,0.1864,0,0.4036,1.2962,-0.0804,19,0,0,-0.0254,0,14,1.1933,0
CUST-00076,8,0,0.1209,3,0.7935,0.217,1.1043,0,1.9123,0.2879,3.7392,0,0.0203,0.0947,0,136,0,3,0.9152,0.0398,0.3986,-0.0253,1,0.3438,1.9627,0.1396,32,0,2,-0.2713,0,7,1.3614,0
CUST-00076,9,0,0.0142,6,0.8226,0.1887,1.2804,1,0.5157,0.3223,0,1,0,0.0429,1,208,0,1,0.8217,0.5114,0.1979,-0.03,2,0.3811,1.7875,-0.014,19,0,0,0.2587,0,12,1.4935,0
CUST-00076,10,0,0.0365,4,0.2519,0.2313,1.2992,1,3.3899,0.251,0,0,0.0622,0.1168,1,84,0,0,0.9312,0.2505,0.057,0.1377,0,0.5545,0.8669,0.1335,19,0,0,0.0848,0,13,1.0292,0
CUST-00076,11,0,0.0149,5,0.643,0.1677,2.2424,0,0.7355,0.2885,4.2864,0,0,0.2635,0,212,0,0,0.9447,-0.0028,0.0688,0.2954,0,0.2548,1.0947,-0.1976,-15,1,0,-0.1844,0,10,1.4666,0
CUST-00077,0,0,-0.0999,0,0.658,0.2921,1.456,1,2.0002,0,0.7462,0,0.1209,0.1264,0,239,0,1,0.7784,-0.1075,0.2973,0.0628,1,0.2818,1.0915,0.1566,-4,0,0,0.0997,0,0,1.3578,0
CUST-00077,1,0,-0.2,3,0.7911,0.0355,1.6767,0,0.7748,0.3976,0,0,0,-0.0201,0,192,0,0,0.688,-0.4076,0.4038,0.2071,0,0.3785,0.6004,-0.025,3,1,0,0.0899,0,0,1.3612,0
CUST-00077,2,0,0.2407,5,0.7544,0.2392,0.9423,1,2.9032,0,3.5212,0,0.0718,0.1323,0,226,0,0,0.5684,-0.4449,0.1536,0.1523,1,0.3335,1.0538,-0.0738,10,0,0,-0.0039,0,5,1.4811,0
CUST-00077,3,0,0.2226,0,0.7493,0.323,0.8757,0,3.8582,0.3681,0,0,0,-0.1292,0,206,0,0,0.808,0.9177,0.0987,0.4843,0,0.5525,0.3739,0.1694,3,2,0,0.3719,0,0,0.837,0
CUST-00077,4,0,0.0859,9,0.9547,0.1039,1.5324,1,1.3094,0.4533,0,0,0.0759,0.1453,1,174,0,0,1.0077,-0.5494,0.2228,-0.0799,0,0.1,0.7388,-0.1703,-22,0,11,0.1194,0,0,1.0765,0
CUST-00077,5,0,0.1318,1,0.01,0,0.8787,0,2.0748,0.4769,0,1,0.1785,0.2456,0,135,0,0,0.8502,-0.9629,0.289,0.157,0,0.376,0.7138,-0.0232,-15,1,2,0.1591,0,6,1.8279,0
CUST-00077,6,0,-0.0089,3,0.7903,0.2667,0.9035,1,0.8771,0.2886,1.2895,0,0,-0.0934,0,199,0,2,0.6581,-0.1591,0.2093,-0.2627,0,0.5381,0.8524,0.1084,6,0,0,0.0385,0,0,1.1072,0
CUST-00077,7,0,0.0378,4,0.7935,0.2413,1.2762,1,1.5118,0.1738,4.1512,0,0,0.2653,0,231,0,0,1.0227,-0.2804,0.3231,0.2899,0,0.3798,1.345,0.0691,26,0,0,-0.1365,0,21,1.2152,0
CUST-00077,8,0,0.2062,1,0.6851,0.138,1.4131,0,2.6479,0.1348,0,0,0,0.1103,0,144,0,0,1.0142,0.4012,0.2465,0.0743,1,0.3202,0.7843,-0.0018,-15,1,3,-0.0456,0,0,1.3816,0
CUST-00077,9,0,0.0998,0,1.1178,0.1609,1.203,0,2.4985,0.3027,1.4569,0,0.1262,0.0108,0,101,0,0,0.5826,0.1915,0.2521,-0.1622,0,0.5206,0.9599,-0.0007,29,2,3,0.0399,0,0,1.5081,0
CUST-00077,10,0,0.0878,3,0.7371,0.0326,1.7085,0,3.6814,0.2073,0.2738,0,0,-0.169,0,181,0,1,1.0388,-0.2101,0.1697,0.0312,0,0.4462,1.2671,0.0815,15,0,3,-0.2835,0,5,1.2951,0
CUST-00077,11,0,0.0545,6,1.0709,0,0.9907,0,0.2,0.0964,6.0182,1,0,-0.2437,1,142,0,1,1.0149,-1.1646,0.1693,-0.3729,0,0.2616,1.563,0.149,-18,1,8,-0.1928,0,2,0.744,0
CUST-00078,0,0,0.1392,1,0.1231,0.209,1.2104,0,4.2707,0.3182,0.1361,0,0,0.1047,0,132,0,0,0.8844,1.5519,0.118,-0.0053,0,0.4058,0.6128,0.1385,14,0,2,-0.3331,0,0,1.4506,0
CUST-00078,1,0,-0.1557,2,0.5016,0.271,1.5412,1,3.3058,0.2858,2.4401,1,0,-0.102,0,262,0,1,0.9427,-0.2397,0.2781,-0.1701,1,0.3183,1.5759,-0.0524,4,1,9,0.4984,0,16,1.6021,0
CUST-00078,2,0,0.1562,1,0.583,0.1287,1.4333,1,3.2957,0.1347,7.6111,0,0,-0.1033,0,149,0,3,0.7173,0.3631,0.0899,-0.158,0,0.3826,2.2082,0.0596,2,0,0,0.0335,0,0,1.11,0
CUST-00078,3,0,0.0951,1,0.9175,0,0.7778,0,1.8672,0.4726,2.4017,0,0.1116,0.0514,0,112,0,0,1.1345,0.5609,0.1664,0.0323,1,0.3785,0.9948,-0.0168,-1,0,28,0.4618,0,11,1.7144,0
CUST-00078,4,0,-0.2,3,0.4514,0.2927,1.0571,0,4.3465,0.1045,0,1,0.0746,-0.0251,0,75,0,2,0.8049,-0.0085,0.325,-0.0593,0,0.1945,0.4895,0.1053,-3,1,0,0.2594,0,0,1.3831,0
CUST-00078,5,0,0.1632,0,0.7582,0.19,1.0693,0,2.4467,0,0,0,0.3608,-0.0483,1,117,0,0,0.6642,-0.1057,0,0.0634,1,0.3783,0.2,-0.039,6,0,0,-0.0656,0,0,1.5177,0
CUST-00078,6,0,0.1034,1,0.8477,0.1946,1.1945,0,0.7747,0.1031,2.7141,1,0,0.1128,2,247,0,0,0.6464,0.4925,0.0351,0.1008,0,0.4372,0.2754,0.0497,18,2,0,-0.0537,0,0,1.1845,0
CUST-00078,7,0,0.0327,6,0.8557,0.281,1.5376,0,2.7855,0.257,0,0,0.1149,-0.3013,0,215,0,3,0.7885,0.6848,0.0343,0.2078,0,0.406,0.9143,-0.0883,1,2,0,-0.0702,0,1,1.2977,0
CUST-00078,8,0,-0.0052,4,0.929,0.3923,1.7354,0,3.3011,0.3536,6.0659,1,0,0.3816,0,186,0,0,0.9592,-0.0067,0.3076,-0.2143,0,0.5794,1.0249,0.1961,-19,1,10,0.0754,0,0,1.8307,0
CUST-00078,9,0,0.0209,0,0.6245,0.092,1.2358,0,1.4977,0.1544,5.6414,0,0.1594,-0.0703,2,144,0,1,0.9445,-0.188,0.3602,-0.2875,1,0.3702,0.6798,0.0493,4,1,0,-0.0924,0,12,1.315,0
CUST-00078,10,0,0.0651,0,0.6885,0.1345,1.3769,0,2.1502,0.1341,0,0,0.0831,0.3892,0,163,0,1,0.8221,-0.4682,0.0952,0.0429,0,0.2946,1.6963,-0.045,-10,0,0,0.2759,0,0,1.3309,0
CUST-00078,11,0,-0.1366,0,0.3955,0.1049,1.5532,0,2.1422,0,1.9916,2,0.0283,-0.128,0,274,0,0,0.7994,0.3311,0.0448,-0.003,1,0.3014,0.3813,-0.093,-12,1,11,0.215,0,0,1.2423,0
CUST-00079,0,0,0.0552,6,0.8239,0.2869,0.9349,1,0.4411,0.3148,2.81,0,0.034,0.0703,0,147,0,0,0.9996,-0.85,0.2053,0.0104,0,0.2488,0.8403,-0.0812,0,0,34,0.3909,0,0,1.2048,0
CUST-00079,1,0,0.1187,4,0.6729,0.0484,1.8232,0,0.3282,0.2634,0,0,0,0.2619,0,89,0,0,0.936,-0.2976,0.2073,0.0531,0,0.3204,0.6914,0.0209,-1,0,14,0.1312,0,3,1.291,0
CUST-00079,2,0,-0.0856,1,0.3519,0.1232,1.1559,0,1.5928,0.1988,0,0,0,-0.0574,1,163,0,2,1.0139,-1.5173,0.2988,-0.1491,0,0.472,1.1183,0.0845,11,0,2,0.089,0,7,1.1825,0
CUST-00079,3,0,0.1903,3,0.3007,0.1413,2.1042,0,2.7883,0.4898,1.6904,0,0.0765,-0.1104,1,232,0,0,0.8208,-0.3846,0.177,-0.1449,0,0.3604,1.1112,0.0938,41,2,13,0.2232,0,0,1.4744,0
CUST-00079,4,0,-0.0935,0,0.827,0.1591,1.1474,0,1.9199,0.2621,2.485,0,0.21,0.0105,0,136,0,0,0.8902,0.8103,0.2527,-0.3808,1,0.3012,1.4503,0.085,-26,1,0,-0.0763,0,0,1.6168,0
CUST-00079,5,0,0.2819,0,0.762,0.2183,1.0257,0,1.5897,0.0157,0.6385,0,0.1703,-0.2967,1,254,0,0,0.8789,0.436,0.1906,-0.0699,0,0.3478,0.464,0.0298,17,0,0,0.3055,0,1,1.4722,0
CUST-00079,6,0,0.0301,6,0.3901,0.0442,1.0366,0,2.9054,0.3185,1.4783,0,0.1195,0.0675,0,160,0,0,1.0494,0.6908,0.3028,0.0417,0,0.4589,0.3721,0.0612,18,0,2,0.2727,0,10,1.1579,0
CUST-00079,7,0,0.1061,5,0.5956,0.238,1.2656,0,0.2,0.3529,3.3199,1,0.307,0.1904,0,233,0,0,0.6449,-0.3183,0,0.0219,0,0.3085,0.9811,0.1458,0,1,12,0.2149,0,0,1.2654,0
CUST-00079,8,0,0.2069,7,0.0534,0.1293,1.6178,0,1.8972,0.3357,1.5444,0,0.0667,-0.1523,1,202,0,2,0.9034,0.9102,0.3018,0.2715,1,0.4857,0.7618,0.0722,3,0,3,0.2922,0,3,1.139,0
CUST-00079,9,0,0.021,0,0.7089,0.1459,1.7093,0,2.2119,0.4802,0.9506,1,0.0825,0.0657,0,207,0,0,0.983,0.2161,0.2083,0.1063,1,0.1982,0.7691,-0.0632,19,0,0,0.0645,0,0,1.84,0
CUST-00079,10,0,0.0141,7,0.6683,0.2885,1.4633,1,1.6628,0.1574,0,0,0.0191,0.0556,0,298,1,0,0.7603,0.6473,0.0716,-0.3619,0,0.4258,0.7647,-0.0399,23,0,26,0.0455,0,9,1.2895,0
CUST-00079,11,0,0.0569,2,0.7477,0.116,1.7601,0,0.2,0.2417,5.2782,0,0.1277,0.2139,1,158,0,2,1.2663,0.31,0.0461,-0.069,1,0.5074,0.7016,0.0755,17,0,5,-0.3502,0,24,0.9689,1
CUST-00080,0,0,0.1689,6,0.6693,0.3,1.3156,0,2.5153,0.3742,1.1865,0,0.0186,-0.3409,0,137,0,1,1.0203,0.611,0.2259,-0.1053,0,0.2741,1.0523,0.0125,2,2,0,0.3893,0,11,1.8168,0
CUST-00080,1,0,0.0837,0,0.7477,0.1189,1.2011,0,3.359,0.3275,4.2078,1,0,-0.2041,0,193,0,0,1.0041,0.4844,0.3516,-0.023,0,0.3592,0.26,-0.0322,-7,0,0,0.2406,0,6,1.4579,0
CUST-00080,2,0,0.0736,7,0.3744,0.1432,1.2873,0,5.4635,0.299,0,2,0.144,0.0514,1,133,0,0,0.8597,0.0354,0.3962,0.404,1,0.457,0.3366,-0.1509,-24,0,29,-0.1642,0,0,1.4408,0
CUST-00080,3,0,0.2208,0,0.6507,0.1447,0.9048,0,2.8988,0.1527,0,1,0.3622,0.0362,0,195,0,3,0.8502,-0.7279,0.305,0.0629,0,0.465,0.2124,0.016,-7,0,0,0.269,0,0,1.1309,0
CUST-00080,4,0,0.215,0,0.9272,0.2217,1.0101,1,4.0462,0.4334,0.9339,1,0.0925,0.0369,1,250,0,4,0.9974,-0.7992,0.0109,-0.3513,0,0.2618,0.3198,-0.1884,4,2,0,-0.0606,0,0,1.3378,0
CUST-00080,5,0,-0.1354,1,0.3989,0.189,1.3481,0,3.9718,0.2678,5.3151,1,0,-0.1916,1,182,0,0,0.6517,-0.9729,0.2168,0.3078,0,0.4231,0.2,0.0739,-1,1,0,0.1247,0,0,1.5138,0
CUST-00080,6,0,0.0231,1,0.7351,0.1962,1.0371,1,1.5129,0.5109,0,0,0.2408,-0.0126,2,219,0,0,1.06,0.8911,0.3594,-0.175,0,0.3064,1.4023,-0.1019,-15,0,0,0.34,0,0,1.3465,0
CUST-00080,7,0,0.149,0,0.4342,0.1878,1.36,0,1.1777,0.4621,2.9669,0,0.0157,-0.0073,0,179,0,1,0.9054,0.4413,0.1221,0.1433,0,0.4776,0.613,0.0249,-22,2,8,0.1705,0,10,1.3381,0
CUST-00080,8,0,-0.0294,0,0.5573,0.1136,0.9006,1,1.551,0.245,4.7965,0,0.0194,0.1189,0,150,0,0,0.8849,0.7079,0.1453,-0.1579,0,0.3776,1.3469,-0.0732,10,1,0,0.2595,0,0,0.7253,0
CUST-00080,9,0,-0.0372,5,0.442,0.2192,0.7878,0,1.5617,0.3831,0,0,0.2579,0.3055,1,153,0,0,0.7857,0.7482,0.3245,-0.2761,0,0.4576,1.1406,0.0257,42,0,6,0.1689,0,4,1.5083,0
CUST-00080,10,0,0.1027,0,0.2176,0.2492,1.4051,0,3.9273,0.443,2.4508,0,0.1699,0.1561,1,95,0,2,0.6723,0.4079,0,-0.256,0,0.4957,0.3012,-0.0138,-14,1,15,0.0141,0,0,1.3902,0
CUST-00080,11,0,0.0348,1,0.9795,0.1905,1.4099,1,2.143,0.3835,0.3182,0,0,0.0385,0,212,0,0,0.709,1.0971,0.0357,-0.0296,1,0.3681,1.5377,-0.0546,-14,0,0,0.0265,0,0,1.7541,0
CUST-00081,0,0,0.0882,3,0.9017,0.1534,1.1659,0,3.2781,0.4475,3.3378,0,0,-0.1127,0,133,0,0,0.9186,-0.6495,0.1272,-0.0004,1,0.301,1.2358,0.091,2,0,0,0.1452,0,0,0.9733,0
CUST-00081,1,0,-0.0548,3,0.6263,0.3365,1.0119,0,3.8092,0.4212,0,0,0.208,0.1093,1,181,0,0,0.9511,0.3806,0,0.3305,0,0.2593,0.8193,0.0869,23,1,0,0.2094,0,0,1.6303,0
CUST-00081,2,0,-0.0973,0,0.5707,0.274,1.0966,0,3.8457,0.3089,0.0666,0,0.1643,-0.0211,1,144,0,0,0.9284,1.1354,0.043,0.2339,0,0.2402,0.8266,-0.171,7,1,3,0.0443,0,11,1.304,0
CUST-00081,3,0,0.0602,0,0.4749,0.135,0.6168,0,2.8048,0.1532,0,0,0,-0.2284,1,215,0,0,0.7915,0.7822,0.2104,-0.2078,0,0.1795,1.0205,0.0952,6,2,3,-0.0783,0,0,1.4901,0
CUST-00081,4,0,-0.0149,0,0.1953,0.0024,1.1224,0,2.7532,0,0,1,0.2209,0.0193,0,125,0,0,0.7059,1.4447,0,0.1046,0,0.2051,0.7324,-0.0277,28,2,13,-0.2084,0,0,1.2675,0
CUST-00081,5,0,0.1035,5,0.8309,0.3012,1.4817,0,1.2035,0.1452,0,1,0.2183,0.0795,0,138,0,2,0.7061,-1.1441,0.265,0.1499,0,0.4699,0.3106,-0.0927,-12,0,4,-0.0979,0,6,1.298,0
CUST-00081,6,0,0.0557,0,0.5696,0.0842,0.9208,0,1.6379,0.2298,7.0812,0,0.1099,-0.0091,1,210,0,0,0.9198,-0.0117,0,-0.205,0,0.3291,1.0815,0.0345,42,0,6,0.3207,0,1,1.0309,0
CUST-00081,7,0,0.1796,3,0.1466,0.2645,1.6213,1,2.187,0.1074,0.2686,1,0.0765,-0.2961,0,136,0,0,0.8092,0.5814,0.2091,0.3389,0,0.4945,1.8436,0.1264,0,2,0,0.3157,0,1,1.085,0
CUST-00081,8,0,0.173,3,0.4311,0.1712,1.4151,0,3.2271,0.2169,3.0971,2,0.2312,0.2647,0,116,0,2,0.506,0.599,0.3517,-0.0598,2,0.1181,1.2613,0.0867,25,0,0,-0.1771,0,0,1.1946,0
CUST-00081,9,0,0.0195,0,0.1317,0.369,1.4685,0,2.3985,0.4409,0,1,0.2354,0.1022,0,149,0,2,0.9256,0.5062,0.3675,0.3676,1,0.398,1.2446,-0.0445,31,0,0,0.0171,0,0,1.1725,0
CUST-00081,10,0,-0.1897,0,0.9327,0.378,1.6788,0,3.2463,0.2988,4.6043,0,0,-0.0664,0,133,0,2,0.6803,-0.2953,0.1479,-0.2799,0,0.1548,0.5498,-0.0308,-5,0,8,0.1965,0,0,1.4946,0
CUST-00081,11,0,-0.1194,1,0.7701,0.0632,1.3073,0,0.5508,0.5664,6.627,0,0.2978,0.0159,1,222,0,0,1.0271,0.1278,0.2696,0.3113,1,0.2835,0.5045,0.0631,0,1,6,0.3069,0,14,1.4676,0
CUST-00082,0,0,0.089,2,0.5297,0.1081,1.3882,0,0.2,0.1796,0,0,0.1063,0.0686,1,140,0,0,0.8752,-0.2998,0.0066,0.1338,0,0.4629,0.2062,0.0786,-14,0,4,0.2267,0,13,1.0377,0
CUST-00082,1,0,0.0839,1,0.2237,0.0868,0.9825,0,2.2687,0.3792,0,0,0.1782,0.3075,2,215,0,0,0.5475,0.8267,0.2644,-0.2427,0,0.4011,1.877,0.0773,-11,0,0,0.0773,0,0,1.8324,0
CUST-00082,2,0,0.0632,0,0.8963,0.479,2.1062,1,0.2,0.3508,0,0,0,-0.0083,0,118,0,2,0.9631,-0.7099,0,0.1156,0,0.3112,1.4859,0.0711,-9,1,15,-0.1436,0,0,1.5361,0
CUST-00082,3,0,-0.1189,2,0.376,0.1925,1.2667,0,0.2,0.0625,0.9811,1,0.1013,0.2113,2,173,0,3,1.0045,-1.6454,0.0607,0.1261,0,0.4451,1.4769,-0.1256,7,0,5,0.4205,0,0,1.7298,0
CUST-00082,4,0,0.0918,1,0.9484,0.0981,1.2172,0,3.3744,0.3638,4.9493,0,0.0506,-0.1591,1,111,0,0,0.8416,-0.2266,0.4051,0.2181,0,0.3664,0.2356,-0.0395,-15,0,0,0.1211,0,0,1.1605,0
CUST-00082,5,0,-0.0322,2,0.4655,0.2,0.7558,0,1.6376,0.1822,4.2256,0,0.1853,0.153,0,189,0,2,0.978,0.6146,0.2201,0.0119,0,0.1,2.0497,-0.0513,14,0,0,0.0375,0,1,1.5546,0
CUST-00082,6,0,-0.0084,0,0.8139,0.1035,1.41,0,2.2355,0.2339,0,0,0.2178,0.1767,2,267,0,0,0.9158,0.0185,0.0525,-0.28,1,0.2416,0.9839,-0.0976,32,2,0,-0.0683,0,0,1.4521,0
CUST-00082,7,0,-0.0551,1,0.3346,0.2282,1.5266,0,0.2,0.2936,0,0,0.3415,0.0569,0,174,0,1,0.8682,0.5571,0.2219,-0.1093,0,0.2709,0.5166,0.0167,13,1,0,-0.121,0,0,1.2171,0
CUST-00082,8,0,0.1987,1,0.3727,0.1226,1.1394,0,0.3458,0.0018,0,1,0.0376,0.1585,1,152,0,0,1.0463,0.2704,0.0175,-0.3027,0,0.109,0.2827,0.0264,9,1,14,-0.0672,0,9,2.1319,0
CUST-00082,9,0,-0.0164,0,0.9067,0.355,1.4069,1,2.7011,0.3554,1.363,0,0.1071,0.1097,0,141,0,1,0.8685,0.0091,0.3116,0.1065,0,0.2898,1.1713,-0.0587,11,0,24,-0.1089,0,25,1.1667,0
CUST-00082,10,0,-0.0338,7,0.6328,0.1394,1.4531,0,3.0924,0.2231,5.873,0,0,-0.1184,1,190,0,1,0.7448,-0.6776,0.3128,0.1166,0,0.2855,0.3126,0.1522,19,0,0,-0.0001,0,3,1.5339,0
CUST-00082,11,0,0.2664,4,0.4876,0.2447,1.4346,0,2.4747,0.4233,0,0,0.0385,0.3713,0,170,0,0,0.978,-0.8665,0.0039,-0.1883,0,0.3685,1.159,-0.1057,-3,0,0,0.4258,0,0,1.5878,0
CUST-00083,0,0,0.0105,0,0.2698,0.1526,1.8121,0,1.2289,0.1995,4.9942,1,0,-0.2102,0,226,0,1,0.7468,-0.6056,0.3114,-0.0208,1,0.4028,1.348,0.0563,9,1,0,0.3611,0,14,1.4205,0
CUST-00083,1,0,-0.0276,0,0.3601,0.2335,1.108,1,0.7827,0.1884,4.1599,0,0.0249,-0.0621,0,82,0,0,0.9413,0.766,0.3523,0.1552,0,0.3196,0.6501,0.1973,-28,0,6,0.1036,0,0,1.2916,0
CUST-00083,2,1,0.196,3,0.6959,0.3596,0.9567,1,5.3968,0.6956,10.5237,0,0.4734,0.1221,1,145,0,1,0.9777,1.3455,0.2198,-0.0383,1,0.604,2.0663,-0.0083,20,1,29,0.0243,0,22,0.6972,0
CUST-00083,3,1,0.3692,15,0.1686,0.6407,-0.0954,1,7.3285,0.846,13.0473,4,0.3893,0.2184,1,-28,0,6,1.3218,1.4887,0.4195,0.2038,1,0.6159,2.0575,0.1915,47,3,45,0.4476,1,33,1.253,0
CUST-00083,4,1,0.4674,19,0.2261,0.4936,0.3053,2,8.1899,0.68,25.1336,4,0.6202,0.2827,2,41,0,5,1.4578,1.5126,0.5858,0.5117,3,0.7793,3.6975,0.156,79,2,51,0.6009,0,67,0.5263,0
CUST-00084,0,0,-0.0382,1,0.8793,0.1402,1.4114,0,2.7126,0.2645,1.2251,0,0.1709,0.1041,0,381,0,0,0.8909,0.866,0.1821,0.0563,2,0.3839,1.4017,0.0124,31,0,0,0.1547,0,2,1.8273,0
CUST-00084,1,0,0.0704,6,0.4627,0.197,1.102,0,3.5424,0.278,2.9418,0,0.0268,0.276,0,214,0,0,1.1142,0.1513,0,-0.2315,0,0.4969,1.5996,-0.2053,-8,2,15,0.2285,0,0,1.8056,0
CUST-00084,2,0,0.3243,6,0.4969,0.1389,1.439,1,1.1234,0.2256,5.5482,0,0.0593,0.3786,1,136,0,0,0.8579,-0.5341,0.3624,0.1272,3,0.4604,1.5724,0.0296,2,0,4,0.4156,0,3,1.0378,0
CUST-00084,3,0,-0.1377,2,0.279,0.2443,1.635,0,0.8922,0.2743,0,0,0.0029,-0.0228,3,197,0,0,0.6838,0.2748,0.1615,-0.1244,1,0.1803,0.2,0.0994,4,0,12,0.2761,0,0,1.3049,0
CUST-00084,4,0,-0.0718,1,0.5819,0.1448,0.964,0,0.8043,0.1692,2.0934,0,0,0.0964,1,42,0,0,1.0588,-1.0118,0.0994,-0.2495,0,0.1497,1.3606,0.1331,41,2,7,0.0275,0,0,1.5211,0
CUST-00084,5,0,0.1354,3,0.6261,0.1538,0.9272,0,3.1948,0.4191,0.3202,0,0.0712,-0.3349,0,164,0,0,0.9183,-1.1268,0.1837,-0.127,1,0.4992,1.4902,-0.0464,-24,0,0,0.0327,0,0,1.4241,0
CUST-00084,6,0,0.0618,0,0.3224,0.3272,1.7538,0,3.8359,0.3655,0,1,0.0619,-0.1478,0,240,0,2,1.0141,0.1597,0.4134,-0.0593,0,0.373,0.2996,0.0993,41,2,0,0.1823,0,9,1.1306,0
CUST-00084,7,0,-0.0548,4,0.494,0.2221,1.4854,0,1.3533,0.2633,4.4077,1,0.119,0.134,3,61,0,1,0.6394,-0.4177,0.1567,0.1358,0,0.2703,1.5722,0.1109,-15,0,0,0.1419,0,13,1.6652,0
CUST-00084,8,0,0.0974,4,0.3744,0.0842,1.6588,1,2.2408,0.4242,0,0,0.1411,0.0668,0,219,0,0,0.7633,0.7031,0.138,0.075,0,0.3367,0.8857,0.1258,-12,0,2,-0.189,0,0,0.9423,0
CUST-00084,9,0,0.1063,5,0.7582,0.1691,1.5952,0,0.2,0.6214,1.662,2,0,-0.0123,1,209,0,0,1.0343,0.684,0.2807,0.1005,2,0.2206,0.2,0.0638,29,1,22,-0.2224,0,7,1.2307,0
CUST-00084,10,0,0.0559,0,1.2268,0.1753,1.7355,0,1.2376,0.2476,2.7072,0,0.1608,0.1353,0,296,0,1,0.8457,-0.3269,0.2311,0.3464,0,0.1743,0.469,0.0854,25,0,0,-0.1488,0,4,1.9938,0
CUST-00084,11,0,0.1489,4,0.6914,0.1394,1.4448,0,0.2571,0.2496,0.592,0,0.113,-0.0615,2,208,0,0,0.9654,-0.3878,0.2372,-0.028,0,0.3419,0.8425,-0.0036,26,1,0,-0.1435,0,2,1.4218,0
CUST-00085,0,0,0.1093,1,0.3003,0.1983,1.1931,0,3.5587,0.3023,1.9188,1,0,-0.1149,0,167,0,2,1.0181,-0.0147,0.4881,0.3473,0,0.5229,1.7667,0.1524,-15,1,13,-0.1954,0,0,1.266,0
CUST-00085,1,0,0.2448,3,0.4164,0.1797,1.6099,0,2.4132,0.2483,0.7908,0,0.0315,0.0259,0,137,0,2,0.9192,0.7342,0.2155,0.1245,0,0.3811,1.3523,0.0388,10,2,6,-0.2748,0,1,1.1706,0
CUST-00085,2,0,0.0302,5,0.695,0.2396,1.0352,1,1.8462,0.4387,1.599,1,0.1024,-0.4167,1,127,0,0,0.9056,0.3736,0.0542,0.1624,0,0.2413,1.0024,0.057,4,0,0,-0.0906,0,17,1.3089,0
CUST-00085,3,0,0.0183,0,0.6304,0.1115,1.0658,0,3.4486,0.3031,0,2,0.1367,0.2324,0,160,0,0,0.8853,0.3395,0.0369,-0.1633,2,0.2001,1.1582,0.1505,42,0,7,-0.0698,0,23,1.5595,0
CUST-00085,4,0,0.2009,3,0.3469,0.2243,1.2983,0,1.8171,0.243,4.9614,1,0,0.3299,2,265,0,0,0.9705,0.4163,0.1259,-0.073,0,0.2568,1.2749,0.0041,-6,0,17,0.2424,1,19,0.9745,0
CUST-00085,5,0,0.2674,6,0.5985,0.3248,1.0933,0,3.9033,0.3382,5.2137,0,0.1026,0.0782,0,174,0,2,0.6181,-1.0017,0.1121,0.0738,0,0.318,0.9924,-0.0349,14,0,3,0.1645,0,26,1.1118,0
CUST-00085,6,0,0.2924,3,0.8273,0.4097,1.104,0,3.2865,0.2794,5.1561,1,0.0529,-0.0422,0,39,0,1,0.7835,-0.44,0.2082,-0.1152,0,0.3754,1.4943,0.1854,17,1,0,-0.2722,0,21,1.1983,0
CUST-00085,7,0,0.0596,1,0.4653,0.2108,1.9735,2,2.2473,0.4076,0.0077,1,0.1954,0.1245,2,230,0,0,0.8032,0.0181,0.1115,0.0417,0,0.3561,1.8262,-0.1346,6,0,19,-0.0414,0,1,1.5166,0
CUST-00085,8,0,-0.1426,3,0.6278,0.2215,1.3464,0,1.9017,0.3917,3.3325,0,0,0.1423,0,206,0,0,0.8738,1.1709,0.2192,0.051,0,0.2314,1.7877,-0.0394,-17,0,0,0.4881,0,0,1.5002,0
CUST-00085,9,0,0.2284,7,0.1224,0.1706,1.2881,1,2.9704,0.3987,0,0,0,-0.2288,1,142,0,0,0.9878,1.2592,0.2629,-0.3862,0,0.3091,0.9777,-0.0536,2,0,0,0.2167,0,0,1.6035,0
CUST-00085,10,0,-0.1433,1,0.3467,0.1589,1.0284,0,0.8267,0.4439,0,1,0,-0.0348,0,137,0,0,1.0184,0.1128,0.3949,0.0688,2,0.1552,0.6949,0.0101,9,0,11,-0.1292,0,0,1.2358,0
CUST-00085,11,0,-0.047,2,0.2062,0.22,0.8058,0,1.2953,0.3532,7.9008,0,0.0626,0.1879,0,177,0,1,0.8706,-0.0753,0.2043,-0.4,1,0.3319,1.4741,-0.0945,-49,0,0,0.1771,0,5,1.6165,0
CUST-00086,0,0,-0.0491,4,0.6141,0.1775,1.6795,0,2.3694,0.4567,1.9375,0,0.1215,0.2013,2,222,0,2,0.9779,0.9557,0.2309,0.034,0,0.4345,1.9194,0.0361,0,0,8,0.2687,0,14,1.4303,0
CUST-00086,1,0,-0.0389,1,0.5937,0.1539,1.7114,0,2.7259,0.051,0,0,0,-0.0989,1,226,0,1,0.5181,0.3699,0.4085,0.1931,0,0.1084,1.217,0.0636,16,0,32,0.1524,0,0,1.4699,0
CUST-00086,2,0,0.1548,4,0.7908,0.2888,0.7851,0,3.9004,0,1.5586,2,0.054,0.156,0,249,0,0,0.6875,0.7484,0,-0.3395,0,0.2595,1.7071,0.0053,-1,1,0,0.2357,0,0,1.3705,0
CUST-00086,3,0,-0.1015,0,0.5501,0.0691,1.3369,0,2.5477,0.1717,4.6551,0,0.2753,-0.2931,1,122,0,1,0.7489,-0.3267,0.199,0.0129,2,0.5267,1.6005,-0.0763,26,2,0,0.2153,0,0,0.7877,0
CUST-00086,4,0,0.0117,11,0.0673,0.1789,1.3851,0,2.8798,0.0482,0.3259,0,0.2192,-0.1199,0,34,0,0,0.8581,-0.4467,0.3676,-0.0465,1,0.2017,2.3704,0.0308,-30,0,4,0.0766,0,0,1.2144,0
CUST-00086,5,0,0.1187,1,0.1978,0,1.0419,0,1.7384,0.2594,0,1,0.0375,0,0,224,0,1,0.7838,1.0583,0.1395,0.1131,0,0.4277,0.6243,-0.0394,-9,0,0,-0.0108,0,0,1.2727,0
CUST-00086,6,0,-0.0395,3,0.4315,0.0576,0.9949,0,2.7514,0.3138,0,0,0.2651,-0.0028,1,113,0,0,0.8234,-0.4406,0.2033,0.0258,0,0.5287,1.4971,0.1176,27,0,3,0.0738,0,0,1.7432,0
CUST-00086,7,0,0.1655,2,0.9923,0.1774,1.2403,0,1.5089,0.1896,1.1408,1,0,0.2122,0,178,0,2,0.8784,1.1292,0.0957,0.0928,0,0.1468,1.3478,0.0329,-5,0,11,0.386,0,15,1.5001,0
CUST-00086,8,0,0.232,0,0.4666,0.4016,1.4273,0,0.2,0.3938,0,2,0.1051,-0.1706,1,61,0,0,0.9165,-0.7244,0.0543,-0.0909,1,0.492,1.2805,0.1282,-4,1,13,-0.0604,0,0,1.7454,0
CUST-00086,9,0,0.0413,2,0.7794,0.0406,0.7843,0,1.4276,0.088,0.5646,0,0.0788,0.0445,0,166,0,0,1.0068,-0.6108,0.1461,0.1532,0,0.7059,1.4036,-0.067,29,0,0,-0.0976,0,0,1.3288,0
CUST-00086,10,0,0.0453,2,0.5619,0.2854,1.1848,0,0.2,0.415,10.1231,0,0,-0.3066,0,204,0,1,0.8233,1.8324,0.1967,0.1329,0,0.346,0.6251,0.1107,9,0,21,0.1725,0,0,1.7154,0
CUST-00086,11,0,0.0175,0,0.8094,0.2355,0.9933,0,0.4081,0.0373,0,1,0.1287,-0.2054,0,166,0,0,1.074,0.4271,0.0475,-0.1204,1,0.3254,2.4248,0.123,-19,0,3,0.0635,1,2,1.387,0
CUST-00087,0,0,0.1088,0,0.9004,0,1.3913,0,0.2,0.1161,0.5969,1,0,0.1526,2,170,0,0,1.0449,-0.7285,0.1585,-0.2093,2,0.4884,0.3467,-0.1502,-17,0,3,0.0864,0,0,1.2753,0
CUST-00087,1,0,0.1143,4,0.9516,0.1079,1.3549,1,3.0521,0.3565,0,0,0,0.005,0,123,0,0,0.7309,0.3011,0.2012,-0.2505,1,0.4151,0.8113,0.0141,24,1,7,0.6271,0,0,1.5057,0
CUST-00087,2,0,0.0943,8,0.8227,0.3191,0.9083,0,0.7147,0.4784,2.3285,0,0.0843,-0.1945,1,95,0,0,0.8728,-1.0389,0.1292,-0.1003,0,0.44,1.988,-0.0386,-3,0,0,0.219,0,3,1.2766,0
CUST-00087,3,0,0.1218,0,0.3258,0.2959,1.3778,0,2.2547,0,0,0,0,0.3077,0,170,0,2,0.8414,0.671,0.48,0.0879,0,0.104,1.9127,-0.0108,-9,0,2,0.0673,0,4,1.6468,0
CUST-00087,4,0,-0.2,6,0.7721,0.0895,1.1062,0,2.2465,0.0762,2.9035,1,0.0297,-0.1364,0,196,0,0,0.6405,0.1685,0.1688,-0.0917,0,0.434,0.3882,-0.0495,-11,0,1,0.0468,0,0,2.0252,0
CUST-00087,5,0,-0.0233,2,0.8364,0,0.9062,1,2.719,0.3327,0.5315,0,0,-0.425,0,46,0,0,0.8256,0.3779,0.2233,0.0454,1,0.5513,1.2398,-0.1784,-20,1,6,0.2863,0,0,1.6526,0
CUST-00087,6,1,0.1723,5,0.3997,0.3428,1.0317,1,3.7832,0.2563,9.3114,2,0.1292,-0.0398,1,60,1,0,0.9983,-0.3336,0.3301,0.1139,1,0.4381,1.7537,-0.0424,36,0,13,0.1535,1,17,1.0932,0
CUST-00087,7,1,0.2616,13,0.01,0.5021,0.4565,2,3.9419,0.2834,14.5219,1,0.4736,0.3667,2,-32,0,3,1.3087,1.2375,0.409,0.024,2,0.5692,2.6383,0.1784,53,3,39,0.5332,1,44,0.4628,0
CUST-00087,8,1,0.5161,16,0.1507,0.7019,-0.3113,1,6.5605,1.0299,19.6031,5,0.476,0.7529,2,-113,0,6,1.3421,2.6369,0.4243,0.3825,5,0.6796,3.3633,0.3779,98,3,69,0.2114,2,40,0.6948,1
CUST-00088,0,0,0.1434,4,0.6264,0.2807,1.8942,0,2.9261,0.2779,3.4339,1,0.0388,0.2585,0,130,0,0,0.7237,-0.0978,0.2461,0.1432,0,0.6314,1.8886,0.0559,17,1,1,0.0808,0,3,1.4598,0
CUST-00088,1,0,0.1752,1,0.6281,0.159,1.3837,0,1.8207,0.1464,1.6401,0,0.0914,0.192,0,302,0,0,0.7755,-0.5861,0,-0.1687,0,0.2707,0.2,-0.1809,21,0,2,0.1496,0,4,1.5155,0
CUST-00088,2,0,0.2185,7,0.6553,0.2367,1.0275,1,2.4521,0.4895,4.1359,2,0,-0.0568,2,255,0,1,0.6045,-0.7473,0.2545,-0.032,1,0.4042,1.7523,0.0822,-27,1,25,0.4275,0,14,1.537,0
CUST-00088,3,0,0.1331,6,0.4656,0.0634,1.4025,2,1.0993,0.4092,0,0,0.2687,0.1746,0,145,0,0,0.9654,0.4703,0.0118,0.2745,1,0.4187,0.2,0.3303,-3,1,0,-0.1245,0,0,1.164,0
CUST-00088,4,0,0.2907,0,0.403,0.3399,1.0291,0,0.4102,0.5149,0.3812,1,0,0.0236,0,314,0,0,0.8333,0.394,0.2479,0.2204,2,0.4207,1.2704,0.0588,19,2,0,-0.2388,0,15,1.4355,0
CUST-00088,5,0,0.083,0,0.5717,0.3285,1.164,1,2.0033,0.0108,0,0,0,-0.1657,0,147,0,3,0.9284,-0.2062,0.3072,-0.2232,1,0.1638,1.4246,-0.0405,-37,0,9,0.0975,0,0,1.0635,0
CUST-00088,6,0,0.0831,2,0.5643,0.1753,1.0878,0,2.6343,0.5219,1.5675,0,0,-0.1214,0,219,0,0,0.7383,-1.2266,0.1087,0.1545,0,0.1254,1.6091,0.0891,-14,0,0,0.0417,0,0,1.4382,0
CUST-00088,7,0,-0.0476,4,0.7441,0.2636,0.8495,0,1.9435,0.3228,0,0,0,-0.3223,1,95,0,0,0.9114,0.3387,0.3865,0.0488,1,0.2872,0.7607,0.0632,5,0,29,-0.1095,0,0,1.8663,0
CUST-00088,8,0,0.2694,5,0.7153,0.0875,1.4482,0,2.3934,0.3108,0,0,0.0163,-0.0476,0,200,0,0,0.5926,-0.7413,0.1735,-0.15,0,0.6437,0.7383,-0.0643,-19,0,20,0.3293,0,0,1.3391,0
CUST-00088,9,0,-0.0087,5,0.6115,0.2354,0.8939,0,1.3881,0.1431,3.0323,0,0.0058,0.1707,0,93,0,0,0.8156,0.8439,0.1939,0.1312,0,0.2163,1.5227,0.1541,-3,0,9,-0.0298,0,14,1.4578,0
CUST-00088,10,0,0.0929,1,0.4972,0.2373,1.502,0,3.5499,0.3531,8.8075,0,0.0782,0.3505,1,264,0,1,0.9026,-0.3602,0.087,0.3699,0,0.5829,1.4228,0.0575,-14,0,6,0.0265,0,5,1.6261,0
CUST-00088,11,0,0.1083,4,0.9073,0.0173,1.8199,0,2.097,0.4694,1.5737,0,0.1355,0.1373,1,92,0,0,0.8812,0.8864,0.1096,-0.0894,0,0.4711,0.277,0.0765,-8,0,11,0.0787,0,3,0.9608,0
CUST-00089,0,0,0.1817,0,0.8056,0.2025,1.2716,0,2.4862,0.3738,1.3147,2,0.1347,-0.0393,0,108,0,0,0.9118,-0.2053,0,0.338,0,0.5577,1.7745,-0.1416,19,1,0,0.0372,0,0,1.3886,0
CUST-00089,1,0,-0.0111,3,0.1356,0.2966,0.8581,0,0.2941,0.0073,3.7292,0,0,0.1198,3,211,0,0,0.6744,-0.3698,0.2421,0.1742,1,0.3388,0.5086,-0.1886,-2,0,0,0.1245,0,0,1.5307,0
CUST-00089,2,0,0.2155,3,0.794,0.2747,1.5733,0,3.1557,0.1384,1.2774,1,0.0559,0.3002,0,249,0,0,0.8967,0.1585,0.2235,-0.0916,0,0.3357,0.2901,-0.1729,-18,0,11,-0.2284,0,3,1.68,0
CUST-00089,3,0,0.1581,0,0.5643,0.2132,1.467,0,2.6508,0.2719,2.2416,2,0.3358,0.1064,0,156,0,0,0.8911,0.0119,0.0646,-0.0912,1,0.3049,2.0273,-0.1184,25,2,6,-0.0032,0,0,1.2144,0
CUST-00089,4,0,-0.1087,7,0.4396,0.0704,1.3306,0,2.6415,0.2646,0.7751,0,0,0.0408,0,150,0,1,0.9396,0.5398,0.0544,0.4555,1,0.4388,1.0928,-0.1847,4,1,17,-0.0608,0,1,1.6624,0
CUST-00089,5,0,0.1227,3,0.0798,0.0801,0.473,0,2.7309,0.2218,4.2497,0,0.219,-0.0093,0,66,0,0,0.954,0.2976,0.0504,-0.1003,0,0.4151,1.3079,0.0904,20,1,0,0.305,0,1,1.2545,0
CUST-00089,6,0,0.1797,5,0.7443,0.1817,1.7175,0,2.5018,0.2828,3.6886,0,0.1548,-0.1065,1,261,0,0,0.8503,0.3948,0.0792,-0.2674,0,0.262,0.7943,-0.1889,13,1,0,0.1211,0,5,1.414,0
CUST-00089,7,0,-0.0722,5,0.4137,0.2654,1.1894,0,2.2956,0,0,2,0.1011,0.3233,0,173,0,0,0.8495,0.6368,0.248,-0.069,0,0.4249,2.0411,-0.0853,27,1,0,0.2707,0,2,1.1277,0
CUST-00089,8,0,0.3596,3,0.7554,0.3608,1.3784,1,3.6594,0.205,8.2148,0,0.2473,0.3528,0,212,0,0,0.6894,0.2247,0.1603,-0.1015,2,0.4087,0.2,-0.0443,32,0,4,0.0693,0,0,1.3033,0
CUST-00089,9,0,-0.1237,4,0.4975,0.2116,1.4821,0,1.1766,0.069,0.9701,1,0.0263,0.3214,0,180,0,1,0.9362,-0.1598,0.2799,-0.0355,0,0.5507,1.0976,0.0401,3,0,5,0.2167,0,0,1.6309,0
CUST-00089,10,0,0.217,4,0.9009,0.3229,1.2682,0,0.2,0.4268,0,0,0,-0.0475,0,237,0,0,1.1486,-1.2282,0.4034,0.2634,0,0.2364,0.5428,0.0068,16,1,11,-0.0111,0,0,1.2518,0
CUST-00089,11,0,0.2866,5,0.8323,0.2765,1.2451,0,4.3324,0.3634,6.1924,0,0.0521,-0.0884,0,100,0,0,0.8192,0.2156,0.2301,-0.2172,1,0.3793,1.3411,0.2049,0,1,0,0.1676,0,11,1.6406,0
CUST-00090,0,0,0.1396,2,0.9932,0.231,1.1542,0,2.434,0.1466,3.5827,0,0.0241,-0.1879,0,100,0,0,1.1735,0.7588,0.1126,0.1929,0,0.3899,1.611,-0.0504,-18,1,0,0.1131,0,14,1.2976,0
CUST-00090,1,0,0.1781,2,0.9993,0.3043,1.3166,0,1.1557,0.2134,2.8369,0,0,-0.0507,0,36,0,1,0.9118,0.6525,0.4009,-0.0244,0,0.4162,1.9218,0.0459,24,0,24,-0.2007,0,14,0.8027,0
CUST-00090,2,0,0.0653,0,0.3515,0.2497,0.989,1,1.2897,0.5496,0.4889,0,0,-0.1475,2,139,0,0,0.6881,0.3958,0.3141,-0.1554,1,0.3163,1.3675,0.2237,34,1,0,0.029,0,3,1.4511,0
CUST-00090,3,0,0.0165,4,0.1794,0.2266,1.1918,0,1.2079,0.1656,7.7763,0,0.1145,-0.0848,2,215,0,1,0.8993,-0.0728,0.015,0.2979,0,0.3133,1.0287,-0.0676,-45,2,0,-0.2571,0,0,1.1702,0
CUST-00090,4,0,0.0165,0,0.8471,0.2502,1.5431,0,0.9872,0.1883,1.7336,1,0.0035,0.1889,2,169,0,0,1.1546,0.8853,0.0956,0.2379,1,0.2861,1.7681,-0.1436,-4,0,15,0.5623,0,2,1.7088,0
CUST-00090,5,0,0.3297,6,0.789,0.2278,1.2978,1,3.4971,0.1728,6.1667,0,0.1221,-0.0864,0,122,0,0,0.666,-0.1413,0.3678,-0.2893,0,0.4223,0.2,-0.0371,3,0,10,0.1418,0,0,1.2892,0
CUST-00090,6,0,0.1939,0,0.5664,0.2276,1.1524,0,2.9809,0.3963,0,0,0,-0.0682,1,193,0,0,0.9103,0.9124,0.0102,-0.1958,0,0.5152,0.8126,-0.0693,-1,0,0,-0.1929,0,7,1.3617,0
CUST-00090,7,0,-0.0829,8,0.5001,0.2091,0.958,0,3.3091,0.0046,0,0,0.0122,0.1521,2,179,0,0,0.9752,1.286,0.3022,0.1744,0,0.4622,1.5027,-0.0324,-13,1,6,0.0906,0,0,1.8216,0
CUST-00090,8,0,-0.0301,4,0.4333,0.1469,0.942,0,3.9401,0.1025,2.3758,0,0.1431,0.203,0,197,0,0,1.0865,1.1703,0.1163,0.4132,1,0.486,0.7614,0.1983,1,1,32,0.1634,0,0,0.7715,0
CUST-00090,9,0,-0.1322,6,0.5518,0.3626,1.4735,0,1.5816,0.1943,2.1974,1,0.04,0.1743,0,134,0,2,0.7676,-1.059,0.1536,-0.0901,0,0.2847,1.3664,0.0132,-1,1,13,-0.099,0,0,1.7666,0
CUST-00090,10,0,-0.07,0,0.8872,0.1656,1.2099,1,0.6207,0.287,1.7391,1,0.0899,0.0782,1,246,0,0,0.8698,1.2192,0.2987,0.1033,1,0.4175,0.538,0.1241,-21,4,6,-0.0933,0,0,1.1644,0
CUST-00090,11,0,0.0211,0,0.7443,0.387,1.6446,0,1.7536,0.087,3.5794,1,0.1786,-0.0759,0,158,0,3,0.7993,0.1601,0.0222,0.0005,0,0.2744,1.5425,-0.1394,46,1,0,-0.282,0,5,1.2825,0
CUST-00091,0,0,0.0991,0,0.8931,0.2076,1.2823,1,0.9748,0.3515,0,0,0.3655,-0.0743,2,240,0,0,0.9967,0.6267,0,0.0582,0,0.2493,1.9444,0.042,-7,0,3,-0.0719,0,0,1.3397,0
CUST-00091,1,0,0.135,2,0.7002,0.2841,1.4279,0,4.3412,0.4039,0,0,0.0619,-0.0804,0,142,0,0,0.8133,-0.2431,0.1973,-0.2885,1,0.4134,0.2,0.037,-24,0,1,0.5036,0,0,1.4284,0
CUST-00091,2,0,0.0431,0,0.7131,0.1278,1.8428,0,2.9325,0.4497,0,2,0.1749,-0.1131,0,190,0,2,0.7268,0.3057,0,-0.2565,2,0.4656,0.3124,0.0894,20,0,0,0.19,0,9,1.6254,0
CUST-00091,3,0,0.0149,5,0.5339,0.1005,1.6337,0,1.6736,0.1719,0,0,0,-0.1481,0,158,0,0,1.124,0.1721,0.152,-0.0461,1,0.3877,1.1103,-0.1147,-9,1,0,0.1108,0,0,1.7243,0
CUST-00091,4,0,-0.2,0,0.1627,0.2986,1.7902,0,2.704,0.1184,4.3613,0,0.1494,-0.0534,0,136,0,0,0.7652,0.4866,0.5131,-0.0821,0,0.424,1.1251,0.131,20,1,4,0.099,0,9,1.178,0
CUST-00091,5,0,-0.08,0,0.5742,0.1823,1.3735,0,2.2393,0.2301,0.3834,0,0.0688,-0.1318,1,222,0,1,0.8063,-0.3558,0.2298,-0.1241,0,0.383,0.9085,0.0428,22,0,0,0.2542,0,0,1.5004,0
CUST-00091,6,0,0.0601,0,0.6373,0.0507,1.3975,0,1.1219,0.058,0.249,0,0.0874,0.0646,0,193,0,2,0.8173,0.3217,0.0743,-0.0338,0,0.5337,0.9394,0.1379,16,1,0,0.2251,0,0,1.2185,0
CUST-00091,7,0,0.1366,1,1.1745,0.3666,1.0577,0,1.8458,0.1451,2.3783,0,0.1512,0.2584,0,283,0,0,0.8447,0.3005,0.288,-0.1639,0,0.4683,1.3919,-0.1583,-11,0,0,-0.0544,0,5,1.2463,0
CUST-00091,8,0,0.0646,5,0.3808,0.2483,1.2921,0,2.0309,0.2658,0,0,0,0.1654,0,215,0,2,0.9911,0.3866,0,0.164,0,0.2575,1.1855,0.0491,-21,1,0,-0.1143,0,0,1.1154,0
CUST-00091,9,0,0.0556,5,0.733,0.0157,1.4726,0,2.9724,0.2289,0,0,0.1024,-0.2019,0,287,0,2,0.6372,0.7638,0.2396,0.136,0,0.5844,0.5999,-0.0464,21,1,0,0.0119,0,9,0.9613,0
CUST-00091,10,0,0.1623,7,0.4994,0.135,1.62,0,2.2824,0.3339,1.6217,0,0.0853,0.0454,0,193,0,2,0.9406,-0.4885,0.2593,0.0216,1,0.3327,1.74,-0.0194,13,0,0,-0.0991,0,3,1.8339,0
CUST-00091,11,0,0.3374,1,0.6502,0.1571,1.3282,0,1.955,0.0944,0.1889,0,0,-0.2,1,111,0,2,0.9898,-0.482,0.0304,-0.2474,0,0.3018,1.5766,-0.1758,15,0,0,-0.3338,0,3,1.437,0
CUST-00092,0,0,-0.0501,0,1.0785,0.3063,1.4088,0,1.9555,0,3.7818,0,0.1878,-0.104,0,171,0,1,0.8326,0.245,0.2797,0.0679,0,0.2882,1.5112,-0.015,4,0,0,-0.1349,0,9,1.4962,0
CUST-00092,1,0,0.1521,6,0.6407,0,1.6158,0,3.6616,0.2247,5.4205,0,0.1681,-0.0193,0,189,0,0,0.8413,0.8393,0.325,-0.0949,0,0.3617,0.3343,0.1777,11,0,0,0.0804,0,7,1.5951,0
CUST-00092,2,0,0.2652,3,0.01,0.1456,0.412,0,4.1412,0.3388,0,0,0,-0.119,1,143,0,1,0.7918,-0.1551,0.301,0.0083,0,0.3924,0.5761,0.0261,2,2,0,-0.1084,0,21,1.4006,0
CUST-00092,3,0,-0.0059,4,0.6274,0.3029,1.2371,0,3.6462,0.2738,0,0,0.2379,-0.0786,0,161,0,1,0.7518,-1.0998,0.0955,0.1152,1,0.1314,1.9312,-0.0064,25,0,0,-0.0992,0,0,1.6084,0
CUST-00092,4,0,-0.1974,4,0.6431,0.2251,1.4486,0,2.5852,0.1214,1.9337,0,0.1993,-0.1026,2,190,0,0,0.7857,-0.4622,0.2219,-0.0152,0,0.4779,0.4819,0.094,-13,1,9,0.315,0,17,1.3042,0
CUST-00092,5,0,0.124,0,0.7012,0.1638,1.1779,0,1.4057,0.236,0,0,0,0.2657,0,273,0,0,1.047,1.3189,0.0665,0.2417,0,0.2516,0.8486,0.0765,0,0,2,0.2329,0,22,1.7943,0
CUST-00092,6,0,0.021,4,0.0111,0.2438,1.3033,0,1.693,0.1772,1.99,1,0,-0.0032,0,118,0,0,0.9958,-0.9992,0.1749,-0.0149,0,0.3852,1.1982,0.099,-8,0,0,0.1098,0,8,1.1778,0
CUST-00092,7,0,0.004,2,0.4493,0.1924,1.2643,1,4.347,0.1521,3.0463,0,0.0921,0.204,0,104,0,0,0.9303,-1.4627,0.3607,0.3765,0,0.4983,1.565,-0.0283,8,0,0,0.0296,0,9,1.1085,0
CUST-00092,8,0,0.078,6,0.2535,0.2334,0.9389,0,4.1864,0.4737,1.6814,0,0.1239,0.2366,0,201,0,0,0.6416,0.6048,0.27,-0.3476,0,0.299,0.8906,-0.0509,0,1,0,0.181,0,0,1.3231,0
CUST-00092,9,0,0.294,5,0.5822,0.2011,1.0407,1,4.2451,0.4293,0,0,0.0311,-0.2156,0,114,0,0,0.9149,-0.2269,0.0963,0.0246,0,0.4574,0.6951,-0.0314,65,0,0,0.0669,0,1,1.33,0
CUST-00092,10,0,0.0172,0,1.1217,0.1133,1.6602,0,1.47,0.3307,3.1387,0,0.0872,0.0579,1,222,0,0,1.0329,1.4537,0.1393,0.1275,1,0.1706,0.2951,0.2529,-46,0,16,-0.1634,0,8,1.0133,0
CUST-00092,11,0,0.0964,1,0.5022,0.1089,1.5706,0,2.3035,0.1728,0,0,0.1609,0.002,0,132,0,0,0.8232,0.7642,0.3081,-0.1107,0,0.1,0.2063,-0.1888,8,1,7,-0.058,0,13,1.6256,0
CUST-00093,0,0,0.1653,1,0.6361,0.1617,0.1974,0,1.8333,0.1963,2.581,0,0.2849,0.2964,0,118,0,0,0.9257,-0.3933,0.2584,-0.0555,1,0.3001,0.5444,0.1549,18,0,0,0.1908,0,2,1.5558,0
CUST-00093,1,0,0.0711,1,1.0225,0.2418,1.3343,0,0.8273,0.3051,4.5991,1,0,0.12,1,237,0,0,0.8563,0.4436,0.3052,-0.0359,0,0.1828,1.317,-0.3411,11,0,0,0.188,0,0,1.5164,0
CUST-00093,2,0,-0.0171,7,0.2194,0.2715,1.3226,0,1.8555,0.1507,4.6768,0,0.0614,0.2693,0,206,0,2,0.8303,-0.4061,0.1732,0.1414,1,0.3624,0.9412,-0.1157,18,1,0,0.1642,0,0,1.2035,0
CUST-00093,3,0,-0.1757,4,0.3469,0.23,1.6871,0,0.5981,0.5162,5.1408,0,0.1338,-0.0244,0,145,0,1,1.1274,-0.5044,0.3198,0.3394,0,0.2747,0.8183,0.0578,37,0,10,-0.1151,0,0,1.2634,0
CUST-00093,4,0,-0.1498,3,1.3117,0.1045,0.9668,0,0.5106,0.5006,2.0844,0,0.084,-0.0149,0,77,0,0,0.7758,-0.751,0.3199,0.0457,0,0.3241,0.5953,0.0427,-5,1,0,-0.2521,0,0,1.4018,0
CUST-00093,5,0,0.1962,3,0.5344,0.1382,1.6507,0,2.5127,0.1522,0.8299,1,0,-0.2322,0,210,0,0,0.8705,0.2505,0.1655,-0.0287,0,0.4657,0.3436,0.0609,15,0,5,0.3231,0,0,1.4295,0
CUST-00093,6,0,0.0221,3,0.4217,0.1106,1.0998,1,1.3646,0.191,8.7248,2,0.0537,-0.1159,0,231,0,1,1.1496,-0.8383,0.0163,0.0503,0,0.2134,1.5917,-0.0296,-10,0,0,-0.1133,0,0,1.3038,0
CUST-00093,7,0,0.3633,10,0.7875,0.2317,1.4971,0,0.2,0.2598,0,0,0,-0.1032,0,195,0,0,0.9842,0.0662,0.1532,-0.0256,0,0.5322,0.354,0.0349,-31,1,13,0.0579,0,16,1.8927,0
CUST-00093,8,0,0.0242,3,0.4794,0.0209,0.7325,0,2.7625,0.3323,0,1,0.0214,0.0308,0,263,0,1,0.6671,0.0243,0.4463,-0.0828,0,0.2733,1.2661,0.112,21,0,0,-0.022,0,6,1.1614,0
CUST-00093,9,0,0.1539,1,0.8848,0.2059,1.3111,1,0.7672,0.5652,0.689,0,0.1589,-0.1728,0,100,0,2,0.8785,0.3552,0.2473,-0.2248,0,0.2092,0.8218,-0.0383,8,1,10,0.3104,0,0,1.2976,0
CUST-00093,10,0,-0.0757,3,0.6696,0.0866,1.7599,0,2.4785,0.1691,0,1,0.2713,0.3921,0,206,0,0,0.999,-0.6983,0.0259,-0.1228,1,0.4916,1.537,-0.0379,22,0,0,0.2108,0,9,1.2097,0
CUST-00093,11,0,0.0473,4,0.2283,0.3513,1.1883,1,2.0009,0.0419,0,1,0.1398,-0.0264,1,226,0,0,1.0481,0.0874,0.1599,-0.0709,1,0.2686,1.5384,0.1172,0,2,41,0.0179,0,0,1.2198,0
CUST-00094,0,0,0.0168,0,0.4462,0,1.5983,0,1.5371,0.1757,2.8756,0,0,-0.1209,0,255,0,1,0.755,-0.2492,0.2451,-0.1926,1,0.2675,0.2188,0.0909,17,1,0,0.2737,0,0,1.353,0
CUST-00094,1,0,0.1427,1,1.0815,0.209,1.3511,0,1.9082,0.3023,0.407,0,0.3511,-0.3715,0,151,0,0,0.8369,-1.2216,0.0363,0.0296,1,0.3714,0.5806,0.0822,0,0,0,-0.1158,0,15,1.1543,0
CUST-00094,2,0,0.0426,0,0.5253,0.0137,0.606,1,0.4614,0.0459,0.6421,2,0,-0.0957,0,167,0,0,0.9052,1.2213,0.1931,0.1035,0,0.4379,0.4673,-0.0979,1,0,0,0.16,0,3,1.2017,0
CUST-00094,3,0,0.0858,0,0.6687,0.2365,1.3484,0,1.8002,0.4779,1.2615,0,0.1405,-0.239,0,109,0,0,1.1122,-0.4526,0.3464,0.3809,2,0.1503,1.4141,0.0415,10,2,0,0.0642,0,0,0.9341,0
CUST-00094,4,0,-0.0483,6,0.6204,0.1172,1.7844,0,2.8518,0.3477,2.458,0,0.1392,-0.1172,0,263,0,0,0.7572,-0.4282,0.2195,0.1351,1,0.4024,1.5797,-0.1117,-18,0,10,-0.1188,0,19,1.5836,0
CUST-00094,5,0,0.0441,4,1.0377,0.1392,1.1333,1,1.8122,0.2574,3.1537,1,0.2172,0.0579,0,206,0,2,0.8897,-0.0992,0.3731,0.0098,0,0.3796,1.5357,-0.1382,-6,0,0,-0.1574,0,7,1.2631,0
CUST-00094,6,0,-0.095,4,0.4833,0.3026,1.4798,0,2.8169,0.4678,0,1,0,-0.0078,0,118,0,0,0.5817,-1.2608,0.2428,-0.0865,2,0.3447,1.124,0.027,16,0,0,0.1069,0,8,1.5254,0
CUST-00094,7,0,0.0206,0,0.2164,0.2263,1.3807,0,2.8364,0.2029,3.042,0,0.0236,-0.0743,1,174,0,0,0.8972,-0.8905,0.2986,0.088,0,0.3451,1.1282,-0.0607,-12,0,0,0.1795,0,0,1.3636,0
CUST-00094,8,0,0.0902,3,0.6799,0.249,1.4705,0,3.0032,0.3921,0,0,0.1765,0.3462,0,207,0,1,0.754,-0.6453,0.0955,-0.0779,0,0.4224,1.753,0.0434,-16,0,3,0.0733,0,6,1.0529,0
CUST-00094,9,0,0.155,4,0.3237,0.3186,1.0936,0,2.5532,0.1794,4.6007,0,0,0.0147,0,71,0,1,0.809,0.6599,0.2772,0.1544,1,0.1046,1.2202,-0.1692,21,1,0,-0.1685,0,0,0.9287,0
CUST-00094,10,0,0.0308,4,0.8961,0.213,1.7899,0,3.0797,0.2017,0,1,0,-0.3224,0,214,0,0,1.0305,-0.8262,0.2986,-0.202,0,0.3365,1.6099,-0.1707,8,1,8,0.1989,0,0,1.3899,0
CUST-00094,11,0,-0.0451,1,0.5263,0.1466,1.0393,0,0.2,0.3907,1.2203,2,0,0.3704,0,269,0,0,0.7081,0.0077,0.1712,0.1892,2,0.4056,1.9222,-0.0628,54,0,0,0.0108,0,0,1.7444,0
CUST-00095,0,0,0.2775,4,0.674,0.2873,1.1071,0,0.2,0.4382,0.4986,0,0,0.0047,0,250,0,2,1.0512,0.7711,0.2223,-0.0477,0,0.4264,0.8128,0.0247,13,1,29,0.3252,0,10,1.3764,0
CUST-00095,1,0,0.0569,3,0.3967,0.2215,1.6705,0,1.1915,0.6306,0,1,0,-0.0269,0,193,0,0,0.6355,0.7791,0.0188,-0.3819,0,0.3735,2.4586,-0.0876,12,3,0,-0.0933,0,6,1.1869,0
CUST-00095,2,0,-0.0705,1,0.915,0.291,0.944,0,1.087,0.2523,0.6736,0,0,0.3667,1,168,0,0,0.9263,-0.427,0.2522,-0.4,0,0.4188,1.5658,-0.0038,-32,0,0,-0.4152,0,16,1.4842,0
CUST-00095,3,0,-0.135,3,0.2325,0.1783,0.7797,0,2.5519,0.1092,2.4119,0,0.1157,-0.1976,0,133,0,2,0.7775,2.0261,0.2148,0.1376,0,0.3239,0.564,-0.079,0,3,0,-0.1479,0,0,1.7229,0
CUST-00095,4,1,0.4244,7,0.3495,0.148,0.9803,1,5.2419,0.3629,7.3139,2,0.1076,0.2313,0,93,0,0,0.9188,0.7572,0.2687,0.6968,1,0.5413,1.7957,-0.044,21,2,47,0.1135,0,37,1.2698,0
CUST-00095,5,1,0.6807,10,0.5138,0.4622,0.3581,2,5.3764,0.7099,17.7596,2,0.5052,0.739,2,-26,0,2,1.4042,2.0735,0.4111,0.3196,4,0.4084,2.2824,0.1668,31,4,50,0.3329,1,39,0.5317,0
CUST-00095,6,1,0.5671,19,0.01,0.3892,0.0641,2,6.3093,0.8361,21.4071,3,0.3266,0.4651,3,-43,1,3,1.3001,1.7019,0.7194,0.4094,3,0.6888,2.6622,0.2162,61,4,65,0.4834,1,58,0.6136,0
CUST-00096,0,0,0.2371,4,0.4439,0.1618,1.1457,0,0.75,0.3752,1.4004,1,0,0.0105,0,182,0,0,0.6439,-0.0671,0.3481,0.0876,0,0.5682,1.2496,0.0465,40,1,0,-0.0315,0,0,1.4699,0
CUST-00096,1,0,0.0617,1,0.8003,0.2325,1.3408,0,2.4036,0.2574,3.4668,0,0.1466,-0.2305,0,114,0,0,0.632,-1.4261,0.266,0.1228,1,0.3262,1.6699,-0.0465,-32,0,0,0.0671,0,0,1.827,0
CUST-00096,2,0,0.0625,0,0.704,0.0418,1.6303,0,3.8411,0.1212,2.7477,1,0.0714,0.0247,0,125,0,1,0.8333,0.924,0.4177,-0.2435,0,0.5048,0.475,-0.1944,-7,0,33,-0.0834,0,0,0.8903,0
CUST-00096,3,0,0.0922,0,0.6452,0.2034,1.0337,0,2.9776,0.4545,0,0,0.0228,-0.212,0,172,0,0,0.7223,0.7155,0.1337,0.0417,0,0.4785,1.7355,-0.0097,19,2,13,0.1631,0,0,1.0842,0
CUST-00096,4,0,0.0842,0,0.5719,0.1808,2.0121,0,2.4868,0.25,2.6972,0,0.2958,0.129,0,164,0,3,0.5487,0.7998,0.1467,-0.1773,0,0.373,1.4692,-0.068,1,0,17,-0.0196,0,2,0.8973,0
CUST-00096,5,0,0.072,5,0.6422,0.0515,1.3266,0,2.7774,0.5012,0.348,0,0.1645,0.1243,0,252,0,1,0.7137,0.7775,0.0854,-0.0415,0,0.2829,0.7779,-0.0729,15,1,0,0.3581,0,0,1.6068,0
CUST-00096,6,0,0.2135,2,1.0517,0.194,1.028,0,4.0927,0.239,0.5721,0,0.0339,0.1145,0,262,0,1,1.0478,-0.2598,0.1567,0.5357,0,0.5758,1.3903,-0.0642,20,2,0,0.2235,0,0,1.3556,0
CUST-00096,7,0,-0.0605,5,0.9072,0.1603,1.1499,0,2.1661,0.3472,1.2715,0,0,0.0008,0,263,0,0,1.1857,0.2445,0.3818,-0.0636,1,0.3178,1.6697,0.0619,1,1,0,-0.0052,0,4,1.6578,0
CUST-00096,8,0,0.2252,4,0.3103,0.088,0.8658,2,1.9304,0.0501,0,0,0,-0.2691,0,180,0,0,0.7433,0.8948,0.165,0.1206,0,0.2222,0.4488,-0.1089,9,0,0,0.3814,0,0,1.2501,1
CUST-00096,9,0,-0.15,0,0.793,0.313,0.8135,0,1.5987,0.5735,0.3797,0,0.0014,0.315,0,210,0,2,1.2096,0.4489,0.2951,0.0516,0,0.508,1.6326,-0.0313,1,1,11,-0.0503,0,0,1.6165,0
CUST-00096,10,0,0.0738,4,0.1271,0.0991,1.3975,0,0.2023,0.5139,4.6532,1,0.0626,0.1557,0,182,0,0,0.7773,-0.7024,0.1377,0.1928,0,0.4633,1.0801,0.0882,40,1,19,0.1354,0,14,1.5877,0
CUST-00096,11,0,0.0373,4,0.8534,0.3075,1.0316,0,2.1328,0.0144,0.7078,0,0.0304,-0.2837,0,232,0,0,0.8847,0.4942,0.3235,0.0391,0,0.6036,2.1613,-0.1607,-24,0,0,0.0364,0,14,1.3895,0
CUST-00097,0,0,-0.1844,6,0.1564,0.2044,1.4603,0,1.6559,0.1102,2.3318,1,0.0896,-0.054,0,113,0,2,0.5387,0.3332,0.2468,0.3595,0,0.3111,1.1298,0.0374,-30,0,0,-0.1023,0,0,1.3024,0
CUST-00097,1,0,0.1254,4,0.2319,0.1111,1.2337,0,1.9023,0.0681,3.6308,0,0,-0.066,2,206,0,1,0.4955,-0.0955,0.2785,0.0453,0,0.5045,0.8545,-0.0487,-3,0,0,0.0358,0,0,0.9804,0
CUST-00097,2,0,-0.0391,3,0.4145,0.2233,1.2345,1,0.5109,0.3353,1.3413,0,0.2791,-0.2419,0,221,0,2,1.1239,-0.1487,0.3059,-0.2375,0,0.2988,1.5012,-0.0764,3,0,3,0.282,0,0,1.2902,0
CUST-00097,3,0,-0.0462,9,0.4834,0,1.2792,0,2.8544,0.3313,6.6001,0,0.0764,0.2735,0,183,0,0,0.9343,0.0727,0.1978,0.0538,0,0.483,1.3714,0.0189,-11,0,9,0.1098,0,8,1.5999,0
CUST-00097,4,0,-0.1547,3,0.5478,0.2232,1.2334,0,1.3925,0,0,1,0.0953,0.1277,1,210,0,2,0.6876,0.5449,0.0509,0.1082,1,0.3897,0.9257,-0.0388,-24,0,20,-0.1864,0,0,1.0321,0
CUST-00097,5,0,0.0779,11,1.166,0.3298,1.1889,0,3.2208,0.0207,1.509,0,0.1601,0.1328,2,114,0,0,1.1194,0.0393,0.1286,0.4064,0,0.4151,1.7401,-0.0878,7,0,0,-0.3119,0,2,1.495,0
CUST-00097,6,0,0.0278,1,0.0768,0,1.3771,0,1.4397,0.2276,0,1,0,-0.1684,0,155,0,2,0.9522,0.497,0.1436,0.0174,1,0.3019,1.1019,-0.0662,-13,0,14,-0.1001,0,0,1.4768,0
CUST-00097,7,0,0.4446,5,0.4632,0.0638,1.287,0,2.633,0.2715,1.9255,1,0.1288,-0.0618,0,135,0,0,0.6819,0.4631,0.3547,-0.0662,0,0.1372,1.8576,0.0228,0,0,0,0.0773,0,0,1.5244,0
CUST-00097,8,0,0.1528,1,0.7324,0.174,1.5184,0,2.3831,0.2178,0,0,0.0684,0.1477,0,151,0,1,0.9775,0.4707,0.469,-0.0535,0,0.1587,0.7838,0.0026,-7,1,6,0.0851,0,0,1.2041,0
CUST-00097,9,0,0.0197,7,0.01,0.1478,1.1812,0,1.4912,0.3255,1.0319,0,0.0142,-0.1165,0,254,0,0,0.8167,-0.0142,0.1426,-0.1581,0,0.2829,0.3612,0.0488,16,0,6,-0.3356,0,31,1.2692,0
CUST-00097,10,0,0.172,2,1.1642,0.1543,1.3108,0,3.5683,0.2421,0.1728,0,0.0626,-0.2929,0,218,0,0,0.9899,-0.1716,0.1703,0.3003,3,0.3321,0.4874,-0.0427,-27,2,0,-0.0847,0,0,0.9376,0
CUST-00097,11,0,0.1228,5,0.5806,0.1862,1.3704,0,0.3347,0.1314,3.3488,0,0.0412,0.19,0,95,0,0,0.7776,0.8802,0.1127,0.174,0,0.4797,0.919,-0.0999,2,2,3,0.2349,0,0,1.348,0
CUST-00098,0,0,0.0321,0,0.3736,0.2351,1.3632,0,3.0042,0.251,0.1738,0,0.0344,-0.0683,0,147,0,2,0.4356,-0.8621,0.3257,0.0027,3,0.5651,0.547,-0.0453,5,1,0,0.074,0,0,1.4464,0
CUST-00098,1,0,-0.0236,4,0.6274,0,1.2782,1,0.8685,0.1553,0,1,0,0.1433,0,159,0,0,0.6899,-0.4032,0,0.2448,0,0.453,0.2,0.1318,-10,0,1,0.0378,0,3,1.1602,0
CUST-00098,2,0,-0.0838,3,0.5261,0.2501,1.2983,0,0.2,0.28,0.9755,1,0.0166,-0.2349,0,254,0,0,1.0656,0.351,0.1773,0.058,0,0.5175,0.3275,0.0003,-32,0,5,0.0824,0,0,1.3937,0
CUST-00098,3,0,0.2326,0,0.4458,0.1523,0.7283,1,1.2509,0.2125,5.8972,2,0,-0.0925,0,59,0,1,0.9866,0.0373,0.2565,0.2182,0,0.4934,1.5379,-0.0284,-23,1,0,0.0809,0,0,1.4751,0
CUST-00098,4,0,0.023,2,0.9198,0.0957,0.9795,0,3.0092,0.1391,0,0,0,0.058,0,150,0,0,0.9853,-0.1258,0.2303,0.021,0,0.3673,0.2,0.0829,-29,1,23,-0.1753,0,0,1.773,0
CUST-00098,5,0,0.1441,10,0.4261,0.1643,0.8563,0,2.1027,0.0762,0.6115,0,0.0551,-0.1638,1,183,0,0,0.8079,1.1474,0.1548,-0.0195,0,0.4377,0.2,0.0512,-2,0,0,-0.0025,0,0,1.4119,0
CUST-00098,6,0,-0.0027,1,0.53,0.3211,1.2639,1,3.1403,0,0.2893,2,0.0804,0.1952,1,145,0,0,0.831,0.2799,0.1349,-0.1367,0,0.4262,1.3811,0.0074,5,0,7,0.1194,0,0,0.9467,0
CUST-00098,7,0,0.1481,3,0.6419,0,1.3818,1,0.5271,0.1978,0,0,0.0234,-0.1083,1,80,0,0,0.7541,-0.3096,0.076,-0.0921,0,0.2799,0.5592,0.0041,4,0,33,-0.4315,0,8,0.9331,0
CUST-00098,8,0,0.2422,3,0.4588,0.0691,1.4778,1,0.8796,0.2597,0,0,0.1068,-0.131,0,178,0,0,0.8116,-0.2167,0.2709,-0.3187,1,0.1,1.6737,-0.051,-28,0,0,0.0616,0,0,1.7979,0
CUST-00098,9,1,0.2555,11,0.6011,0.2217,0.7558,0,5.1694,0.3332,12.6853,1,0.1552,-0.0859,0,149,0,0,0.8128,0.1317,0.3882,0.2323,1,0.5427,0.722,-0.0391,4,0,34,-0.1272,0,22,1.2825,0
CUST-00098,10,1,0.1842,11,0.01,0.5015,0.5883,0,6.0397,0.4582,16.3086,3,0.3579,0.3825,3,71,0,4,1.3688,0.2255,0.4899,0.0881,1,0.8848,2.907,-0.1427,75,3,45,0.4102,2,47,0.9387,0
CUST-00098,11,1,0.5013,17,0.01,0.5981,-0.2881,2,8.8038,0.7322,19.6987,3,0.8261,0.5934,4,-40,0,6,1.6271,1.6598,0.4892,0.7201,2,0.8021,2.9408,0.3743,73,4,62,0.8666,0,67,0.8081,1
CUST-00099,0,0,0.0296,0,0.5405,0.1118,1.4942,0,1.8662,0.1718,2.6838,0,0.1555,0.4519,1,232,0,0,0.8311,0.928,0.101,0.0198,0,0.3013,1.3821,0.0941,-24,2,0,0.1465,0,8,1.2576,0
CUST-00099,1,0,0.2277,0,0.6269,0.1264,1.1098,0,3.9009,0.312,2.0718,0,0.092,0.2165,0,206,0,3,0.8672,-0.0901,0.1993,0.4941,0,0.2084,1.9922,-0.0284,22,0,0,0.307,0,19,1.4886,0
CUST-00099,2,0,0.1386,2,0.441,0.1136,1.096,0,2.6192,0.339,2.0863,0,0.2501,0.0588,0,132,0,1,0.6979,-0.0667,0.1535,-0.1671,0,0.4471,0.4812,0.0873,-32,1,19,0.2688,0,0,0.9957,0
CUST-00099,3,0,0.2369,0,1.0269,0.1198,0.896,0,0.6929,0.0973,0,0,0,-0.364,0,234,0,0,0.7681,0.5149,0.2529,0.0268,1,0.4914,0.7122,-0.1101,10,0,0,0.2011,0,0,1.578,0
CUST-00099,4,0,0.1414,6,0.9123,0.2521,1.3918,0,1.4682,0.4664,0.8824,1,0.2458,-0.2776,2,168,0,0,0.7884,0.1933,0.1496,-0.024,1,0.4324,1.3157,-0.146,-13,0,5,-0.0641,0,10,1.2357,0
CUST-00099,5,0,0.2091,1,0.1761,0.316,1.2026,0,0.2,0.0776,3.4343,1,0.0982,-0.0072,1,174,0,3,1.1042,0.2015,0.2825,0.0486,0,0.3825,1.2037,0.0504,3,0,11,0.251,0,0,1.068,0
CUST-00099,6,0,-0.0663,1,0.8448,0.0063,1.5296,1,4.1601,0.0449,0,0,0,-0.2612,0,232,0,1,0.8171,0.5653,0.0369,0.2452,0,0.2209,0.4214,0.0012,5,2,0,-0.0403,0,25,1.5479,0
CUST-00099,7,0,0.1193,7,0.5932,0.2125,1.5449,0,0.3832,0.1309,1.3868,0,0.0193,0.1519,2,205,0,1,0.967,-0.1748,0.2382,-0.2141,0,0.4789,1.3536,0.0019,27,4,4,0.0773,0,0,1.5182,0
CUST-00099,8,0,0.101,0,0.8486,0.1512,1.5111,1,0.9592,0.4967,0,1,0.0128,-0.0973,0,123,0,0,0.6194,0.7778,0.3603,0.0595,0,0.3506,1.7568,0.0983,-50,0,0,0.0027,0,25,1.5549,0
CUST-00099,9,0,0.221,8,0.5558,0.2196,2.0698,1,5.1733,0.1994,5.2827,1,0,0.2737,0,54,0,0,0.8819,-0.6719,0.1039,-0.26,0,0.392,1.275,-0.0001,-10,0,0,0.0647,0,7,1.3605,0
CUST-00099,10,0,0.0551,0,0.681,0.2666,1.8314,0,2.2392,0.2984,4.7899,0,0.0833,-0.1405,0,206,0,0,0.75,-1.038,0.1329,-0.4,0,0.4384,1.5148,-0.0803,-4,0,0,0.2339,0,3,1.5506,0
CUST-00099,11,0,0.1025,1,0.4863,0.1914,1.5504,0,0.5959,0.3063,0,1,0.1293,-0.0041,0,113,0,1,0.7346,0.6509,0.1877,-0.2215,1,0.2339,0.3393,0.0346,9,0,3,-0.1949,0,0,1.2995,0
CUST-00100,0,0,0.3195,3,0.2423,0.3159,1.3966,1,2.2413,0.483,0,0,0.0321,-0.0602,0,93,0,0,0.7696,0.9015,0.1516,0.0358,0,0.4222,1.5399,-0.0086,2,0,21,-0.23,0,0,1.7454,0
CUST-00100,1,0,-0.2,2,0.6769,0.1745,1.0539,0,3.1071,0.4995,2.2621,0,0.0246,0.0919,0,186,0,2,0.9345,1.198,0.1445,0.1,0,0.4713,1.167,-0.0128,-12,0,12,-0.1466,0,1,0.8624,0
CUST-00100,2,0,-0.0402,0,0.8744,0.1675,1.3104,0,0.535,0.1872,2.143,1,0.1657,-0.0492,2,172,0,1,1.0827,-0.0333,0.2403,0.2264,0,0.5505,1.1804,-0.0356,-12,1,4,0.0696,0,0,1.1326,0
CUST-00100,3,0,-0.0786,1,0.7756,0.316,1.1094,0,0.7071,0.1545,2.0486,1,0,-0.2705,0,235,0,1,0.7336,-2.6736,0,-0.131,0,0.3294,1.5616,0.1796,24,1,0,0.2116,0,0,1.4989,0
CUST-00100,4,0,0.0414,0,0.4127,0.1791,1.8766,0,3.4412,0.3891,0,0,0.1782,-0.0587,0,161,0,0,0.9283,-0.3268,0.1804,-0.0466,0,0.3261,1.0976,0.0007,20,1,3,0.4225,0,0,1.4133,0
CUST-00100,5,0,0.1776,1,0.5715,0.1518,1.3688,1,1.1928,0.4944,4.3479,2,0.121,-0.1899,2,154,0,3,0.8275,-0.6552,0.2398,-0.0477,0,0.3971,1.1192,-0.1037,8,1,0,-0.2488,0,13,0.7853,0
CUST-00100,6,0,-0.0602,4,0.6168,0.2182,0.9293,1,2.8153,0.3877,0,0,0.048,0.2087,0,281,0,1,0.9351,0.4793,0.098,0.0804,0,0.4132,2.1349,0.0745,41,2,0,0.5753,0,0,0.9842,0
CUST-00100,7,0,0.0788,7,0.9231,0.2955,1.2662,0,1.3653,0.1951,1.8053,0,0.0428,0.0091,0,193,0,0,0.828,0.6747,0.1448,-0.2173,2,0.3397,1.2471,0.0421,-17,3,6,0.1398,0,4,1.457,0
CUST-00100,8,0,0.2889,0,0.2765,0.2861,1.6183,0,4.7876,0.3219,1.3118,0,0.0227,0.1658,0,128,0,0,0.6646,0.3401,0.1214,0.1021,0,0.4236,1.3175,0.0555,-9,0,24,0.2756,0,12,1.8797,0
CUST-00100,9,0,-0.0213,0,0.8954,0.2875,1.508,1,1.6835,0.3677,0.7637,0,0.0624,0.0656,3,149,0,0,0.4744,0.036,0.2229,0.0641,0,0.4475,1.0424,-0.1174,5,0,8,0.1754,0,0,1.3255,0
CUST-00100,10,0,0.0299,3,0.5717,0.1425,1.7097,0,1.8836,0.5329,6.3066,1,0.1477,-0.0806,0,58,0,1,0.5454,0.2807,0.4498,-0.1744,0,0.2965,1.9352,0.052,22,0,0,-0.1552,0,1,1.4962,0
CUST-00100,11,0,-0.0992,7,0.7834,0.3098,1.3869,0,0.2,0.3652,0.1019,0,0,-0.0696,2,203,0,0,0.698,-0.4137,0.0987,0.3023,0,0.3026,1.1126,0.0288,7,0,12,-0.0962,0,0,1.7134,0
CUST-00101,0,0,-0.1071,2,0.5293,0,1.0514,1,2.9097,0.2525,4.3767,0,0,0.0709,1,151,0,0,0.6172,-0.5247,0.2844,-0.3072,1,0.3367,2.0989,0.1106,2,0,10,-0.0057,0,0,0.8681,0
CUST-00101,1,0,0.1145,2,0.7665,0.2966,1.7045,0,0.722,0.3961,1.4232,0,0,0.0831,0,279,0,0,0.785,1.2044,0.2842,0.2835,0,0.6864,1.9603,-0.0518,-6,0,0,-0.3806,0,8,1.538,0
CUST-00101,2,0,0.0868,5,0.4421,0.2434,1.1412,0,2.3167,0.2018,0.064,0,0,-0.2906,0,89,0,0,0.7533,-0.3502,0,0.1419,1,0.5739,1.97,-0.0293,6,0,0,0.0445,0,0,1.1821,0
CUST-00101,3,0,0.2186,2,0.3789,0.2396,1.0304,0,1.7532,0.1787,2.4039,2,0,-0.0274,0,264,0,3,0.9367,-0.3646,0.0723,-0.0504,1,0.3399,1.0887,-0.0143,-9,0,6,-0.0475,0,16,1.0631,0
CUST-00101,4,0,0.019,0,0.5811,0.2454,1.4473,1,0.3375,0.1074,4.0968,0,0,0.1669,1,169,0,1,0.6703,-0.2306,0.1148,0.0934,0,0.47,1.3549,0.1125,-9,1,11,-0.2965,0,0,1.3026,0
CUST-00101,5,0,0.1234,7,0.5769,0.1569,1.6487,0,4.0427,0.2542,0,0,0,-0.2556,1,107,0,1,0.7916,-0.3496,0.0828,0.2273,0,0.2915,2.5634,0.1568,31,0,26,0.1452,0,0,1.8686,0
CUST-00101,6,0,-0.1169,1,0.0717,0.3717,0.7496,1,1.7151,0.0412,0,0,0,-0.1231,2,-39,0,0,0.9519,0.6895,0.1671,0.0317,1,0.3666,0.6578,0.2123,-21,0,11,0.1041,0,0,1.6515,0
CUST-00101,7,0,0.0241,0,0.336,0.2545,1.1937,1,0.2,0.3616,0,0,0,-0.2903,0,87,0,2,0.6723,1.0846,0.0501,0.0382,0,0.3181,0.9997,-0.165,-13,0,11,0.3619,0,0,1.4498,0
CUST-00101,8,1,0.222,12,1.009,0.3156,0.8075,0,4.2283,0.6142,10.8333,1,0.2111,0.3228,1,121,0,1,0.7511,-0.2058,0.5646,0.2522,1,0.3283,3.5836,0.1654,36,2,1,0.5404,0,10,1.3345,0
CUST-00101,9,1,0.2501,12,0.3525,0.4067,0.8734,2,5.3947,0.5459,17.5282,2,0.309,0.3526,1,116,1,3,1.257,0.1675,0.3868,0.3223,1,0.6354,2.6936,0.1733,24,0,55,0.8738,0,41,0.7294,1
CUST-00101,10,1,0.5821,20,0.2331,0.6075,-0.5118,3,4.4357,0.5679,25.1583,3,0.6363,0.729,3,-77,1,6,1.3472,2.1309,0.6379,0.1381,3,0.9434,3.0297,0.3065,63,3,71,0.6778,2,38,0.4,1
CUST-00102,0,0,0.1073,1,0.4768,0.2304,1.5767,0,3.7787,0.3835,1.228,1,0.0038,-0.0824,2,148,0,1,0.9932,-0.3526,0.3332,-0.2909,0,0.3684,0.9175,-0.002,12,0,0,-0.1144,0,8,1.3034,0
CUST-00102,1,0,0.1227,0,0.6748,0.0159,0.9203,0,2.686,0.39,1.2638,0,0,0.1625,0,211,0,0,1.0045,0.031,0.147,0.3006,0,0.5028,1.3704,-0.2331,12,0,0,-0.0271,0,0,1.2031,0
CUST-00102,2,0,0.0655,5,0.4512,0.1692,1.1607,0,2.5604,0.4102,0,0,0.2488,-0.0668,0,96,0,0,0.9205,0.908,0.3557,0.1574,0,0.4293,0.6608,0.0324,-18,0,0,-0.0322,0,0,1.745,0
CUST-00102,3,0,0.0727,5,0.109,0.0887,1.1412,0,2.6995,0.3335,2.4573,0,0.0262,-0.2965,0,214,0,0,0.7218,-0.9968,0.2295,0.1116,1,0.129,1.267,0.0521,20,1,14,0.243,0,13,1.3163,0
CUST-00102,4,0,0.0509,3,0.2304,0.0575,0.9092,1,2.213,0.1896,0,1,0,-0.1888,1,162,0,0,0.9687,-0.518,0.2172,0.0165,1,0.2088,1.782,0.1075,30,0,8,-0.126,0,0,1.7655,0
CUST-00102,5,0,-0.1514,7,0.4645,0.0013,1.2168,2,3.2539,0.2359,1.783,1,0.0882,0.1113,0,204,0,0,0.8761,-0.5181,0.0082,0.0725,0,0.4569,0.2,0.1461,8,2,3,-0.2128,0,0,1.0498,0
CUST-00102,6,0,0.0908,2,0.4607,0.1469,1.1135,0,3.1087,0.2792,1.3468,0,0,0.0236,0,95,0,1,0.8869,-0.6632,0.2594,-0.0919,0,0.2571,0.9606,0.0332,-1,0,0,-0.0751,0,5,1.4297,0
CUST-00102,7,0,0.1771,0,0.6366,0.1108,1.4089,0,3.7573,0.1762,0,0,0.1795,-0.155,0,170,0,0,0.7699,-0.7129,0.0588,-0.1323,1,0.3264,0.9343,-0.1245,9,0,13,0.2845,0,0,1.5832,0
CUST-00102,8,0,0.0229,0,0.5181,0.0297,1.4068,0,1.4644,0.3548,6.6264,3,0.0041,0.113,1,149,0,0,0.8346,0.3324,0.1892,-0.0076,1,0.5048,2.4988,-0.1804,18,0,0,0.2078,0,3,1.095,0
CUST-00102,9,0,0.2512,1,0.3317,0.3776,1.5508,0,0.9473,0.3867,4.0961,1,0.1906,0.245,0,126,0,0,0.6927,-0.3368,0.398,-0.2732,2,0.2817,1.3017,0.176,-17,3,10,0.0395,0,6,0.7973,0
CUST-00102,10,0,0.11,6,0.103,0.3036,0.9583,0,0.9457,0.2181,0,2,0,0.0174,0,186,1,0,0.8271,-0.2626,0.1024,-0.1482,0,0.252,1.2298,-0.0397,-5,0,7,0.0754,0,1,1.7722,0
CUST-00102,11,0,0.0769,3,0.5692,0.1825,1.0605,0,4.1647,0.3014,0.0353,0,0.3763,0.0509,1,259,0,0,0.4972,0.5497,0.2902,0.132,0,0.1105,1.5956,-0.0291,22,2,0,-0.1405,0,0,1.237,0
CUST-00103,0,0,0.0099,3,0.6857,0.0212,1.3882,0,1.7259,0.2947,2.1989,0,0.1688,-0.2749,0,134,0,0,1.0718,0.2376,0.0514,-0.177,0,0.4577,2.7584,-0.0322,0,0,0,0.1803,0,0,1.3675,0
CUST-00103,1,0,0.0336,0,0.254,0.1388,1.0676,0,2.3192,0.0302,0,1,0.0265,-0.0107,0,113,0,0,0.9365,1.1861,0.163,0.0687,0,0.3829,1.7898,-0.0094,-20,2,0,0.2009,0,0,1.4199,0
CUST-00103,2,0,0.083,8,1.0412,0.2891,1.262,0,1.6875,0.28,3.6393,1,0.1099,-0.0162,0,100,0,1,0.8116,1.3654,0.2621,0.1114,0,0.4988,0.6968,-0.1071,41,2,20,0.1837,1,0,1.3864,0
CUST-00103,3,0,-0.0561,3,0.7607,0.153,1.5111,0,1.5159,0.2561,4.7532,1,0,0.0258,1,204,0,0,0.8418,-0.2416,0.225,0.0368,1,0.2595,0.2,0.0014,-12,0,0,0.2779,0,3,1.5995,0
CUST-00103,4,0,0.0977,4,0.5619,0.3329,1.4493,0,0.4314,0.0012,0,1,0.1501,-0.0768,1,110,0,0,0.9384,0.4158,0.2253,-0.4,0,0.3874,1.8301,-0.1569,-9,1,7,-0.3044,0,0,1.4358,0
CUST-00103,5,0,0.1878,4,0.4504,0.1512,1.2745,0,2.4,0.446,3.6816,1,0.1923,-0.0273,0,215,0,1,0.7842,0.931,0.2181,0.2011,0,0.3042,1.7605,-0.1433,-7,0,0,-0.0622,0,3,1.4649,0
CUST-00103,6,0,-0.0085,0,0.8968,0.0144,1.1759,1,0.2,0.1311,0,3,0,-0.0327,0,171,0,0,0.6593,-0.1537,0.1144,-0.0409,0,0.6642,1.1049,0.0207,-5,3,19,-0.1175,0,11,1.2933,0
CUST-00103,7,0,0.0939,4,0.4788,0.2241,1.5461,0,2.4485,0.378,4.1603,2,0.1479,-0.0879,0,235,0,0,1.007,0.6545,0.1799,-0.0295,0,0.3136,1.0163,0.0547,1,0,20,-0.0336,0,0,1.1561,0
CUST-00103,8,0,0.1127,2,0.4539,0.1492,1.2571,0,1.7673,0.203,0,0,0.0997,0.2926,0,142,0,0,0.6275,-0.1218,0.208,0.109,2,0.4112,1.436,0.1873,46,0,0,0.1725,0,4,1.3222,0
CUST-00103,9,0,0.0316,0,0.621,0.2673,1.3627,0,2.6263,0.1132,3.0979,0,0,0.0555,0,133,0,0,1.0737,-0.2313,0.0397,0.0267,0,0.2122,0.6664,0.0724,17,0,6,-0.0073,0,5,1.121,0
CUST-00103,10,0,0.1955,0,0.5903,0.3099,1.4681,1,1.5742,0.1775,4.2282,0,0.2591,-0.1518,0,210,0,0,0.8818,0.0185,0.1213,0.0232,1,0.293,1.0029,-0.1089,-18,0,0,-0.0373,0,0,1.2758,0
CUST-00103,11,0,-0.0762,3,0.7057,0.1534,0.9918,0,3.2952,0,2.1554,0,0.0086,-0.07,2,189,0,0,1.1731,-1.0593,0.2031,-0.2431,0,0.4068,1.8097,-0.1,-7,0,21,-0.0338,0,7,1.053,0
CUST-00104,0,0,0.1561,2,0.56,0.1582,1.3749,0,0.4282,0.264,0.086,0,0,0.0249,1,140,0,0,1.0213,0.4109,0.2375,0.4058,0,0.2474,1.2404,-0.0281,-28,2,21,-0.008,0,0,1.2444,0
CUST-00104,1,0,0.0802,0,0.8777,0.1964,0.905,0,1.7823,0.284,0,0,0.0688,-0.1458,1,214,0,1,0.6534,0.1611,0.2951,-0.2267,0,0.3112,0.7299,0.0367,17,1,0,-0.0729,0,0,1.711,0
CUST-00104,2,0,-0.0206,0,0.6046,0.1013,1.6868,0,2.1076,0.2615,0,1,0.19,-0.2046,0,175,0,0,1.0881,-0.9708,0.3128,-0.1494,0,0.4803,1.7645,-0.1754,4,1,11,-0.0115,0,0,1.7533,0
CUST-00104,3,0,0.2166,3,0.2999,0.2032,1.2069,1,3.1121,0.3536,1.0465,0,0.1035,-0.407,2,194,0,2,0.7695,-0.6901,0.3618,-0.1263,1,0.4509,1.3286,0.1624,-11,0,0,0.2838,0,19,1.6237,0
CUST-00104,4,0,0.1266,0,0.707,0.2926,1.1956,1,0.5935,0.113,1.7147,0,0.0869,-0.1856,0,173,0,0,1.0089,0.0385,0.2748,0.1503,1,0.2799,0.2,-0.0122,-4,0,0,-0.2014,0,0,1.3677,0
CUST-00104,5,0,-0.0012,2,0.9017,0.0824,1.3048,1,3.244,0.3511,0,2,0.0686,0.1789,0,198,0,0,0.8202,-0.0623,0.3189,0.1376,0,0.2664,2.041,-0.1726,16,0,0,-0.0453,0,6,1.2946,0
CUST-00104,6,0,0.1056,8,0.2813,0.0569,1.3028,0,1.2781,0.2871,0,0,0.1439,-0.292,0,193,0,0,1.0274,-0.5325,0.2899,-0.2764,0,0.4211,0.4693,-0.0834,25,1,5,-0.2445,0,12,1.5463,0
CUST-00104,7,0,0.1895,5,0.858,0.2658,1.5193,0,3.2861,0.2354,1.6222,0,0.1164,0.0725,0,80,0,2,0.5948,0.7782,0.3502,0.0637,1,0.3493,0.6467,0.1766,-20,1,0,0.2065,0,0,1.138,0
CUST-00104,8,0,-0.0169,6,0.7829,0.2041,1.3826,0,0.9888,0.2213,0,0,0.2876,0.3471,0,134,0,1,0.7689,-0.4764,0.0702,-0.1846,1,0.2782,1.0431,0.0167,-12,0,16,-0.0247,0,4,0.9999,0
CUST-00104,9,1,0.0628,7,0.8142,0.163,0.871,0,3.2157,0.3941,9.6722,2,0.4674,0.3998,0,224,0,2,0.7339,1.4053,0.3758,0.0687,0,0.3102,1.5816,0.1593,33,0,1,0.2717,1,11,0.5689,0
CUST-00104,10,1,0.4308,13,0.3822,0.704,0.2891,2,4.0432,0.5819,21.2052,5,0.3706,0.0652,4,48,1,3,1.191,2.4525,0.528,0.2156,2,0.6089,1.9524,0.2815,65,3,69,0.2108,1,46,1.1278,0
CUST-00104,11,1,0.7367,21,0.01,0.5683,-0.2792,2,4.5619,0.3877,26.4879,4,0.7608,0.6888,2,-80,0,5,1.4195,1.8185,0.699,0.7878,3,0.9261,2.7426,0.1468,79,3,84,0.8053,1,72,0.2643,0
CUST-00105,0,0,0.4195,5,0.5083,0.1089,1.2889,0,2.9578,0.1725,1.3547,0,0,0.3164,0,251,0,2,0.9921,0.2223,0.1443,-0.1628,1,0.1029,1.5414,-0.0285,21,0,16,-0.2481,0,0,1.2438,0
CUST-00105,1,0,-0.0559,0,0.5535,0.358,1.5397,0,2.1077,0.0673,0,0,0.1676,-0.289,0,262,0,0,1.0823,0.1854,0.1077,-0.0395,0,0.3102,1.1547,0.2338,44,0,0,-0.0624,0,16,1.3443,0
CUST-00105,2,0,-0.0099,1,0.4514,0.074,1.3413,0,1.9425,0.4443,0,0,0,-0.2914,0,261,0,1,0.628,0.0006,0.2398,0.0698,0,0.3063,0.2,0.0287,-11,0,0,0.1115,0,1,1.7101,0
CUST-00105,3,0,0.0063,4,0.3299,0.2148,1.4055,0,1.9624,0.2666,0,0,0,-0.2739,0,179,0,1,0.6854,0.11,0.0953,0.0191,0,0.4873,0.839,-0.0155,-34,0,19,0.0778,0,2,1.4796,0
CUST-00105,4,0,-0.1503,0,0.6531,0.3368,1.546,1,3.6842,0.212,5.2808,0,0,-0.1434,0,265,0,0,0.6379,0.3185,0.0989,-0.0723,0,0.2618,2.1478,-0.0957,-14,1,3,-0.1007,0,0,1.1835,0
CUST-00105,5,0,0.1039,6,0.869,0.2002,1.4109,2,3.9312,0.2522,4.5254,0,0.1907,-0.0046,0,134,0,0,0.8985,-0.5673,0.3229,-0.2595,1,0.3045,1.6376,-0.1769,-6,0,7,0.0786,0,4,1.2219,0
CUST-00105,6,0,0.0396,2,0.6606,0.1711,1.3541,0,3.2766,0.1435,0,3,0.0147,-0.1045,0,129,0,0,0.4405,-0.0346,0.2596,0.2028,0,0.3597,0.3373,0.0477,-5,2,11,-0.0426,0,4,1.1371,0
CUST-00105,7,0,0.055,3,0.7064,0.1729,0.956,0,2.6879,0.2408,0,0,0.3039,0.0582,1,150,0,1,1.0363,-0.1436,0.0739,-0.0167,0,0.4074,0.5829,0.0254,16,2,18,0.025,0,1,1.6891,0
CUST-00105,8,0,0.1473,3,0.6966,0.1495,1.2259,0,3.4391,0.1162,0.2864,1,0.2626,0.187,1,165,0,1,0.6298,1.2827,0.1233,-0.0535,0,0.4678,0.7533,0.193,12,0,0,0.0334,0,0,1.542,0
CUST-00105,9,0,0.1989,4,0.4395,0.361,1.2768,0,1.2007,0.3531,0,1,0.1455,0.1852,0,148,0,0,0.8717,1.6024,0.2942,0.015,0,0.1,0.998,0.0805,7,0,8,0.0271,0,0,1.2386,0
CUST-00105,10,0,0.1077,5,0.7468,0.156,1.1641,0,2.6001,0.1489,3.0587,0,0,-0.2055,2,169,0,2,1.0699,-0.033,0.1443,-0.2285,0,0.3115,0.9161,0.0338,34,0,0,0.0898,0,16,1.4838,0
CUST-00105,11,0,0.1026,1,0.7378,0.2514,1.6798,0,1.8864,0.4292,1.5833,0,0.026,0.2008,0,157,0,0,1.0645,0.516,0.0422,0.0111,1,0.3913,0.2429,-0.0752,30,1,14,0.09,0,9,1.3455,0
CUST-00106,0,0,0.1968,3,0.6869,0.2443,1.1855,0,2.1496,0.5455,0,0,0.0574,0.1249,1,250,0,1,0.7105,0.5341,0,0.1449,1,0.3374,0.3517,0.1178,-35,0,22,-0.0932,0,0,1.6175,0
CUST-00106,1,0,0.0377,4,0.3853,0.132,1.4118,0,4.2347,0.1093,9.4784,0,0.1079,0.0007,0,113,0,0,0.9998,-0.1607,0.2319,0.2022,0,0.454,2.3389,-0.0028,22,0,4,-0.0059,0,0,1.661,0
CUST-00106,2,0,0.0551,6,0.527,0.3883,1.0994,0,3.0435,0.3386,4.721,0,0,0.0011,0,118,0,2,0.7327,0.987,0.0955,-0.1734,2,0.24,1.4165,0.1938,4,0,5,0.244,0,2,1.5523,0
CUST-00106,3,0,0.0127,7,0.8982,0.3212,1.1533,0,1.5941,0.1493,0,0,0,0.4086,0,147,0,0,0.6324,-0.7597,0.2263,0.1888,1,0.3167,1.3802,-0.1235,19,0,0,-0.3318,0,0,1.2712,0
CUST-00106,4,0,0.1384,3,0.3564,0.0411,1.7898,0,0.2,0.4816,0,0,0,0.1069,1,356,0,2,0.8286,0.9621,0.2212,-0.099,0,0.2804,1.573,0.0043,-24,0,17,0.1183,0,6,1.5108,0
CUST-00106,5,0,0.1244,3,1.0137,0.3797,1.3023,0,2.1249,0,0.6528,1,0,-0.0311,0,155,0,0,0.7933,0.1784,0.1926,0.1362,1,0.4226,1.383,0.0747,-19,1,3,0.0707,0,0,1.286,0
CUST-00106,6,0,0.1781,0,0.3121,0.2823,1.4394,1,4.1965,0.4237,3.6343,0,0.2785,0.1114,2,129,0,0,0.9559,0.6516,0.2752,-0.2354,2,0.4034,1.2453,0.049,19,1,22,0.1635,0,7,1.3791,0
CUST-00106,7,0,0.0741,2,0.7104,0.0594,1.5901,0,2.1226,0.4764,3.6651,0,0.2681,-0.2925,0,98,0,2,0.7688,-0.3846,0.2392,-0.101,0,0.3674,1.356,-0.0309,-15,0,14,-0.0469,0,0,1.5173,0
CUST-00106,8,0,0.1097,5,0.8724,0.3085,1.5553,0,2.1933,0.3184,3.2207,0,0.0165,0.1319,3,160,0,0,1.0462,1.4242,0.1294,0.0074,0,0.3576,0.5291,-0.1472,-22,1,14,-0.066,0,10,1.5199,0
CUST-00106,9,0,-0.12,1,0.4361,0.1853,1.2305,0,1.834,0.3085,1.2228,1,0,0.1472,1,221,0,0,0.6685,-0.1446,0.2233,-0.1226,0,0.198,1.017,-0.0248,33,0,12,0.1771,0,7,1.6239,0
CUST-00106,10,0,0.138,3,0.3636,0,1.6408,0,2.7603,0.4477,1.2349,1,0.0311,-0.1537,0,164,0,0,0.7921,-0.7065,0.4003,-0.0682,0,0.3611,1.5598,-0.1506,6,1,4,0.2343,0,11,1.5002,0
CUST-00106,11,0,-0.0801,1,0.537,0.2735,1.1077,0,3.7089,0.1596,1.4283,0,0,-0.0969,1,60,0,0,0.8685,0.9835,0.1454,-0.0488,0,0.333,1.3344,-0.0038,7,1,0,-0.1741,0,5,1.2117,0
CUST-00107,0,0,0.2212,5,0.5838,0.1561,1.4412,1,3.6544,0.1688,3.5291,0,0.0516,-0.015,0,119,0,0,0.881,-0.2282,0.1383,-0.0693,0,0.4213,1.0504,-0.1684,-18,0,0,0.2898,0,18,1.1868,0
CUST-00107,1,0,0.0799,8,0.9409,0.0356,1.0428,0,0.2,0.1514,0,0,0,-0.0138,0,274,0,0,0.7658,0.4726,0.104,0.094,1,0.4116,1.9548,-0.0112,6,3,3,0.2163,0,0,1.4081,0
CUST-00107,2,0,0.0079,0,0.9422,0.3155,1.5417,0,2.474,0.1768,1.8283,0,0,-0.3998,0,177,0,2,1.0911,-1.1791,0.3323,-0.2737,1,0.365,0.4848,0.0125,19,0,0,0.0574,0,0,1.109,0
CUST-00107,3,0,0.0786,2,1.0722,0.2692,0.8482,0,1.0611,0.2142,0,0,0.1283,0.0514,0,198,0,0,1.0832,0.5324,0.1939,-0.0357,0,0.3765,0.869,0.1415,3,2,7,0.2113,0,2,1.2673,0
CUST-00107,4,0,0.0453,4,0.5727,0.3786,0.7199,0,2.3479,0.1109,0,1,0,-0.109,1,211,0,0,0.9426,0.2271,0.3576,0.0542,0,0.2705,1.7232,0.0591,-8,0,8,0.2285,0,12,2.0213,0
CUST-00107,5,0,-0.0347,7,0.0463,0.3976,1.3114,0,1.5894,0.2103,8.2648,0,0.058,0.0343,0,94,0,0,1.0726,-0.6431,0.1595,0.1013,0,0.2273,0.8036,0.0322,25,0,1,-0.1039,0,6,1.5743,0
CUST-00107,6,0,0.1188,2,0.6495,0.2098,1.1791,0,1.9916,0.2708,0,0,0.1589,0.0514,1,153,0,0,0.7263,-0.6516,0.0838,-0.2542,0,0.4349,0.3697,-0.0525,10,0,3,-0.365,0,3,1.8607,0
CUST-00107,7,0,-0.1945,5,0.556,0.0813,1.9305,0,0.2,0.0068,2.0556,2,0.099,-0.0758,0,161,0,0,1.0795,1.1204,0.1409,-0.1405,1,0.4253,0.625,0.0214,8,0,13,0.2056,0,6,1.6086,0
CUST-00107,8,0,-0.0499,1,0.4732,0.1755,1.1023,0,1.4482,0.4439,2.8305,0,0,-0.1544,0,209,0,3,0.9553,-0.2451,0.3694,-0.1955,0,0.3017,0.8896,-0.0369,29,1,0,0.0303,0,0,1.3761,0
CUST-00107,9,0,0.0726,2,0.7177,0.0559,1.4607,0,0.6555,0.1708,0,0,0.0496,-0.1785,0,188,0,0,0.6865,0.6084,0.2385,-0.02,3,0.3664,1.0255,0.0706,56,1,0,0.0133,0,0,1.597,0
CUST-00107,10,0,0.0485,0,0.8695,0.1865,1.8782,0,4.1247,0.3333,0,0,0.1823,0.0844,0,255,0,0,0.9602,0.2235,0.1675,0.0044,1,0.4571,1.5561,0.0848,30,1,4,0.1024,0,0,0.8948,0
CUST-00107,11,0,-0.0671,6,0.8152,0.391,0.6176,0,1.8594,0.281,0.771,0,0,0.1868,0,232,0,0,0.892,0.4361,0.1911,-0.0864,0,0.3112,0.4829,-0.1028,15,0,0,0.1279,0,0,1.3753,0
CUST-00108,0,0,0.1278,4,0.6753,0.2706,1.0331,0,1.2198,0.331,0,0,0.0904,-0.2318,0,157,0,0,0.7948,0.016,0.3188,0.4357,0,0.5466,1.7769,0.0808,46,0,8,0.1586,0,8,1.3115,0
CUST-00108,1,0,-0.1389,3,0.7414,0.0853,1.4128,0,2.5886,0,6.0477,0,0.077,0.1174,0,157,0,2,1.0163,0.3419,0.212,0.0382,2,0.3751,0.9381,-0.0453,19,0,9,0.1173,0,0,1.3215,0
CUST-00108,2,0,-0.0885,3,0.9552,0.299,1.0943,0,1.4088,0.3391,0,1,0.0261,0.0103,0,9,0,0,1.1251,0.5141,0.1839,-0.1835,0,0.2449,0.5816,0.0543,14,1,8,0.0794,0,1,1.1079,0
CUST-00108,3,0,0.0457,0,0.5612,0.3915,1.5592,0,4.5757,0.2288,3.2887,3,0.0275,-0.1335,0,175,0,1,0.9677,-1.118,0.1081,-0.0875,0,0.1693,1.6763,-0.0477,-20,0,6,0.2527,0,2,1.3959,0
CUST-00108,4,0,0.0912,0,0.4301,0.1304,1.5906,0,1.4758,0.2696,0.2302,0,0.0463,-0.0821,0,166,0,1,0.6566,-0.986,0.0932,0.2521,0,0.3963,1.4818,-0.0422,-19,0,0,-0.0497,0,0,1.4132,0
CUST-00108,5,0,-0.0679,2,0.6833,0.309,1.0492,0,0.9117,0.1036,0,0,0,0.0005,2,270,0,0,0.9706,-0.196,0.2269,-0.3639,0,0.3519,0.5523,0.0163,-20,0,0,0.1423,0,7,1.7788,0
CUST-00108,6,0,0.0522,3,0.9636,0.026,1.8325,0,0.7756,0.4396,0.5426,0,0.2281,0.0673,0,209,0,1,0.7515,-0.1604,0,-0.0253,2,0.5632,1.3477,-0.105,3,0,9,0.1785,0,1,1.1578,0
CUST-00108,7,0,0.0698,8,0.2527,0.0291,1.5632,0,0.3684,0.2945,2.6677,1,0.1401,-0.1878,1,128,0,0,1.0565,0.8798,0,-0.1199,0,0.3416,1.1489,-0.0742,39,0,0,0.068,0,0,1.2219,0
CUST-00108,8,0,0.1023,0,0.3444,0.1532,1.5993,0,2.3291,0,4.6885,0,0.0958,-0.0595,2,112,0,1,0.701,1.3727,0.2229,-0.2214,1,0.3891,0.2776,0.04,37,1,0,-0.1537,0,0,1.0275,0
CUST-00108,9,0,-0.0185,1,0.5995,0.2065,0.9605,0,3.2305,0.2838,1.9492,0,0.0532,0.0441,1,224,0,0,0.7894,-0.4706,0.3408,0.2108,0,0.2345,2.1533,-0.1302,-2,1,6,0.0688,0,5,0.8726,0
CUST-00108,10,0,0.0075,4,0.1065,0.1464,1.3009,1,1.1954,0.3838,0,0,0.1735,-0.0673,0,253,0,0,0.8318,1.0287,0.0644,0.2119,0,0.2787,1.9258,0.1186,9,0,0,0.1132,0,0,2.0068,0
CUST-00108,11,0,0.3469,3,0.8407,0.2011,1.9036,0,0.2,0.1751,4.7352,1,0,-0.1633,1,157,0,0,0.6324,-1.4511,0.5078,-0.2419,0,0.2709,0.6683,-0.0653,-13,0,0,-0.232,0,13,1.1745,0
CUST-00109,0,0,-0.1505,4,0.284,0.1855,1.7201,0,0.2,0.3497,3.5463,0,0.1704,0.0361,0,209,0,3,0.7645,0.393,0.1908,-0.2996,0,0.4404,1.3168,0.0758,18,0,0,-0.035,0,0,1.4806,0
CUST-00109,1,0,0.209,0,0.01,0.1509,1.4244,0,3.1437,0.5775,3.406,0,0.2304,0.1947,2,168,0,0,0.9505,-0.5555,0,-0.2971,1,0.4924,0.7902,-0.105,-23,1,0,0.0489,0,19,0.9186,0
CUST-00109,2,0,0.0887,3,0.8593,0.2602,1.0425,0,3.1184,0.2751,2.3271,1,0,-0.1504,1,131,0,0,0.6534,0.872,0.3405,0.1406,0,0.3264,1.5115,0.0317,-20,0,0,0.1029,0,0,1.1887,0
CUST-00109,3,0,0.1665,3,0.5374,0.3292,1.0173,0,2.5333,0.1251,5.6873,0,0,0.1895,0,210,0,1,0.9646,0.4527,0.182,0.2483,1,0.41,0.3835,0.0477,-37,0,23,0.0053,0,0,1.822,0
CUST-00109,4,0,0.1872,2,0.5086,0.0878,1.5402,0,3.7225,0.4285,1.096,0,0.1972,-0.2996,1,160,0,0,0.7695,-0.2776,0.186,0.2771,0,0.3904,1.625,-0.1647,-13,1,0,-0.0837,0,0,1.1746,0
CUST-00109,5,0,-0.2,0,0.5008,0.1876,1.0807,0,0.2292,0.3185,0.2129,0,0.1185,0.2713,1,143,0,1,0.6922,0.0377,0.177,0.3027,0,0.5576,2.1282,0.044,17,0,30,-0.1219,0,11,1.3178,0
CUST-00109,6,0,0.0061,0,0.6541,0.3151,1.1795,1,0.8117,0.6015,0.0178,0,0.1744,0.0052,0,114,0,0,0.7141,0.7701,0.3935,0.0291,0,0.4191,1.9975,0.0158,13,1,0,0.1237,0,0,1.1465,0
CUST-00109,7,0,0.123,4,0.4641,0.3689,1.666,0,1.0192,0.3326,3.6201,0,0.2798,0.1433,0,315,0,0,0.9576,0.2968,0.076,0.0521,1,0.2188,0.3997,-0.0825,-5,0,0,-0.1907,0,17,0.972,0
CUST-00109,8,0,-0.1882,2,0.3788,0.279,0.675,0,0.8211,0.3184,2.3816,0,0,-0.2119,1,238,0,1,0.8617,-0.0827,0.0756,-0.0414,1,0.6176,0.6953,0.2727,-8,0,2,0.1407,0,9,1.6415,0
CUST-00109,9,0,-0.0109,2,0.4312,0.4114,0.9342,0,3.0451,0.4608,1.9763,0,0,0.0535,0,187,0,0,0.9666,0.1069,0.2388,0.0137,0,0.3595,0.6072,-0.0695,0,0,0,0.067,0,0,1.5186,0
CUST-00109,10,0,0.1474,2,0.8342,0.1016,0.6536,0,1.6522,0.3538,0,0,0,0.0901,0,225,0,2,1.0173,-0.1383,0.0649,-0.0801,1,0.2895,1.4435,-0.2224,-9,0,0,0.351,0,0,1.4818,0
CUST-00109,11,0,0.0124,1,0.8024,0.4108,0.5761,0,1.4481,0.4511,5.2792,0,0.2161,0.0271,0,137,0,0,0.9731,-0.6187,0.3114,-0.0215,1,0.1934,1.1015,-0.0783,2,0,1,0.0257,0,0,1.6434,0
CUST-00110,0,0,-0.089,3,0.4703,0.1982,1.2403,0,3.4651,0.0048,2.058,1,0,-0.0815,0,131,0,0,1.0473,-0.1003,0.2084,-0.0296,0,0.2161,0.8174,-0.0162,28,1,0,0.4519,0,0,1.2935,1
CUST-00110,1,0,0.1952,0,0.5094,0.1707,0.812,0,1.9625,0.2374,2.3945,0,0.0997,0.2588,0,124,0,2,0.8754,-0.4798,0.0441,0.2044,1,0.4855,0.7431,0.0117,-42,1,0,-0.0373,0,2,1.1573,0
CUST-00110,2,0,-0.0862,1,0.6522,0.2683,0.7573,0,3.6463,0.3151,4.8555,0,0.0986,0.1543,1,149,0,1,0.8037,-0.5433,0.3141,-0.2811,0,0.2007,0.5698,0.0887,12,0,0,0.0073,0,2,0.7172,0
CUST-00110,3,0,-0.0467,3,0.4055,0.0646,1.7183,0,1.3003,0.4758,0,0,0.1123,-0.0502,0,158,0,0,0.9825,1.43,0.0531,-0.1612,0,0.159,1.3526,0.0626,-2,1,1,0.0174,0,0,1.1808,0
CUST-00110,4,0,0.0984,0,0.5424,0.2354,1.4665,0,1.4006,0.4156,2.0147,0,0,0.1511,0,227,0,1,0.9655,-0.1402,0.1502,0.4032,1,0.1891,0.2,0.0608,28,0,3,-0.054,0,16,1.852,0
CUST-00110,5,0,0.1399,6,0.4818,0.0962,1.6862,0,2.7198,0.1486,4.604,0,0.1552,0.0936,1,116,0,0,0.8235,-0.5726,0.173,0.1857,0,0.1775,0.2,0.0383,11,1,0,-0.0067,0,0,1.1903,0
CUST-00110,6,0,0.1457,5,0.4653,0.1137,1.4773,1,2.1128,0.1607,2.1547,2,0.1012,0.1327,1,191,0,0,0.9524,-0.2514,0.1515,0.1217,1,0.4091,0.2,-0.0198,20,0,1,-0.0224,0,0,1.1294,0
CUST-00110,7,0,-0.063,0,0.2779,0.2755,0.6117,0,2.9501,0.4809,0,1,0.0904,-0.2645,1,165,0,2,1.0634,-0.1365,0.084,-0.277,1,0.1901,1.4118,-0.0976,-9,0,0,0.008,0,6,0.9753,0
CUST-00110,8,0,0.0382,2,0.5143,0.2464,1.1906,0,2.1201,0.4746,1.3841,1,0.0158,-0.252,0,235,0,4,0.7372,0.8039,0.2953,0.0844,0,0.3204,1.6078,0.0137,1,0,0,-0.0274,0,8,1.4064,0
CUST-00110,9,0,0.1003,3,0.3901,0.2796,1.4945,0,1.9097,0.4734,1.1769,0,0,-0.0077,0,74,0,0,0.6999,0.7961,0.3166,-0.1624,1,0.3786,1.3106,0.0755,-30,0,11,0.452,0,0,1.8535,0
CUST-00110,10,0,0.0483,10,0.56,0.367,0.7503,0,2.1162,0.1586,5.9068,0,0.0052,-0.002,1,181,0,0,0.887,-0.3484,0.2695,-0.1422,0,0.2714,1.6486,-0.0288,18,0,22,-0.0064,0,0,1.396,0
CUST-00110,11,0,0.0319,1,0.6943,0.2328,1.9879,0,3.8155,0.1321,0,0,0.096,-0.2908,1,188,0,1,0.9543,0.5861,0.0898,0.2182,0,0.2651,1.0844,0.0904,4,1,0,0.2837,0,0,1.2742,0
CUST-00111,0,0,0.0868,2,1.3546,0.1993,0.9579,0,3.0267,0.2759,0.4784,1,0.0541,0.3221,0,132,1,3,0.8422,0.0055,0.2285,-0.2332,0,0.3059,1.477,0.0576,-13,0,0,-0.1158,0,1,1.3863,0
CUST-00111,1,0,0.087,5,0.3513,0.2169,1.8419,2,2.7959,0.1719,2.6224,1,0.1357,0.0771,0,256,0,0,0.7641,-0.9928,0,-0.2012,0,0.5126,1.1386,-0.0921,10,1,18,0.1452,0,13,2.2794,0
CUST-00111,2,0,0.0238,1,0.5319,0.1143,1.085,0,1.6866,0.5102,0.8881,1,0.1477,0.6472,0,248,0,0,0.7668,-0.0898,0,-0.2655,0,0.3202,0.6065,0.1503,-23,0,0,0.0736,0,0,1.3184,0
CUST-00111,3,0,-0.0611,0,0.5428,0.2213,1.4714,0,2.8079,0.1075,3.2042,0,0.1425,0.2523,0,194,0,0,0.6385,-0.4189,0.1375,0.2996,0,0.3908,1.5995,-0.1418,-9,1,0,-0.2269,0,12,1.1152,0
CUST-00111,4,0,-0.0164,0,0.6659,0.039,1.1445,1,1.8872,0.5178,3.2108,1,0.1125,-0.1301,0,109,0,0,1.1709,1.0127,0.1391,-0.0375,0,0.226,1.2163,0.2341,-2,0,0,-0.2517,0,0,1.5176,0
CUST-00111,5,0,-0.0486,0,0.5662,0.2207,1.1485,0,2.8675,0,5.2134,0,0.0366,0.363,0,159,0,2,0.96,-2.4142,0.2198,-0.4,0,0.4117,1.1073,-0.1813,16,0,7,-0.1712,0,0,1.604,0
CUST-00111,6,0,0.0055,10,1.0144,0.0855,1.1838,0,1.8489,0.3424,1.4632,0,0.0456,-0.2565,1,153,0,3,0.7054,0.3375,0.1984,-0.0867,0,0.3863,2.2277,0.0729,6,3,0,0.0218,0,7,1.2536,0
CUST-00111,7,0,-0.1009,1,0.7957,0.1235,0.9502,0,1.2475,0.2908,0,0,0,0.3053,1,150,0,0,0.967,0.5512,0.1009,-0.3718,2,0.3248,1.1353,0.0003,12,0,0,0.1829,0,0,1.472,0
CUST-00111,8,0,-0.2,7,0.6418,0.1926,1.5097,0,3.0567,0.4278,2.1361,1,0.1922,0.249,0,112,0,0,0.8658,-0.6469,0.0707,-0.0588,0,0.404,1.3778,-0.1441,-5,1,7,0.228,0,0,1.3623,0
CUST-00111,9,0,-0.0268,2,0.4577,0.1131,0.988,2,1.6029,0,0.591,1,0,0.3384,0,177,0,2,1.0224,1.1073,0,-0.233,0,0.5454,1.0179,-0.2084,18,0,0,-0.1607,0,0,1.3656,0
CUST-00111,10,0,0.1443,2,0.432,0,1.2012,0,1.4562,0.3717,0,0,0.1144,0.0285,0,134,0,0,0.8575,-0.6746,0.0763,0.0832,1,0.5109,1.8691,0.1561,19,1,0,0.024,0,13,1.4418,0
CUST-00111,11,0,0.1698,2,0.5618,0.1146,1.3194,0,1.964,0.0544,4.867,0,0,-0.2586,0,71,0,1,0.9273,0.1553,0.0669,-0.1787,0,0.5673,0.5568,-0.0057,-1,0,11,0.209,0,0,1.5473,0
CUST-00112,0,0,0.174,8,0.6318,0.2529,1.2371,0,1.6181,0.0912,3.0972,0,0.1869,0.0117,0,166,0,1,0.8735,-1.3355,0.3027,-0.1429,1,0.4472,1.6345,-0.0417,17,0,6,0.0405,0,15,1.1289,0
CUST-00112,1,0,-0.0814,7,0.2271,0.1027,1.2725,0,2.1193,0,0,0,0,0.1534,0,181,0,0,0.8589,-0.2346,0.1388,-0.0123,0,0.482,0.5004,0.1592,2,2,0,-0.1135,0,7,1.4879,0
CUST-00112,2,0,0.2416,4,0.4237,0.1548,0.9186,0,2.9364,0.5441,3.231,0,0,-0.3874,0,238,0,0,0.9059,0.1691,0.1372,0.1197,1,0.6003,1.8117,0.045,-5,0,5,-0.0886,0,2,1.4254,0
CUST-00112,3,0,-0.139,1,0.7814,0.205,1.3564,0,4.0339,0.263,0,0,0,-0.1157,0,174,0,0,1.0891,0.1269,0.0229,-0.0293,0,0.4123,1.2165,-0.154,-8,0,0,0.0705,0,0,0.8886,0
CUST-00112,4,0,0.1737,2,0.6098,0.2253,1.4053,1,3.2472,0.3524,1.7973,0,0.1743,-0.0149,1,175,0,0,1.1707,-0.5032,0.1985,-0.1761,1,0.4208,1.2325,-0.2758,38,1,0,0.0487,0,0,0.9082,0
CUST-00112,5,0,0.2584,0,0.2169,0.3467,1.5409,0,1.5905,0.2236,0,1,0.1804,0.2954,1,245,0,0,0.8825,0.6346,0.3039,0.0887,1,0.3804,0.5563,0.0731,-1,0,6,0.014,0,5,1.1616,0
CUST-00112,6,0,0.0852,3,0.5042,0.1166,1.1367,0,1.8515,0.1489,1.8533,0,0.1517,-0.2626,0,255,0,0,0.6209,1.0559,0.087,0.1905,0,0.5321,0.2,0.0566,-12,0,0,0.2749,0,0,1.5882,0
CUST-00112,7,0,-0.1045,6,0.6387,0.1018,1.5142,0,3.3463,0.0149,1.0896,0,0.014,0.0214,0,296,0,0,0.8419,-0.0091,0.2367,0.0073,0,0.4255,0.2296,-0.0379,-3,1,5,0.0273,0,0,1.1017,0
CUST-00112,8,0,-0.0792,4,0.5203,0.1198,1.7468,0,3.5417,0.29,0,0,0.1483,-0.0956,0,152,0,3,0.8132,-0.1201,0.3341,-0.1883,1,0.3451,0.8497,0.1643,10,0,13,0.0359,0,0,1.1882,0
CUST-00112,9,0,0.2344,2,0.9516,0.0639,1.0513,0,1.0003,0.1342,4.1503,0,0.0204,0.1898,2,158,0,0,0.9018,-0.295,0.0363,0.0227,0,0.3132,1.7568,0.0794,6,0,0,0.0226,0,9,1.2832,0
CUST-00112,10,0,0.2135,3,0.4712,0.2443,1.2689,0,1.6866,0.2575,2.4009,0,0.1241,0.2351,0,108,0,0,0.949,0.6085,0.2076,0.2703,1,0.464,1.1114,0.0313,8,1,0,-0.0297,0,6,0.8725,0
CUST-00112,11,0,-0.0376,0,0.6128,0.1468,1.4678,0,2.5372,0.3895,3.2734,0,0.0653,0.1305,0,255,0,0,0.8047,-0.5515,0.0173,0.4705,1,0.2965,0.6939,-0.1222,5,1,15,-0.2189,0,0,1.448,0
CUST-00113,0,0,0.0281,4,0.8777,0.1467,1.307,0,1.7333,0.052,1.9036,0,0.0183,0.1206,1,266,0,0,1.2322,-0.0584,0.1152,-0.3207,0,0.1393,0.5305,-0.0345,-35,2,0,-0.1194,0,0,1.4685,0
CUST-00113,1,0,-0.0572,4,0.4957,0.0953,2.1203,0,2.3921,0.3851,5.907,0,0.0488,0.3078,2,196,0,0,0.7683,0.2344,0,-0.0807,0,0.3441,2.1478,-0.0373,40,0,0,0.0674,0,2,1.2019,0
CUST-00113,2,0,0.1184,1,0.6813,0.2629,1.6592,0,0.339,0.3775,5.7656,0,0.1411,0.0667,0,237,0,0,0.8593,-0.1081,0.1003,0.2138,0,0.4353,0.4427,0.046,-31,0,0,0.2202,0,4,1.3188,0
CUST-00113,3,0,0.0981,8,0.6751,0.3643,1.15,1,1.4387,0.31,1.8529,0,0.1279,0.0877,0,233,0,1,0.7451,-0.2161,0,0.3024,0,0.2531,2.1517,-0.1718,-28,0,0,0.2097,0,0,1.3565,0
CUST-00113,4,0,0.0779,0,0.8613,0.1788,0.9712,1,1.8631,0.3506,2.7564,0,0.1829,0.0157,0,125,0,0,0.7642,0.4945,0,0.1744,1,0.5,1.9889,0.0968,9,0,0,-0.1436,0,0,1.758,0
CUST-00113,5,0,0.3245,0,0.4593,0.0751,1.308,1,1.6768,0.4252,7.1231,0,0.1424,0.2162,0,180,0,0,0.4949,0.3546,0.1115,-0.0948,0,0.3276,2.3073,0.0823,-2,0,18,0.0109,0,0,1.128,0
CUST-00113,6,0,0.0831,1,0.7638,0.2817,1.5974,0,1.7412,0.0886,1.4894,0,0.2506,-0.0957,0,106,0,3,0.9603,1.6385,0.1173,0.3722,0,0.2641,1.5048,-0.0222,-30,0,0,-0.1805,0,0,1.0049,0
CUST-00113,7,0,0.0112,0,0.383,0.1707,1.5025,0,4.3602,0.1956,0.075,0,0.072,-0.0125,0,143,0,1,0.6658,0.5549,0.0254,-0.0185,1,0.1,1.8006,-0.1134,-6,2,1,-0.0734,0,0,1.5238,0
CUST-00113,8,0,0.0974,5,1.2787,0.1001,1.3486,0,2.3364,0,1.1578,0,0.1188,-0.1576,2,236,0,0,0.7577,0.1826,0.4826,-0.0692,0,0.5862,1.125,-0.2116,18,1,8,0.1947,0,0,1.197,0
CUST-00113,9,0,0.1469,3,0.3756,0.3815,1.5702,0,2.6689,0.116,1.4478,1,0.1762,-0.3189,0,207,0,2,0.9049,0.358,0.0806,0.0557,0,0.4272,2.0833,-0.124,2,0,0,-0.1678,0,0,1.3154,0
CUST-00113,10,0,0.048,10,0.8304,0.1209,2.1256,0,1.1508,0.4016,0,0,0.036,0.0032,0,58,0,0,0.7199,-0.2214,0.313,0.0771,0,0.5829,1.3644,0.1011,12,0,3,-0.1112,0,1,1.5044,0
CUST-00113,11,0,-0.088,0,0.861,0.2707,1.7003,0,4.1097,0.188,1.2006,0,0.071,-0.274,0,114,0,0,0.8547,0.171,0.0157,0.0213,0,0.298,2.1502,0.1344,-4,0,0,0.2678,0,18,1.3286,0
CUST-00114,0,0,-0.0838,0,0.296,0.1202,1.6053,0,3.7955,0.3071,0.0677,0,0,-0.0581,0,200,0,0,0.7876,0.0912,0.0802,-0.264,1,0.2374,1.6347,-0.1307,-11,0,5,0.0375,0,9,1.5077,0
CUST-00114,1,0,0.0234,0,0.8994,0.2159,1.4592,2,1.6714,0.3533,4.038,0,0,0.1486,1,234,0,0,0.9651,0.5591,0.2138,0.0999,0,0.2305,0.9574,-0.0182,-10,0,0,-0.18,0,0,1.2349,0
CUST-00114,2,0,0.2438,5,0.6897,0.0629,1.4514,1,3.3853,0.3735,1.4088,0,0,-0.0428,0,168,0,1,0.5758,-0.3059,0.075,-0.0467,0,0.4392,0.4394,0.0253,-22,1,0,0.1899,0,0,1.6002,0
CUST-00114,3,0,0.0749,2,0.2663,0.2803,1.5264,0,2.1389,0.1607,1.7024,1,0.3266,-0.1733,0,161,0,0,0.8352,1.3926,0.0697,0.2389,0,0.4465,0.9644,0.1429,-21,2,0,0.079,0,0,1.4426,0
CUST-00114,4,0,0.0048,4,0.2838,0.3118,1.5286,0,2.19,0.2745,0.6304,0,0,0.0431,0,132,0,0,0.9535,-0.9239,0.2875,0.2231,1,0.4534,1.63,-0.0001,17,0,0,0.3182,0,0,1.5014,0
CUST-00114,5,0,0.143,4,0.6518,0.1246,1.5646,0,1.5031,0.2437,1.5607,1,0,-0.2119,0,142,0,2,0.8953,0.4571,0.0824,0.2845,0,0.4165,1.8137,-0.0622,-6,0,0,-0.0676,0,12,1.6369,0
CUST-00114,6,0,0.1408,2,0.2691,0.1043,1.5093,1,0.5002,0.0864,4.2637,0,0.1327,0.0104,1,126,0,4,0.8941,1.1763,0.0883,-0.0495,1,0.4361,0.5605,-0.1394,3,0,6,0.1,0,7,1.2954,0
CUST-00114,7,0,0.1604,0,0.7762,0.3017,1.0422,0,1.7128,0.3618,2.342,0,0.0427,0.3791,0,142,0,0,1.0308,0.3074,0.0889,0.0399,0,0.2842,0.2,0.0312,-20,0,0,-0.1864,0,0,1.4286,0
CUST-00114,8,0,0.2742,3,1.0866,0.2258,0.9346,1,0.2,0.2258,2.7502,1,0.0927,-0.2555,0,245,0,3,0.7784,-0.9087,0.2078,-0.1444,0,0.3293,0.5544,0.007,4,0,1,0.4001,0,0,1.5911,0
CUST-00114,9,0,0.0854,0,0.8245,0.1859,1.3185,0,1.3222,0.299,8.1148,0,0.1471,0.0912,0,273,0,3,0.9165,-0.5943,0.3659,0.2721,1,0.341,0.5555,-0.0195,1,0,0,0.387,0,0,1.3296,0
CUST-00114,10,0,0.0076,0,0.8385,0.1618,0.868,0,1.7962,0.1314,5.6372,0,0,0.0459,0,201,0,1,0.8513,-0.3993,0.2168,0.1406,0,0.286,1.0776,0.0898,7,1,12,0.0009,0,0,1.0987,0
CUST-00114,11,0,-0.1051,1,0.3655,0.258,1.0537,0,0.7457,0.3949,3.0194,0,0.0176,-0.186,0,187,0,1,0.8173,-0.5083,0,0.3388,0,0.5817,0.8198,-0.0544,-10,0,0,-0.026,0,3,1.4847,0
CUST-00115,0,0,0.08,3,0.1677,0.2744,1.1304,0,0.2,0.3319,0,0,0.1128,0.1185,0,158,0,2,0.5161,0.2888,0.07,0.0838,0,0.5201,0.8634,0.1793,-19,0,4,-0.0479,0,13,1.6745,0
CUST-00115,1,0,0.0419,3,0.4544,0.1257,1.6236,1,2.6396,0.2095,0.0765,0,0.2613,0.0717,1,245,0,0,0.9508,-1.2231,0.1333,-0.1723,0,0.2056,1.9801,0.1572,12,0,0,-0.3344,0,0,1.6181,0
CUST-00115,2,0,-0.1391,0,0.4609,0.1099,1.1666,0,3.049,0.4413,7.5698,1,0,0.0878,0,213,0,2,0.7821,0.1729,0.0455,-0.1089,0,0.2348,1.5774,0.0084,24,2,19,0.0044,0,11,1.4897,0
CUST-00115,3,0,-0.0295,3,0.7791,0.1797,1.2073,0,2.3919,0.5355,0,0,0.1558,0.0048,0,210,0,0,0.8698,-1.3003,0.0872,-0.0245,0,0.2681,1.0249,0.2066,5,0,0,-0.3018,0,6,1.7423,0
CUST-00115,4,0,0.0013,4,1.1319,0.1598,1.1853,0,0.2,0.024,4.6021,0,0.0862,-0.3134,1,93,0,0,0.5883,-0.1123,0.3657,0.2644,0,0.3651,0.7062,-0.1747,3,0,9,0.1295,0,10,1.455,0
CUST-00115,5,0,0.0595,4,0.7796,0.1409,1.3762,1,0.2269,0.1907,3.9065,1,0.1418,0.0738,0,177,0,0,1.1656,-0.8311,0.2964,-0.0042,2,0.3367,1.2034,0.1403,-29,0,0,0.0144,0,0,0.9727,0
CUST-00115,6,0,-0.0125,1,0.2321,0.3331,1.4428,0,2.7606,0.5285,0,0,0.117,-0.3292,0,217,0,2,0.9511,1.0534,0.3103,0.21,0,0.161,1.3017,-0.0968,-17,1,4,-0.2134,0,0,1.4744,0
CUST-00115,7,0,0.1719,5,0.4049,0.2114,1.1098,0,1.946,0.1413,4.916,0,0.0673,0.1462,0,126,0,0,0.7779,0.2746,0.3121,0.1601,0,0.2317,0.2,0.1317,17,0,13,-0.0026,0,0,1.3588,0
CUST-00115,8,0,0.0947,1,0.8128,0.2915,2.1219,1,3.1827,0.4838,0.5071,0,0.1575,-0.0475,1,214,0,0,0.9949,-0.9253,0.0665,0.3692,1,0.423,1.4855,0.1749,7,0,7,-0.2147,0,4,1.6968,0
CUST-00115,9,0,0.0033,5,0.3464,0.0893,1.2674,1,1.0513,0.0979,0,0,0.1171,0.1524,0,176,0,0,0.8962,0.0878,0.3574,-0.2873,0,0.2424,1.6352,-0.051,27,1,0,0.1301,0,5,1.2306,0
CUST-00115,10,0,0.3193,5,0.4996,0.0689,1.574,0,3.6419,0.0809,2.1571,0,0,0.0418,0,175,0,0,0.9726,1.1151,0.2372,0.0035,0,0.4616,0.9603,-0.0029,-28,0,11,0.3451,0,0,1.5622,0
CUST-00115,11,0,-0.087,2,0.3132,0.2385,1.1538,0,0.2,0.2391,0,0,0,0.3295,1,144,0,0,0.9714,0.8453,0.1681,0.1517,1,0.3878,1.5075,0.1616,23,0,0,0.1279,0,1,1.7445,0
CUST-00116,0,0,-0.0103,0,0.7408,0,0.9692,0,2.5523,0.1244,0,0,0.0328,0.1213,0,160,0,0,0.6769,-0.3064,0.0714,-0.0347,0,0.3602,0.7439,0.0719,-13,0,7,-0.0227,0,0,1.4651,0
CUST-00116,1,0,0.0763,5,0.3313,0.3611,1.1262,0,0.2,0.5023,3.4518,1,0.0754,-0.0699,0,241,0,0,0.5491,-0.1194,0.2175,0.0438,1,0.2183,0.8064,-0.2774,24,1,7,0.0921,0,0,1.1984,0
CUST-00116,2,0,0.0715,3,0.3677,0.1771,1.2894,1,1.8047,0.2827,3.6376,1,0,0.1657,1,306,0,0,0.854,1.2244,0.105,-0.0547,0,0.2102,0.6925,-0.1034,23,0,0,0.0978,0,0,1.3334,0
CUST-00116,3,0,-0.2,8,0.5582,0.2183,1.2081,0,3.1952,0.1451,1.1044,0,0.1841,-0.2003,0,302,0,0,1.1449,-0.5181,0.2331,-0.0235,1,0.3173,1.1662,0.0435,33,0,2,0.2305,0,0,1.1128,0
CUST-00116,4,0,0.0931,3,0.4293,0.1809,1.9416,0,2.3798,0.3047,1.4832,0,0.0746,0.0984,1,88,0,0,0.7962,-0.3599,0.1635,0.0267,0,0.4339,1.3895,0.0711,-41,1,0,0.0027,0,6,1.2868,0
CUST-00116,5,0,0.1826,0,0.2186,0.2156,1.8206,0,1.8047,0.2138,2.9061,0,0,0.0191,1,165,0,2,0.9705,-0.3909,0.4523,-0.1593,1,0.431,1.0617,0.0406,8,0,20,-0.1236,0,4,1.2186,0
CUST-00116,6,0,0.1714,8,0.8827,0.0809,1.5686,1,1.4003,0.0215,4.0263,0,0.2087,-0.3127,0,170,0,0,0.8035,0.5373,0.5335,0.0694,0,0.3657,0.6197,-0.016,-26,0,0,-0.5922,0,15,1.7738,0
CUST-00116,7,0,-0.0132,5,0.825,0.1739,0.884,0,1.1952,0.239,3.0222,0,0,0.0338,0,251,0,0,1.0104,-0.3029,0.2259,-0.0172,0,0.3207,1.2056,0.1508,-11,0,0,-0.0801,0,0,1.3254,0
CUST-00116,8,0,-0.0486,4,0.7362,0.0389,1.5313,0,3.0783,0.1019,3.7454,0,0.1545,-0.2668,1,46,0,1,0.6659,-1.6807,0.0975,-0.0318,0,0.4152,1.6821,0.2131,5,0,0,-0.0539,0,5,1.1017,0
CUST-00116,9,0,0.2297,5,0.5767,0.0869,1.4068,0,2.0857,0.2326,0,1,0,-0.101,0,116,0,1,0.7009,0.588,0.0778,0.1519,0,0.309,1.5517,0.117,-4,0,18,0.1474,0,0,1.2367,0
CUST-00116,10,0,-0.091,0,0.4687,0.1999,0.8102,0,2.7652,0.3095,1.2921,2,0.1818,-0.1075,0,205,0,0,0.7009,-0.7362,0.147,-0.1093,1,0.2401,0.9391,0.1373,15,1,1,-0.0248,0,0,1.1094,0
CUST-00116,11,0,0.438,6,0.4821,0.2503,1.142,1,1.7084,0.166,0,0,0.0096,-0.0657,1,168,0,2,1.0227,-1.5425,0.016,0.3757,0,0.3782,1.336,-0.0093,38,0,0,0.1625,0,13,1.0584,0
CUST-00117,0,0,-0.0008,5,0.6617,0.1458,0.8328,0,0.9939,0.3018,2.6092,1,0.0223,-0.0569,1,179,0,0,0.8697,-1.7631,0.0479,0.0084,0,0.446,1.4483,0.018,21,0,4,0.1043,0,9,1.3554,0
CUST-00117,1,0,-0.0566,4,0.6851,0.1042,0.5663,1,3.8573,0.2915,0,2,0.051,-0.146,1,110,0,0,0.921,-1.2184,0.193,0.3654,3,0.459,1.3589,-0.0408,-7,0,0,-0.0168,0,6,1.2264,0
CUST-00117,2,0,0.1951,0,0.9912,0.0597,1.3756,0,2.4486,0.3607,5.1958,0,0,-0.0393,0,199,0,2,1.1156,0.8681,0.1285,0.1476,0,0.5734,1.8831,-0.2762,-15,0,10,0.0583,0,8,1.1783,0
CUST-00117,3,0,0.0377,1,0.5544,0.1758,1.2386,0,0.9122,0.2549,0,0,0,-0.1523,2,207,0,0,1.0089,1.0227,0.0832,0.2007,0,0.3179,1.2467,-0.016,-14,0,0,0.3935,0,8,1.4683,0
CUST-00117,4,0,-0.0083,2,0.4336,0.1706,1.1654,0,4.2167,0.1643,0,0,0.1856,0.1066,0,165,0,0,1.0801,1.2191,0.0373,0.4446,0,0.1767,0.4513,0.0748,-24,0,20,0.5308,0,0,1.4025,0
CUST-00117,5,0,0.1366,3,0.5345,0.263,1.318,1,3.2767,0.2078,2.6839,0,0,0.0069,1,112,0,0,1.0429,0.2349,0.3124,0.0975,1,0.4157,0.5342,-0.1193,-9,0,17,0.1373,0,0,1.7535,0
CUST-00117,6,0,0.0073,3,0.3567,0.2589,1.1908,0,1.2918,0.2935,5.5599,0,0.138,-0.4953,0,118,0,0,0.8032,0.1312,0.1364,0.2525,1,0.3471,0.8544,0.0185,30,0,24,0.0619,0,0,1.8026,0
CUST-00117,7,0,0.1378,6,1.0075,0.2053,1.9728,0,0.2,0.4397,0,0,0.1504,0.1401,1,128,0,0,0.9653,-0.3745,0.0619,-0.0068,0,0.4523,1.3365,-0.0141,5,0,12,-0.1814,0,0,1.6321,0
CUST-00117,8,0,0.3074,4,0.7997,0.4558,1.3358,0,2.6673,0.0159,0,0,0.2725,0.1544,0,211,0,1,0.8607,-0.5278,0.1453,-0.1786,2,0.4418,1.0015,-0.0402,29,0,8,0.0914,0,0,1.1231,0
CUST-00117,9,0,0.1025,2,0.3242,0,1.889,0,1.5281,0.1364,0,0,0.1495,0.3168,0,120,0,0,1.0564,0.6746,0.3095,-0.0819,0,0.5478,1.2545,-0.127,9,1,3,0.0854,0,0,1.334,0
CUST-00117,10,0,0.1028,1,0.1604,0.1989,0.9269,0,2.3869,0.4252,3.4455,0,0.1527,0.1373,0,200,0,0,0.5786,0.2433,0.4601,-0.1421,0,0.1667,1.551,0.1068,-17,0,0,0.0145,0,20,1.4996,0
CUST-00117,11,0,0.2,2,0.9792,0.1628,1.4615,1,0.8011,0.2964,1.9996,1,0.1459,0.1374,0,134,0,1,0.9073,0.8252,0.1454,-0.0622,0,0.5138,1.3421,-0.139,-10,1,8,-0.059,0,7,1.5325,0
CUST-00118,0,0,0.1465,1,0.8665,0.2116,0.9344,0,1.1736,0.1412,0,0,0,0.0335,0,190,0,1,0.863,-0.3797,0.073,-0.0191,0,0.3704,1.278,0.1136,0,0,3,-0.0225,0,6,1.413,0
CUST-00118,1,0,0.0789,7,1.1481,0.1445,1.3097,1,3.2586,0.7725,2.4106,0,0.3272,-0.0572,0,175,1,0,1.0261,-0.0497,0.307,0.0257,0,0.1,1.7379,-0.0359,-17,0,0,-0.0373,0,0,1.7088,0
CUST-00118,2,0,-0.0522,0,0.3273,0.0902,1.3725,0,4.4507,0.3635,3.4398,1,0,-0.2468,0,250,0,0,1.1459,-0.4299,0.1937,-0.0517,1,0.3228,0.2239,0.0293,-7,0,0,0.0807,0,0,1.357,0
CUST-00118,3,0,-0.1681,2,0.6688,0.0682,1.5253,1,2.3786,0.3656,0,0,0.0049,0.0165,1,289,0,3,0.5041,-0.1086,0.4131,-0.2979,0,0.4114,0.4085,-0.1402,28,0,0,0.1513,0,0,2.0233,0
CUST-00118,4,0,0.1935,3,0.4117,0.1103,1.0376,0,3.9676,0.1288,0,2,0,-0.3404,1,179,0,0,0.9412,-0.5817,0.2559,-0.033,3,0.5959,0.9729,0.022,40,1,0,-0.0867,0,0,1.4934,0
CUST-00118,5,0,0.0735,2,0.5899,0.0701,0.9903,1,0.9607,0.0889,1.5108,1,0.1327,0.0831,0,287,0,2,0.7795,0.9639,0.223,-0.0696,0,0.5594,0.7976,0.1733,18,0,0,-0.3739,0,1,1.6173,0
CUST-00118,6,0,-0.1169,9,0.2058,0.2517,1.1586,0,3.3635,0.1046,0.6705,2,0.0521,-0.1622,0,292,0,2,0.664,-1.5118,0,-0.0936,0,0.544,1.021,0.1179,0,0,15,0.2567,0,0,1.5343,0
CUST-00118,7,0,0.0594,5,0.2846,0.1146,1.4867,0,1.3537,0.3287,0,1,0.2159,-0.3238,1,249,0,2,0.6935,-0.3276,0.1019,-0.1424,0,0.2561,1.5144,-0.0255,30,2,2,0.1749,0,19,1.3219,0
CUST-00118,8,0,0.0892,1,0.9671,0.1792,1.4176,0,0.7399,0.155,1.2881,0,0.1017,-0.0466,0,103,0,0,1.0831,0.7141,0,0.1487,1,0.3232,0.2681,-0.1086,23,0,0,0.2228,0,0,1.5086,0
CUST-00118,9,0,-0.1997,1,0.4084,0.1743,1.3695,0,1.3592,0.2032,2.0325,0,0.011,0.3093,0,273,0,0,0.6659,-0.2194,0.2327,-0.2462,0,0.278,1.5792,-0.0284,16,2,0,-0.0279,0,8,1.6367,0
CUST-00118,10,0,0.1193,8,0.4148,0.0517,0.4329,1,2.4122,0.41,6.2429,0,0.1844,0.0018,0,200,0,1,0.8121,0.5889,0.3111,-0.1762,0,0.4165,1.5057,0.0934,4,1,0,-0.1002,0,28,1.2972,0
CUST-00118,11,0,0.007,0,0.8301,0.1818,1.439,0,4.4968,0.0795,0,0,0.2443,0.005,2,113,0,0,0.9051,0.0936,0.1563,-0.1287,0,0.3723,1.2756,-0.041,1,0,0,-0.126,0,11,1.4706,0
CUST-00119,0,0,-0.073,6,0.7281,0.3886,0.8504,0,1.4916,0.4956,0.9713,0,0.171,-0.242,0,121,0,0,0.8079,-0.6316,0.1723,-0.0032,0,0.4787,1.3017,-0.0945,25,1,0,0.0519,0,4,1.1109,0
CUST-00119,1,0,-0.0313,4,0.5547,0.3361,1.6611,1,1.5592,0.0301,0,0,0,0.1151,1,111,0,0,1.0173,-1.3002,0.3024,0.048,2,0.4206,0.4842,0.0747,10,0,9,0.3526,0,3,1.6808,0
CUST-00119,2,0,0.0509,0,0.6146,0.2599,1.6406,0,0.8581,0.0438,5.3647,1,0,-0.0379,0,30,0,0,0.6811,0.1418,0.3377,0.0678,0,0.4544,1.2049,0.0359,-29,1,0,0.1311,0,0,1.1064,0
CUST-00119,3,0,-0.0483,2,1.3203,0.1757,1.0118,0,1.6624,0.3305,1.3959,0,0.2653,-0.1102,0,128,0,0,0.8881,-0.3049,0.3253,-0.1111,0,0.6772,0.5492,-0.0051,0,0,10,-0.1267,0,0,1.3397,0
CUST-00119,4,0,0.1624,4,0.6959,0.308,1.9414,0,0.3305,0.4532,1.2735,0,0,0.0429,0,249,0,0,1.0054,0.4947,0.0457,0.259,2,0.2103,0.5573,-0.0568,-28,0,0,0.1373,0,1,1.4941,0
CUST-00119,5,0,-0.0071,4,0.6021,0.315,0.9539,0,2.9653,0.26,3.5923,1,0.1475,-0.0329,0,211,0,0,0.8967,-0.3326,0.248,-0.0105,0,0.406,0.3066,0.056,-7,0,0,-0.1569,0,0,1.4188,0
CUST-00119,6,0,0.0946,0,0.4119,0.3159,1.3864,0,1.817,0,0,0,0.0106,-0.138,0,142,0,3,1.1714,0.3241,0.2047,0.0998,1,0.1884,0.9987,0.2902,30,0,17,0.3062,0,0,1.3263,0
CUST-00119,7,0,0.1199,7,0.7054,0.2971,1.7522,0,2.5852,0.436,3.1885,0,0,-0.0019,0,141,0,0,0.8701,0.0131,0.1114,0.4228,0,0.4182,1.5349,0.0382,18,2,10,0.1681,0,7,1.4399,0
CUST-00119,8,0,-0.072,0,0.4812,0.2408,1.4527,0,3.17,0.279,0,1,0.1264,0.129,1,236,0,2,0.8458,0.0183,0.4011,0.0234,0,0.4206,0.2,0.1597,-3,0,0,0.2722,0,6,1.7147,0
CUST-00119,9,0,-0.0444,5,0.6587,0,1.0947,0,2.9181,0.3394,0,0,0,0.095,0,198,0,0,0.7674,-0.0837,0.2872,-0.0777,0,0.462,1.1713,-0.2337,9,1,0,0.3977,0,0,1.4112,0
CUST-00119,10,0,0.0236,0,0.3433,0.3015,1.4019,0,1.3222,0.2679,3.5612,0,0,-0.5,0,233,0,0,0.7838,-0.0089,0.2338,0.1129,1,0.3027,1.4535,-0.0931,-8,0,0,0.0657,0,1,1.433,0
CUST-00119,11,0,0.2229,14,0.2473,0.2187,2.0283,1,1.2354,0.4227,0.0293,1,0,-0.0787,1,200,0,0,0.9341,0.3377,0.1209,0.1324,1,0.34,2.2928,0.0075,13,2,0,0.2527,0,0,1.1842,0
CUST-00120,0,0,-0.0297,6,0.5675,0.2258,1.2571,0,0.2221,0.117,0,0,0.0747,0.2585,0,169,0,0,0.669,0.9602,0.0245,-0.2832,0,0.2057,2.0123,-0.2898,-17,0,0,0.2016,0,20,1.3384,0
CUST-00120,1,0,0.3922,2,0.5738,0.1106,1.2537,0,2.1668,0.2752,0,0,0.0541,-0.1199,1,154,0,0,0.9148,-1.628,0.2841,-0.0618,1,0.2337,0.8202,-0.009,2,0,0,0.0317,0,4,1.1849,0
CUST-00120,2,0,0.2202,0,0.6775,0.403,0.7502,0,0.4248,0.0006,0,1,0,0.1365,0,230,0,0,0.849,-0.6526,0.1936,-0.366,1,0.3088,0.2,-0.0083,-6,0,10,0.125,0,0,1.5138,0
CUST-00120,3,0,-0.0157,3,0.4833,0.1388,1.56,1,0.9781,0.2931,0,3,0,0.3114,0,220,0,2,0.6136,0.1653,0.0577,-0.362,0,0.1,0.4722,0.0534,-3,1,0,-0.0119,0,2,1.1634,0
CUST-00120,4,0,0.153,2,0.8907,0.1492,1.5953,0,2.6211,0,0,0,0.2806,-0.0427,0,108,0,2,0.5988,-0.2507,0.3419,0.5316,0,0.2602,0.8569,-0.0899,-11,0,3,-0.0289,0,0,1.2225,0
CUST-00120,5,0,-0.1035,5,0.258,0.0953,1.6372,1,3.8288,0.4669,5.7604,0,0.1961,0.1694,0,206,0,0,0.869,0.3719,0.1411,-0.0494,0,0.355,0.2,0.1777,15,0,6,-0.0612,0,0,0.8952,0
CUST-00120,6,0,0.1755,3,1.1318,0.2075,1.7033,0,3.8923,0.2981,0,0,0.1476,0.2427,0,109,0,0,0.8195,0.8465,0.1215,0.1268,0,0.2806,1.2396,-0.1854,-15,2,0,-0.05,0,5,1.4117,0
CUST-00120,7,0,0.0613,1,0.01,0.084,1.7957,0,2.1166,0.2863,0.321,0,0,0.1334,0,160,0,0,1.1593,-0.6097,0.1753,-0.2657,1,0.4444,1.0729,0.1496,4,0,15,0.3029,0,0,1.4239,0
CUST-00120,8,0,-0.0041,1,0.3997,0.1679,1.2341,0,1.5373,0.2072,1.3135,0,0.0419,-0.124,0,132,0,0,0.9904,-0.1553,0.4061,0.0755,1,0.3109,1.564,-0.0227,1,0,0,0.1951,0,8,1.2031,0
CUST-00120,9,0,-0.0557,4,0.6806,0.2414,1.4258,1,0.9804,0.212,5.3514,1,0.0767,0.1068,0,180,0,0,1.0728,0.5425,0.0083,-0.1256,0,0.1247,1.7282,-0.0963,-2,0,0,-0.3018,0,0,1.7093,0
CUST-00120,10,0,0.0381,2,0.5347,0.1291,1.4223,0,2.703,0.4331,0.9615,0,0.103,0.3335,0,139,0,0,0.7144,-0.5136,0,-0.0745,0,0.3402,1.3641,-0.0005,10,0,15,-0.0775,0,0,0.9312,1
CUST-00120,11,0,0.0865,1,0.5731,0.0943,1.3966,0,1.9304,0.2894,2.6535,0,0.0683,-0.0228,0,138,0,0,0.8201,0.3281,0.0727,-0.1618,0,0.3145,1.9074,-0.0052,-31,0,7,-0.0528,0,12,0.9782,0
CUST-00121,0,0,-0.0652,1,0.5881,0.1964,0.9612,0,1.1721,0.4007,0,2,0,-0.0736,0,28,0,0,0.8393,-0.2377,0.2292,0.0239,0,0.1895,0.6361,-0.385,27,0,0,0.2859,0,8,1.1351,0
CUST-00121,1,0,0.1136,7,0.8753,0.2059,1.3472,0,2.5716,0.2431,2.3344,1,0.0262,-0.1119,0,151,0,0,0.9584,-0.187,0.1688,-0.188,0,0.5082,0.2363,-0.1908,6,0,3,0.0595,0,2,1.7844,0
CUST-00121,2,0,0.0213,3,0.9175,0.1597,0.8459,1,2.9217,0.418,0,0,0.1884,0.0906,1,11,0,0,0.7099,-0.2897,0.1737,-0.2269,1,0.2398,1.065,0.0382,-5,0,0,0.2017,1,4,1.7,0
CUST-00121,3,0,0.1548,8,0.8103,0.1269,1.0339,0,2.1577,0.1362,1.9106,0,0.0836,-0.2355,0,306,0,0,1.2724,-0.7613,0.2411,0.0798,0,0.3803,1.3893,0.1774,6,0,0,0.0345,0,10,1.5673,0
CUST-00121,4,0,-0.0512,1,0.5321,0.3146,1.2988,1,2.1196,0.2433,0,0,0.0048,0.1284,2,255,0,0,1.0051,-1.0117,0.0688,0.0927,1,0.3263,1.2159,-0.05,20,0,4,0.2819,0,0,1.3047,0
CUST-00121,5,0,0.1341,5,0.9041,0.1627,1.3705,0,1.0202,0,2.3195,0,0,-0.2011,0,136,0,0,0.9133,0.4008,0.258,-0.294,2,0.4975,0.6933,-0.0098,25,0,0,0.0964,0,0,1.5295,0
CUST-00121,6,0,0.0329,3,0.4563,0.2761,1.1193,1,2.6571,0.5223,0.2929,0,0.2845,0.4143,1,91,0,3,0.8675,0.1664,0.2479,0.173,1,0.4188,0.2,-0.1303,-1,0,8,0.0443,0,0,1.1734,0
CUST-00121,7,0,0.1361,1,0.4121,0.2917,0.7085,0,1.5442,0.3379,2.1446,0,0.0337,-0.1195,0,186,0,0,0.7281,0.8631,0.2339,0.2306,0,0.4567,1.9999,0.0489,4,0,0,0.0298,0,0,1.3478,0
CUST-00121,8,0,0.09,1,0.4909,0.1155,1.2971,0,1.6133,0.4255,0,0,0.2134,-0.0495,0,231,0,0,0.817,1.0943,0.0356,0.1167,2,0.3441,0.7712,0.0111,36,1,8,-0.0299,0,0,1.5892,0
CUST-00121,9,0,0.0694,3,0.6687,0.1327,1.3224,0,1.3853,0.1806,4.1953,0,0,0.0619,2,185,0,0,0.9178,-0.3334,0,-0.3078,0,0.4686,0.5296,-0.0441,-5,1,5,0.058,0,1,1.4232,0
CUST-00121,10,0,-0.0049,0,0.6841,0.2202,1.0559,1,2.7523,0.2032,0,0,0.0639,0.1306,0,212,0,0,0.6598,0.0262,0.0989,-0.2446,0,0.3942,0.939,0.0881,5,0,0,0.1812,0,0,1.3653,0
CUST-00121,11,0,0.1258,1,0.5849,0,1.7464,0,3.6555,0.363,1.2434,0,0.1858,-0.0245,1,177,0,0,1.0621,0.0941,0.2817,-0.1312,0,0.4,1.3666,-0.1113,14,0,8,-0.1483,0,0,1.4563,0
CUST-00122,0,0,-0.0048,6,0.5161,0.2657,1.2322,1,2.2398,0.2646,1.1107,0,0.2002,-0.2695,0,116,1,1,0.7262,-0.8265,0.2486,0.0734,0,0.3697,0.7562,0.0048,-3,0,18,0,0,0,1.5845,0
CUST-00122,1,0,0.3157,3,0.4052,0.1043,1.2615,0,2.7422,0.2611,5.2333,0,0,-0.1879,0,236,0,0,0.7295,1.2099,0.3211,-0.0584,0,0.1479,0.9573,0.0307,-3,1,34,-0.0434,0,10,1.3417,0
CUST-00122,2,0,0.0992,4,0.8515,0.171,1.51,0,1.8179,0.347,0,0,0.0006,0.1839,0,191,0,0,0.8757,0.7978,0.2184,0.0562,0,0.4179,1.4147,-0.1067,16,0,0,0.1014,0,0,1.0594,0
CUST-00122,3,0,0.2795,0,0.0536,0.1949,1.4518,0,0.9139,0.1975,4.4122,0,0.0751,-0.1909,1,135,0,0,0.8036,-0.0643,0.1334,-0.1689,0,0.3064,1.7988,-0.1076,19,0,0,-0.0825,0,1,1.4255,0
CUST-00122,4,0,0.1005,7,1.0186,0.2819,1.5022,0,2.4985,0.3052,0,0,0.0106,0.0662,1,153,0,0,0.7825,0.3926,0.1386,0.0333,1,0.392,0.2,-0.0965,2,0,1,-0.4411,0,0,1.231,0
CUST-00122,5,0,0.1695,0,0.4105,0.0745,0.7498,1,1.7926,0.28,0,0,0.0904,-0.343,0,99,0,0,1.0902,-0.1342,0.0818,-0.145,2,0.4678,0.2,0.0076,20,2,0,0.0893,0,0,1.2043,0
CUST-00122,6,0,0.1654,4,0.6491,0.1551,1.2975,0,0.7284,0.2424,2.7006,0,0.0521,0.0278,0,133,0,0,0.6892,0.5886,0.1383,0.0022,0,0.4046,1.5974,-0.0002,16,0,4,0.0671,0,0,1.4887,0
CUST-00122,7,0,0.0243,4,0.869,0.2131,1.5203,0,1.4022,0.025,7.7286,0,0.1605,-0.1672,0,361,0,2,1.3409,1.1577,0.2264,-0.254,1,0.3588,0.2,-0.0796,-17,1,19,0.35,0,6,1.1186,0
CUST-00122,8,0,0.0905,0,0.01,0.1738,1.1192,0,4.967,0.1672,4.683,0,0,0.3905,0,236,0,0,0.6788,-1.1786,0.4508,-0.0328,0,0.2831,1.8309,0.0941,18,1,10,0.1049,0,0,1.7256,0
CUST-00122,9,0,-0.0353,2,0.6694,0.3479,1.2008,1,0.6522,0.1729,0,0,0.2892,0.1204,2,205,0,0,0.8246,-0.6963,0.2603,0.0574,0,0.1144,0.2,0.1064,7,0,0,-0.09,0,11,1.9276,0
CUST-00122,10,0,0.1686,4,0.5686,0.268,0.7366,0,3.4219,0.3352,0.1109,0,0,-0.1739,2,139,0,2,0.6889,-0.5095,0.2788,-0.0565,0,0.317,1.108,0.05,4,0,0,0.0964,0,2,1.6003,0
CUST-00122,11,0,0.0394,2,0.4317,0.16,1.3484,0,5.0165,0.4591,0.826,0,0.0625,0.2173,0,87,0,0,0.9308,-1.8391,0.2354,0.3166,2,0.4229,0.9195,-0.186,26,2,0,-0.0857,0,1,1.4056,0
CUST-00123,0,0,0.1117,2,0.7374,0.2233,1.0846,1,0.6749,0.6024,3.0513,0,0.0614,0.3789,0,146,1,1,0.555,0.0162,0.2038,0.0622,1,0.1845,1.0337,0.0553,2,1,0,-0.2067,0,0,1.1533,0
CUST-00123,1,0,0.168,0,0.517,0.2184,1.4378,0,2.4262,0.1744,0,1,0.2171,0.3041,0,180,0,0,0.9563,0.2924,0.4543,0.1507,0,0.3055,1.8957,0.1304,12,0,5,0.1997,0,0,1.3335,0
CUST-00123,2,0,0.2979,8,0.8495,0.295,1.2393,0,0.2,0.3772,0,0,0,-0.0909,1,157,0,0,0.918,0.2664,0.1414,0.0909,0,0.3334,0.8602,-0.0989,9,0,0,-0.0822,0,8,1.3033,0
CUST-00123,3,0,0.0671,4,1.0076,0.1442,1.5601,0,0.2533,0.1883,0.6989,2,0,-0.0992,1,88,0,0,0.7022,-0.7266,0.2733,-0.0266,0,0.3615,1.4739,0.0887,-31,0,6,0.1881,0,0,1.4413,0
CUST-00123,4,0,0.0475,3,0.6761,0.2279,1.4487,0,1.4425,0.3561,0.9229,0,0.0233,-0.0911,1,228,0,3,0.9903,0.0227,0.1748,-0.1968,0,0.2976,1.2113,-0.0868,36,2,0,0.059,0,13,1.5744,0
CUST-00123,5,0,-0.0119,5,0.5979,0.2461,0.8731,0,0.9255,0.2911,1.0312,0,0.0479,0.132,0,77,0,2,1.086,0.9209,0.2274,0.0244,0,0.2737,1.2648,0.0883,-10,0,0,0.0493,0,21,1.5601,0
CUST-00123,6,0,-0.0642,1,0.9088,0.13,1.6945,0,3.0374,0.4262,4.4875,0,0.0408,-0.0494,0,105,0,1,0.9469,-0.2329,0.0839,0.2203,0,0.6418,0.8577,-0.0995,9,0,11,0.1718,0,1,1.1562,0
CUST-00123,7,0,-0.0728,5,0.7728,0.3619,1.5768,0,2.5841,0.0837,0,0,0,-0.4446,0,18,0,0,1.1257,-0.7344,0.1717,-0.109,0,0.1447,1.1315,-0.1311,39,0,0,0.0811,0,0,1.2161,0
CUST-00123,8,0,-0.0248,2,0.7465,0.0332,1.4594,0,2.1813,0.2365,5.0022,0,0.04,0.1316,0,174,0,2,0.8519,0.5509,0.0603,0.4347,0,0.2503,0.2,-0.0813,-27,0,0,-0.0036,0,12,1.4869,0
CUST-00123,9,0,0.1007,3,0.5981,0.3171,0.9501,0,1.9988,0.1592,0,0,0.1729,0.2962,0,121,0,1,0.6644,-0.8502,0.2402,0.3579,1,0.2569,1.158,0.1299,13,0,21,0.2033,0,9,1.39,0
CUST-00123,10,0,0.0846,7,1.0176,0.2907,1.5444,0,0.8716,0.1106,0.2699,0,0.2369,0.5177,0,200,0,0,0.9064,0.2072,0.187,-0.1464,0,0.3521,0.7308,-0.0168,-17,0,0,0.1177,0,0,1.1524,0
CUST-00123,11,0,0.072,0,0.9444,0.1755,1.6052,1,1.7672,0.3405,0,0,0.0714,-0.2875,0,171,0,0,0.9378,0.2895,0.2224,-0.1103,1,0.3425,0.2295,0.1017,-10,0,0,-0.0266,0,12,1.9854,0
CUST-00124,0,0,-0.1915,0,0.3517,0.2362,0.9517,1,3.0858,0.3982,1.2038,0,0,-0.0078,0,178,1,0,0.7318,-0.3715,0.2168,0.1495,0,0.3961,1.8231,-0.1014,18,0,0,0.0385,0,10,1.6096,0
CUST-00124,1,0,0.2302,0,0.3051,0.138,1.1948,0,2.9635,0.0472,0,0,0.1611,0.3911,1,230,0,0,0.837,-0.3307,0.1503,-0.2035,0,0.2391,0.3647,0.0631,13,0,0,-0.078,0,9,1.9559,0
CUST-00124,2,0,0.1109,0,0.5399,0.219,2.0029,0,2.9138,0.4025,1.3527,0,0.1211,0.2813,0,183,0,0,0.9315,-0.4835,0.1924,-0.1223,1,0.5466,1.5079,0.0658,-3,0,0,0.2033,0,3,1.5028,0
CUST-00124,3,0,-0.1196,4,0.5956,0.3676,1.3102,0,2.2091,0.1619,0.1441,0,0,0.0388,1,82,0,1,0.9023,1.3772,0.3144,0.1703,0,0.4253,0.6367,-0.0456,3,0,1,-0.1136,0,3,1.5836,0
CUST-00124,4,0,-0.0631,2,0.6856,0.1484,1.1989,0,2.5338,0.359,0.7737,0,0,-0.0492,2,49,0,0,1.0401,-0.8527,0,-0.0016,0,0.419,1.0567,0.1051,2,1,0,0.0205,0,0,1.4783,0
CUST-00124,5,0,0.0672,1,0.146,0.1961,1.1909,0,2.9162,0.3168,0,0,0.2961,0.4275,1,211,0,3,0.6642,0.017,0.1711,-0.2712,0,0.4662,1.0042,-0.1017,19,0,19,-0.0172,0,0,1.6985,0
CUST-00124,6,0,-0.0156,2,0.6021,0,1.0375,0,1.8877,0.3661,5.8515,0,0.1965,0.4528,1,118,0,2,0.9252,0.2015,0.1335,-0.0483,0,0.404,1.3332,0.1773,10,1,0,0.2253,0,0,1.2766,0
CUST-00124,7,0,0.2804,1,0.7382,0.173,1.2568,0,0.9796,0.5315,1.341,1,0.2483,0.0985,0,222,0,2,0.6926,-0.5235,0.2003,-0.3242,0,0.3423,1.6789,0.0291,34,1,0,0.189,0,6,1.4664,0
CUST-00124,8,0,0.0167,4,0.589,0.2611,1.5035,0,2.6325,0.1457,2.4443,0,0.0254,-0.0489,0,170,0,1,0.7794,-0.1163,0.1832,-0.0145,0,0.1051,1.2222,0.0347,25,0,0,0.2346,0,13,1.2476,0
CUST-00124,9,0,0.0017,2,0.3649,0.0795,0.9817,0,1.7457,0.3789,0,1,0.0814,0.2637,0,249,0,0,1.0816,-0.1116,0.1584,-0.1387,1,0.2457,1.0961,-0.0777,35,0,0,0.2969,0,19,1.396,0
CUST-00124,10,0,0.0458,1,0.5576,0,0.8913,0,1.6597,0.0841,5.6529,0,0,0.1566,0,189,0,0,0.8131,-0.0449,0.1603,-0.0287,1,0.127,1.5532,-0.0915,5,0,0,-0.0579,0,0,1.5499,0
CUST-00124,11,0,0.2138,7,0.7816,0.2646,0.9293,1,3.0549,0.2243,1.3682,0,0,0.0536,0,78,0,0,0.8966,0.4812,0.1303,0.0889,0,0.4099,1.08,0.1377,16,1,0,-0.0115,0,0,1.979,0
CUST-00125,0,0,-0.2,5,0.7821,0.2311,1.5703,0,1.7554,0.3188,0,0,0.1256,-0.2462,0,131,0,0,1.0348,0.8964,0.1136,0.0953,0,0.5197,1.7116,-0.0307,25,0,13,-0.4651,0,1,1.3936,0
CUST-00125,1,0,-0.0114,5,0.1672,0.2465,1.6713,0,1.8748,0.2488,2.0184,1,0.1918,0.2081,0,125,0,0,0.8534,0.4415,0.3298,0.1426,0,0.3173,0.9175,0.1573,15,1,0,0.1524,0,0,1.113,0
CUST-00125,2,0,0.0943,0,1.0468,0.2373,1.2015,0,1.5402,0,0,0,0.1242,-0.3083,1,128,0,0,0.8607,-1.0059,0.2651,0.2298,0,0.2388,0.2,-0.0243,-2,0,0,0.0219,0,0,1.096,0
CUST-00125,3,0,0.0818,4,0.7185,0.2274,1.231,0,3.8468,0.2468,1.742,0,0.0626,0.2664,1,170,0,3,1.0744,0.6882,0.1383,0.2257,2,0.3325,0.5247,0.0849,21,0,0,0.1651,0,0,1.1644,0
CUST-00125,4,0,0.0751,7,0.7421,0.1646,1.4489,1,0.4922,0.6076,3.6475,0,0.1647,-0.0406,0,136,0,0,0.8424,0.9714,0.3821,0.1211,0,0.5886,1.6196,0.0495,25,0,7,-0.1245,0,0,1.3716,0
CUST-00125,5,0,0.2546,0,0.4975,0.2106,1.3945,0,0.2,0.4619,2.9029,0,0.2395,0.1696,2,200,0,1,0.741,0.054,0.2871,0.2049,0,0.4903,0.5543,0.0821,-11,0,8,-0.1113,0,7,1.1358,0
CUST-00125,6,0,-0.0728,1,0.9134,0.2315,1.362,0,2.0878,0.5026,1.1839,0,0.312,0.3551,0,211,0,0,0.849,0.2486,0.196,-0.0906,1,0.4054,0.3853,0.0023,-24,0,4,0.1385,0,8,1.326,0
CUST-00125,7,0,0.0951,6,0.4548,0.2263,1.6427,1,2.1709,0.188,10.1759,2,0,-0.1887,2,67,0,1,0.8682,-0.1521,0.1646,-0.0986,0,0.2767,1.6218,-0.0279,-12,0,6,0.3658,0,0,1.231,0
CUST-00125,8,0,-0.0252,3,0.5759,0.2554,0.9378,0,3.3331,0.256,2.1432,0,0.0142,-0.2297,0,271,0,1,0.7285,0.2972,0.1758,-0.3503,0,0.4015,0.8246,-0.2294,-6,1,11,-0.0372,0,0,1.7636,0
CUST-00125,9,0,0.0064,5,0.3179,0.2627,0.7103,0,2.3378,0.2053,4.0339,0,0,-0.1419,1,217,0,0,0.8564,0.3512,0.2218,-0.1858,0,0.6024,1.9416,0.1077,6,0,5,-0.0558,0,0,1.7206,0
CUST-00125,10,0,0.1738,1,0.3929,0.0142,1.9388,1,2.452,0.2418,0.9361,0,0.1767,0.1095,0,94,0,0,0.7247,-0.0477,0.2938,0.0179,1,0.3719,0.6555,-0.2019,-25,2,11,0.0576,0,9,1.1584,0
CUST-00125,11,0,0.1419,4,0.9999,0.25,1.7151,1,1.6723,0.0792,5.8675,0,0.1201,0.2038,0,74,0,1,0.9067,0.6765,0.4475,-0.2502,1,0.4553,0.404,0.0587,-31,1,10,-0.2853,0,0,1.1886,0
CUST-00126,0,0,0.1784,1,0.7226,0.2366,1.8066,1,2.2214,0.3061,2.3298,0,0.2019,-0.0227,2,158,0,0,0.89,-0.3083,0.318,0.1314,0,0.3554,0.5141,0.0158,20,0,0,-0.1214,0,0,1.6382,0
CUST-00126,1,0,-0.0081,3,0.2591,0,1.2911,0,0.9687,0.053,0,2,0.1045,0.3101,1,187,0,1,0.8121,0.9793,0.3856,0.1997,0,0.5698,1.9448,-0.0054,7,0,3,0.0929,0,0,1.5774,0
CUST-00126,2,0,0.2195,4,0.5519,0.2541,1.1562,0,2.2062,0.0704,0,1,0.1751,-0.1987,0,153,0,3,0.6669,-0.0631,0.0943,-0.0001,0,0.3444,1.2736,0.0923,3,0,5,0.0206,0,0,1.2795,0
CUST-00126,3,0,0.0603,6,0.2945,0.079,1.1345,0,2.441,0.1159,1.7697,1,0.1654,-0.1383,0,162,0,2,0.9002,-0.263,0.2336,-0.4,0,0.4161,0.2,-0.1273,13,0,3,0.1606,0,13,1.5251,0
CUST-00126,4,0,0.2512,7,0.7461,0.1947,1.4202,0,2.9992,0.2797,1.7162,0,0.2218,0.1815,0,222,0,0,0.937,-0.7965,0.1505,-0.2781,1,0.372,0.5772,0.1732,-2,1,7,-0.1346,0,13,1.183,0
CUST-00126,5,0,0.0355,6,1.0252,0.3019,1.5425,0,1.3483,0.2966,4.1239,0,0,0.18,0,165,0,0,0.7278,-0.7411,0.1406,0.1349,1,0.4877,1.4529,0.0109,-3,0,0,-0.2066,0,0,1.1629,0
CUST-00126,6,0,-0.0581,0,0.2777,0.1806,1.2994,1,1.3992,0.4427,2.1822,0,0.0283,0.0081,0,204,0,0,0.9543,0.9215,0.3255,0.211,0,0.3211,0.7794,-0.0149,8,0,15,-0.1073,0,10,1.119,1
CUST-00126,7,0,0.1341,1,0.7177,0.1986,1.4004,0,2.474,0.3083,1.3994,2,0.263,0.1238,0,200,0,0,0.9058,-0.8241,0.2148,0.0719,0,0.4463,2.3515,-0.0741,-38,0,0,0.2581,0,5,1.4513,0
CUST-00126,8,0,0.1118,2,1.0222,0.2853,1.3783,0,4.0631,0.1471,0,2,0,-0.0447,1,166,0,0,0.9112,-0.0807,0.1737,-0.3552,2,0.6102,2.0545,-0.1245,13,0,0,-0.1071,0,3,1.3559,0
CUST-00126,9,0,0.2574,0,0.6181,0.2522,1.0847,1,0.8182,0.3574,0,1,0.0604,-0.2185,0,77,0,0,0.6268,0.3745,0.236,-0.0784,1,0.5236,1.9881,-0.0104,-24,0,0,0.3144,0,3,0.9494,0
CUST-00126,10,0,0.0295,10,0.3728,0.3068,1.5907,1,1.1372,0.4733,2.647,0,0.204,0.1314,1,197,0,0,0.9022,-0.5487,0.1753,0.1662,0,0.2226,1.1366,-0.0702,11,0,0,-0.0342,0,0,1.9206,0
CUST-00126,11,0,-0.1033,4,0.3734,0.2905,1.2018,0,4.4549,0.1717,2.0713,0,0,-0.0641,1,146,0,0,0.694,0.0486,0.1866,-0.1898,0,0.2353,1.4031,-0.0395,-25,0,0,0.0877,0,3,1.5487,0
CUST-00127,0,0,0.232,4,0.3274,0.1878,1.7747,1,1.8288,0.3543,1.002,0,0.0983,0.0467,1,193,0,1,0.8737,0.1752,0.1987,-0.0764,0,0.3911,0.9907,-0.046,-28,1,0,0.2563,0,0,1.1924,0
CUST-00127,1,0,0.2575,3,0.01,0.1202,1.5479,0,2.6091,0,5.6632,0,0.404,0.4107,0,185,0,0,1.1014,-1.5067,0.2714,-0.0589,2,0.3357,0.9661,0.0513,-14,0,0,0.0973,0,0,1.2703,0
CUST-00127,2,0,-0.0322,5,0.4911,0.0919,2.0728,0,0.5999,0.5364,0.4935,3,0,-0.0361,0,261,0,0,0.7515,0.5148,0.4193,-0.0124,0,0.4265,0.7984,0.127,12,0,0,-0.0594,0,0,0.9793,0
CUST-00127,3,0,-0.0577,1,0.8625,0.1695,1.2379,0,2.5163,0.2354,0,1,0.053,0.1787,0,229,0,1,0.7052,0.2824,0.2424,-0.1395,0,0.1925,0.6404,0.0302,-1,0,0,0.0414,0,1,1.1718,0
CUST-00127,4,0,0.2903,0,0.5633,0.1434,1.4268,0,2.3263,0.2376,0,1,0.2572,-0.0206,0,224,0,0,0.6774,0.1537,0.2831,0.0391,0,0.3812,1.1895,-0.0051,44,0,9,-0.0733,0,7,1.3815,0
CUST-00127,5,0,-0.0371,0,0.5161,0.1238,1.7408,1,0.6497,0.3345,6.2372,0,0,0.093,0,138,0,0,0.6234,1.0379,0.1215,-0.0723,0,0.3343,0.2,0.0718,-26,0,0,0.0699,1,0,1.1366,0
CUST-00127,6,0,0.2264,4,0.5735,0.1716,0.9495,1,2.1109,0.2538,2.7104,1,0.0864,-0.3159,2,187,0,0,0.9234,-0.9809,0,0.4066,1,0.5516,0.4542,-0.1235,-9,0,0,0.15,0,5,1.0877,0
CUST-00127,7,0,0.1979,0,0.1235,0.2053,1.5943,1,2.5058,0.2812,3.4359,1,0.0616,-0.0961,0,150,0,0,1.0911,-0.5669,0.3352,0.0021,1,0.3427,1.3426,-0.0628,32,0,0,0.3838,0,0,1.0533,0
CUST-00127,8,0,0.1382,4,0.7318,0.2512,1.0998,0,0.5246,0.2189,1.5891,0,0.1917,-0.1571,0,162,0,2,0.7455,-0.1552,0.1371,0.3,0,0.3816,0.4473,0.0941,-3,2,9,0.1033,0,17,1.4147,0
CUST-00127,9,0,0.102,6,0.5954,0.1199,0.7892,0,1.8997,0.3318,3.0588,1,0.0529,0.2318,0,76,0,1,0.8319,0.8967,0.2814,0.173,2,0.4881,0.5652,0.0708,-8,1,7,0.1486,0,3,1.3537,0
CUST-00127,10,0,0.0582,3,0.5234,0.1354,1.4549,0,2.9068,0.4241,0,0,0,-0.0113,0,256,0,0,0.754,-1.521,0.2537,0.2257,0,0.2918,1.8381,-0.1538,34,0,0,0.2583,0,5,2.2694,0
CUST-00127,11,0,0.0247,4,0.5784,0.2199,1.404,0,2.5922,0.1433,0.1833,0,0,0.0473,0,170,0,1,0.9738,0.4746,0.1067,-0.164,1,0.5726,0.5933,0.0226,-16,0,0,0.0374,0,8,1.4398,0
CUST-00128,0,0,-0.0444,3,0.5813,0,1.1641,0,2.3757,0.1928,0.1743,0,0.1592,0.2348,0,144,0,0,0.7439,-0.1126,0.1106,-0.142,0,0.2854,1.3582,0.0107,17,0,9,-0.049,0,0,1.6489,0
CUST-00128,1,0,0.0803,3,0.1835,0.097,1.5219,1,1.4649,0.347,4.5966,1,0.156,-0.1869,0,285,0,1,0.7434,-1.0782,0.0214,-0.1996,0,0.2593,0.3692,0.1273,3,0,0,0.0418,0,0,1.1149,0
CUST-00128,2,0,-0.131,0,0.3639,0.1114,1.1205,0,2.5325,0.6193,0,0,0.0891,-0.2899,0,114,0,0,0.6768,0.0671,0.2103,-0.1721,0,0.3285,0.609,-0.1297,13,0,2,-0.0194,0,0,1.5113,0
CUST-00128,3,0,0.0637,0,0.8434,0.1162,0.5647,0,1.5531,0.2617,3.93,0,0.1984,-0.0919,0,159,0,0,0.723,-0.0807,0.1012,-0.1053,0,0.2307,0.4273,0.0122,13,3,1,0.1159,0,8,1.4404,0
CUST-00128,4,0,0.1656,5,0.4207,0.0871,1.3081,0,0.2,0.3443,0,1,0,0.1465,1,165,0,1,0.9727,0.7515,0.3299,-0.0351,0,0.2961,1.9046,-0.0163,4,3,0,-0.0197,0,10,1.2757,0
CUST-00128,5,0,0.2834,8,1.1215,0.3284,1.8034,0,0.2,0.1823,0,0,0,0.0191,0,189,0,0,0.9063,0.0578,0.2019,-0.1219,0,0.3585,0.9919,0.0809,36,1,0,0.0081,0,0,1.1386,0
CUST-00128,6,0,0.0219,6,0.6084,0.0731,1.4387,0,3.8645,0.1749,8.8808,2,0,-0.1499,0,176,0,1,0.8501,0.3256,0.3617,0.0413,0,0.382,0.4326,-0.1068,0,0,3,0.2505,0,1,1.0261,0
CUST-00128,7,0,0.0157,7,0.4069,0.1647,0.8577,0,2.3381,0.402,5.2123,0,0.1733,0.0107,2,93,0,1,0.7991,0.1668,0.104,-0.0254,0,0.4642,0.3267,-0.1112,22,0,2,-0.1974,0,0,1.019,0
CUST-00128,8,0,-0.2,0,0.5276,0.0839,0.6766,0,0.7257,0.373,7.241,1,0,0.0292,0,148,0,0,0.5616,0.3107,0.3827,-0.2395,0,0.1822,0.6638,-0.0783,-28,1,0,-0.0531,0,16,0.8923,0
CUST-00128,9,0,0.2319,1,0.9031,0.0883,1.1962,0,4.8974,0.2958,3.1802,3,0,-0.3457,1,209,0,1,0.8762,0.0991,0.2763,0.1049,2,0.3715,0.777,0.1271,-7,3,0,0.1588,0,10,1.0899,0
CUST-00128,10,0,-0.2,1,0.8632,0.2347,1.4384,0,2.3361,0.2499,2.5236,0,0.1485,0.132,0,208,0,2,0.8418,0.7955,0.2758,0.0126,0,0.3989,0.3051,-0.1074,7,0,13,-0.0252,0,15,1.549,0
CUST-00128,11,0,0.2011,5,0.3955,0.3079,1.2823,0,0.6045,0.2904,2.965,0,0,0.1094,1,224,0,2,0.9226,-0.2282,0.1634,-0.097,0,0.477,1.1572,-0.0581,-21,0,0,-0.024,0,13,1.2711,0
CUST-00129,0,0,0.0741,3,0.3641,0.2554,0.8612,0,2.4874,0.1184,2.4815,0,0,-0.0681,1,255,0,2,0.6603,0.0107,0.2647,-0.1053,0,0.172,1.4726,0.0419,-5,0,8,0.1485,0,8,1.0688,0
CUST-00129,1,0,0.1933,0,0.6926,0.1756,1.3253,0,2.152,0.333,1.3682,1,0.0696,0.1283,0,181,0,1,0.8131,0.329,0.0262,-0.3794,2,0.3955,0.8351,-0.0915,41,0,0,0.3705,0,5,1.2687,0
CUST-00129,2,0,-0.057,4,0.3712,0.3312,1.2154,0,1.0338,0.3292,3.4372,0,0.0059,0.0753,0,84,0,1,1.19,-0.1295,0.3266,0.3032,1,0.4522,1.5893,-0.1246,-18,0,12,0.1473,0,22,1.3691,0
CUST-00129,3,0,-0.0632,3,0.49,0.2283,0.9786,0,5.6815,0.1598,1.3916,0,0.074,-0.2082,0,246,0,0,0.8215,-0.6043,0.1383,-0.0779,0,0.3658,1.3471,-0.0241,-1,0,0,-0.056,0,0,1.8826,0
CUST-00129,4,0,0.0841,5,0.2768,0.2621,1.3004,0,2.5945,0.0166,1.0371,0,0.0774,0.1591,0,228,0,0,0.8576,0.5944,0.2163,-0.0866,0,0.4614,1.5072,0.1286,37,0,0,-0.0157,0,7,1.734,0
CUST-00129,5,0,0.1745,5,0.4134,0.3525,1.6248,0,3.2393,0.0055,0,0,0.0324,0.0061,1,116,0,1,0.835,-0.5568,0.0648,-0.1711,1,0.3784,1.3394,-0.0372,21,1,0,0.0157,0,0,1.2721,0
CUST-00129,6,0,0.1396,1,0.231,0.1536,1.5468,0,3.1057,0.058,0,0,0.101,0.0153,0,243,0,0,0.6697,-1.4134,0.1816,-0.1852,1,0.1336,1.1497,0.007,-8,1,0,0.2937,0,4,1.7599,0
CUST-00129,7,0,0.0062,3,0.5732,0.1297,1.0617,0,0.2,0.6345,4.789,0,0.0401,0.0421,0,165,0,0,1.1086,0.5481,0,-0.0981,0,0.4401,0.5593,-0.0665,-31,1,0,0.0177,0,11,0.8482,0
CUST-00129,8,0,0.0064,9,0.3286,0.1919,0.9924,0,2.0039,0.1161,2.8714,1,0.1031,0.0806,0,240,0,2,0.5369,0.3812,0,-0.0003,1,0.4257,0.2,0.0047,1,0,0,-0.0046,0,11,1.0925,0
CUST-00129,9,0,-0.0914,0,0.5903,0.2693,0.4248,0,2.6199,0.2012,3.4917,2,0,-0.0119,0,115,0,0,0.7639,-0.1076,0.2152,-0.1007,1,0.4132,1.421,0.019,28,0,8,0.1552,0,5,1.082,0
CUST-00129,10,0,0.0688,4,0.5043,0.2727,0.6737,0,3.8235,0.2173,0,0,0.0583,-0.0568,0,159,0,1,0.8816,0.4705,0.2785,0.0274,0,0.2535,1.2438,0.0346,11,2,0,0.1279,0,5,1.5527,0
CUST-00129,11,0,-0.1387,1,0.6384,0.2645,1.5552,0,4.2734,0.1052,2.9987,1,0,0.1958,0,157,0,0,0.9849,0.8618,0.318,-0.1454,0,0.4072,0.5303,0.0513,38,0,3,0.2712,0,1,1.2831,0
CUST-00130,0,0,0.1855,1,0.6614,0,1.531,0,2.0533,0.278,5.4774,0,0,-0.3912,0,268,0,2,0.887,0.6958,0.2373,-0.0913,0,0.136,1.3524,0.1115,-26,1,8,0.0412,0,16,1.0713,0
CUST-00130,1,0,0.1692,0,0.4859,0.1038,1.7161,0,1.8735,0.2975,0,0,0.3389,0.2911,0,261,0,0,0.8526,0.2333,0.2499,0.0579,0,0.3169,0.8453,0.1972,-24,0,20,0.0447,0,0,0.8705,0
CUST-00130,2,0,0.2601,0,0.5548,0.142,1.1631,1,4.8506,0.377,2.8777,0,0.0647,-0.0995,0,375,0,0,0.9127,-1.2854,0.1343,-0.0373,1,0.3433,2.1824,0.1133,8,0,7,0.028,0,0,1.334,0
CUST-00130,3,0,0.1048,3,0.5851,0,1.2599,0,2.845,0.1078,1.9654,2,0.0256,0.0394,0,171,1,0,0.6331,-0.2119,0.3234,0.2036,0,0.3701,0.8741,0.1468,-28,0,16,0.025,0,0,1.6015,0
CUST-00130,4,0,0.1447,3,1.3627,0.1159,1.3886,0,2.4678,0.2473,3.4266,0,0.0826,0.1231,0,160,0,1,0.9389,0.0355,0.2456,-0.2497,1,0.319,0.9279,0.0068,-20,0,0,-0.0463,0,11,1.6888,1
CUST-00130,5,0,0.1134,4,0.126,0.1852,0.7574,1,3.2135,0.1525,0,1,0.1558,0.257,0,54,0,0,0.8548,1.1195,0.0415,0.0538,0,0.3253,1.0892,-0.0819,-1,0,31,0.198,0,0,0.8474,0
CUST-00130,6,0,0.1221,0,0.9615,0.0014,1.1028,0,1.4644,0.4049,2.4481,0,0,-0.2756,0,277,0,0,0.7652,1.7646,0.1825,-0.0484,0,0.3605,1.1798,0.0252,7,1,1,0.0662,0,0,1.4653,0
CUST-00130,7,0,-0.0655,5,0.4051,0.069,1.2154,1,3.2548,0.2123,3.1529,1,0.2333,0.3775,0,161,0,0,0.9634,-0.4952,0.2333,-0.0368,1,0.389,1.0186,0.0279,34,0,0,0.1337,0,26,1.0795,0
CUST-00130,8,0,0.21,4,0.9434,0.1388,0.9239,0,0.3794,0.09,2.4496,0,0.1772,0.0899,0,201,0,0,0.8437,-1.1878,0.3225,-0.0659,0,0.3361,0.5001,-0.0066,-2,2,8,-0.0522,0,0,0.9082,0
CUST-00130,9,0,0.0241,2,1.133,0.4488,1.1693,0,1.9301,0.1519,0,0,0.1918,-0.2609,0,114,0,2,0.7832,-0.2551,0.1652,0.1376,0,0.4246,1.1953,-0.0966,-33,2,0,0.0948,0,5,1.7002,0
CUST-00130,10,0,-0.2,5,0.6154,0.2232,1.18,1,1.4526,0.6627,1.3411,1,0.1311,-0.1542,0,227,0,0,0.51,1.0564,0.4337,-0.2138,0,0.1567,1.9991,-0.1704,24,0,0,-0.0343,0,0,1.1295,0
CUST-00130,11,0,0.0236,6,0.885,0.3122,1.28,0,0.7724,0.3386,1.5203,0,0.0511,0.1981,0,213,0,3,0.6358,-1.3289,0.212,0.0115,0,0.2999,1.0585,0.0372,-13,1,0,0.0671,0,10,0.9436,0
CUST-00131,0,0,0.172,0,0.9171,0.3599,1.3354,0,1.89,0.3246,1.2694,1,0.0665,-0.1089,0,182,0,0,0.7705,0.1917,0.0186,0.0904,0,0.2932,0.5595,-0.1163,14,0,6,0.0962,0,0,1.0525,0
CUST-00131,1,0,0.0786,0,0.5844,0.2667,1.218,0,0.328,0,1.213,0,0.1753,0.1709,0,173,0,0,0.9373,-0.4815,0.275,-0.117,0,0.3528,1.7135,0.0661,4,0,17,0.0036,0,0,1.3144,0
CUST-00131,2,0,0.1199,1,0.7545,0.3383,1.6463,0,0.2,0.3783,4.6068,0,0.1944,0.0943,0,130,0,0,0.7449,0.0451,0.4197,0.0628,0,0.2609,2.4731,-0.0321,-4,1,0,-0.072,0,2,1.4148,0
CUST-00131,3,0,0.1588,2,0.1819,0.1079,0.9533,0,0.2,0.1973,2.3714,0,0.0405,0.0177,0,175,0,1,0.8475,0.2034,0.1455,-0.0006,0,0.3436,0.2,0.0945,9,1,19,0.0075,0,0,1.4412,1
CUST-00131,4,0,-0.0362,4,0.5457,0.2488,1.2803,1,0.8305,0.1303,1.3818,0,0.1383,-0.0087,0,206,0,0,0.956,-0.9298,0.2689,0.0777,1,0.2687,1.2771,-0.1859,-24,0,5,0.2449,0,15,1.3891,0
CUST-00131,5,0,0.0981,3,0.6197,0.1485,1.2397,1,5.7577,0.2862,0.5647,1,0.0727,0.0549,0,168,0,0,0.719,0.3291,0.1715,-0.3269,0,0.3685,0.3679,-0.1449,-22,0,19,-0.0211,0,4,1.4566,0
CUST-00131,6,0,0.1521,1,0.5267,0.308,1.3758,0,3.3544,0.2151,0.2531,3,0,-0.0927,0,152,0,0,0.629,-0.1828,0.2327,0.14,0,0.2711,0.4542,0.0786,-4,0,36,-0.3508,0,1,1.3609,0
CUST-00131,7,0,-0.0715,2,0.7202,0.1615,1.2317,0,3.6426,0.4135,0,0,0.0853,0.0029,2,173,0,0,0.8696,-0.5292,0.1238,-0.2474,0,0.4939,1.3921,-0.134,19,0,3,-0.3133,0,0,1.2189,0
CUST-00131,8,0,0.0456,8,0.6099,0.1036,0.8897,1,3.3835,0.3115,0.7806,1,0.1973,-0.1576,0,235,0,0,0.6239,-0.1315,0.2655,0.1714,0,0.5807,1.9669,0.0492,10,0,7,0.0055,0,9,1.4534,0
CUST-00131,9,0,0.1348,0,0.6108,0.1282,1.1316,0,2.565,0.0536,0,0,0.0023,-0.0121,0,215,0,1,0.4679,-0.8372,0.1022,-0.1189,1,0.2309,1.249,0.084,-13,0,23,-0.178,0,0,1.1974,0
CUST-00131,10,0,-0.0786,0,0.4142,0.3033,1.7569,0,1.2447,0.2782,0,0,0.0787,-0.0389,0,84,0,0,0.8722,-0.5601,0.2192,0.1363,1,0.3025,0.5724,-0.0026,44,0,7,0.0245,0,12,1.348,0
CUST-00131,11,0,0.1647,8,0.0194,0.162,0.9617,0,3.2017,0.1534,0,0,0,-0.2168,1,360,0,0,0.9821,0.7196,0.3806,0.0578,0,0.5257,1.699,0.0491,21,0,0,0.0024,0,0,1.5052,0
CUST-00132,0,0,0.1363,1,0.8492,0.2241,1.2577,0,1.8777,0.2757,0.6962,0,0.1508,-0.1016,1,216,0,0,0.7285,0.3927,0.1067,-0.0305,1,0.2702,1.8224,-0.0806,-36,0,0,0.2326,0,30,1.4981,0
CUST-00132,1,0,0.0599,5,0.5541,0.2641,1.7773,0,4.2251,0.2348,3.4708,0,0.0555,-0.2183,1,161,0,0,0.9062,1.1406,0.3402,-0.1219,0,0.2803,0.8796,-0.0518,-20,0,2,-0.0465,0,0,1.5721,1
CUST-00132,2,0,0.0234,0,0.2996,0.2871,1.5107,0,3.507,0.1133,5.774,0,0.2233,0.0017,1,222,0,0,1.1093,0.3862,0.2024,0.1557,1,0.1658,0.4285,-0.0631,0,1,3,-0.0207,0,0,1.3525,0
CUST-00132,3,0,0.2012,0,0.4162,0.1499,1.2831,0,1.5177,0.2928,0,2,0,-0.0332,0,257,0,0,0.8677,-0.1306,0.3254,-0.0193,0,0.2405,0.2,-0.0014,4,2,0,0.1868,0,0,1.067,0
CUST-00132,4,0,0.1219,2,0.7129,0.0957,1.1909,0,1.178,0.4147,2.7574,0,0.0121,0.1327,2,195,0,0,0.6428,0.9885,0.1213,-0.151,0,0.491,0.2,-0.0601,2,0,1,-0.0401,0,3,1.5328,0
CUST-00132,5,0,0.094,3,0.4519,0.1916,1.6809,1,1.2251,0.1177,0.1127,2,0,-0.1899,1,209,0,1,0.6943,0.5486,0.1457,0.0032,0,0.3489,1.5852,-0.2165,30,0,11,0.4816,0,0,0.9557,0
CUST-00132,6,0,0.1717,0,0.9364,0.2493,1.5062,0,3.0178,0.3203,0.1625,0,0.1671,0.1996,1,263,0,0,0.8954,0.6547,0.2467,0.1658,0,0.479,1.8092,-0.1722,-30,1,8,0.1803,0,6,1.5255,0
CUST-00132,7,0,-0.0929,5,0.6685,0.2019,1.0591,0,2.1549,0.2887,0,1,0,-0.0648,0,184,0,0,0.7256,-0.3503,0.3244,-0.247,1,0.3421,1.5554,-0.1076,-20,1,2,0.0828,0,0,1.7026,0
CUST-00132,8,0,0.0978,8,0.5225,0.3253,1.9841,0,2.9823,0.4762,3.6947,1,0.3439,0.2302,0,281,0,0,1.0646,-0.5922,0,-0.1004,0,0.193,0.3325,0.0627,9,0,0,0.237,0,7,1.1258,0
CUST-00132,9,0,0.0114,1,0.5421,0.1693,0.7814,0,3.0142,0.3067,3.1814,0,0.061,0.1801,0,179,0,2,1.1131,-0.1403,0.1396,-0.0951,0,0.4704,1.0342,0.0169,32,0,24,0.3586,0,0,1.1361,0
CUST-00132,10,0,0.0146,4,0.7169,0.2017,1.2768,1,1.7011,0.3311,1.7521,0,0.0937,-0.2342,1,201,0,0,0.6942,-0.8065,0,-0.1945,0,0.317,0.3553,0.1857,-16,1,12,-0.1714,0,5,1.3065,0
CUST-00132,11,0,0.0026,1,0.4925,0.164,1.4218,0,0.2,0.2853,3.2683,1,0.0695,-0.103,1,63,0,0,0.8436,-0.0218,0.104,-0.019,1,0.3457,1.0192,0.0099,3,1,11,0.3428,0,0,1.7317,0
CUST-00133,0,0,0.3157,5,0.7503,0.2946,1.0838,1,2.2171,0.421,4.3783,0,0.1446,0.191,0,147,0,0,0.6186,-0.4862,0.2364,-0.2859,0,0.4239,0.6872,-0.0445,-15,2,7,0.042,0,0,1.3773,0
CUST-00133,1,0,0.103,5,0.9139,0.3088,1.4703,1,3.1446,0.1736,0.1987,1,0,-0.1417,0,211,0,0,0.7931,-1.2574,0.2726,-0.121,0,0.6337,0.2,0.0259,5,0,29,0.0597,0,0,1.8621,0
CUST-00133,2,0,-0.1362,4,0.275,0.1469,1.5267,0,2.7363,0.1937,3.3717,0,0.0027,-0.3473,0,153,0,1,0.6238,-0.6736,0.1025,-0.2241,0,0.3961,1.2208,-0.0668,-37,1,5,0.2907,0,7,1.4772,0
CUST-00133,3,0,-0.0326,3,0.5114,0.2639,1.4862,0,3.1862,0.1426,1.6742,0,0.0646,-0.1486,0,193,0,2,0.7174,0.1261,0,0.0324,1,0.2485,1.2003,0.056,18,0,16,-0.1311,0,0,1.2446,0
CUST-00133,4,0,-0.0217,0,0.6773,0.288,1.3058,1,0.2,0.2719,0,0,0,-0.0883,0,120,0,0,0.8105,-0.9036,0.2336,0.0952,0,0.4264,1.1962,0.0586,9,1,12,0.3827,0,8,1.0891,0
CUST-00133,5,0,0.211,1,0.774,0.4149,1.1703,0,2.0792,0.1431,0,0,0.0057,0.2006,0,113,0,2,0.8341,0.6294,0.3514,-0.0699,1,0.2643,1.279,0.026,-26,0,0,-0.0399,0,0,1.4536,0
CUST-00133,6,0,0.0847,2,0.5096,0.363,1.2918,0,2.979,0.118,2.3214,0,0,0.2514,0,156,0,1,0.7488,1.012,0.0027,0.3042,0,0.168,0.9146,-0.1789,-14,0,0,-0.0142,0,0,1.2735,0
CUST-00133,7,0,-0.1211,9,0.53,0.0359,1.3946,1,3.1672,0.0704,0,2,0,-0.0618,0,275,0,0,0.8118,0.3374,0.4135,0.0894,1,0.2559,0.3146,0.1003,24,0,9,0.2152,0,0,1.3926,0
CUST-00133,8,0,0.2685,2,0.5638,0.1703,1.216,0,1.0763,0.4039,0,0,0.2419,-0.0923,1,305,0,0,0.9892,-0.7508,0.1736,0.3067,0,0.1845,1.1968,0.0374,30,2,0,0.1959,0,0,1.0014,0
CUST-00133,9,0,0.0456,0,0.3556,0.1005,0.8046,0,0.4497,0.3244,4.848,2,0.0295,0.3467,0,153,0,0,0.8193,-0.0182,0.2807,-0.2016,0,0.4671,0.8705,0.0886,-18,0,6,0.3682,0,22,1.5427,0
CUST-00133,10,0,0.1231,4,0.3387,0.0608,1.5287,0,2.2938,0.0952,2.9972,1,0,-0.0838,2,152,0,0,0.8253,-0.2643,0.1821,-0.0649,0,0.2974,0.5396,-0.1962,-7,0,27,-0.1115,0,2,1.188,0
CUST-00133,11,0,0.0249,7,0.3716,0.1319,1.3127,0,2.9355,0.3628,0.2493,1,0.1827,-0.1011,0,100,0,0,0.9996,-0.483,0.1808,0.1298,0,0.4775,0.6537,0.0016,-16,0,7,0.0729,0,0,1.4702,0
CUST-00134,0,0,-0.0425,2,0.2395,0.0483,1.434,0,1.1911,0.378,0.1455,0,0.056,0.1304,0,260,0,0,0.8188,0.2168,0.189,-0.0861,1,0.2613,0.2,0.0078,-22,1,0,0.2684,0,0,1.3822,0
CUST-00134,1,0,0.0193,1,0.666,0.2896,1.0498,0,0.7322,0,3.2696,2,0,0.0919,1,61,0,2,0.7595,-0.2246,0.2099,-0.1604,0,0.3192,0.5763,0.0002,7,0,20,0.1872,0,0,1.6025,0
CUST-00134,2,0,-0.0463,4,0.5179,0.1852,0.9374,0,0.2,0.1249,4.4705,0,0,-0.2934,0,132,0,3,0.824,-0.2145,0.2356,-0.4,0,0.2772,2.0687,-0.0874,-2,0,0,0.5787,0,6,1.5333,0
CUST-00134,3,0,0.0034,1,0.6984,0.0717,1.1083,0,1.8269,0.1312,0,1,0.182,-0.1446,0,201,0,0,0.8204,0.3724,0.0654,-0.0218,1,0.1368,0.747,-0.0522,-18,1,2,-0.0722,0,0,1.1524,0
CUST-00134,4,0,0.0376,1,0.6653,0.0316,1.1856,0,2.0932,0.2828,0,1,0.1343,-0.1831,0,83,0,2,0.6784,0.139,0.1381,0.1197,1,0.4523,1.7324,0.2027,33,1,0,0.0151,0,20,1.4952,0
CUST-00134,5,0,0.0768,7,0.6017,0,1.1166,0,3.2194,0.5405,0,0,0.1956,0.3428,1,265,0,1,0.9914,-1.2951,0.1045,-0.1095,1,0.5014,1.6154,0.0441,-17,2,7,0.038,0,0,1.4997,0
CUST-00134,6,0,-0.1896,0,0.6214,0.2182,1.2741,1,1.1308,0.5292,0,0,0.1432,-0.0978,2,195,0,0,0.8536,-0.7495,0.173,-0.0178,0,0.3212,1.4545,-0.1808,-1,0,0,0.0877,0,0,0.9518,0
CUST-00134,7,0,0.2598,4,0.2076,0.3769,1.6701,0,0.2,0.7845,0,1,0.1983,0.1781,0,185,0,1,0.5941,-0.6016,0.3533,-0.0864,0,0.4213,0.2,-0.078,31,0,11,0.0174,0,0,1.3437,0
CUST-00134,8,0,0.1316,8,0.5774,0.1704,1.1015,0,3.6814,0.2253,1.6031,0,0.2532,0.2036,0,99,0,1,0.89,0.2029,0,-0.2145,1,0.2665,1.7376,0.0744,13,0,0,-0.0492,0,0,1.1999,0
CUST-00134,9,1,0.2035,11,0.3738,0.3715,0.1455,0,2.745,0.5188,10.3568,1,0.1857,0.2117,1,29,1,2,0.9876,1.1477,0.4137,0.4093,1,0.4866,1.5719,0.0317,5,1,16,0.2627,0,17,1.1404,0
CUST-00134,10,1,0.4125,8,0.3821,0.4374,0.0957,2,6.2855,0.6376,21.6668,5,0.3844,0.2035,2,70,0,3,1.1814,0.8849,0.3128,0.0229,2,0.5532,1.8086,0.2365,53,1,52,0.6195,1,24,0.6273,0
CUST-00134,11,1,0.5435,14,0.0161,0.5148,-0.0837,2,7.4755,0.7066,25.1642,4,0.7227,0.6048,3,11,0,2,1.3923,1.9928,0.4665,0.4323,3,0.8153,3.6619,0.165,103,5,50,0.7892,2,65,0.3604,0
CUST-00135,0,0,0.0186,1,0.7204,0.3911,1.3893,0,0.9095,0.22,1.1569,0,0,-0.0915,1,165,0,2,0.7799,1.3463,0,-0.2179,1,0.365,0.4341,0.1977,15,0,0,0.0414,0,2,1.473,0
CUST-00135,1,0,0.0705,6,0.3315,0.0735,1.072,0,3.8683,0.2488,1.9341,2,0,0.0095,0,108,0,0,0.7411,-0.8217,0.1144,-0.0917,1,0.2459,1.4882,-0.2286,12,0,0,0.1481,0,5,2.0149,0
CUST-00135,2,0,-0.0974,0,0.5165,0.2896,1.2379,0,0.9426,0,0,0,0.0622,0.0189,0,247,0,0,0.9024,0.8409,0.4981,-0.0036,1,0.2698,0.6279,-0.1921,-13,0,11,0.1706,0,10,1.2103,0
CUST-00135,3,0,0.1164,0,0.8361,0.3213,1.4497,0,1.2458,0.1399,4.6636,0,0.0567,0.1238,1,102,0,0,1.012,0.1031,0.3227,0.0591,0,0.3711,1.3087,0.0045,-4,0,14,0.1617,0,2,1.4665,0
CUST-00135,4,0,-0.0769,0,0.9196,0.2279,1.7015,1,1.0607,0.3353,3.2069,0,0.0964,0.1696,0,142,0,0,0.8214,-1.1091,0.2368,0.0443,0,0.1712,1.6529,-0.2185,-18,1,20,0.4057,0,6,1.0258,0
CUST-00135,5,1,0.3908,11,0.2401,0.3441,0.528,1,2.7037,0.4834,16.5105,3,0.128,0.2953,0,161,0,3,0.9751,0.5501,0.4678,0.3287,0,0.3853,1.9128,0.0495,56,2,26,0.1218,0,29,0.9389,0
CUST-00135,6,1,0.473,15,0.3223,0.6785,0.8115,1,4.198,0.6185,18.6679,2,0.3168,0.2901,2,95,0,4,0.9614,2.0295,0.4871,0.3598,3,0.6572,2.6522,-0.1468,10,3,40,0.664,0,44,0.5168,0
CUST-00135,7,1,0.627,26,0.0234,0.5649,-0.3622,2,7.2708,0.7248,20.0896,5,0.5947,0.6883,3,-93,0,6,1.4049,1.2718,0.6754,0.5543,4,0.6163,4.155,0.181,81,2,75,0.7137,1,47,0.385,1
CUST-00136,0,0,0.1329,4,0.6003,0.2869,1.2644,0,0.2,0.0819,0.7862,0,0,-0.3239,1,211,1,0,0.7721,0.1432,0.0238,-0.1589,1,0.2529,1.4109,0.1176,-2,0,1,0.3406,0,0,1.4509,0
CUST-00136,1,0,0.2418,0,0.7822,0.073,0.9895,0,3.2333,0.0755,1.9854,0,0.0261,-0.1323,2,154,0,2,1.0611,0.2959,0.1546,-0.0138,1,0.2976,0.9059,-0.0979,-18,1,0,0.0731,0,0,1.7147,0
CUST-00136,2,0,0.1023,3,0.9513,0.2897,1.1086,1,0.9545,0.3293,2.6079,0,0.0979,0.2115,0,127,0,0,0.9838,0.3814,0.0586,-0.2382,0,0.3286,1.5856,-0.1783,4,2,0,-0.0794,0,4,1.2939,0
CUST-00136,3,0,0.0812,0,0.677,0.1712,1.6145,1,3.3448,0.249,1.3719,1,0,-0.1106,1,188,0,0,0.8599,-0.3104,0.1933,0.0957,1,0.3753,0.9226,0.0993,26,2,10,-0.0398,0,7,1.1681,0
CUST-00136,4,0,0.154,2,0.3091,0.1578,1.6107,1,1.499,0.1414,0.4935,1,0.1502,-0.0646,0,166,0,0,0.6735,0.9113,0.1687,0.0238,0,0.2645,0.8391,0.0579,-12,0,10,0.0569,0,0,1.9482,0
CUST-00136,5,0,-0.0365,7,0.6649,0.1626,0.9899,0,2.4717,0,5.4586,0,0.0508,0.0853,2,200,0,0,0.755,-0.707,0.0994,0.1936,0,0.5047,0.6101,0.1181,-11,0,0,-0.1955,0,12,1.4231,0
CUST-00136,6,0,0.1292,0,0.7379,0.2549,1.4836,0,2.1745,0.1637,4.1235,0,0.2034,0.211,0,38,0,1,0.996,0.8965,0.1711,-0.0275,0,0.4818,0.9805,-0.0766,1,0,10,-0.246,0,9,1.4321,0
CUST-00136,7,0,0.0604,3,0.5237,0.1009,0.9743,1,0.2,0.3223,2.8311,0,0.2731,-0.0357,0,160,0,0,0.9958,0.3045,0.2531,-0.3201,1,0.2879,0.8889,-0.0667,22,0,0,0.1502,0,0,0.922,0
CUST-00136,8,0,0.0451,4,0.5724,0.2344,1.4486,1,2.8156,0.3312,4.3378,1,0.1189,0.1404,1,109,0,0,1.0397,0.3906,0.1616,-0.0576,1,0.2123,2.3242,-0.1779,32,2,1,0.2693,0,13,1.72,0
CUST-00136,9,0,0.2636,0,0.9314,0.5685,1.1266,0,0.8039,0.4589,1.8295,0,0.0716,-0.023,0,129,0,0,0.8318,0.209,0.1524,-0.0143,1,0.3867,0.2,0.1272,61,0,0,0.1012,0,12,2.1709,0
CUST-00136,10,0,0.0382,2,0.7633,0.1266,1.2238,0,2.8788,0.3741,1.9947,0,0,-0.2064,0,258,0,0,0.6958,0.3544,0.1966,-0.2651,1,0.4095,0.815,-0.1093,-8,0,19,0.067,0,0,1.7952,0
CUST-00136,11,0,0.0487,2,0.6222,0.2096,1.2726,0,2.0473,0.3276,4.1747,0,0.0308,0.3458,0,111,0,2,0.8445,0.0255,0.1453,0.0322,0,0.5911,0.702,0.0249,30,0,4,0.0313,0,0,1.3332,0
CUST-00137,0,0,0.0327,1,0.724,0.1669,1.3375,0,1.7049,0.2692,0,0,0.1624,-0.0782,0,214,0,0,1.2344,0.4816,0.0412,0.1256,0,0.5494,1.6568,0.0301,-20,0,0,0.0778,0,0,1.3593,0
CUST-00137,1,0,0.0268,0,0.5606,0.1491,0.6233,0,2.8124,0.1889,9.4349,0,0.095,-0.4419,0,169,0,0,0.7209,-0.2893,0.127,0.0852,1,0.1985,0.64,-0.2107,-5,0,11,-0.0847,0,0,0.9407,0
CUST-00137,2,0,-0.1214,4,0.1847,0.1759,1.4886,0,1.5671,0.0004,0.3059,0,0,0.2703,0,222,0,1,0.8248,-0.3837,0.3519,-0.1371,0,0.4958,1.5332,0.2609,-8,2,18,0.1271,0,0,1.6244,0
CUST-00137,3,0,0.014,5,0.6454,0.3355,1.2898,0,3.5188,0.5323,0,0,0,-0.2311,0,229,0,0,0.9319,-0.1208,0.2202,-0.0378,0,0.5585,1.8173,0.068,10,1,0,0.0886,0,0,1.3183,0
CUST-00137,4,0,0.1262,4,0.3838,0.2464,1.2958,0,3.1791,0.4629,0,1,0.0005,-0.1704,2,64,0,0,0.9296,1.4663,0.0747,-0.0101,0,0.316,0.5849,-0.0595,-11,1,8,-0.3234,0,0,1.1198,0
CUST-00137,5,0,0.2456,5,0.5005,0.1683,1.2196,0,1.4621,0,1.376,0,0,0.1119,1,159,0,0,0.6487,0.291,0.3526,-0.2146,0,0.43,0.8375,0.0259,13,0,0,0.0941,0,14,1.0704,0
CUST-00137,6,0,0.1464,2,0.2565,0.175,1.1336,0,1.4164,0.5005,1.7728,0,0.2287,0.2785,0,163,0,1,0.7913,0.5871,0.3828,-0.0472,0,0.1849,0.6558,-0.0009,-41,2,0,0.1386,0,5,1.3887,0
CUST-00137,7,0,0.019,3,0.8718,0.3634,1.1214,0,0.3899,0.3358,0.0489,0,0,-0.0511,1,171,0,2,1.01,-0.117,0.286,-0.0468,0,0.44,0.2,0.1684,26,3,16,0.1257,0,0,1.6354,0
CUST-00137,8,0,-0.0155,0,1.1132,0.1533,1.5159,0,0.511,0.4502,0,1,0.1103,0.4523,0,209,0,2,0.9173,0.2953,0.0254,0.0222,1,0.5325,1.2382,0.1015,-11,0,7,-0.0276,0,3,1.0447,0
CUST-00137,9,0,0.1595,2,0.8174,0.1306,1.1242,0,2.1103,0.288,3.5545,0,0.1314,-0.1887,0,172,0,0,0.852,0.31,0.1369,0.083,0,0.4207,1.1149,0.2033,-28,3,0,-0.2609,0,6,1.7422,0
CUST-00137,10,0,0.0904,0,0.4964,0.0418,1.3027,1,1.8882,0.2772,1.0889,1,0,0.0853,0,199,0,1,0.8858,0.3515,0.0986,0.3452,0,0.2454,2.1809,0.0425,8,0,21,0.2999,0,1,1.049,0
CUST-00137,11,0,-0.0384,2,0.6953,0.1563,1.0688,0,2.948,0.7457,3.5947,0,0.0835,0.1608,1,252,0,1,1.2098,-0.6896,0.1478,0.1949,0,0.2757,1.0987,0.0472,17,2,30,0.0043,0,0,1.3844,0
CUST-00138,0,0,0.1719,1,0.6496,0.2092,1.2991,0,3.4251,0.304,0,0,0,-0.0088,0,122,0,0,0.6224,-0.6625,0.2752,0.2756,2,0.4897,0.2,0.1567,27,0,12,-0.198,0,7,1.1722,0
CUST-00138,1,0,0.0506,2,0.5325,0.1861,1.3328,1,1.8154,0.1408,6.474,0,0.2073,-0.2884,0,264,0,0,0.5751,0.8138,0.1506,0.1338,0,0.2894,1.1639,-0.018,-6,0,0,0.0937,0,0,1.2084,0
CUST-00138,2,0,0.1913,0,0.3545,0.1929,1.0783,0,0.6318,0.421,0.9701,0,0.0377,0.0959,0,268,0,0,0.9711,-0.9043,0.152,0.1023,0,0.5903,1.1661,-0.039,11,0,0,-0.1349,0,3,1.3751,0
CUST-00138,3,0,-0.021,0,0.5682,0.209,1.2544,0,2.2696,0.3224,0,2,0.0576,-0.0721,0,112,0,0,0.9089,0.2996,0.0538,-0.3046,1,0.1486,0.6694,0.0605,-18,0,17,0.0439,0,3,1.3916,0
CUST-00138,4,0,0.0689,0,0.2741,0.1822,1.2318,0,2.2094,0.141,0.3918,0,0.1374,0.2203,2,117,0,1,0.7226,0.1566,0.1231,0.0771,0,0.2423,1.6579,-0.1606,-19,0,0,0.3265,0,0,1.3176,0
CUST-00138,5,0,0.1067,0,0.2512,0.0859,1.5793,1,2.2245,0.4407,3.6744,0,0.0671,-0.2305,0,253,0,0,0.9331,0.1677,0.0761,0.3579,0,0.3428,0.566,-0.0312,-15,0,0,0.0219,0,0,1.2879,0
CUST-00138,6,0,-0.0752,0,0.9349,0.2868,0.9661,0,3.377,0.3781,0,0,0.0766,0.0374,0,213,0,0,0.727,-0.1738,0.5162,0.1766,1,0.3196,0.9631,-0.1809,-29,0,0,-0.0837,0,0,1.5062,0
CUST-00138,7,0,0.0711,6,0.64,0.2691,1.6826,0,2.1619,0.3129,0,0,0.0343,-0.0077,0,156,0,0,0.6873,1.4191,0.3408,0.1541,0,0.4927,0.2,0.0252,-31,0,0,0.1331,0,0,1.0651,0
CUST-00138,8,0,0.1178,1,0.6778,0.1519,1.1781,0,2.9662,0.3435,1.1005,0,0,-0.2211,0,129,0,2,0.9606,-0.567,0.1009,0.1722,0,0.3632,1.8131,0.042,-6,2,0,-0.4257,0,7,1.5547,0
CUST-00138,9,0,0.0128,4,0.7794,0.1109,1.1262,0,0.2,0.3495,5.3799,1,0.0305,-0.0894,0,79,1,2,0.9086,-0.4136,0.1337,0.1092,0,0.1586,1.8416,-0.0761,-3,0,0,-0.1611,0,5,1.1415,0
CUST-00138,10,0,-0.0085,4,0.8099,0.1193,0.9072,0,1.8463,0.2722,0.3972,0,0.057,0.1164,0,197,0,0,0.7434,-1.22,0.1377,0.0927,0,0.3473,1.1991,0.073,-16,0,0,-0.2169,0,12,1.4662,0
CUST-00138,11,0,0.0716,8,0.6043,0.1719,1.0344,0,2.0734,0.3979,4.3815,1,0.1219,0.2845,0,162,0,0,0.9853,1.037,0.2623,-0.1734,0,0.3122,0.5928,-0.0262,8,0,0,0.2702,0,7,1.1181,0
CUST-00139,0,0,-0.0306,0,0.6151,0.1949,1.7272,0,2.3709,0.3786,2.6371,0,0.139,0.062,1,126,0,0,0.8455,0.6717,0.1229,-0.2382,1,0.3407,1.9028,0.0674,5,3,21,-0.0255,0,0,1.5139,0
CUST-00139,1,0,0.2537,1,0.7877,0.0987,1.4857,0,1.2394,0.2945,4.5985,0,0.0378,0.0145,2,128,0,2,0.7906,-0.1842,0.4722,0.0737,0,0.293,1.0487,0.0074,10,0,0,-0.346,0,0,1.5989,0
CUST-00139,2,0,0.0051,1,0.3243,0.1204,1.9616,1,1.1911,0.2446,5.2353,0,0.1994,-0.1172,0,102,0,0,0.8664,-0.481,0,0.035,0,0.3877,0.9137,-0.2072,34,0,6,-0.1022,0,8,1.0049,0
CUST-00139,3,0,0.1137,0,0.44,0.1269,0.9405,1,3.2604,0.1281,1.8682,0,0,-0.0059,0,178,0,0,0.9926,0.6726,0.1424,-0.4,0,0.2263,0.3063,-0.1397,11,0,0,-0.1313,0,5,1.1565,0
CUST-00139,4,1,0.107,10,0.4798,0.2965,0.822,0,3.1156,0.3903,6.5871,2,0.2241,0.2049,3,108,1,3,1.0535,0.2626,0.4492,0.0693,0,0.557,3.1658,0.1617,-11,3,15,0.2493,1,35,1.1123,0
CUST-00139,5,1,0.5261,14,0.6641,0.4681,0.4378,1,2.617,0.5428,18.0256,2,0.4371,0.3946,1,60,0,1,1.4132,1.0962,0.3384,0.7251,3,0.6056,2.6747,-0.0784,47,5,57,0.7983,1,25,0.4811,1
CUST-00139,6,1,0.53,20,0.3012,0.5783,-0.0234,1,5.522,0.6752,26.2301,2,0.5218,0.4663,2,49,0,5,1.3239,1.5067,0.809,0.2323,5,0.7465,3.6083,0.1385,64,1,66,0.7535,2,57,0.2637,1
CUST-00140,0,0,0.2469,0,0.5517,0.1613,1.5496,0,2.5559,0.1706,4.6519,1,0.324,0.3715,2,215,0,0,0.8002,-0.9276,0,-0.3689,0,0.2164,0.7226,-0.0384,15,1,0,0.0724,0,2,1.3635,0
CUST-00140,1,0,0.3169,0,0.9453,0.0542,1.0103,0,0.2,0.3073,0,1,0.1564,0.0773,0,282,0,0,0.8346,0.5266,0.0375,0.383,0,0.1778,1.1413,0.0996,16,0,6,0.1841,0,28,1.1597,0
CUST-00140,2,0,0.0753,4,0.3229,0.0417,1.0087,0,1.595,0.4533,1.4209,3,0,0.2766,0,156,0,0,0.8147,-0.5662,0.2085,-0.1641,1,0.6058,1.7047,0.007,9,0,0,-0.2082,0,17,1.0118,0
CUST-00140,3,0,-0.0574,3,0.7695,0.0297,1.5471,0,1.8112,0.1599,4.4778,0,0.1223,0.2788,0,179,0,0,0.7266,0.2217,0.2077,0.0989,1,0.3016,1.9232,0.0997,0,1,13,-0.0077,0,0,1.4905,0
CUST-00140,4,0,0.1809,0,0.3532,0.2144,1.1333,0,1.366,0.3172,6.1734,2,0,0.0769,0,146,0,2,1.0645,1.2294,0.2286,-0.0278,2,0.2678,1.3947,-0.032,7,0,4,0.3882,0,13,0.9487,0
CUST-00140,5,0,0.078,0,0.3459,0.2823,1.3284,1,0.9099,0.23,1.7235,1,0.1886,-0.2419,0,297,0,0,0.8499,0.3722,0.2471,0.0999,0,0.505,1.0313,-0.0434,5,1,2,-0.0386,0,2,1.1413,0
CUST-00140,6,0,-0.1439,0,0.383,0.1941,1.1795,1,0.3978,0.1786,1.0786,0,0,0.231,1,199,0,1,0.642,0.0255,0.1459,-0.3925,0,0.2065,0.7883,-0.1543,26,1,0,0.1994,0,2,1.1973,0
CUST-00140,7,0,-0.022,3,0.5971,0.224,0.902,0,0.6015,0.4641,0.7304,0,0.0239,-0.1549,0,163,0,0,0.9603,0.6626,0.2871,0.2978,0,0.2356,1.5404,-0.1555,33,0,0,0.2346,0,0,1.3919,0
CUST-00140,8,1,-0.0022,5,0.2506,0.3858,0.5886,0,3.3884,0.3644,6.6035,0,0.2638,-0.1386,0,155,1,4,0.7514,1.5271,0.3119,0.1049,1,0.4546,1.814,0.0008,9,2,3,0.2395,0,0,1.119,0
CUST-00140,9,1,0.405,16,0.5438,0.2179,0.3865,1,4.1979,0.8826,16.3763,4,0.2928,0.1078,3,6,0,6,1.3802,1.5674,0.6372,0.3548,2,0.6202,2.2655,-0.0698,41,3,45,0.5349,1,28,0.8767,0
CUST-00140,10,1,0.4442,20,0.01,0.6622,0.1154,3,5.2021,0.8743,24.8744,4,0.6535,0.6951,3,-17,0,4,1.3555,1.2958,0.6509,0.5654,4,0.7571,3.4996,0.036,71,4,55,0.5745,1,64,0.5026,0
CUST-00141,0,0,0.0434,0,0.6134,0.3017,1.5664,1,4.3925,0.1609,0,0,0.0524,-0.1216,1,173,0,2,0.8015,0.0712,0.1736,-0.143,2,0.5301,0.8364,0.0089,-24,0,12,-0.0455,0,3,1.3714,0
CUST-00141,1,0,0.0851,2,0.611,0.1937,0.7827,0,4.0692,0,7.8101,2,0,0.0247,0,267,0,2,0.757,0.2166,0.4147,-0.0669,0,0.3512,1.6757,-0.0205,16,0,0,0.152,0,10,1.7021,0
CUST-00141,2,0,0.0217,5,0.5616,0.2607,1.1525,1,1.721,0.2292,3.7327,0,0.0065,0.1268,0,232,1,0,0.5899,0.7742,0.0333,0.2153,0,0.4362,0.5996,-0.0015,10,1,0,0.1205,0,10,1.6434,0
CUST-00141,3,0,-0.1724,5,0.3779,0.0882,1.4472,1,2.0843,0.3782,0.2137,0,0.0547,0.0499,2,187,0,0,0.7948,0.5252,0.2466,0.2346,0,0.2568,1.3099,-0.1894,-11,0,0,0.1118,0,5,0.842,0
CUST-00141,4,0,0.1181,2,0.1344,0.292,0.934,1,4.0792,0,0,1,0.0286,-0.2206,0,172,0,1,0.8736,1.1818,0.0835,-0.2923,0,0.2441,0.7301,0.0707,11,0,0,0.2148,0,0,1.6342,0
CUST-00141,5,0,0.1084,1,0.51,0.5574,1.0496,0,5.0375,0.1729,4.0744,1,0.1736,-0.1268,1,110,0,0,0.8656,-0.1226,0.1468,-0.2956,0,0.2967,1.5762,0.1065,7,0,31,0.0807,0,6,0.8449,0
CUST-00141,6,0,0.0344,3,0.7335,0.1102,1.1263,1,2.0229,0.289,0.0295,1,0,0.1371,0,167,0,1,0.8502,0.952,0.1984,0.0625,0,0.4521,0.7118,0.0429,0,1,15,0.0079,0,7,1.4917,0
CUST-00141,7,0,0.0215,3,0.6636,0.1625,2.5158,0,1.2757,0.1869,3.3132,0,0,-0.271,1,186,0,0,0.9214,0.2048,0.3184,0.2425,0,0.4566,1.9649,-0.116,-20,0,0,0.0477,0,0,1.2199,0
CUST-00141,8,0,0.1674,7,0.7954,0.1755,1.0638,0,2.7753,0.3276,1.1424,0,0.1728,-0.0546,0,116,0,0,0.8733,0.0219,0.0617,-0.2778,1,0.4114,1.5347,0.0487,-4,0,1,0.1013,1,4,1.4398,0
CUST-00141,9,0,0.1792,4,0.3993,0.3419,1.4946,0,0.2,0,1.334,0,0.0039,0.1127,3,138,0,1,0.5576,0.234,0.2163,-0.1217,0,0.3805,1.3395,0.0668,1,0,11,0.1245,0,1,1.6705,0
CUST-00141,10,0,0.2286,4,0.323,0.2046,1.213,0,3.9007,0.3076,1.7933,0,0.0587,-0.0606,1,173,0,0,0.8147,0.1012,0.0808,0.5109,1,0.3051,0.8686,-0.0079,-6,0,9,0.1863,0,2,1.3204,0
CUST-00141,11,0,-0.0284,0,0.8579,0.4388,1.2752,0,1.8882,0.4736,4.4844,1,0,0.2,0,224,0,0,0.9208,-0.136,0.1452,-0.176,1,0.4542,0.9197,-0.0093,2,0,5,-0.1335,0,0,1.3339,0
CUST-00142,0,0,0.0012,5,0.5287,0.2184,0.9539,0,1.5415,0.6059,0,0,0.0211,0.0057,0,191,0,0,0.9549,0.3266,0.0782,-0.0693,0,0.4267,0.324,0.1343,10,0,4,0.1674,0,0,1.4423,0
CUST-00142,1,0,-0.1242,0,0.764,0.3193,1.0227,0,3.9787,0.2012,0,0,0.1814,0.0572,1,122,0,1,0.691,0.7306,0.2972,0.0005,0,0.3616,1.2004,0.0383,-1,0,6,-0.024,0,1,1.2208,0
CUST-00142,2,0,-0.055,3,0.5077,0.1726,1.4963,0,2.0898,0.1724,0,0,0.1617,0.2453,0,150,0,0,0.6014,-0.067,0.5918,-0.0477,1,0.4631,1.8412,-0.0547,14,2,0,0.0207,0,0,1.7877,0
CUST-00142,3,0,0.1553,0,0.2516,0.1682,1.7989,0,4.9026,0.1868,6.2588,1,0.1316,-0.1131,0,104,1,1,1.0645,0.1646,0.3692,0.0376,0,0.5016,1.0364,-0.0221,-2,2,6,0.3468,1,0,1.0271,0
CUST-00142,4,0,0.3012,2,0.7493,0.1061,0.9791,0,0.657,0.3467,2.6699,0,0.0317,0.0405,0,237,1,0,0.9446,-0.198,0.1221,0.0854,0,0.3447,0.5219,-0.0264,-8,0,0,0.1567,0,4,1.5597,0
CUST-00142,5,0,-0.0609,3,0.6663,0.0046,0.7555,1,2.7832,0.1844,0,0,0.2689,0.2198,1,89,0,0,0.8881,-1.014,0.1789,0.3112,0,0.2756,1.3968,-0.0279,-3,2,5,-0.1852,0,0,1.2473,0
CUST-00142,6,0,0.0522,0,0.3592,0.3527,1.3577,0,1.8361,0.2688,0,1,0.1061,-0.2411,2,102,0,0,0.9669,0.0588,0.1759,-0.0301,0,0.3432,0.2,-0.0892,-13,0,0,-0.116,0,0,1.568,0
CUST-00142,7,0,0.0329,5,0.4049,0.0713,1.0989,0,0.9535,0.2107,2.8597,0,0.028,-0.2,0,150,0,0,0.987,-0.3698,0,0.1884,1,0.4923,0.2,-0.0764,5,1,0,0.1678,0,1,1.4571,0
CUST-00142,8,0,-0.0411,1,0.01,0.1945,1.4113,0,2.2983,0.0688,0,0,0.2123,0.1703,0,186,0,0,0.7782,0.6498,0.2249,0.0581,0,0.288,0.2,-0.0092,-17,0,6,0.0581,0,17,1.2686,0
CUST-00142,9,0,0.1336,0,0.5874,0.1778,0.9547,1,2.1464,0.3068,1.3408,0,0.0371,-0.0944,0,140,0,0,0.7624,1.0669,0.2782,0.1064,0,0.4246,1.4545,0.0889,-9,0,0,0.0751,0,7,1.2373,0
CUST-00142,10,0,0.0135,0,0.6651,0.1393,1.3047,0,1.0974,0.1858,0,0,0,0.102,0,192,0,1,0.9783,0.2807,0.2643,0.0666,0,0.3656,0.4009,0.0431,-27,0,3,-0.0075,0,0,1.9867,0
CUST-00142,11,0,0.1522,3,0.4646,0.0619,1.3874,1,1.511,0.1863,7.4322,0,0,0.1397,1,220,0,0,0.7493,-0.5294,0.1196,-0.2429,0,0.4342,2.1022,0.0656,-36,2,0,-0.1624,0,11,1.5817,0
CUST-00143,0,0,0.0668,4,0.3813,0.2302,0.9981,0,2.3436,0.3048,1.3976,1,0.0862,0.1163,0,100,0,0,1.0603,0.0681,0,0.1941,1,0.3689,0.7571,-0.1285,-8,0,10,-0.1538,0,0,1.2789,0
CUST-00143,1,0,0.2938,12,0.5728,0.0984,1.8676,0,1.3122,0.3201,5.8714,0,0.0816,-0.0648,1,77,0,0,0.6298,-1.1567,0.2585,-0.0289,0,0.1847,1.7688,0.1184,32,2,1,0.1194,0,1,1.7221,0
CUST-00143,2,0,-0.1687,0,0.6195,0.1597,1.3506,0,3.1712,0.1788,0,0,0,0.1916,0,141,0,1,0.8999,-0.278,0.2485,0.2431,0,0.3226,1.3577,-0.0355,2,1,2,-0.384,0,0,1.2203,0
CUST-00143,3,0,0.0599,3,0.3861,0.0115,0.9,0,2.3861,0.1869,1.3448,2,0.0594,0.2091,0,217,0,0,1.0716,-0.7564,0.3836,-0.1522,0,0.3855,2.1374,-0.0744,-4,1,15,0.1848,0,0,1.4424,0
CUST-00143,4,0,0.1573,6,0.3093,0.1165,1.4386,0,0.2,0.1187,4.1678,0,0,-0.0149,1,211,0,2,0.6508,-0.7748,0.0918,-0.2059,0,0.4005,1.8095,-0.0536,-3,1,0,0.2383,0,0,1.4537,0
CUST-00143,5,0,0.0814,0,0.3486,0.2689,1.0601,0,1.4964,0.6391,1.8001,1,0.0986,-0.2105,1,174,0,0,0.9822,-0.0239,0.1377,-0.1891,0,0.2562,2.1645,0.0436,-26,0,0,0.0726,0,6,1.186,0
CUST-00143,6,0,-0.0512,0,0.2166,0.246,1.5413,0,1.765,0.3346,0,0,0.0785,0.318,0,193,0,0,0.7337,0.6603,0.2157,0.0687,0,0.2681,0.2,0.2297,34,2,0,-0.0012,0,7,1.5804,0
CUST-00143,7,0,0.0917,7,0.319,0.1972,1.3612,0,2.2338,0.224,4.5566,0,0,-0.2964,0,258,0,1,0.584,-0.2015,0.1573,0.5297,0,0.3753,2.1764,0.185,17,0,0,-0.1988,0,10,1.1881,0
CUST-00143,8,0,-0.0143,0,0.3144,0.1564,1.5323,1,0.4053,0.1495,2.9266,0,0.094,0.007,1,212,0,0,1.0791,-0.2435,0.1344,0.0775,1,0.3835,2.1704,-0.0045,33,0,13,0.0481,0,3,1.482,0
CUST-00143,9,0,0.054,2,0.5045,0.0455,1.6114,0,2.9231,0.1105,3.0137,1,0,-0.1532,1,217,0,0,0.767,-0.114,0.239,-0.4,0,0.473,1.1224,0.0391,-3,0,7,0.0674,0,4,1.641,0
CUST-00143,10,0,0.2439,9,0.4475,0.1407,1.1852,0,1.0239,0.3934,7.1934,0,0.2424,0.3324,0,202,0,2,1.082,-0.2161,0.1679,-0.4,1,0.4006,1.3115,0.0412,14,0,0,0.3743,0,0,1.3339,0
CUST-00143,11,0,-0.2,7,0.5826,0.2779,1.4013,0,1.9487,0.3104,0,0,0.0227,0.0219,0,292,0,0,1.0042,-1.6002,0.2708,-0.0507,1,0.366,1.2235,-0.1283,-25,0,15,0.1635,0,8,1.3754,0
CUST-00144,0,0,0.1832,1,0.868,0.0913,1.5077,0,2.8558,0.4666,0,0,0.0244,0.4027,0,198,0,2,0.8458,-0.8504,0.272,-0.113,0,0.5971,1.485,0.1162,-9,0,11,-0.0402,0,12,1.473,0
CUST-00144,1,0,0.0116,4,0.0911,0.0548,0.8438,0,3.8896,0.2834,2.6061,0,0.0495,-0.1234,0,219,0,2,0.7905,-2.0044,0.2583,-0.1849,0,0.1,0.9144,0.1204,-40,0,10,0.2446,0,2,1.265,0
CUST-00144,2,0,0.1084,8,0.8097,0.2926,0.4446,0,0.9854,0.1879,2.811,0,0.0411,-0.0306,0,239,0,0,0.9403,0.5391,0.341,0.3492,0,0.6267,0.3679,0.0418,-17,0,0,0.0838,0,18,1.0245,0
CUST-00144,3,0,0.1258,6,0.6003,0.2427,1.5492,0,3.5088,0.2511,0.4982,0,0.045,-0.0915,0,176,0,0,0.7385,-0.9406,0.1926,0.1742,0,0.3999,0.5523,0.0262,-10,2,8,0.1231,0,0,1.6871,0
CUST-00144,4,0,-0.0314,0,0.5095,0.2586,0.6848,0,0.9645,0.2008,3.3511,1,0.1204,0.1596,1,161,0,0,0.8216,-0.1986,0.2969,0.012,0,0.2079,1.2336,0.1444,-11,1,2,-0.1179,0,9,1.4824,0
CUST-00144,5,0,0.1147,3,0.4593,0.1098,1.4625,0,3.6869,0.4464,1.9708,0,0.0052,-0.0334,0,220,0,2,0.8541,-1.2219,0.3198,0.0649,0,0.4333,2.0764,-0.0156,17,0,0,-0.04,0,11,1.4623,0
CUST-00144,6,0,0.1139,0,0.4815,0.1405,1.8875,1,3.5268,0.2622,0.5269,0,0.0465,-0.0085,0,180,0,0,0.582,-0.5683,0.2316,-0.1292,0,0.1251,0.333,-0.0691,-20,0,7,0.1068,0,11,1.7009,0
CUST-00144,7,0,0.0829,0,0.7428,0,1.2789,0,1.8372,0.2994,4.4822,1,0,-0.1013,0,246,0,0,1.0359,-0.2398,0.3187,-0.1606,0,0.504,1.2641,-0.1276,-20,1,2,0.0392,0,0,1.68,0
CUST-00144,8,0,0.0614,0,0.6051,0.2207,2.0698,0,0.2,0.0496,0,1,0.102,0.0678,0,242,0,1,0.7238,-0.2594,0.1715,-0.0423,0,0.3624,0.42,0.0279,-6,0,16,-0.0203,0,13,1.5309,0
CUST-00144,9,0,0.1644,5,0.3607,0.1087,1.4641,0,1.5355,0.1236,0.7441,1,0,0.1461,2,237,0,0,0.8692,0.416,0.1087,0.4728,0,0.5193,0.9647,0.0766,19,2,0,-0.4837,0,0,1.474,0
CUST-00144,10,0,0.0691,5,0.1782,0.3169,0.9585,1,0.2,0.164,0,0,0,0.114,0,267,0,0,1.0026,0.2582,0.1493,-0.0302,0,0.309,0.6704,-0.0102,-3,0,0,-0.1665,0,0,1.4019,0
CUST-00144,11,0,0.0024,3,0.4425,0.1394,1.3407,0,3.5061,0.1723,0,1,0,-0.038,0,210,0,0,0.9677,-0.0111,0.4172,-0.1889,0,0.4031,1.6254,0.0017,-23,0,0,-0.0402,0,0,1.6094,0
CUST-00145,0,0,0.2382,4,0.7128,0.1698,1.3321,1,2.0675,0.228,0.5258,0,0.0152,0.2287,1,116,0,0,0.9041,1.9323,0.0062,-0.2907,0,0.3538,1.3297,0.1334,1,1,0,0.0924,0,0,1.4257,0
CUST-00145,1,0,0.2661,3,1.1104,0.1864,1.6902,0,3.0531,0.2119,0,1,0.3003,0.1929,2,150,0,1,0.7715,-1.1052,0.1652,0.2642,0,0.3976,0.2,-0.0788,-9,0,0,0.278,0,0,1.2287,0
CUST-00145,2,0,-0.0092,0,0.5774,0.0974,1.3339,0,2.1832,0.4559,4.9786,0,0,0.2513,0,135,0,0,0.7767,0.5058,0.2107,-0.0776,0,0.4844,0.5141,-0.2267,9,1,0,0.0289,0,0,0.9428,0
CUST-00145,3,0,-0.0129,0,0.4947,0.2113,1.5097,0,0.6586,0.243,0,1,0.2259,0.0875,1,236,0,2,0.4532,-0.4263,0.3199,-0.2681,2,0.1436,0.8475,0.0356,-13,0,0,0.0094,0,0,1.2906,0
CUST-00145,4,0,0.1269,0,0.3932,0.3568,0.573,0,1.8843,0.3732,4.7026,0,0,0.1774,2,223,0,0,0.9008,-1.4199,0.2316,-0.0996,0,0.579,1.1745,0.0383,-43,0,18,0.1544,0,0,1.1017,0
CUST-00145,5,0,0.0706,3,0.4738,0.1344,1.0484,0,4.4339,0.1905,1.1265,1,0.1998,0.2093,1,145,0,1,0.9138,1.0554,0.4509,-0.1995,0,0.4231,0.8846,-0.0179,16,1,0,0.3091,0,7,1.1463,0
CUST-00145,6,0,0.0398,0,0.5496,0.3157,1.353,1,2.0493,0.3199,3.7411,1,0.0728,-0.016,0,89,0,0,0.91,-1.87,0.1808,-0.3053,0,0.3331,1.3656,-0.1791,26,0,20,0.3171,0,1,1.3448,0
CUST-00145,7,0,0.1334,0,0.1392,0.1932,1.4795,1,1.5149,0.0946,0,1,0,0.0971,1,230,0,0,0.9722,0.0595,0.3434,-0.0742,0,0.3709,0.5806,-0.2067,-10,0,12,0.0528,0,0,1.5368,0
CUST-00145,8,0,-0.0127,3,0.0456,0.413,1.3295,0,0.6965,0.3971,4.8736,0,0.1466,0.0088,0,151,0,0,0.9391,-0.8862,0.006,0.182,0,0.3691,1.83,0.087,-27,0,0,0.1418,0,0,1.1221,0
CUST-00145,9,0,-0.0762,0,0.6406,0.1682,1.1939,0,3.8959,0.348,0,0,0,0.1249,0,198,0,0,0.9789,-0.3626,0.209,-0.0615,0,0.3073,0.2,-0.1301,22,0,0,-0.0864,0,0,1.6047,0
CUST-00145,10,0,-0.0416,1,0.7764,0.1288,0.6756,0,0.9162,0.0776,2.0404,0,0.152,-0.0022,0,121,0,0,1.2417,0.4974,0.0626,0.1728,0,0.284,0.2561,-0.1552,-24,0,15,0.0637,0,0,1.4679,0
CUST-00145,11,0,0.2998,2,0.343,0.188,1.2171,0,0.8886,0.3631,0,0,0.1002,-0.1925,0,270,0,1,0.863,-0.0703,0.3067,0.2191,0,0.3187,0.2,0.0173,-25,1,2,-0.1129,0,0,1.5536,0
CUST-00146,0,0,0.0608,7,0.4958,0.1325,1.7404,0,1.8569,0.2663,7.0777,0,0.166,0.0112,0,268,0,1,0.7988,-0.3306,0.1489,0.1246,0,0.3373,0.2013,0.0461,-16,1,0,0.0593,0,0,1.2471,0
CUST-00146,1,0,0.1304,2,0.5759,0.1074,0.9185,0,0.2,0.172,1.6209,0,0.0769,0.0371,0,122,0,2,1.0204,-0.0305,0.161,-0.1728,1,0.6307,1.541,-0.0201,-4,1,0,0.1052,0,0,1.4858,0
CUST-00146,2,0,-0.0204,0,0.5468,0,1.847,0,3.3077,0.2198,0.368,0,0,-0.0204,0,118,0,0,0.8279,-0.6717,0.3438,-0.0236,0,0.2009,0.4526,-0.0113,12,0,0,-0.1034,0,0,1.3037,0
CUST-00146,3,0,-0.0551,4,0.3702,0.2261,0.9023,0,0.2,0.1423,0,1,0.0301,0.0325,1,293,0,0,0.8162,0.9307,0.1749,0.2005,0,0.4387,0.8696,-0.1151,-12,1,0,-0.0346,0,0,1.3488,0
CUST-00146,4,0,-0.2,3,0.4178,0.1656,1.0998,1,3.4551,0.346,1.39,0,0.024,0.097,0,163,0,0,1.2962,0.2426,0.2057,-0.2173,1,0.4067,0.9423,0.1307,6,0,6,0.2806,0,0,1.45,0
CUST-00146,5,0,-0.0987,6,0.6255,0.315,1.4185,0,1.9747,0.6666,5.3426,1,0.0733,0.313,1,261,0,0,0.7849,-0.8678,0.1862,0.0772,0,0.2921,0.9824,0.0925,-50,0,10,-0.0969,0,3,1.5801,0
CUST-00146,6,0,0.1284,0,0.2014,0.1828,0.8181,0,1.7516,0.0478,0,0,0,-0.321,0,162,0,2,0.973,-0.8793,0.2647,0.0789,0,0.3082,0.2,-0.1235,-8,1,0,0.0992,0,1,1.1244,0
CUST-00146,7,0,0.1892,0,0.5771,0.2152,1.1858,0,1.8105,0.1063,1.089,0,0.2566,0.2399,0,186,0,0,0.9832,-0.1846,0.2253,-0.2347,1,0.341,1.4483,0.0977,10,0,0,0.135,0,0,1.5585,0
CUST-00146,8,0,0.0933,2,0.4995,0.0499,0.9964,1,3.2557,0.0323,0,0,0.3155,0.184,0,271,0,2,1.0382,0.4595,0.3403,-0.077,1,0.3243,0.5161,-0.1133,-4,1,0,0.0687,0,15,1.8347,0
CUST-00146,9,0,0.1033,4,0.4776,0.2325,0.8464,0,2.2551,0.1583,0,0,0.1365,-0.1196,0,111,0,0,0.9739,0.3048,0.3146,-0.4,0,0.439,1.2588,-0.1389,-10,0,0,-0.2506,0,6,1.2359,0
CUST-00146,10,0,0.1121,1,1.0653,0.1616,1.1735,0,2.0406,0.2439,8.1472,0,0.0976,-0.0546,0,188,0,1,0.8665,0.4031,0.1956,0.2797,1,0.3758,0.2467,-0.1389,-2,0,0,0.1304,0,0,1.0665,0
CUST-00146,11,0,0.0356,5,1.0905,0.1563,1.6396,0,0.2,0.0475,4.8689,2,0,-0.1905,0,138,0,1,0.9003,-0.1228,0.2951,0.1779,0,0.4279,1.9464,-0.0242,10,0,0,0.0884,0,0,1.4394,0
CUST-00147,0,0,0.1427,1,0.3879,0.2477,1.3079,0,2.9,0.0659,0,1,0,-0.1303,0,110,0,0,1.0192,0.383,0.1975,-0.0237,0,0.4789,1.3473,0.0246,-9,0,0,0.3071,0,14,1.3336,0
CUST-00147,1,0,0.2105,6,0.8498,0.1844,0.8496,1,2.4315,0.0185,2.5073,1,0.2987,0.2235,1,126,0,0,0.6977,-0.426,0.0999,-0.2843,0,0.2555,1.7564,0.1504,12,0,19,-0.1136,0,1,1.3347,0
CUST-00147,2,0,0.0721,0,0.9288,0.1368,2.2199,0,1.8136,0.2849,4.6535,0,0.1538,0.2415,0,221,0,0,1.0381,0.0625,0.1158,-0.102,0,0.2386,2.0221,0.0849,8,0,0,0.0679,0,0,1.4963,0
CUST-00147,3,0,0.2718,3,0.7115,0.2767,1.196,0,2.8411,0.4884,4.4901,0,0.1016,-0.1639,0,213,0,0,0.9243,-0.038,0,0.093,0,0.6666,1.4112,0.0338,8,0,0,0.0358,0,10,1.5039,0
CUST-00147,4,0,0.1343,1,0.658,0.2847,1.5818,1,2.0479,0.2744,0,1,0.0127,0.0825,1,232,0,2,0.6083,0.3704,0.3991,-0.2483,0,0.5328,1.7341,-0.0386,49,0,14,0.3175,0,9,1.221,0
CUST-00147,5,0,0.1241,0,0.01,0.1991,1.0019,0,1.8622,0.1684,5.5224,0,0.1676,-0.0146,0,139,0,0,0.8006,-1.5134,0.2575,0.2621,1,0.369,1.8112,-0.0219,-21,0,0,0.4476,0,15,1.0586,0
CUST-00147,6,0,-0.0761,0,0.7861,0.1944,1.8392,0,3.2666,0.3555,2.4067,0,0.1487,-0.1193,0,233,0,0,0.9125,1.0668,0,0.0293,1,0.2772,1.1168,-0.0086,-5,0,3,0.3066,0,5,1.2242,0
CUST-00147,7,0,0.022,0,0.8048,0.1729,1.6519,0,3.0614,0.0647,3.9143,0,0.1318,-0.1571,0,183,0,0,1.0838,-0.6003,0.0466,-0.1081,0,0.3511,0.6288,-0.1643,-6,1,6,0.2927,0,9,1.6033,0
CUST-00147,8,0,0.0938,2,0.654,0.1842,1.3748,0,1.7221,0.1357,3.9505,1,0.0631,0.1454,0,267,0,1,0.9359,1.1027,0.2619,-0.1702,0,0.3555,0.4377,0.1717,-14,1,14,-0.0383,0,11,1.1506,0
CUST-00147,9,0,-0.0395,3,0.267,0.1291,1.5963,0,1.6655,0.2545,3.1273,0,0,0.0157,0,150,0,4,0.7743,1.0243,0.2244,-0.0328,0,0.3206,0.2982,-0.0927,2,2,0,0.243,0,5,1.2746,0
CUST-00147,10,0,-0.0427,0,0.527,0.2518,1.0156,0,0.8864,0.2436,0,0,0.078,-0.1216,1,126,0,0,0.7428,0.6899,0.2034,-0.0034,1,0.2322,2.5057,-0.0057,8,0,0,-0.1176,0,4,1.1995,0
CUST-00147,11,0,-0.0165,4,0.5106,0.2431,1.2526,0,3.1448,0.0287,0.7635,0,0,-0.2549,0,221,0,0,0.9016,-0.4424,0.2349,0.2539,0,0.3449,0.9,-0.1317,23,0,0,0.3575,0,1,1.12,0
CUST-00148,0,0,0.128,2,0.4987,0.0753,1.8363,0,0.9211,0.3916,1.3408,0,0,-0.2501,0,273,0,1,0.8199,1.4158,0.0649,-0.0015,1,0.2484,1.7192,-0.0323,20,1,0,-0.2668,0,12,1.3971,0
CUST-00148,1,0,0.3226,0,0.3715,0.1809,1.2563,0,3.9174,0.3788,3.3445,2,0.0452,-0.1585,0,261,0,1,0.8277,-1.7476,0.1565,0.2838,2,0.2856,0.8078,-0.091,11,0,2,0.073,0,0,0.8952,0
CUST-00148,2,0,-0.1661,0,0.1066,0.0789,2.1508,1,2.8156,0.4131,2.9813,0,0.3826,-0.1288,0,255,0,0,1.2302,-0.2264,0.1468,0.5075,0,0.3038,1.4742,-0.2366,-1,0,20,-0.2585,0,2,1.416,0
CUST-00148,3,0,0.1351,0,0.7944,0.1509,1.6421,0,3.1152,0.304,6.2502,0,0,-0.0897,0,127,0,2,0.8788,-0.6545,0.1677,0.3439,1,0.3347,0.5557,-0.1108,-14,0,1,0.1403,0,0,1.1291,0
CUST-00148,4,0,0.102,0,0.4169,0.0213,1.3594,1,1.0986,0.5046,3.9038,0,0.0912,-0.2095,1,204,0,0,0.7847,1.029,0.1668,-0.1063,0,0.4366,0.9779,0.0474,-7,0,1,-0.2026,0,16,1.5348,0
CUST-00148,5,0,0.0216,2,0.6375,0,1.5429,0,1.9149,0.2187,0,0,0.1825,0.3631,0,219,0,1,0.9289,0.7002,0.1776,0.0367,0,0.392,0.5055,0.0143,-17,1,18,-0.0239,0,0,0.9812,0
CUST-00148,6,1,0.436,3,0.3002,0.3746,1.1632,0,4.7991,0.6752,4.538,1,0.2222,0.0986,1,1,0,5,1.0883,0.7913,0.1924,-0.0238,1,0.4259,2.6848,-0.0479,22,4,26,0.0362,0,41,1.1437,0
CUST-00148,7,1,0.2409,7,0.6036,0.4144,0.262,1,3.2477,0.4886,11.7983,3,0.5303,0.2007,2,-24,0,6,1.1253,2.0494,0.3489,0.2126,2,0.3923,2.1937,0.1056,32,4,43,0.4946,1,35,1.162,0
CUST-00148,8,1,0.4436,22,0.01,0.7298,0.2277,3,7.3627,0.7027,24.1038,4,0.4761,0.502,3,35,0,5,1.4825,3.2007,0.5215,0.5453,3,0.7751,3.9528,0.0974,62,3,78,0.4441,1,62,0.2691,1
CUST-00149,0,0,0.1659,2,1.108,0.1931,1.3481,0,1.6875,0.2266,0,1,0.2594,0.1327,0,223,0,0,0.9533,0.6999,0.3563,0.1133,0,0.446,2.1586,-0.035,-8,0,9,-0.0418,0,0,1.0672,0
CUST-00149,1,0,0.0015,1,0.5338,0.2279,1.8945,0,1.2746,0.1999,2.2062,0,0.1835,-0.1152,0,206,0,0,0.9673,0.2982,0.1236,0.0566,0,0.3105,0.4124,-0.0308,2,0,0,-0.1229,0,17,1.5306,0
CUST-00149,2,0,0.0537,9,0.2721,0.0574,1.9253,0,2.7893,0.1747,2.4351,1,0,-0.0403,1,190,0,0,0.7941,-0.1693,0.2625,-0.2009,0,0.2436,1.4292,0.1978,24,0,4,0.4717,0,0,1.201,0
CUST-00149,3,0,0.0463,0,0.2261,0.1766,1.3851,0,2.7356,0.1055,1.241,0,0.1577,0.1567,1,139,0,2,0.9082,0.8454,0,-0.2465,0,0.4099,1.2451,0.0676,-34,0,9,-0.2592,0,3,1.3565,0
CUST-00149,4,0,0.043,0,0.2614,0.037,1.3085,1,2.3024,0.1362,0.7381,0,0,-0.1099,0,211,0,0,0.7592,1.1654,0.0707,-0.1797,0,0.4073,0.6986,-0.033,4,0,8,0.1587,0,0,1.5546,0
CUST-00149,5,0,0.169,8,0.7252,0.1482,1.1973,0,3.3834,0.3271,0.9064,1,0,-0.342,1,228,0,0,0.7649,-0.3895,0.2366,-0.1362,3,0.4461,0.2,-0.1428,14,0,0,-0.0613,0,0,1.0299,0
CUST-00149,6,0,0.1794,3,0.646,0.0593,1.9227,0,1.5858,0.3593,7.3538,0,0.1265,0.119,0,202,0,1,0.8696,-0.7882,0.3228,-0.0169,0,0.3525,1.6267,-0.0597,-20,0,18,-0.2127,0,0,1.3446,0
CUST-00149,7,0,0.0968,1,0.5611,0.2629,0.7587,0,2.9449,0.0598,0,0,0.0836,0.1555,0,132,0,0,1.0281,-0.5697,0.2011,0.0829,0,0.4253,0.2131,0.008,-50,1,5,0.3415,0,10,1.3635,0
CUST-00149,8,0,0.1151,2,0.713,0.3988,1.0913,1,3.1195,0.3824,3.8288,1,0.0661,0.0475,0,204,0,3,0.9274,-0.3489,0.0836,-0.0385,0,0.2796,0.5312,-0.1366,-16,1,0,-0.0796,0,0,1.6286,0
CUST-00149,9,0,0.0887,1,0.7495,0.1714,1.227,1,2.4691,0,0,0,0.1599,0.209,0,50,0,0,0.781,0.4527,0.3726,-0.243,2,0.3604,0.65,0.2115,-2,0,2,0.2229,0,9,1.0718,0
CUST-00149,10,0,-0.0071,3,0.4731,0.2497,1.7604,0,3.1475,0.0375,4.2204,0,0.0233,0.0032,0,106,0,0,1.0336,0.9682,0.3675,0.3067,0,0.5511,0.697,0.0471,-3,0,0,0.1052,0,0,1.2061,0
CUST-00149,11,0,0.0141,0,0.038,0.2785,1.5585,0,0.2,0.6066,4.3474,0,0,-0.2335,0,241,0,0,0.7234,1.0049,0.3851,0.2244,0,0.4523,0.8702,0.1278,-42,0,0,-0.3827,0,0,1.3719,0
CUST-00150,0,0,0.2348,1,0.7034,0.1605,1.0076,0,1.8391,0.4419,5.0222,1,0.0662,-0.3447,0,190,0,0,0.7357,0.279,0.0016,0.2004,0,0.4114,0.7721,0.1146,-5,0,0,0.2899,0,0,0.9796,0
CUST-00150,1,0,-0.0602,5,0.6577,0.3758,1.0527,0,1.8221,0.1692,0,0,0,0.1756,1,82,0,2,0.8836,0.4037,0.2209,0.3233,1,0.3811,1.1863,0.0108,20,0,0,0.0077,0,13,1.0063,0
CUST-00150,2,0,-0.009,4,0.2765,0,1.2205,0,1.987,0.15,4.5722,0,0,0.0251,3,169,0,0,0.8697,0.4008,0.2233,0.0197,0,0.365,1.6137,-0.1612,7,0,3,0.0629,0,10,1.754,0
CUST-00150,3,1,0.2654,7,0.3947,0.3993,0.1647,0,3.6956,0.4398,11.273,3,0.0276,0.2507,1,180,0,0,1.0653,1.0268,0.3031,-0.0975,0,0.2784,0.9364,-0.0087,31,0,6,-0.0131,0,7,1.3077,0
CUST-00150,4,1,0.2366,15,0.404,0.355,0.4593,2,5.8235,0.6632,11.6714,3,0.3613,0.5103,2,23,1,2,1.2709,1.7118,0.378,0.0817,4,0.6489,3.4163,0.0972,56,2,44,0.5885,1,46,0.6785,0
CUST-00150,5,1,0.4052,14,0.4129,0.6538,0.0944,3,7.8462,0.7472,22.243,4,0.591,0.5302,4,-36,0,3,1.2236,1.6532,0.7149,0.6442,3,0.7527,2.8415,0.1507,68,6,66,0.5463,1,49,0.2214,0
CUST-00151,0,0,0.1685,4,0.01,0.2216,0.7175,0,2.2777,0.3606,3.8399,1,0.1064,0.238,1,157,0,1,0.7904,-0.4244,0.0838,-0.1671,0,0.493,1.0947,-0.0618,-10,0,0,-0.3263,0,12,1.3853,0
CUST-00151,1,0,-0.0661,4,0.6581,0.1207,1.6449,0,2.8398,0.1309,3.8237,0,0.2388,-0.2049,0,184,0,0,0.8638,-0.175,0.2306,0.0373,0,0.2359,0.8605,0.0323,54,0,9,0.214,0,0,1.7315,0
CUST-00151,2,0,0.0725,0,0.175,0.1582,1.3378,0,3.083,0.1186,0,0,0.0023,-0.2235,0,94,0,0,0.5188,1.1456,0.1968,-0.0243,0,0.3678,0.2,0.1727,-13,0,23,-0.4248,0,0,1.4052,0
CUST-00151,3,0,0.0223,0,0.6017,0.2653,1.112,0,4.1231,0.4997,0.3858,1,0.119,-0.0384,1,229,0,2,0.8628,-0.0536,0.225,0.5059,0,0.4162,0.5354,-0.0249,13,0,10,-0.0589,0,12,1.546,0
CUST-00151,4,0,0.2134,0,0.6841,0.0156,2.1656,0,2.7241,0.1521,3.4105,0,0.0034,-0.3305,1,177,0,0,0.872,-0.8509,0.1564,0.1241,1,0.3621,0.4517,0.0641,-22,1,0,0.0784,0,0,1.3457,0
CUST-00151,5,0,0.127,3,0.275,0,1.0475,0,0.2,0.4537,1.1976,0,0.0401,-0.0277,0,57,0,1,0.8422,0.1809,0.3279,-0.3971,1,0.2561,0.6003,0.0222,-25,2,7,-0.0872,0,2,1.5282,0
CUST-00151,6,0,-0.0207,4,0.7448,0.3197,1.2324,0,0.2,0.0958,0,0,0,0.1113,0,181,0,0,0.983,0.1852,0.2934,0.0998,0,0.314,1.3137,-0.0419,6,0,0,0.3577,0,1,1.4571,0
CUST-00151,7,0,0.0494,1,1.3808,0.1886,1.0518,1,0.7824,0.2406,2.1907,0,0,0.0084,1,171,0,0,0.5542,0.0451,0.3223,0.0636,1,0.4431,0.8461,-0.0051,1,0,0,0.1349,0,14,1.4707,0
CUST-00151,8,0,-0.0132,0,0.3912,0.3053,1.1595,0,3.1149,0.1747,0.1958,0,0,0.3207,0,116,0,1,0.7614,-0.2363,0.2268,0.1013,1,0.4268,0.7342,0.0393,-50,0,4,-0.0251,0,1,0.8945,0
CUST-00151,9,1,0.2449,8,0.4656,0.1957,0.8966,1,4.187,0.4211,7.6838,0,0.0356,0.109,1,122,0,2,0.8479,0.7198,0.3949,0.2876,1,0.5012,1.2217,0.2234,36,2,20,-0.072,2,9,0.833,0
CUST-00151,10,1,0.4501,21,0.0615,0.4678,0.6594,2,6.9786,0.3263,11.4536,2,0.3969,0.5332,2,33,0,1,1.3124,0.5384,0.413,0.3003,3,0.374,2.8497,0.1823,49,3,40,0.5265,1,18,0.3271,0
CUST-00151,11,1,0.5543,22,0.2145,0.633,-0.0815,2,8.1506,0.6082,16.7912,5,0.6536,0.6166,5,39,0,6,1.3805,1.6541,0.5988,0.0973,1,0.7496,4.18,0.074,71,3,56,0.7237,1,51,0.3453,0
CUST-00152,0,0,-0.0871,7,0.7183,0.056,1.4973,0,3.2334,0,3.422,1,0.0066,-0.0118,1,18,0,0,0.8558,0.6283,0.1927,0.1229,0,0.3334,1.6786,0.0453,-15,0,8,0.0583,0,0,1.0561,0
CUST-00152,1,0,0.1932,2,0.4968,0.1269,1.4546,0,3.09,0.3527,3.4504,1,0.0948,-0.2006,0,243,0,1,0.8624,1.5158,0.1752,0.021,2,0.4832,1.0522,-0.0071,-13,1,3,0.2758,0,5,1.4348,0
CUST-00152,2,0,0.0513,12,0.3228,0.2473,1.5833,0,1.247,0.0971,0,0,0.04,0.09,0,281,0,3,0.8834,0.7777,0.4202,0.0975,1,0.2127,1.5685,-0.2535,17,0,0,-0.0223,0,3,1.3788,0
CUST-00152,3,0,-0.0295,0,0.6063,0.1061,2.0293,1,2.7358,0,0.3828,0,0,0.0294,0,173,0,0,0.8122,0.5598,0.2416,-0.122,0,0.3447,1.2724,-0.0288,43,1,0,0.0297,0,0,1.3526,0
CUST-00152,4,0,-0.0493,4,0.4765,0.2756,1.5055,0,3.3144,0.0514,5.0311,1,0,0.5143,1,294,0,2,0.8823,1.1265,0.0448,0.1136,1,0.2728,1.2881,-0.1153,8,0,0,-0.2273,0,0,1.3854,0
CUST-00152,5,0,-0.0242,4,0.615,0.3318,1.1297,0,0.2,0.1682,4.8489,2,0,-0.1545,2,38,0,3,0.6989,-0.7366,0.2637,-0.1266,1,0.4792,0.6677,-0.0445,-12,0,0,0.0864,0,0,1.6672,0
CUST-00152,6,0,-0.089,1,0.721,0.299,1.1638,1,2.2276,0.4276,0,0,0.1282,0.276,0,66,0,0,0.5768,-0.489,0.0123,-0.0627,0,0.3703,1.9193,-0.0363,-1,0,0,-0.216,0,0,1.4706,0
CUST-00152,7,0,0.0479,1,0.5241,0.2322,1.304,0,1.8774,0.3733,0,0,0,0.0226,0,352,0,2,0.5752,-0.023,0.2301,-0.1127,0,0.5497,0.5511,-0.1324,41,0,11,-0.3099,0,0,1.0713,0
CUST-00152,8,0,0.0698,4,0.229,0.1793,1.1625,0,2.361,0.1808,0,1,0.1843,-0.3254,1,106,0,1,1.2029,-1.2654,0.2984,0.3383,0,0.4573,1.1909,0.0072,-7,0,11,0.2278,0,0,1.4315,0
CUST-00152,9,0,0.2004,5,0.7463,0.2534,1.0533,0,2.4471,0.1227,4.2115,1,0.1336,-0.0291,0,170,0,1,0.8998,-0.6734,0.1188,-0.2957,1,0.4095,1.9953,-0.0138,-15,2,0,0.2638,0,11,0.8664,0
CUST-00152,10,0,-0.0193,0,0.7833,0.2189,0.7673,1,1.2501,0.3702,0,0,0.0008,0.1299,0,86,0,0,1.1888,0.6092,0.2348,0.1519,1,0.453,0.7509,-0.0311,-32,0,13,0.0365,0,14,1.6104,0
CUST-00152,11,0,0.3079,8,0.8853,0.3087,1.4975,0,2.5684,0.3824,7.4976,0,0.1999,0.2663,0,219,0,0,0.8445,1.4535,0.19,0.0766,0,0.3012,1.0449,-0.006,11,0,16,-0.1114,0,9,1.5168,0
CUST-00153,0,0,0.1277,4,0.1442,0.1418,1.6567,0,2.5185,0.0874,4.9038,1,0,-0.3353,0,167,0,1,0.9504,0.8827,0.2475,0.1085,1,0.3185,0.9685,0.0247,7,0,27,0.4567,0,0,1.2748,0
CUST-00153,1,0,-0.0058,0,0.5137,0.0867,1.057,0,1.9512,0.3013,5.4348,0,0.171,-0.303,0,269,0,0,0.9189,0.2783,0.0182,0.2864,1,0.5221,0.2544,-0.163,16,0,0,0.4877,0,8,1.0242,0
CUST-00153,2,0,0.0981,4,0.6397,0.089,1.1112,0,0.2,0.5687,1.2238,0,0,-0.1474,0,196,0,1,0.9614,-0.1103,0.2221,-0.0918,0,0.3135,0.2834,-0.0486,2,0,2,-0.256,0,0,1.3074,0
CUST-00153,3,0,0.0725,0,0.2105,0.2796,1.477,0,3.1812,0.1524,3.0064,0,0,-0.2419,1,185,0,0,1.1849,0.9981,0.2217,-0.0236,2,0.2281,0.4291,-0.052,-7,0,17,0.0326,0,0,1.6717,0
CUST-00153,4,0,0.0399,4,0.7236,0,1.3325,0,2.5409,0.1722,3.8753,0,0,0.0667,0,270,0,3,0.7931,1.2443,0.2818,0.1481,0,0.1,0.3519,0.0442,-20,1,0,-0.1014,0,4,1.2656,0
CUST-00153,5,0,-0.0019,9,0.5528,0.2495,1.2096,0,0.3005,0.2844,2.9695,0,0,-0.0575,0,169,0,1,1.0583,0.047,0.2495,0.2028,1,0.3408,0.3867,0.08,-7,2,15,0.0755,0,1,1.208,0
CUST-00153,6,0,-0.2,0,0.9105,0.3402,1.1518,0,3.493,0.4585,1.1543,0,0.1099,0.1355,1,266,0,0,0.9104,-0.1958,0.1969,-0.0658,0,0.5682,1.6891,-0.0695,-11,0,0,-0.0061,0,16,1.3672,0
CUST-00153,7,0,-0.1039,1,0.4389,0.345,1.4707,1,2.7719,0.1881,1.8674,1,0,0.0839,1,230,0,0,0.9449,0.5447,0.1741,-0.3445,0,0.4976,1.1261,0.1101,-11,0,1,0.0278,0,13,1.1052,0
CUST-00153,8,0,0.011,5,0.8978,0.1298,1.0085,1,0.4657,0.2811,0.8784,0,0.1338,-0.1143,0,207,0,0,0.9113,-0.6447,0.2644,-0.2549,0,0.3501,1.6068,0.1741,18,1,1,0.113,0,0,1.0882,0
CUST-00153,9,0,-0.0735,2,0.7306,0.1576,1.1597,1,1.3052,0.306,0,0,0.2457,0.2263,1,194,0,0,1.0916,0.2058,0,0.0414,0,0.2554,0.9203,0.0681,-33,1,0,0.0999,0,11,1.4249,0
CUST-00153,10,0,0.1936,1,0.3904,0.076,1.5283,0,3.2515,0.1209,2.9265,1,0,0.0784,0,262,0,0,0.8561,0.4209,0.0709,0.0863,0,0.3219,0.3589,-0.2611,-15,1,1,0.0472,0,2,1.4696,0
CUST-00153,11,0,0.1903,0,1.3027,0.1293,1.5575,0,4.9183,0.1717,0,2,0.2018,-0.0081,0,129,0,0,0.7095,0.6543,0.0898,-0.0742,1,0.4806,1.9507,-0.1544,-9,0,0,0.0418,0,2,0.9928,0
CUST-00154,0,0,0.0725,9,0.8316,0.0416,1.3175,1,1.4505,0.5459,2.0064,1,0,-0.1077,3,245,0,0,1.0129,-0.9252,0.2649,0.1174,0,0.188,0.6599,-0.0358,22,3,0,0.33,0,9,1.6847,0
CUST-00154,1,0,0.1444,3,0.2449,0.176,0.6226,1,1.9451,0.6683,1.8993,0,0.1902,0.054,1,115,0,3,1.3912,0.3339,0,0.1543,0,0.5051,1.2763,0.0222,-24,0,8,-0.2376,0,0,1.4806,0
CUST-00154,2,0,-0.0775,1,0.8151,0.3748,1.6663,1,2.7699,0.394,1.4189,0,0.0417,0.3526,0,224,0,0,0.8013,0.101,0,0.109,1,0.4357,2.0443,0.0133,-6,0,6,0.127,0,0,1.2183,0
CUST-00154,3,0,0.0698,2,0.8513,0.2059,2.0178,0,3.143,0.4742,6.3056,0,0,0.0031,0,170,0,0,0.5436,0.3405,0.0804,0.0493,0,0.4505,1.572,-0.1353,21,0,0,0.1595,0,0,1.3379,0
CUST-00154,4,0,0.074,4,0.2795,0.2508,1.3661,0,2.275,0.1992,0.9462,0,0.1047,0.0975,1,155,0,0,0.7667,0.4094,0.0543,0.1697,1,0.3301,1.8598,-0.1359,16,0,0,-0.0645,0,0,1.1621,0
CUST-00154,5,0,-0.1047,7,0.8503,0.1457,1.0687,1,0.9045,0.4231,0,0,0,-0.1706,0,176,0,0,0.8915,-0.0017,0.0728,0.0195,1,0.2787,2.5795,-0.0978,-29,0,3,-0.0193,0,0,1.453,0
CUST-00154,6,0,0.1947,6,0.5637,0.1269,1.2797,0,1.1491,0.2894,2.6037,2,0,0.1251,1,171,0,0,0.7087,0.034,0.3092,0.0796,1,0.1563,0.7564,0.0737,19,1,3,0.3006,0,12,1.2715,0
CUST-00154,7,0,0.192,4,0.2545,0.0095,1.4135,0,2.0424,0.22,0.8602,2,0.0752,0.2288,1,110,0,0,0.9531,0.3373,0.1817,-0.1461,0,0.2421,0.2,0.051,2,0,1,0.1428,0,8,1.0771,0
CUST-00154,8,0,-0.0767,1,0.3738,0.1198,1.0022,0,2.8573,0.1969,2.9115,0,0,-0.1628,0,202,0,0,0.9255,0.0008,0.3403,-0.2828,0,0.4249,1.0835,0.0148,-18,0,12,0.2249,0,0,1.1715,0
CUST-00154,9,0,0.1138,1,0.4037,0.3784,1.4788,1,0.932,0.299,1.9871,1,0.0214,0.1154,0,214,0,0,1.1086,-0.4838,0.1528,0.1517,1,0.2336,0.6145,0.0681,-17,1,0,0.2751,0,15,1.3668,0
CUST-00154,10,0,-0.0903,7,0.4234,0.1862,1.7946,0,0.2,0.1381,6.8075,1,0,-0.2176,0,76,0,1,1.1312,-0.1421,0.2692,-0.2374,0,0.4905,0.68,0.0518,-3,0,0,0.4106,0,6,1.0737,0
CUST-00154,11,0,0.0381,7,0.6226,0.211,1.0808,0,2.5732,0.4902,5.1084,0,0.0292,-0.0163,1,66,0,1,0.8745,0.0454,0.1345,0.3189,2,0.4119,1.2165,0.0277,-4,0,10,0.1308,0,13,0.9287,0
CUST-00155,0,0,0.3036,2,0.7448,0,1.3941,1,0.2441,0.5183,3.8203,0,0.1312,-0.0412,0,224,0,1,1.0822,-0.7299,0.2877,0.0892,0,0.2333,1.8076,-0.0298,-9,1,3,0.0456,0,4,1.1733,0
CUST-00155,1,0,0.1277,0,0.1516,0.2831,1.6593,0,3.1896,0.1826,3.8769,0,0,-0.1178,0,170,0,0,0.9682,0.5682,0.1038,0.1947,0,0.2182,0.9322,0.2087,-20,0,5,-0.158,0,22,1.8592,0
CUST-00155,2,0,0.2032,3,0.6021,0.0532,1.1488,0,2.6024,0.0844,2.7617,0,0.0664,0.1055,1,205,0,1,0.6982,0.3484,0.274,-0.1087,0,0.3936,1.9001,0.199,-19,0,12,0.2905,0,0,1.1809,0
CUST-00155,3,0,0.0205,1,0.7747,0.0965,1.2839,0,4.0548,0.192,1.2809,0,0.2557,0.1045,0,229,0,0,0.9779,-0.6243,0.2346,0.0809,0,0.4543,0.3224,0.2438,24,0,6,0.2865,0,0,1.7847,0
CUST-00155,4,0,-0.0649,0,0.4368,0.1191,1.1256,0,4.256,0.2788,1.1683,2,0.1075,0.12,1,200,0,0,0.8534,-1.0879,0.0747,0.1011,0,0.4523,0.6388,-0.1447,26,0,0,0.3279,0,0,1.3029,0
CUST-00155,5,0,0.2933,1,0.4896,0.1458,1.1964,0,2.0256,0.2672,0,0,0,0.0642,0,251,0,3,0.7429,1.1192,0,0.2018,0,0.412,1.8028,0.0501,-25,2,18,0.0941,0,0,1.1247,0
CUST-00155,6,0,-0.057,7,0.693,0.2201,0.9564,0,0.2,0.3165,2.1774,0,0.0862,0.037,0,186,0,3,1.0557,0.8274,0.3008,-0.2069,1,0.2285,1.9603,0.1188,37,0,11,-0.3176,0,3,1.6095,0
CUST-00155,7,0,0.2071,2,0.4799,0.086,1.0435,0,2.2829,0.2612,2.9434,0,0.0793,0.0761,0,205,0,0,0.6975,-0.8467,0.3878,0.0275,0,0.5268,1.695,-0.0825,-13,0,9,0.1708,0,0,1.7858,0
CUST-00155,8,0,0.0677,1,0.6557,0.3283,1.7004,0,1.7901,0.4068,0.7709,0,0,0.1536,0,130,0,1,0.8856,1.2692,0.2193,0.1793,0,0.3748,1.6456,0.1459,0,0,0,-0.0666,0,4,1.2905,0
CUST-00155,9,0,-0.0764,6,0.5078,0.3671,1.1699,0,3.8333,0.177,0,0,0.0768,0.2515,0,155,0,0,0.5808,-0.0013,0.1828,0.0146,0,0.4511,1.8824,0.05,-31,0,0,0.0215,0,2,1.1017,0
CUST-00155,10,0,-0.1083,2,1.0911,0.1921,1.8402,1,2.1816,0.1683,0,0,0,-0.2403,1,297,0,0,0.9152,0.572,0.2171,0.2608,1,0.4945,1.7396,-0.0703,-9,0,0,-0.1702,0,4,1.6792,0
CUST-00155,11,0,0.0157,3,0.804,0.171,1.4695,1,3.1156,0.2832,0,0,0,-0.088,1,193,0,0,1.1821,0.192,0.3708,-0.1528,1,0.3549,0.3215,-0.058,10,0,0,-0.0474,0,0,1.355,0
CUST-00156,0,0,0.1279,4,0.3809,0.256,1.2367,0,1.2652,0.2469,0.911,0,0.0515,-0.1798,1,243,0,0,0.9299,-0.0572,0.0182,0.1057,0,0.3592,0.4961,-0.0687,10,1,5,-0.1223,0,10,1.0898,0
CUST-00156,1,0,0.1657,4,0.6816,0.0274,1.2537,0,0.2,0.1068,3.2974,0,0,-0.0075,0,223,0,0,0.9729,0.9224,0.2028,-0.3832,0,0.3286,0.55,0.0583,2,0,3,0.041,0,0,1.4218,0
CUST-00156,2,0,0.0188,2,0.725,0.335,1.3402,0,4.1178,0.2576,3.6609,0,0,-0.1729,0,132,0,0,0.5893,0.5708,0.2235,0.1021,0,0.4214,1.2942,-0.1869,17,2,22,0.1054,0,0,1.3803,0
CUST-00156,3,0,0.0332,0,0.3515,0.1077,1.0503,0,5.085,0.3122,4.8139,1,0,-0.2067,0,249,0,3,0.9272,0.7832,0.4865,-0.2405,0,0.3344,1.8523,-0.133,-27,0,0,0.2983,0,0,1.3209,0
CUST-00156,4,0,0.1692,0,0.4981,0.1768,1.0152,0,1.5886,0.0997,0,0,0.1799,0.121,0,214,0,1,0.7018,-1.0598,0.2895,0.2538,0,0.4083,0.8053,-0.0629,7,0,0,0.0863,0,0,1.3179,0
CUST-00156,5,0,0.1345,3,0.8709,0.1026,1.3828,0,1.6536,0.3185,0.5417,0,0.1344,0.0584,0,244,0,2,0.8671,0.6188,0.4371,-0.1088,1,0.2986,2.1162,-0.0726,-15,1,0,-0.2725,0,10,1.4913,0
CUST-00156,6,0,0.0396,2,0.7622,0.3701,1.6292,0,2.7347,0.2776,0,1,0.1382,-0.0173,1,155,0,0,0.914,-1.0814,0.1961,-0.0646,0,0.4491,0.696,-0.0504,-22,0,12,0.0374,0,0,0.9961,1
CUST-00156,7,0,0.0713,8,1.4032,0.4323,1.0446,0,4.3686,0,0,1,0.1638,-0.2071,0,124,0,0,0.908,1.2964,0.059,0.075,0,0.2641,1.3332,0.0524,0,1,0,0.0943,0,0,1.0972,0
CUST-00156,8,0,0.0875,0,0.5878,0.0863,1.2487,0,3.4842,0.4851,1.9666,2,0.013,0.4084,0,209,0,0,0.6874,0.6045,0.0801,0.1276,1,0.1329,1.274,0.0791,-47,0,0,0.0168,0,5,1.3005,0
CUST-00156,9,0,0.2297,4,0.5908,0.2039,1.2396,0,0.9334,0.077,0,0,0,0.0205,0,207,0,0,0.9537,-0.7227,0.2595,0.0569,0,0.2537,1.686,-0.0744,-12,0,0,0.3083,0,0,1.1299,0
CUST-00156,10,0,-0.1816,0,0.5484,0.2211,1.5158,0,0.4892,0.3349,3.8036,0,0,0.2441,0,252,0,0,0.7376,-0.2248,0.387,-0.1161,0,0.3581,1.7368,0.0433,-12,2,5,-0.0893,0,9,1.5646,0
CUST-00156,11,0,0.129,4,0.4493,0.187,1.1274,0,2.9519,0.387,0,1,0.2794,0.2031,0,194,0,0,0.787,-0.5391,0.2189,0.2501,0,0.5107,0.7286,-0.0237,-11,0,29,-0.0009,0,0,1.2431,0
CUST-00157,0,0,0.0314,0,0.8732,0.1583,1.1232,0,2.0037,0.1618,2.218,0,0.1598,0.149,0,119,0,1,0.6932,-0.4877,0.1936,0.0617,0,0.4422,1.4061,0.0317,-5,0,0,-0.2141,0,5,1.3777,0
CUST-00157,1,0,-0.1218,7,0.8383,0.3261,1.0701,0,2.0948,0.2483,2.6612,0,0,-0.0552,0,204,0,1,0.8113,-0.5759,0.1956,-0.2073,1,0.2637,0.3706,0.1257,-2,0,7,0.0968,0,19,1.3271,0
CUST-00157,2,0,0.1494,8,0.4217,0.1164,1.3481,0,3.4063,0,4.6205,0,0.0429,0.1339,0,151,0,0,0.8242,-0.0344,0.3281,0.1399,0,0.4478,0.7777,-0.0342,17,0,0,0.0406,0,0,1.896,0
CUST-00157,3,0,0.0682,3,0.8374,0.1472,1.5783,2,0.7749,0.4134,3.2745,0,0.0833,-0.1096,0,102,0,0,0.854,-0.3504,0.1005,-0.0901,0,0.2058,0.7118,0.0992,-7,0,0,-0.1502,0,9,1.483,0
CUST-00157,4,0,0.0345,3,0.9788,0.0228,1.4201,1,1.582,0.3109,9.4827,0,0.0103,-0.1794,1,145,0,2,0.8211,0.6928,0.1991,-0.0224,2,0.51,0.4709,-0.0081,-20,0,0,0.356,0,1,1.8026,0
CUST-00157,5,0,0.0268,0,0.8588,0.0818,1.1658,1,2.6388,0.2429,2.52,1,0,-0.2123,0,244,0,2,0.7704,0.9026,0.2914,0.0691,0,0.3575,0.2,0.1584,7,0,16,0.1231,0,5,1.336,0
CUST-00157,6,0,-0.0427,0,0.4677,0.0539,1.3106,0,2.9853,0.1939,1.5597,1,0.2367,0.2248,0,170,0,1,0.9552,-0.6671,0.2027,0.072,1,0.3802,1.4649,0.0315,-26,0,21,0.3748,0,0,1.1598,0
CUST-00157,7,0,0.0525,0,0.438,0.1543,1.1486,0,2.7195,0.4455,0,0,0.1668,0.0016,1,147,0,1,1.01,0.4709,0.4456,0.3519,1,0.1259,0.2,-0.064,6,0,0,0.1732,0,0,1.7081,0
CUST-00157,8,0,0.0436,5,0.3748,0.2391,1.573,0,2.7312,0.371,0,1,0.1446,0.051,1,221,0,1,1.0426,-0.6025,0.1082,-0.0255,0,0.5098,0.7061,0.0403,-27,1,9,-0.0792,0,8,1.486,0
CUST-00157,9,0,0.0424,0,0.673,0.1747,1.4284,0,3.1819,0.4269,0.5941,0,0,0.3316,0,222,0,0,0.7155,-0.4663,0.1436,-0.204,1,0.2922,1.4586,-0.0947,22,0,0,-0.0177,0,0,1.7773,0
CUST-00157,10,0,-0.0786,5,0.9704,0.1727,1.5123,1,2.5131,0.247,0.8606,0,0,0.0709,2,215,0,0,0.7582,0.3972,0.0749,0.3241,2,0.223,0.7127,0,26,0,2,0.1088,0,19,1.4932,0
CUST-00157,11,0,0.1917,5,0.8915,0.2748,1.2837,0,1.3962,0.1697,1.1892,2,0.1449,-0.1375,1,206,0,0,1.0076,0.7212,0,-0.2205,0,0.3826,0.6366,-0.0655,45,1,0,-0.1984,0,16,1.0111,0
CUST-00158,0,0,-0.0089,0,0.9704,0.059,1.5459,0,2.1211,0.2972,1.2044,0,0.1129,0.1589,0,172,0,0,0.7678,-0.0467,0.469,-0.2514,2,0.2601,1.7978,-0.0463,-18,0,20,0.0377,0,0,1.0097,0
CUST-00158,1,0,0.0224,2,0.2984,0.0681,1.3784,1,0.4359,0.1603,3.908,0,0.0717,-0.006,0,150,0,0,0.9906,1.1054,0.2317,0.2895,0,0.2821,1.2302,0.1163,8,0,0,-0.0339,0,1,1.3503,0
CUST-00158,2,0,-0.1773,0,0.6912,0.1616,1.0293,1,3.1594,0.3098,3.8834,0,0.1208,-0.1481,0,201,0,0,0.944,-0.5208,0.1185,0.1858,0,0.3254,0.5316,0.0462,19,1,0,-0.0106,0,7,1.4386,0
CUST-00158,3,0,0.2177,0,0.64,0.1301,1.1797,0,2.6228,0.3844,0,1,0,0.3029,0,179,0,2,0.9933,-0.6353,0.1684,0.0187,0,0.3225,1.4304,-0.0485,-19,1,0,0.3463,0,9,1.4214,0
CUST-00158,4,0,0.0613,1,0.8488,0.0515,0.8928,0,1.6381,0.2829,0,0,0.2391,-0.1496,0,229,0,0,0.7841,0.9689,0.1173,0.1391,0,0.1432,0.8222,0.0435,-7,0,0,-0.2005,0,5,1.3735,0
CUST-00158,5,0,0.0335,4,0.1542,0.1086,1.1587,0,2.2846,0.5027,7.4328,0,0.1639,0.151,0,354,0,0,0.6912,-1.079,0.2757,-0.0228,1,0.2583,0.4973,0.1166,-6,0,11,0.1691,0,0,1.7975,0
CUST-00158,6,0,-0.0537,6,0.4055,0.144,0.9199,1,2.6724,0.3798,5.8448,0,0.3124,-0.103,1,173,0,0,0.7911,0.2265,0.0729,-0.366,0,0.5029,1.4505,-0.0111,-8,0,15,0.1011,0,0,1.1712,0
CUST-00158,7,0,0.0538,6,0.8335,0.0545,0.4906,1,4.4808,0.2014,0.0786,0,0.2835,-0.0261,0,222,0,2,0.779,0.0092,0.0698,0.0557,0,0.3374,0.5654,0.0704,13,0,0,0.0329,0,0,1.4432,0
CUST-00158,8,0,0.0739,2,0.6527,0.1945,1.2254,0,2.2072,0.0483,0,0,0.2373,0.0488,0,115,0,1,0.6276,-0.2664,0.0579,-0.1337,1,0.322,1.4626,-0.0533,19,1,6,0.1171,0,0,1.459,0
CUST-00158,9,0,0.0052,2,0.886,0.1939,1.809,0,0.7341,0.4257,0,1,0.2349,-0.1986,1,183,0,1,1.1857,-0.8758,0.1712,0.0895,0,0.5403,1.2041,0.1641,10,1,19,0.1278,0,4,1.2577,0
CUST-00158,10,0,0.2059,5,1.0231,0.2506,1.1748,0,4.22,0.3993,0,0,0.0863,0.1268,0,277,0,0,0.8166,-0.8937,0.1035,-0.2139,0,0.4779,1.6355,0.1107,27,1,0,0.081,0,0,1.0825,0
CUST-00158,11,0,-0.1515,3,0.627,0.2776,1.395,1,4.3942,0.3455,0,1,0.0548,0.0328,1,231,0,0,1.0273,-0.3618,0.5471,0.0787,2,0.4489,1.5399,0.1107,-27,0,0,-0.2467,0,14,1.1392,0
CUST-00159,0,0,0.158,3,0.5948,0.3172,1.432,0,0.2,0,1.2989,1,0.1631,0.1376,0,194,0,0,0.6657,0.2093,0.3232,0.1827,1,0.1868,1.1897,-0.1138,-39,0,0,0.0822,0,17,1.1181,0
CUST-00159,1,0,0.1487,4,0.264,0.22,1.5497,1,1.7311,0.0081,9.0322,0,0,-0.0802,1,62,0,0,0.7961,-0.0874,0.0531,0.0142,0,0.4965,0.5237,-0.0516,2,1,2,0.38,0,4,1.17,0
CUST-00159,2,0,0.0613,1,0.7017,0.1182,1.0784,0,0.2,0.2538,1.5876,1,0.131,-0.1191,1,106,0,1,0.7503,0.6175,0,0.1762,0,0.292,0.773,-0.07,29,1,0,0.0681,0,0,1.2656,0
CUST-00159,3,0,0.0855,6,0.9623,0.2409,1.4307,2,1.4699,0.2448,3.0091,1,0,0.159,1,163,0,0,0.9575,-2.1376,0.2035,0.0804,0,0.3209,1.6244,-0.0734,-17,1,2,0.0141,0,0,1.2707,0
CUST-00159,4,0,0.0307,2,0.8207,0.1374,1.2504,0,0.2,0,0,0,0.1244,0.1075,1,167,0,0,0.8858,0.1833,0.0625,-0.0774,0,0.1381,0.4466,-0.1489,-8,0,12,0.1783,0,0,1.3866,0
CUST-00159,5,0,0.2248,0,0.5876,0.3994,1.8039,1,1.8031,0.4685,2.9098,0,0.2204,-0.3738,0,199,0,0,0.6967,-0.7624,0.1513,-0.3232,1,0.3622,1.3579,0.1617,-24,1,3,0.0491,0,0,1.2409,0
CUST-00159,6,0,0.0185,5,0.4119,0.2694,1.4132,0,0.8624,0.5005,0.775,0,0.2395,-0.0713,0,256,0,0,0.8825,0.2938,0.186,-0.0821,1,0.6014,1.3196,0.0632,9,1,18,0.3628,0,0,1.1321,0
CUST-00159,7,0,-0.023,2,0.727,0.1127,1.008,1,2.1026,0.526,0.0618,0,0,-0.1206,0,249,0,0,0.9898,0.1596,0.2183,0.2288,0,0.2322,0.2,0.0828,8,0,0,0.5223,0,0,1.4521,0
CUST-00159,8,0,-0.043,0,0.6233,0.1235,1.1631,0,3.1347,0.35,0,0,0.0228,0.1832,0,293,0,1,0.739,0.0505,0.2214,0.0703,1,0.2418,1.6059,-0.1137,-32,1,0,-0.0892,0,10,1.8061,0
CUST-00159,9,0,0.0067,0,0.513,0.1992,1.4543,1,3.4152,0.2858,1.5412,0,0.016,0.0662,0,171,0,0,0.829,-0.8462,0.188,-0.4,1,0.2457,0.2,-0.0667,-32,0,13,-0.1066,0,9,1.5159,0
CUST-00159,10,0,0.0845,4,0.894,0.1093,1.1738,0,5.7073,0.1979,0,1,0.0379,0.2356,1,251,0,0,0.909,0.7681,0.2206,0.1044,1,0.4389,0.2,-0.113,6,1,0,-0.3115,0,0,1.2958,0
CUST-00159,11,0,0.0889,0,0.512,0.1234,1.0456,1,1.7424,0.3394,0,0,0,-0.0569,0,143,0,0,0.9828,0.3539,0.1124,-0.1104,2,0.2426,1.592,0.0335,39,0,1,0.1477,0,0,1.3607,0
CUST-00160,0,0,0.0512,0,0.7589,0.1592,1.5977,0,3.0671,0.1043,0,0,0,-0.0521,0,314,0,0,0.8742,0.5018,0.2145,-0.3647,0,0.3077,0.4538,0.238,-14,1,0,0.0475,0,0,0.906,0
CUST-00160,1,0,-0.1377,0,0.5343,0.2389,1.6674,0,3.151,0.1715,0,1,0,0.1573,0,100,0,1,0.8464,-0.8531,0.1608,-0.3319,0,0.4236,1.738,0.1393,16,2,0,0.0721,0,0,1.8502,0
CUST-00160,2,0,-0.0822,5,0.8353,0.0755,1.4968,0,2.5369,0.2527,7.3588,0,0,-0.0846,0,151,0,0,0.816,0.7496,0.3002,0.0382,2,0.4402,0.9239,0.0657,17,0,0,0.1357,0,2,1.2841,0
CUST-00160,3,1,0.2416,10,0.7374,0.4011,0.9453,1,3.1845,0.3966,9.0503,1,0.3701,0.2075,0,85,0,0,0.9575,1.125,0.181,0.0264,3,0.5181,2.4865,0.2784,22,1,26,0.4315,0,17,0.7996,0
CUST-00160,4,1,0.3784,10,0.1647,0.378,0.437,2,7.526,0.4227,7.7084,2,0.398,0.3045,1,26,1,3,0.8101,2.0913,0.4459,0.2458,2,0.5761,3.073,0.1111,38,6,42,0.2795,1,41,1.0573,1
CUST-00160,5,1,0.5383,22,0.2286,0.7844,0.2493,2,6.2894,0.7625,24.4238,5,0.4826,0.5267,3,-43,1,6,1.3801,1.3327,0.6353,0.6845,3,0.583,2.8426,0.1202,59,3,58,0.8031,0,56,0.9144,1
CUST-00161,0,0,0.1458,0,0.01,0.2119,1.0314,0,1.5561,0.314,0.4312,0,0,0.2201,0,273,0,0,0.8594,-0.699,0.2486,-0.384,0,0.1567,0.9222,0.163,11,2,0,0.2823,0,5,1.2149,0
CUST-00161,1,0,0.0244,3,0.2268,0.2752,1.2501,0,2.7383,0.4146,1.6231,0,0,0.0159,0,226,0,2,0.9678,-0.3557,0.1355,0.2618,2,0.3149,1.4461,-0.1086,-2,1,0,0.0106,0,4,1.8496,1
CUST-00161,2,0,0.0451,0,0.6157,0.4046,1.3044,0,1.6798,0.2687,3.9509,1,0.1074,0.0027,0,234,0,3,1.071,0.5165,0.2547,0.211,0,0.5312,1.44,-0.0567,50,0,0,-0.0626,0,2,1.3986,0
CUST-00161,3,0,-0.0691,1,0.0364,0.122,1.1604,0,1.2438,0.238,0,0,0.0669,-0.0673,0,203,0,0,0.6333,1.1311,0.2381,-0.1948,0,0.5217,0.2,-0.03,-6,0,0,0.0626,0,0,1.1676,0
CUST-00161,4,0,-0.0163,0,0.7586,0.0325,1.6957,0,2.3601,0,3.5796,0,0.2631,-0.086,1,105,0,1,0.6354,0.6783,0.1253,0.0155,1,0.5029,1.1527,0.1464,-4,0,0,0.3363,0,5,1.707,0
CUST-00161,5,0,0.21,1,1.1238,0.2161,1.1953,0,1.6727,0.2493,5.8078,0,0.0812,0.2975,1,144,0,0,0.7799,0.6977,0.1864,0.0632,1,0.4537,1.8715,-0.0308,3,2,0,0.028,0,0,1.2682,0
CUST-00161,6,0,-0.0551,4,0.6813,0.2391,1.5245,0,0.5594,0.0361,4.0544,0,0,0.0555,0,190,0,0,0.4724,0.3949,0.2388,-0.0119,0,0.4761,1.2903,-0.1167,52,1,20,-0.2243,0,0,1.4652,0
CUST-00161,7,0,0.1795,1,0.4979,0.1443,1.2125,0,3.0855,0.2359,3.1805,1,0,0.1846,0,148,0,0,1.087,0.8275,0.1318,-0.0299,1,0.2378,0.7657,-0.0474,8,1,12,0.1352,0,18,1.5106,0
CUST-00161,8,0,0.0867,5,0.8908,0.362,1.1449,1,3.2947,0.4109,2.2609,0,0,-0.233,1,155,0,1,0.8793,0.5535,0.3216,-0.0023,2,0.2537,1.0541,-0.1104,-25,2,0,-0.0535,0,0,1.6229,0
CUST-00161,9,0,0.2006,3,0.8503,0.1671,1.5817,1,1.9833,0.128,3.3497,0,0,-0.122,0,207,0,1,0.8072,1.0101,0.0773,-0.0197,0,0.3315,0.8377,0.0675,-12,1,3,-0.1746,0,8,1.8043,0
CUST-00161,10,0,0.374,3,0.8257,0.1958,1.1067,1,0.4242,0.6142,0,0,0,-0.0287,1,155,0,0,0.911,0.5545,0.2838,-0.0304,0,0.4745,1.183,0.07,-50,3,2,0.1471,0,3,1.4345,0
CUST-00161,11,0,-0.0022,0,1.1328,0.167,1.3815,1,2.0537,0.3341,3.7736,0,0.0298,0.0058,0,165,0,0,0.7868,-0.2429,0.0687,-0.0594,0,0.3671,1.0181,0.0118,-25,0,0,-0.1354,0,2,1.6564,0
CUST-00162,0,0,0.2963,9,0.7775,0.1528,1.5891,0,1.2825,0.0888,0,0,0,-0.2121,0,224,0,0,1.0752,-0.2612,0.4008,-0.0218,0,0.2201,1.0976,0.1548,-24,0,7,0.0375,0,2,1.067,0
CUST-00162,1,0,-0.0407,5,0.5057,0.22,0.9235,0,1.5772,0.0415,0.1453,0,0,-0.1358,0,274,0,0,1.0129,0.7648,0.2727,0.011,0,0.4746,1.7865,-0.0279,-15,0,0,0.3696,0,9,1.5831,0
CUST-00162,2,0,0.2307,3,0.4861,0.2097,1.5495,0,2.8599,0.0978,4.6284,0,0.0722,0.0005,1,189,0,1,0.9783,-0.2541,0.2507,-0.0936,1,0.4199,0.4523,-0.0651,-8,0,0,-0.0271,0,12,1.3198,0
CUST-00162,3,0,0.0898,3,0.46,0.1109,1.7375,0,3.3523,0.0439,4.439,0,0.3063,-0.0687,0,151,0,1,0.7404,-0.0259,0.0602,-0.0663,1,0.2246,0.8262,-0.0306,8,0,0,-0.1295,0,0,1.1187,0
CUST-00162,4,0,0.0497,1,0.5873,0.1186,0.9659,0,2.5223,0.1213,0.378,0,0.0466,-0.0838,1,308,1,0,0.9643,0.0864,0,-0.3215,1,0.5465,0.7062,0.1256,50,0,14,0.0105,0,5,1.099,0
CUST-00162,5,0,-0.098,4,0.4827,0.0346,1.0157,0,2.6285,0.2126,0,0,0.0393,0.0754,0,172,0,2,0.6695,-0.1986,0.0522,-0.035,0,0.4388,1.7238,0.056,16,2,25,-0.1078,0,10,1.4157,0
CUST-00162,6,0,0.1638,0,0.01,0.1263,1.1852,0,1.9688,0.1827,0,1,0,0.2119,0,80,0,1,0.8514,0.9162,0.2149,-0.2922,0,0.4,2.0597,-0.0209,-5,0,0,0.0471,0,0,1.671,0
CUST-00162,7,0,0.004,3,0.6471,0.3003,1.0808,0,2.5586,0.2996,0,0,0.0779,0.0234,0,176,0,0,0.8499,0.0572,0.0776,0.0781,0,0.2214,0.4543,-0.1373,-27,1,18,0.1463,0,0,1.7534,0
CUST-00162,8,0,-0.1736,3,0.713,0.2108,1.3746,0,3.5844,0.516,2.9025,0,0.0843,-0.2609,0,87,0,0,0.9365,-0.0277,0.1313,-0.019,0,0.2506,1.7299,-0.2096,21,1,2,0.111,0,0,1.5568,0
CUST-00162,9,0,-0.0095,5,0.8628,0.3526,1.4439,0,0.9307,0.1545,3.1038,2,0.2193,-0.1603,0,95,0,2,0.7673,-0.8944,0.236,0.235,0,0.1847,0.9785,-0.0178,-40,2,0,0.2465,0,0,2.247,0
CUST-00162,10,0,0.1399,0,0.466,0.3637,1.5346,0,1.2199,0.112,0,1,0.051,0.0281,0,213,0,2,0.7793,-0.483,0.1975,0.106,0,0.2473,0.8282,-0.0951,-6,0,1,0.2189,0,7,1.265,0
CUST-00162,11,0,-0.0415,4,0.3188,0.1454,0.8361,0,0.7243,0.5963,0,0,0.1146,0.0133,0,54,0,2,1.1257,-0.1568,0.2415,0.0184,0,0.2422,0.7304,-0.0405,-14,0,8,-0.1731,0,0,1.7271,0
CUST-00163,0,0,0.1319,0,0.5179,0.2931,1.0535,0,3.2207,0.333,5.3378,1,0.1481,0.413,0,68,0,3,1.0569,0.4179,0.3442,-0.0362,0,0.3891,1.7557,0.0419,12,2,4,0.2009,0,10,1.0539,0
CUST-00163,1,0,0.1112,0,0.8306,0.0422,1.087,0,0.704,0.1862,0.903,0,0,0.216,0,205,0,0,0.9663,-0.2247,0.267,0.1931,0,0.2081,1.3571,-0.0344,-19,0,0,0.1278,0,2,2.1027,0
CUST-00163,2,0,0.0481,4,0.2454,0.1423,1.2526,0,0.6424,0.4985,6.6619,0,0.1366,-0.0886,3,212,0,0,0.9613,-0.1813,0.1269,-0.0477,1,0.6259,1.2015,0.1208,-24,2,0,0.0258,0,6,1.494,0
CUST-00163,3,0,0.3692,0,0.9175,0.1287,0.9773,1,3.0411,0.209,0,0,0.1348,0.1147,2,63,0,0,0.9411,0.3332,0.315,-0.0765,0,0.5615,1.3678,-0.1808,29,0,2,0.025,0,0,1.1053,0
CUST-00163,4,0,0.1539,2,0.2493,0.1131,1.7267,1,2.8814,0,3.8413,0,0,-0.0154,1,185,0,0,0.8361,-0.2637,0.2362,-0.1196,0,0.3819,1.5569,0.0031,35,0,0,0.189,0,0,0.8637,0
CUST-00163,5,0,0.2699,0,0.5828,0.2315,1.8151,0,2.9528,0.0497,0,1,0,-0.2372,1,214,0,0,0.795,-0.5715,0.1258,-0.1213,1,0.4225,0.495,0.0295,-9,1,3,0.2317,0,0,1.6076,0
CUST-00163,6,0,0.0963,6,0.8385,0.0291,0.6787,0,0.9659,0.5721,0,1,0,-0.158,1,208,0,3,0.834,-0.4982,0.2047,-0.1521,2,0.4802,0.9245,0.1802,-6,0,7,-0.1277,0,0,1.3515,0
CUST-00163,7,0,-0.1176,2,0.6216,0.32,1.1994,0,2.3867,0.1552,0,0,0,-0.0029,0,162,0,2,0.6062,-0.1962,0.1011,-0.1938,0,0.3829,0.2191,0.0771,30,3,36,0.2249,0,7,1.3511,0
CUST-00163,8,0,0.0496,2,0.9737,0.0995,1.2261,1,1.6485,0.1844,3.4094,0,0,0.0467,0,225,0,0,0.6362,-0.6206,0.417,0.0426,0,0.1,0.2,0.0165,-12,2,22,0.2271,0,12,1.4556,0
CUST-00163,9,1,0.482,4,0.2374,0.2313,0.2952,1,2.442,0.6758,9.6158,1,0.0876,0.1746,0,79,0,3,0.971,-0.6451,0.2941,0.1742,2,0.3678,2.3565,0.011,16,0,43,0.06,2,9,0.7293,0
CUST-00163,10,1,0.3196,12,0.6735,0.3097,0.2405,1,4.7692,0.6723,15.9897,1,0.2776,0.2609,1,23,0,5,1.0938,1.3786,0.4291,0.3588,1,0.4934,2.4995,0.2337,72,2,30,0.5351,2,28,0.9735,0
CUST-00163,11,1,0.4692,21,0.01,0.5811,0.167,2,7.2367,0.737,22.3405,2,0.665,0.5422,2,-50,0,4,1.263,2.0316,0.3793,0.4735,4,0.6223,4.1825,0.1666,101,5,66,0.763,0,44,0.2684,0
CUST-00164,0,0,0.1163,8,0.3261,0.2941,1.2296,1,1.1518,0.1746,4.6953,0,0.0959,-0.1295,1,173,0,2,1.0113,-1.0261,0.2493,-0.3606,0,0.3594,0.2,0.0012,5,1,0,0.0443,0,0,1.5421,0
CUST-00164,1,0,-0.0634,4,0.4399,0.0754,1.6644,0,1.7298,0.2576,4.3593,0,0.0448,0.1078,0,222,0,0,1.2892,-0.2759,0.1998,0.0241,0,0.3567,0.8878,0.1727,4,0,12,0.3925,0,8,1.0805,0
CUST-00164,2,0,0.0376,0,0.7866,0.1407,0.8565,0,1.3916,0.1866,4.8043,0,0.0573,0.2427,0,112,0,0,0.8485,-0.0325,0.0743,-0.0311,1,0.4949,1.0169,0.0069,2,1,0,-0.0115,0,9,1.4616,0
CUST-00164,3,0,0.0171,1,0.6975,0.344,1.1327,0,1.0017,0.1608,0,1,0,-0.1159,0,164,0,2,0.8535,-0.7156,0.0862,-0.3292,0,0.3771,0.291,0.09,6,1,0,0.1416,0,0,1.4346,0
CUST-00164,4,0,0.0114,0,0.3923,0.1302,0.8846,1,1.9481,0.2338,4.9685,0,0,-0.0722,0,40,0,0,0.6216,-0.1492,0.0734,-0.1214,0,0.2982,1.0288,0.1266,-45,0,6,0.2023,0,0,1.3247,0
CUST-00164,5,0,0.1096,0,0.9994,0.1443,0.9318,0,4.4177,0.2574,0,1,0.1302,-0.2054,1,174,0,2,0.9151,-0.4572,0.2355,0.0914,0,0.3719,1.2329,-0.1559,25,0,0,-0.0004,0,0,1.4947,0
CUST-00164,6,0,-0.0096,0,0.9698,0.0439,1.3552,0,1.9485,0.1528,0,1,0.059,-0.2053,0,202,0,0,0.8037,-0.5053,0.3206,0.2496,0,0.3529,0.6878,-0.0619,5,0,13,0.3923,0,6,1.4318,0
CUST-00164,7,0,-0.1034,7,0.3197,0.1368,1.6361,0,1.4386,0.1101,1.9503,0,0.162,-0.2219,0,239,0,0,0.7067,0.0032,0,-0.2823,1,0.455,1.4338,-0.0584,19,0,14,0.2167,0,10,1.7256,0
CUST-00164,8,0,0.0501,2,0.4396,0.045,0.9922,0,3.6964,0.0435,0,0,0.1294,0.0346,1,285,0,0,0.9126,1.3427,0.2041,-0.0544,0,0.2596,0.2,-0.0124,15,1,1,-0.1377,0,0,1.9273,0
CUST-00164,9,0,0.1194,5,0.6301,0.2018,0.8185,0,2.6765,0.4799,1.5866,0,0.1183,0.0634,2,246,0,0,1.1464,0.408,0.3496,0.2086,0,0.3452,1.7582,0.0009,-23,1,2,0.3603,0,14,1.2872,0
CUST-00164,10,0,0.0786,3,0.5813,0,1.1165,0,2.7464,0.2029,0,0,0.0129,-0.0938,0,261,0,0,0.8533,-0.4383,0.4284,-0.0874,0,0.4557,1.3299,0.1024,1,1,8,-0.0862,0,4,1.1767,0
CUST-00164,11,0,-0.018,0,0.8022,0.2012,1.2625,0,2.6253,0.2123,2.0601,0,0,-0.3076,0,276,0,0,0.9125,-0.0392,0.1701,0.203,0,0.3004,0.8472,0.1686,-4,0,5,0.0851,0,0,1.6934,0
CUST-00165,0,0,-0.0544,1,0.945,0.0836,0.9016,0,0.2,0.5844,2.4331,0,0.0322,0.1826,0,269,0,0,0.7764,0.5318,0,0.0103,1,0.2583,0.7733,0.0865,1,0,13,0.0735,0,2,1.4767,0
CUST-00165,1,0,-0.0093,4,0.5373,0.1108,1.4405,1,1.9045,0.2101,4.2422,0,0,0.2112,0,156,0,0,0.6741,-1.8833,0.3133,0.031,0,0.4767,1.3946,-0.0609,-35,1,0,0.1441,0,26,1.4713,0
CUST-00165,2,0,0.2432,7,0.8819,0.1988,1.5454,0,2.808,0.1785,4.8934,0,0.0007,0.0415,0,190,0,0,0.8577,0.3145,0.225,-0.1425,1,0.3476,1.4127,0.26,-5,0,16,0.2205,0,3,1.085,0
CUST-00165,3,0,0.1084,0,0.9819,0.2811,1.2965,0,1.9224,0.0801,0,0,0,0.3495,0,199,0,0,0.9593,-1.4499,0,0.0382,1,0.3127,0.9638,0.0436,25,0,0,0.0446,0,0,1.2032,0
CUST-00165,4,0,0.1266,0,0.7858,0.4367,1.014,0,1.0755,0.1953,3.3813,0,0.0113,0.0441,0,168,0,0,0.7166,-0.8532,0.0884,0.0815,1,0.3402,0.3279,-0.008,-18,1,0,-0.1365,0,1,1.5902,0
CUST-00165,5,0,0.0466,9,0.31,0.0347,1.0785,0,3.0188,0.2248,1.3799,0,0.1119,0.3857,1,194,0,0,0.7362,-0.311,0.2359,-0.038,0,0.388,0.2,-0.1006,20,0,0,0.0059,0,5,1.6492,0
CUST-00165,6,0,-0.0191,2,0.3554,0.1102,1.0683,0,1.0447,0.2836,7.0139,0,0.0264,0.1909,0,238,0,0,1.0036,0.0218,0.3063,-0.3401,0,0.4374,0.4811,-0.0185,-21,1,12,-0.113,0,0,1.2033,0
CUST-00165,7,0,-0.0943,0,0.5625,0.0902,0.8959,0,2.3061,0,0,0,0.0353,-0.0275,3,196,0,3,0.7786,0.0132,0.2913,-0.0332,0,0.3762,0.8397,-0.0498,-6,0,0,-0.0085,0,4,1.4044,0
CUST-00165,8,0,-0.0158,0,0.7847,0.24,1.0682,1,0.2,0.2228,3.2441,0,0,0.0961,0,160,0,2,0.7878,-0.4622,0.383,-0.0209,1,0.4727,1.4382,-0.0147,-20,0,3,0.1855,0,0,1.7473,0
CUST-00165,9,0,0.0815,9,0.8061,0.3657,1.5177,1,0.7169,0.2084,5.7933,1,0,0.1994,1,149,0,1,1.0658,0.3712,0.3501,-0.2595,1,0.379,0.9869,0.0011,-4,0,3,0.1083,0,0,1.1775,0
CUST-00165,10,0,0.0188,0,0.2254,0.0907,1.0649,0,3.1309,0.3547,0,0,0.1168,0.2398,1,194,0,0,0.9468,1.3296,0.2186,0.4407,2,0.391,1.1441,0.0448,-1,0,0,0.289,0,0,1.3257,0
CUST-00165,11,0,0.0958,5,0.8479,0.0936,1.6097,0,0.2,0.1048,7.0415,0,0.0944,0.1096,1,313,0,0,0.9073,0.208,0.2411,0.2722,0,0.2316,1.3475,0.0419,9,1,10,0.28,0,15,1.5076,0
CUST-00166,0,0,-0.0111,4,0.4252,0.2791,1.5877,0,1.7711,0.3479,2.4755,0,0.0704,0.1515,1,132,0,0,0.6968,-0.4913,0.2985,-0.1436,2,0.4934,1.0093,0.09,4,0,0,-0.084,0,0,1.3727,0
CUST-00166,1,0,0.0829,6,0.597,0,1.458,0,1.4722,0.3011,5.7044,0,0.0892,0.2349,0,111,0,0,0.8231,0.1222,0.1003,0.1104,0,0.2158,0.2,0.042,25,0,0,0.0893,0,17,1.4773,0
CUST-00166,2,0,-0.0593,0,0.3297,0.3287,0.9933,1,0.9086,0.2318,0,2,0.0344,0.122,0,226,0,0,0.5213,0.8448,0.1207,-0.0899,2,0.3413,1.9899,0.1313,1,0,0,-0.3527,0,0,1.7177,0
CUST-00166,3,0,-0.2,6,0.8429,0.0925,1.26,0,2.172,0.4092,4.1401,2,0,-0.003,0,91,0,2,0.7535,0.0414,0.2001,0.1041,0,0.3854,0.6934,-0.255,15,1,0,-0.065,0,5,1.1265,0
CUST-00166,4,0,-0.1347,4,0.6222,0.0839,1.5942,0,2.4672,0.1581,1.4158,0,0.0952,0.006,2,164,0,1,0.8607,-0.6398,0,-0.2638,0,0.4155,0.9744,0.2169,-1,1,4,-0.2033,0,18,1.2278,0
CUST-00166,5,0,-0.0593,5,0.7684,0.3579,2.0128,0,5.2325,0.4489,5.062,0,0.0663,0.2221,1,240,0,1,1.2083,-0.4181,0.0388,-0.1102,2,0.586,0.9874,-0.0672,29,0,18,-0.6152,0,1,1.4396,0
CUST-00166,6,0,0.0545,0,0.3274,0.1519,1.6251,0,0.5807,0.267,0.1507,0,0.1165,0.1499,1,209,0,2,0.7522,1.1777,0.063,0.3172,0,0.4046,1.5812,-0.1507,-28,0,0,0.1767,0,20,1.3045,0
CUST-00166,7,0,-0.1218,2,0.0451,0.1727,1.1741,0,3.0278,0.1014,4.2024,0,0.0192,0.1147,0,157,0,0,0.4869,-0.409,0.1041,0.1377,0,0.2272,1.0032,0.0675,37,0,7,0.1562,0,5,1.221,0
CUST-00166,8,0,0.061,0,0.5877,0.2818,1.2345,0,0.2,0.4156,2.4642,0,0.101,-0.2323,0,214,0,0,0.917,-0.3979,0.2609,-0.1253,1,0.2966,0.775,-0.0707,3,0,0,-0.3124,0,9,1.1186,0
CUST-00166,9,0,-0.0894,0,0.5045,0.2293,1.4899,2,1.965,0.2077,5.1562,0,0.2711,-0.0549,1,154,0,0,0.9606,1.6083,0.1682,-0.1212,0,0.514,2.0205,0.1255,9,3,2,0.1293,0,0,1.1414,0
CUST-00166,10,0,-0.2,0,0.6106,0.5553,1.6129,1,0.2,0.2817,3.7769,0,0.1523,-0.0284,0,76,0,0,0.7484,0.2352,0.2277,0.0898,0,0.2253,0.564,0.0618,-28,0,5,-0.1368,0,11,1.0335,0
CUST-00166,11,0,0.1192,4,0.7931,0.0564,1.0634,1,0.2,0,3.5154,0,0.044,0.0586,3,166,0,0,0.8889,0.6019,0.1367,-0.4,1,0.2611,1.3554,-0.0024,7,2,0,0.0441,0,0,1.9203,0
CUST-00167,0,0,0.3322,6,0.5733,0.1908,1.5314,0,1.1652,0.192,2.0882,2,0.0507,-0.1277,0,190,0,1,1.1153,-0.3875,0.1229,0.0871,0,0.5161,2.1724,-0.0891,42,1,11,0.0214,0,0,1.6211,0
CUST-00167,1,0,-0.0521,2,0.9351,0.4147,1.2279,0,1.4639,0.2649,1.2517,1,0.0636,0.0804,0,153,0,0,1.1425,-1.1358,0,-0.1821,1,0.4035,1.9711,0.1663,-7,0,8,-0.1306,0,0,1.303,0
CUST-00167,2,0,-0.0196,2,0.7619,0.3107,1.4051,0,2.2019,0.2423,0,0,0.0926,-0.0929,0,265,0,0,0.7458,0.4379,0.1825,-0.1484,0,0.2952,1.1095,0.0269,16,0,0,-0.0074,0,8,1.1465,0
CUST-00167,3,0,0.2379,0,0.5788,0.2245,0.9079,1,0.9836,0.4215,2.917,0,0.1401,-0.219,0,256,0,2,0.7759,-0.0136,0.1723,0.1582,0,0.2311,0.7814,-0.0279,-5,3,4,-0.0491,0,0,1.5069,0
CUST-00167,4,0,-0.1179,3,0.3377,0.1697,0.911,0,1.8984,0.4027,0,0,0.0095,0.1128,1,158,0,0,0.8864,-0.155,0.0602,-0.4,1,0.3864,0.2,0.1659,-30,0,2,0.0987,1,13,1.581,0
CUST-00167,5,0,-0.1958,1,0.7611,0.0442,1.2119,0,5.7709,0.3739,0.3919,0,0.1053,-0.2803,0,218,0,0,1.145,-0.6518,0.1947,-0.2285,1,0.226,0.8431,0.0071,-12,0,4,0.0523,0,0,1.4678,0
CUST-00167,6,0,0.1943,2,0.3791,0.1047,1.5012,1,0.8288,0.276,8.7033,1,0.0628,0.327,0,147,0,2,1.1566,-0.5255,0.0987,-0.0124,0,0.1842,2.5393,0.0645,-42,0,3,-0.0894,0,0,1.4349,0
CUST-00167,7,0,0.0637,1,0.6791,0.0582,1.0653,0,4.3024,0.4716,5.4742,0,0.0342,-0.1343,1,249,0,0,0.8823,-0.3294,0.1953,-0.0618,1,0.2709,1.527,-0.0585,23,0,0,0.1855,0,0,1.1379,0
CUST-00167,8,0,-0.0557,0,0.4077,0.2592,1.8406,0,1.3808,0.272,3.9224,0,0,0.0506,0,40,0,0,0.766,-0.3308,0.0587,-0.2356,2,0.2175,1.6632,-0.066,5,1,0,-0.0864,0,7,1.4094,0
CUST-00167,9,0,0.0382,7,0.645,0.1931,1.8775,0,1.9736,0.4015,0.426,0,0.1842,0.0249,0,235,0,2,0.5845,0.3059,0.0925,-0.2412,0,0.3867,1.4033,-0.0534,-25,1,7,-0.0189,0,12,1.5028,0
CUST-00167,10,0,0.0975,4,0.4835,0.0358,1.8395,0,1.1924,0.5681,0,0,0.0897,0.2556,0,260,0,0,0.9436,-0.3218,0.1915,-0.2831,0,0.2927,0.2,0.129,14,0,19,0.0356,0,1,1.2141,0
CUST-00167,11,0,-0.0423,2,0.9024,0.2107,1.1963,0,0.5451,0.122,1.9717,0,0.2158,-0.2244,0,176,0,0,1.0203,-1.1423,0.1912,0.0636,0,0.3833,1.4134,-0.06,-1,0,0,-0.054,0,8,1.2531,0
CUST-00168,0,0,0.0783,2,0.7016,0.095,1.1177,0,0.7199,0.0632,5.1119,0,0,0.3556,0,186,0,2,0.6284,0.5421,0.3195,0.2105,0,0.3914,0.7884,-0.0388,36,0,18,0.2893,0,0,1.4235,0
CUST-00168,1,0,0.2457,0,0.0191,0.1733,0.8236,0,2.2549,0.2975,0,2,0.0922,-0.0174,0,86,0,0,0.743,-0.9949,0.1112,-0.2832,1,0.3169,1.1368,0.2013,10,0,0,0.2715,0,19,1.5159,0
CUST-00168,2,0,0.0351,0,0.411,0.1014,1.9101,1,1.3248,0.0798,3.6173,0,0.1025,0.3162,0,242,0,1,0.8777,-0.803,0.0808,0.0636,1,0.3802,2.4765,-0.139,0,0,7,0.1354,0,11,1.1117,0
CUST-00168,3,0,0.2834,2,0.4125,0.1798,1.5646,0,3.825,0.2611,4.4365,0,0.1429,0.0401,0,174,0,2,0.9136,-0.0662,0.3597,0.0807,0,0.694,0.3343,-0.2024,1,2,0,-0.0599,0,0,1.516,0
CUST-00168,4,0,-0.1126,0,1.0346,0.0097,1.3762,0,2.2015,0.2177,0,1,0.024,-0.0724,0,190,0,0,0.789,1.5649,0.1775,0.4557,0,0.2431,1.076,-0.0056,14,0,0,0.0714,0,9,1.8365,0
CUST-00168,5,0,-0.1223,2,0.9058,0.0717,1.376,0,4.465,0.1261,0.7204,0,0.0823,0.4794,0,148,0,0,0.8307,0.1136,0.2219,0.1871,0,0.4666,1.672,-0.1438,-43,0,5,0.0961,0,10,1.7508,0
CUST-00168,6,0,0.2075,3,0.0609,0.2333,1.2691,0,3.1277,0.1623,0.9966,0,0.1891,0.1832,0,262,0,0,0.8647,0.0008,0.4325,-0.1672,1,0.4455,0.7907,-0.1505,-32,1,15,0.1906,0,0,1.3356,0
CUST-00168,7,0,0.1099,5,0.4058,0.1294,0.9135,1,3.1654,0.0409,0,2,0.355,-0.0067,1,210,0,0,1.1968,0.6951,0.0679,0.3236,0,0.246,1.3068,0.1411,10,0,20,0.358,0,0,1.6861,0
CUST-00168,8,0,-0.0081,0,0.4439,0.1069,1.3481,0,1.7152,0.0742,0,0,0.0505,0.4242,0,137,0,2,0.8494,-1.1659,0.3206,-0.1005,0,0.4753,0.8748,0.0085,16,1,9,0.0551,0,6,1.3924,0
CUST-00168,9,0,0.0009,3,0.4706,0.1394,1.0955,0,1.0612,0.4405,6.1099,0,0.3476,-0.0071,0,228,0,1,0.8962,0.5276,0.0393,0.2188,0,0.3127,0.8573,-0.0889,-21,0,0,0.0128,0,14,1.2479,0
CUST-00168,10,0,0.0548,6,0.3237,0.3471,1.1656,0,1.7727,0,0.4056,0,0.2285,-0.0873,0,126,0,0,0.9441,-0.1221,0.2796,0.0793,1,0.2288,0.9027,0.0343,9,0,0,0.1735,0,0,1.4678,0
CUST-00168,11,0,-0.0168,6,0.0563,0.2214,1.4602,0,2.858,0.1428,0,1,0.124,0.1608,0,97,0,1,0.6828,0.177,0.3682,0.0357,0,0.2385,0.2,-0.0829,25,1,18,0.243,0,4,1.362,0
CUST-00169,0,0,-0.0071,6,0.0741,0.188,1.076,1,2.9187,0.34,3.8324,1,0,-0.1748,0,112,0,0,0.6785,-0.9113,0.1707,-0.2928,0,0.3032,0.9875,-0.0491,63,0,5,0.0077,0,3,1.4042,0
CUST-00169,1,0,0.0676,3,0.646,0.1366,1.2704,1,3.6052,0.5151,0,0,0,-0.1384,1,157,0,0,0.8022,-0.8819,0.3124,-0.0856,0,0.3105,0.9932,-0.0327,-9,2,0,0.1682,0,24,1.4032,0
CUST-00169,2,0,0.091,1,0.5937,0.1362,0.9791,2,1.6859,0.1431,5.3367,0,0.0099,0.0754,0,190,0,0,0.6803,1.819,0.1228,0.0746,1,0.4627,1.4344,0.0542,27,1,22,0.2557,0,14,1.1344,0
CUST-00169,3,0,0.1624,7,0.3937,0.2474,1.2276,0,2.5504,0.1412,0,1,0.1046,-0.2629,0,209,0,2,1.0393,1.1208,0.1128,-0.0794,0,0.1257,1.7862,0.0305,15,1,0,-0.1655,0,5,1.7155,0
CUST-00169,4,0,-0.2,1,0.473,0.1335,1.8066,0,2.7935,0.0393,4.3418,1,0.0995,0.1114,1,140,0,2,1.15,-0.0378,0.1,-0.1713,0,0.2052,1.2543,0.0731,-20,0,2,-0.0146,0,0,1.3646,0
CUST-00169,5,0,0.0492,3,0.3155,0.0602,1.46,0,1.4456,0.3755,0,0,0.2674,-0.2687,0,129,0,1,0.8443,0.1723,0.1022,0.0561,0,0.1822,0.7486,-0.0013,-13,1,0,-0.3025,0,0,1.4773,0
CUST-00169,6,0,-0.0075,3,1.6852,0.014,1.1137,0,0.9161,0.1958,0,0,0.1172,-0.3428,0,57,0,0,0.8916,-0.0101,0.3836,0.0805,0,0.4169,0.7884,-0.0816,-16,0,0,-0.0843,0,6,1.2653,0
CUST-00169,7,0,0.1333,3,0.6412,0.1113,1.3096,1,2.1039,0.3949,0,0,0.1119,-0.0834,1,159,0,0,0.6486,-0.2736,0,0.3284,1,0.2696,0.8462,-0.1618,-6,0,0,0.07,0,0,1.9988,0
CUST-00169,8,0,0.0208,2,0.9674,0,1.2556,0,4.2223,0.0242,5.7269,0,0.0831,-0.1689,1,165,0,2,0.9236,0.2382,0.1417,-0.2537,0,0.5078,1.6611,0.0626,-3,0,0,-0.0261,0,22,0.9936,0
CUST-00169,9,0,-0.0661,4,0.01,0,1.4467,0,1.3205,0.2765,6.6435,0,0.0447,-0.1205,1,223,0,1,0.5965,0.8397,0.2781,0.1916,0,0.3965,0.8788,-0.0451,1,0,4,-0.271,0,14,1.3272,0
CUST-00169,10,0,0.0985,1,0.6016,0.1942,0.6079,0,2.1687,0.2831,0,1,0,0.2863,0,160,0,0,1.0629,1.8769,0.3728,-0.3644,0,0.2139,1.7909,-0.0071,7,0,14,0.1012,0,0,1.5526,0
CUST-00169,11,0,-0.0061,5,0.4069,0.1965,1.3811,0,1.4861,0.2623,0,1,0.0572,0.3353,0,143,0,1,0.766,-0.7155,0.2092,-0.2626,0,0.3493,0.3908,-0.0643,22,2,3,0.2348,0,6,1.3917,0
CUST-00170,0,0,0.2225,0,0.2953,0.0445,1.4282,1,3.176,0.6015,0,0,0.0763,-0.1315,1,177,0,2,1.0037,0.0395,0.2555,0.1803,0,0.531,1.0498,-0.09,-23,1,0,0.0351,0,8,1.1842,0
CUST-00170,1,0,-0.1059,4,0.6258,0.1502,1.1974,1,0.9532,0.4689,0,0,0.1108,-0.0978,3,98,0,0,0.8491,0.5921,0.0162,0.1878,0,0.3551,1.59,0.0888,7,1,20,0.0858,0,0,1.2708,0
CUST-00170,2,0,-0.0094,6,0.5968,0.1838,1.1573,0,0.2,0,0,0,0.2418,-0.1516,0,141,0,0,0.7874,-0.5393,0.0982,0.1374,0,0.3501,0.2358,0.006,-37,0,0,0.079,0,16,1.5615,0
CUST-00170,3,0,0.111,3,1.0805,0.1596,1.5083,0,0.7113,0.2883,2.6773,0,0.0873,-0.0755,0,161,0,0,0.9976,0.1762,0,0.1811,1,0.3275,1.6328,-0.0439,10,1,6,0.1364,0,0,1.3504,0
CUST-00170,4,1,0.4156,5,0.0413,0.333,0.5352,1,1.726,0.5744,6.1282,1,0.429,0.3261,3,7,0,0,0.9344,1.359,0.4686,0.1001,1,0.6863,0.9233,0.0313,53,1,46,0.2131,0,12,1.1119,0
CUST-00170,5,1,0.4976,6,0.3804,0.5153,0.5199,1,5.3086,0.8581,18.288,2,0.4888,0.4452,2,71,0,2,1.1055,0.5159,0.4942,0.51,0,0.6111,3.1073,0.0986,16,4,36,0.7206,0,22,0.8253,0
CUST-00170,6,1,0.7033,22,0.01,0.5881,-0.3721,0,7.4846,1.0346,19.874,2,0.5748,0.6094,3,-4,1,5,1.4024,1.012,0.5072,0.5121,1,0.7365,4.5626,0.1302,72,5,79,0.6063,1,54,0.517,1
CUST-00171,0,0,-0.1107,8,0.9511,0.2171,0.9273,0,1.7781,0.4331,2.4716,0,0,0.1275,0,145,1,0,0.8748,-0.6565,0.1625,-0.0703,1,0.4686,0.6418,0.0497,12,0,0,0.1573,0,0,1.4946,0
CUST-00171,1,0,-0.0314,0,0.2915,0.1174,0.7684,0,1.4386,0.2605,0,0,0,0.2793,2,186,0,1,0.8296,-1.2883,0.3156,0.2276,0,0.3793,0.8171,-0.1419,-8,2,0,0.0958,0,0,1.048,0
CUST-00171,2,0,0.0122,3,0.7889,0.1436,1.5651,0,3.2171,0.1754,3.4393,1,0,-0.2317,1,155,0,1,0.9758,-0.3102,0.2196,-0.2126,0,0.3805,1.0206,0.082,-50,1,16,-0.1253,0,10,1.1778,0
CUST-00171,3,0,0.1411,3,0.4695,0.1609,1.2486,0,0.2,0.2981,0.9469,2,0,0.1615,2,130,0,3,0.6869,-1.0916,0.1227,-0.2901,2,0.3562,1.764,-0.0284,16,0,3,-0.3894,0,6,1.3616,0
CUST-00171,4,0,-0.1003,2,0.5305,0.2038,1.441,0,0.8769,0.1051,0.3388,0,0.1235,0.2434,2,239,0,1,0.8818,-0.6904,0.2768,-0.3086,0,0.3236,1.4367,-0.1921,7,0,1,0.1446,0,0,1.3213,0
CUST-00171,5,0,0.0473,7,0.8136,0.052,1.0619,0,1.3403,0.1041,7.3175,1,0.0141,-0.2739,0,228,0,0,0.6144,0.4118,0.1132,-0.0228,1,0.3045,0.7801,0.1668,-11,0,0,0.0068,0,0,1.9526,0
CUST-00171,6,0,-0.1226,6,0.1015,0.3699,0.9075,0,3.3649,0.2428,0,1,0.0088,-0.0647,0,267,0,0,0.8297,-0.6741,0.0557,-0.1347,1,0.3769,0.8545,0.1395,-1,0,13,0.2611,0,0,1.6085,0
CUST-00171,7,0,-0.0751,0,0.5789,0.1572,1.5478,0,1.1067,0.1317,0,0,0.0597,-0.4949,0,219,0,1,0.7387,0.1717,0.1053,-0.0925,1,0.3359,0.9351,-0.0001,-9,1,20,-0.0665,0,13,1.3297,0
CUST-00171,8,0,0.1685,0,0.9447,0.1593,1.5045,0,1.3464,0.2921,5.6197,0,0,0.0966,0,279,0,3,0.8529,0.0333,0.0679,0.3161,1,0.4632,1.5881,0.0586,8,0,12,0.4403,0,0,1.3568,0
CUST-00171,9,0,0.0046,0,0.5612,0.3596,1.2355,0,3.288,0.2687,4.6951,1,0,0.1059,1,121,0,0,0.7317,0.7199,0,-0.1492,0,0.2691,1.0461,-0.0554,8,3,0,0.0431,0,0,1.4096,0
CUST-00171,10,0,0.1661,3,0.3188,0.2624,1.4674,0,3.4838,0.4794,0.3415,0,0,0.1047,0,174,0,3,0.8419,-0.4245,0.2217,-0.1448,0,0.2248,0.2,-0.0771,36,0,0,-0.0771,0,9,1.7856,0
CUST-00171,11,0,0.1157,1,0.1518,0.3485,1.0237,0,1.7714,0.3872,6.2353,0,0.2075,-0.2841,0,250,0,0,0.9736,-0.571,0.2358,-0.1651,0,0.6265,0.7742,0.1387,-7,0,0,-0.1657,0,5,1.3226,0
CUST-00172,0,0,0.0499,0,0.897,0.2992,0.7684,2,0.2,0.2703,0.5214,0,0.1497,0.0255,0,233,0,0,0.9207,-0.2367,0.2053,0.0011,0,0.3924,1.0051,-0.2031,36,3,13,0.1839,0,3,2.024,0
CUST-00172,1,0,-0.2,2,0.3999,0.0097,0.6642,0,1.6599,0.2846,0,0,0,-0.1821,0,97,0,0,0.5524,0.6806,0.3735,0.1069,0,0.3514,0.2,-0.1219,-20,0,0,0.091,0,0,1.3905,0
CUST-00172,2,0,0.0904,0,0.3383,0.1489,1.7109,1,1.8176,0.0893,3.6167,0,0.2655,-0.2899,0,76,0,3,0.8759,1.1074,0.1665,-0.2034,0,0.3762,1.4007,0.168,33,0,5,0.0727,0,0,1.009,0
CUST-00172,3,0,0.0046,2,0.3628,0.1197,1.278,0,2.392,0.1524,2.4379,0,0,-0.0265,0,36,0,0,1.0509,0.3861,0.2691,0.1524,0,0.211,0.5113,0.0648,6,0,0,-0.1035,0,6,1.481,0
CUST-00172,4,0,0.0931,5,0.8058,0.3003,1.0346,1,1.5586,0.4233,2.1103,0,0,0.0346,1,157,0,1,1.0681,0.0832,0.1734,0.0951,0,0.5476,1.1905,0.0921,-14,1,0,0.3388,0,0,1.1736,0
CUST-00172,5,0,0.0415,3,0.7213,0.0851,1.2325,0,3.9232,0.0038,0,0,0.023,0.2883,1,165,0,0,0.7659,0.7582,0.1749,0.0911,1,0.4173,1.934,0.1124,19,2,0,0.2381,0,5,1.3175,0
CUST-00172,6,0,0.1454,0,0.4385,0.1637,1.1744,0,3.0316,0,2.1602,1,0,-0.1058,0,77,0,0,0.6451,0.8571,0.1698,0.0969,0,0.3191,1.2106,0.0165,-34,1,0,-0.0848,0,14,1.3525,0
CUST-00172,7,0,0.1406,0,0.5593,0.0633,1.2469,1,1.2081,0.2388,1.3881,0,0.1271,0.0694,0,128,0,1,0.977,0.0074,0.1575,-0.2403,0,0.4858,1.9958,-0.1369,13,0,11,0.1092,0,12,1.1589,0
CUST-00172,8,0,0.1665,2,0.3406,0.3691,1.0322,0,1.7381,0.141,0,0,0.2345,-0.0513,2,236,0,0,0.5861,0.1138,0.3167,0.0698,0,0.569,0.5268,-0.0373,-35,1,0,-0.4578,0,10,1.2208,0
CUST-00172,9,0,0.1021,8,0.985,0.3247,0.991,0,1.3386,0.0229,0,0,0.0648,-0.0771,3,67,0,2,0.9084,0.5597,0.1528,-0.1364,0,0.4854,0.5136,0.0005,-7,0,3,-0.1024,0,0,1.4832,0
CUST-00172,10,0,0.0936,3,0.7278,0.3483,1.7469,0,0.8047,0.407,0,1,0,0.2569,0,279,0,0,0.4843,-0.1561,0.2671,0.011,3,0.2297,1.2935,-0.0193,8,2,32,-0.1589,0,12,1.5788,0
CUST-00172,11,0,0.1587,2,0.6258,0.1623,1.1398,0,2.3165,0.2144,0.5501,1,0.1317,-0.0987,0,185,0,1,0.8074,1.5827,0.0745,0.1131,0,0.3114,1.7245,-0.0348,-23,0,2,-0.2872,0,1,1.4808,0
CUST-00173,0,0,0.1345,2,1.0984,0.2874,1.4219,2,0.8725,0.3942,3.4857,0,0.0348,0.0004,1,295,0,1,0.4968,-0.5576,0.1007,0.2919,2,0.4163,0.9674,0.0856,-40,2,0,0.346,0,7,1.703,0
CUST-00173,1,0,0.21,7,0.2358,0.1698,1.3393,0,0.2,0.345,2.3267,0,0.1486,0.2582,0,214,0,0,0.8322,-0.8555,0.1007,-0.01,2,0.3875,1.1445,0.0274,-5,0,10,-0.2096,0,0,1.1447,0
CUST-00173,2,0,0.3187,7,0.962,0.0949,1.4174,0,2.9058,0.3365,1.8308,0,0,-0.073,0,193,0,1,0.7377,-0.0166,0.2601,-0.2519,0,0.3298,0.9527,0.092,13,0,10,-0.1841,0,12,1.7112,0
CUST-00173,3,0,-0.1357,5,0.5209,0.31,1.248,1,2.5219,0.2116,2.7249,0,0,-0.094,2,235,0,0,0.7088,-0.0312,0.023,-0.1892,1,0.4566,0.29,-0.0208,-5,0,0,0.1714,0,0,1.6472,0
CUST-00173,4,0,-0.0468,1,0.3975,0.161,0.9679,0,1.9447,0.5249,1.5316,1,0,0.2596,0,120,0,0,1.0231,0.0071,0.0966,-0.1293,0,0.2937,1.463,0.1126,26,0,0,-0.0016,0,0,1.3305,0
CUST-00173,5,1,0.1535,11,0.5676,0.1938,1.0382,1,3.7312,0.5276,13.0545,1,0.134,-0.2261,2,75,0,1,1.2924,-0.269,0.2808,0.0369,3,0.404,2.0863,0.1338,32,2,38,0.317,0,17,0.7005,0
CUST-00173,6,1,0.3444,13,0.1375,0.6301,0.5811,0,6.9902,0.9202,16.5742,2,0.7186,0.684,0,5,0,5,1.218,1.7063,0.5377,0.2991,1,0.5331,2.0637,0.1489,63,5,58,0.6087,1,44,1.1195,0
CUST-00173,7,1,0.5778,19,0.2488,0.5928,-0.5345,2,6.9199,0.9189,23.6992,2,0.4346,0.4443,3,33,0,8,1.3716,3.5101,0.5299,0.3621,2,0.6392,3.2702,0.2793,110,5,75,0.4737,1,57,0.5638,0
CUST-00174,0,0,-0.1822,4,0.3592,0.123,1.8305,0,2.3447,0.1749,2.7459,0,0.0771,-0.2,0,89,0,0,0.9139,-0.956,0.2846,0.0872,0,0.5604,1.4812,-0.0852,9,0,0,0.0594,0,4,1.0011,0
CUST-00174,1,0,0.0452,2,0.2582,0.1889,1.3527,0,2.5221,0.2595,6.7686,0,0.0571,-0.0697,0,205,0,0,0.6004,-0.5145,0.0737,0.1637,0,0.2226,1.1247,-0.2087,19,0,4,0.118,0,0,1.2855,0
CUST-00174,2,0,0.0659,0,0.0386,0.159,0.9147,0,3.0384,0.5241,7.1758,0,0,0.0166,0,129,0,2,0.7639,0.5439,0.2433,0.0903,0,0.2373,0.3506,-0.1352,14,0,22,0.3509,0,10,1.2699,0
CUST-00174,3,0,-0.0755,2,0.8228,0.2127,1.4273,0,3.6155,0.2234,0,2,0.1349,0.2727,2,182,0,1,1.1931,0.2498,0.1494,-0.4,0,0.4549,1.0984,0.076,-23,0,10,0.1969,0,0,1.3186,0
CUST-00174,4,0,0.058,7,0.7014,0.1806,1.4288,0,0.8878,0.2741,5.1696,0,0.1177,0.1694,1,201,0,0,1.1104,0.5814,0.3769,-0.0207,0,0.357,0.9705,0.2029,21,2,6,0.0739,0,0,1.2834,0
CUST-00174,5,0,0.0953,3,0.6073,0.1707,1.2468,0,3.1001,0.113,4.3137,0,0.1979,-0.4383,0,65,0,0,1.0879,-0.47,0.1727,-0.3336,1,0.3477,0.2,0.0371,-9,1,15,0.3463,0,0,1.6591,0
CUST-00174,6,0,-0.0013,1,0.8543,0.1003,1.2109,0,0.9542,0.0476,0.1249,0,0.1031,0.4295,0,184,0,0,1.037,0.0746,0.2973,-0.0294,0,0.3481,1.0424,-0.0579,21,1,9,-0.1141,0,0,1.2424,0
CUST-00174,7,0,0.0377,4,0.7709,0.2012,1.4285,0,0.985,0.0261,5.1418,0,0.2054,-0.1033,0,147,0,4,0.8773,1.4906,0.2423,-0.0446,1,0.3655,0.9445,0.016,-22,0,0,0.2253,0,30,0.8629,0
CUST-00174,8,0,-0.2,6,0.3786,0.3112,1.0048,0,2.3374,0.1876,5.9538,0,0.0657,-0.2954,0,241,0,1,1.19,-0.9983,0.2229,-0.0476,0,0.2596,1.0308,0.0326,-50,0,10,0.4358,0,1,1.7085,0
CUST-00174,9,0,0.2493,5,0.6132,0.1282,1.4307,0,1.0668,0.2094,1.4052,0,0.0693,0.1026,1,309,0,0,1.2,-0.2048,0.3143,0.0209,0,0.4311,0.6055,0.0201,38,0,0,-0.2899,0,0,1.4321,0
CUST-00174,10,0,-0.1176,4,0.4344,0.2143,1.6195,1,3.8282,0.2567,4.2163,0,0.1093,0.1767,0,215,0,0,0.6054,0.5443,0.1454,0.3041,0,0.3371,1.0152,0.1186,14,0,14,0.16,0,0,1.4096,0
CUST-00174,11,0,0.1139,5,0.248,0.1203,0.7691,0,2.9914,0.146,5.2674,0,0.0207,0.0819,0,156,0,1,0.7145,0.2928,0.3552,-0.4,0,0.731,1.0635,-0.1081,-31,0,0,-0.0024,0,4,1.7342,0
CUST-00175,0,0,-0.071,1,0.3364,0.3233,1.2353,0,0.6315,0.1818,8.0619,1,0.0109,-0.2944,1,239,0,1,0.7854,-0.9891,0.1527,0.0491,0,0.3012,0.8522,-0.0146,-4,1,0,0.1174,0,0,1.3283,0
CUST-00175,1,0,0.0767,0,0.2946,0.2773,1.0964,0,3.6278,0.2514,3.7405,0,0.0552,-0.1071,0,123,0,3,0.9241,-1.0102,0.269,0.2709,0,0.4419,1.8044,-0.0714,4,3,0,0.0557,0,0,1.3122,0
CUST-00175,2,0,0.0716,3,1.0048,0.3658,0.7524,0,4.6181,0.4136,1.4709,0,0.0396,-0.1582,0,204,0,0,0.9655,0.1863,0.2333,0.0459,0,0.2076,0.4076,0.0327,-16,0,6,-0.0597,0,0,1.4309,0
CUST-00175,3,0,0.4804,6,0.41,0.2385,1.5642,0,2.3065,0.3337,0,0,0,0.0452,0,144,0,1,1.0273,-0.1374,0.1542,0.1175,0,0.2559,1.5625,-0.0141,8,0,0,0.5344,0,9,1.2399,0
CUST-00175,4,0,-0.069,1,0.4675,0.3921,1.655,1,1.6035,0.3813,1.2655,2,0.1794,0.0272,0,220,0,2,0.5655,0.0908,0.0837,-0.1572,0,0.4619,0.3256,-0.0418,-18,0,0,0.2523,0,6,1.4543,0
CUST-00175,5,0,0.1583,0,0.418,0.0829,1.0087,0,2.4934,0.434,0.2785,0,0.1988,0.1278,0,104,0,1,0.8057,-0.431,0.1044,0.0979,1,0.2978,1.4372,-0.0825,-10,0,4,-0.152,0,0,0.9334,0
CUST-00175,6,0,-0.0379,0,0.3507,0.2055,1.4445,0,4.508,0.2001,0,0,0,0.2115,0,171,0,0,0.8887,-0.5554,0.1932,-0.2614,0,0.2715,2.2146,-0.0553,5,2,4,0.0791,0,1,1.4572,0
CUST-00175,7,0,0.119,2,0.8049,0.1385,1.1656,0,2.5924,0.3996,0,0,0.1932,0.0463,0,293,0,2,0.9131,-1.6035,0.341,-0.0438,1,0.2417,2.0272,-0.0231,48,0,4,0.1462,0,10,1.577,0
CUST-00175,8,0,0.274,3,0.3494,0.1189,0.7424,0,1.5136,0.2636,7.689,0,0,-0.1076,0,95,0,0,0.7422,-0.4384,0.0276,0.1186,0,0.2029,0.3482,-0.0719,-15,0,0,-0.1225,0,0,1.3079,0
CUST-00175,9,0,0.0596,5,0.6211,0.2007,2.1818,1,1.0388,0.1465,3.0361,0,0.2294,0.0284,0,67,0,0,0.9621,-0.1565,0.1579,0.0165,0,0.1604,2.0506,0.0092,5,0,13,0.2022,0,12,1.3637,0
CUST-00175,10,0,0.1887,3,0.1499,0.2089,1.8505,1,3.2474,0.1649,2.6446,0,0.1848,-0.0222,0,204,0,2,1.0348,0.5268,0.3059,0.0054,0,0.4169,1.1402,0.0904,-8,0,12,-0.1028,0,4,1.114,0
CUST-00175,11,0,0.1074,0,0.7911,0.3413,1.3607,0,0.5369,0.3735,2.2907,0,0.1716,-0.1414,0,106,0,0,0.8812,-0.0115,0.0814,0.1004,0,0.3065,2.0166,0.0688,10,0,0,0.2062,0,13,1.7273,0
CUST-00176,0,0,-0.0204,2,0.3486,0.1343,1.243,1,0.4003,0.5326,4.2853,0,0.0142,0.1192,2,187,0,0,1.1247,0.3615,0.1557,0.0474,0,0.2977,0.9123,0.0446,-20,1,6,0.1357,0,9,1.1114,0
CUST-00176,1,0,-0.0091,0,0.496,0.3481,1.3378,0,1.879,0.3773,0.3473,0,0.0718,-0.0365,0,253,0,2,1.1078,-0.9795,0.2113,-0.4,0,0.4078,0.2,-0.0526,-41,0,3,0.1547,0,0,1.0022,0
CUST-00176,2,0,0.268,3,0.1035,0,1.5006,1,3.4281,0.2111,0.8858,1,0.1563,0.0469,2,129,0,2,0.7431,-0.5224,0.1704,-0.1165,1,0.3804,0.2,0.0103,-33,0,8,0.1463,0,9,1.3767,0
CUST-00176,3,0,0.1857,5,0.4818,0.2973,0.9745,0,2.7941,0.2509,0,0,0.085,-0.1013,0,148,0,1,0.9606,-0.1746,0.2149,-0.1775,1,0.2142,1.8615,-0.025,23,0,27,-0.0522,0,14,1.7122,0
CUST-00176,4,0,0.0641,4,0.6401,0.2668,1.222,0,2.0059,0.1454,0,0,0.1212,0.2507,0,228,0,1,0.9238,-0.6345,0.1968,-0.0037,0,0.3879,0.296,-0.0871,6,1,0,-0.1665,0,0,1.096,0
CUST-00176,5,0,0.0267,8,0.521,0.2736,0.9699,0,0.6945,0.5422,0.704,1,0.1365,-0.0782,0,164,0,0,0.6884,-0.412,0.1861,-0.071,1,0.3281,1.455,-0.007,28,1,7,-0.1087,0,0,1.1808,0
CUST-00176,6,0,0.1461,0,0.7471,0.0927,1.4697,0,3.4596,0.2499,0.8186,0,0.2496,-0.0702,0,160,0,0,1.0987,-0.4606,0.1456,-0.2181,0,0.1536,0.7722,-0.058,6,2,0,-0.0459,0,0,1.3539,0
CUST-00176,7,0,-0.0274,3,0.9249,0.1892,1.0997,0,1.3668,0.4909,1.8607,0,0.1288,0.0907,0,134,0,1,0.9568,-0.518,0.3121,0.0252,0,0.2382,0.4438,0.0972,-20,0,0,-0.1136,0,0,1.359,0
CUST-00176,8,0,-0.022,4,0.2783,0.0724,1.3101,1,2.9779,0.454,0.0016,0,0.1107,-0.0283,1,152,0,1,0.7059,0.6382,0.1049,-0.3824,1,0.4415,0.5682,0.0929,24,0,0,-0.0196,0,6,2.031,0
CUST-00176,9,0,0.1054,3,0.2474,0.1295,1.2937,0,1.7197,0.4234,2.7859,0,0.0589,0.0009,0,164,1,0,0.9272,-0.0121,0.0002,0.0225,2,0.3804,1.734,-0.0417,-1,0,7,0.1224,0,0,1.1888,0
CUST-00176,10,0,0.0367,2,0.9263,0.1544,0.9002,0,1.9079,0.5803,0.4849,0,0.0214,-0.1973,0,173,0,1,1.068,0.2584,0.0986,-0.0613,1,0.3266,1.3666,-0.0242,-4,2,0,0.0719,0,0,0.4997,0
CUST-00176,11,0,0.0603,0,0.6185,0.3103,1.5146,1,3.6839,0.2814,0,0,0,0.0415,2,135,0,1,0.6731,-1.7398,0.2366,-0.0225,1,0.5922,0.8613,-0.1407,-8,0,16,-0.1161,0,0,2.0562,0
CUST-00177,0,0,0.1114,1,0.7333,0.1492,1.266,1,2.0988,0,0,0,0.2358,0.0063,1,132,0,1,0.7015,-0.7927,0.1876,0.3918,2,0.5889,1.4095,0.0336,-1,1,15,-0.0832,0,8,1.2923,0
CUST-00177,1,0,-0.0737,4,1.0871,0.1249,0.8364,0,2.1397,0,0.9601,0,0.1109,0.0128,0,162,0,0,0.8556,-0.0021,0.2667,0.2058,1,0.4827,1.1862,-0.102,-41,0,0,0.5158,0,7,1.3252,0
CUST-00177,2,0,0.1001,0,0.533,0.263,1.3172,0,1.8766,0.3961,0,1,0.1192,-0.0682,1,236,0,2,0.7898,0.6822,0.0493,0.0527,0,0.5344,0.8739,-0.0275,1,0,0,-0.0389,0,17,1.07,0
CUST-00177,3,0,0.2279,4,0.4295,0.1177,0.8048,0,1.9142,0.358,0,1,0,0.1181,0,153,0,0,0.7753,0.7284,0.3251,0.2336,0,0.5211,0.4778,0.0313,-2,0,16,0.0337,0,0,1.9094,0
CUST-00177,4,0,0.0483,2,0.2653,0.1295,1.4393,0,1.8939,0.1335,4.6503,0,0.0158,-0.1848,2,128,0,1,0.6711,-0.2608,0.0725,0.0946,0,0.1846,1.3119,0.1318,-29,0,26,0.014,0,0,1.355,0
CUST-00177,5,0,0.0557,1,0.4979,0.1347,1.1403,0,0.5212,0.2154,5.2544,1,0.0541,0.2608,0,303,0,0,0.9178,-0.2587,0.136,0.0994,0,0.3908,2.4276,-0.0991,-11,0,0,-0.0032,0,30,1.455,0
CUST-00177,6,0,0.1801,1,0.5349,0,1.5246,0,2.3969,0.0727,0,0,0.1112,-0.0962,0,204,0,0,0.6405,0.1462,0.1107,-0.3555,1,0.2788,0.6473,0.1758,-14,0,5,0.2466,0,17,1.237,0
CUST-00177,7,0,-0.0545,0,0.4365,0.2945,1.032,0,3.7174,0.4196,0,0,0.0631,-0.1042,0,123,0,0,1.0791,-0.5308,0.3665,-0.1819,0,0.4647,1.6485,0.1733,3,1,0,0.0702,0,4,1.6077,0
CUST-00177,8,0,0.0372,0,0.426,0.3243,1.4915,1,1.039,0.3757,0,1,0.1431,-0.0205,0,241,0,1,0.767,0.7964,0.2503,-0.0799,0,0.6896,1.1908,-0.0294,1,0,13,-0.1256,0,14,1.2076,0
CUST-00177,9,0,0.2502,5,0.7818,0.0666,1.1754,0,0.2,0.3493,0,0,0.3128,0.0328,0,205,0,0,0.697,0.0411,0.2214,-0.3177,0,0.4978,0.9768,0.0143,-40,2,0,-0.0101,0,9,1.2725,0
CUST-00177,10,0,0.1791,5,0.8371,0.291,0.9618,1,3.8488,0.5491,3.2376,1,0.1353,-0.2007,0,139,0,1,0.9549,-0.2019,0.1536,0.0065,1,0.2674,0.8193,-0.1232,20,3,0,0.1662,0,0,1.5403,0
CUST-00177,11,0,-0.0744,9,0.5261,0.065,1.4365,0,1.9754,0.2577,0.2307,0,0,-0.1823,0,180,0,0,0.836,-0.938,0.3001,-0.185,0,0.3169,0.2,-0.1291,-22,0,0,-0.1969,0,14,1.3819,0
CUST-00178,0,0,0.0192,0,1.0978,0.2209,1.1343,0,3.1986,0.1964,0.5095,0,0,0.137,0,157,0,0,0.915,0.7617,0.1922,-0.1293,0,0.3879,0.6921,-0.002,-22,0,6,-0.1175,0,2,1.2551,0
CUST-00178,1,0,0.0098,2,0.6758,0.1163,1.4641,1,2.1902,0.354,1.3365,0,0.1028,-0.2356,2,219,0,0,0.8137,-0.2635,0.1888,-0.2523,1,0.5296,0.8124,0.0696,-27,0,0,0.1885,0,0,1.5799,0
CUST-00178,2,0,0.1069,6,0.7165,0.3008,1.0081,0,4.261,0.1364,4.4353,2,0.1973,-0.1995,1,234,0,1,0.8354,-0.1393,0.2767,-0.0664,0,0.2096,0.7879,-0.0223,-1,0,17,-0.3354,0,0,1.1097,0
CUST-00178,3,0,0.2016,0,0.3828,0.1048,1.2034,0,3.7878,0.1896,0.306,0,0.1335,-0.4703,1,212,0,2,0.715,1.793,0.3217,0.1239,0,0.2138,1.7939,-0.1412,-11,1,0,0.1458,0,0,1.4864,0
CUST-00178,4,1,0.1976,8,0.673,0.1558,0.9579,0,3.4587,0.2187,8.2778,0,0.1295,0.4003,0,187,0,3,1.0533,0.7138,0.2876,0.255,1,0.4264,2.333,0.0295,15,0,15,0.2918,0,13,1.0898,0
CUST-00178,5,1,0.3418,17,0.01,0.533,0.6251,1,4.3877,0.8566,23.6519,2,0.5372,0.5669,2,105,0,1,1.3256,2.3054,0.3454,0.4696,3,0.7902,2.0429,-0.0632,67,3,37,0.3846,1,37,1.003,0
CUST-00178,6,1,0.6792,17,0.47,0.7315,0.1327,2,6.3238,0.8608,19.6783,4,0.6716,0.6882,3,-7,1,7,1.4805,2.5444,0.5385,0.3871,3,0.6798,4.0379,0.1616,89,5,63,0.6651,0,40,0.1212,0
CUST-00179,0,0,0.1285,0,0.341,0.2944,1.6489,1,2.0992,0.2978,4.2832,3,0.0236,0.0732,1,202,0,1,0.6955,-0.1425,0.3049,0.0261,0,0.3026,1.9204,-0.0764,-3,2,0,0.0891,0,0,1.3622,0
CUST-00179,1,1,0.3176,6,0.0249,0.3156,0.6553,1,2.7954,0.2595,0.5315,2,0,0.2975,0,119,0,3,1.119,1.1331,0.1447,0.4319,1,0.3808,1.7562,0.2204,39,2,16,0.0809,0,28,1.1773,0
CUST-00179,2,1,0.4104,15,0.633,0.345,0.4279,2,6.3787,0.7956,18.6199,2,0.6753,0.3031,1,140,0,3,1.283,1.9038,0.3771,-0.0812,3,0.4943,2.2079,0.1123,84,2,62,0.6683,0,38,0.7064,0
CUST-00179,3,1,0.6794,17,0.01,0.7586,0.2784,2,7.0394,0.7168,18.8876,3,0.9376,0.2109,2,-15,0,6,1.5146,2.0703,0.6334,0.259,2,0.8622,3.4335,0.1147,74,4,72,0.6944,2,44,0.3073,1
CUST-00180,0,0,0.1908,0,0.7806,0.062,1.2737,0,2.57,0.1682,2.7338,0,0,-0.1602,1,221,0,0,0.9275,0.1044,0.2893,0.0012,1,0.3327,0.305,-0.023,9,0,9,-0.1928,0,10,1.6011,0
CUST-00180,1,0,0.0763,3,0.732,0.2787,0.4081,0,2.5568,0,0,0,0.1003,-0.113,1,202,0,0,0.8964,-1.1472,0.0806,-0.144,1,0.275,1.738,0.1079,10,0,0,-0.0246,0,4,1.3254,0
CUST-00180,2,0,-0.0223,3,0.5255,0.174,1.6613,2,3.0757,0.0933,3.244,0,0,-0.0612,1,105,0,0,0.9736,-0.3312,0.13,-0.0299,0,0.2315,1.0541,-0.0897,3,0,0,-0.1933,0,0,1.3545,0
CUST-00180,3,0,0.1548,1,0.2941,0.2662,1.0948,0,0.2,0.2899,0.2227,3,0.2824,-0.186,2,315,0,0,0.9945,0.3746,0.104,0.4015,1,0.3113,0.934,0.0788,3,0,1,0.074,0,5,1.4645,0
CUST-00180,4,0,0.1046,1,0.7423,0.1572,1.6596,1,1.5918,0.2899,0,0,0,-0.1265,0,211,0,0,0.9817,-0.048,0.341,-0.0182,0,0.2694,0.9901,-0.0992,4,0,1,-0.1625,0,0,1.4498,0
CUST-00180,5,0,0.0678,1,0.5631,0.3364,1.1036,0,3.3334,0.2218,2.7029,0,0,0.3324,0,260,0,2,0.7689,-1.8903,0.0197,-0.0649,1,0.317,0.487,0.0139,-1,1,0,-0.0697,0,0,1.4895,0
CUST-00180,6,0,0.1218,0,0.8091,0.2258,1.1949,0,2.8861,0.3226,3.3829,0,0,0.4593,0,180,0,1,0.7928,-0.1912,0,0.1376,0,0.1592,0.7726,-0.0948,24,2,6,-0.3166,0,0,1.2595,0
CUST-00180,7,0,0.043,1,0.3816,0.12,0.9012,0,2.7223,0.3151,0,0,0.0359,-0.096,0,71,0,2,0.9106,-0.0387,0.2551,0.059,0,0.2704,1.204,-0.0977,-9,0,10,-0.1522,0,6,1.2041,0
CUST-00180,8,0,-0.1505,1,0.4423,0.2264,1.2136,0,0.5638,0.3182,2.0713,0,0.1609,-0.2547,0,66,0,0,0.8087,-0.0302,0.1199,0.0022,0,0.4105,0.336,0.0392,3,0,9,0.1443,0,1,1.9054,0
CUST-00180,9,0,0.1138,0,0.7767,0.2176,1.3674,0,1.4869,0.318,1.1379,0,0.051,0.107,1,155,0,2,0.5552,0.3905,0.1769,-0.212,0,0.3574,0.6011,0.1136,-23,0,0,-0.2577,0,20,1.1369,0
CUST-00180,10,0,0.3489,10,0.5456,0.1703,1.3131,0,1.0771,0.1591,3.8624,1,0.1838,-0.0289,0,142,0,0,0.9504,-0.7191,0.1161,-0.2038,0,0.2678,1.8892,-0.1164,-8,0,6,0.079,0,3,1.7141,0
CUST-00180,11,0,-0.16,4,0.4906,0.1012,1.7346,0,3.6703,0.1567,0,0,0.1453,-0.3279,0,229,0,0,0.8375,0.5777,0.1713,0.0899,0,0.378,2.1085,-0.0105,-26,0,12,-0.3219,0,5,1.163,0
CUST-00181,0,0,0.1523,0,0.4719,0.047,1.6454,0,3.0043,0.1076,0.5408,1,0,-0.0546,0,119,0,0,0.8607,0.4414,0.1175,0.09,0,0.4626,0.2,0.0388,-11,0,5,-0.0976,0,0,1.2638,0
CUST-00181,1,0,0.1002,1,0.6567,0.1869,1.0059,1,3.7864,0.2407,4.9281,1,0.0523,-0.1309,0,84,0,0,0.8455,-0.2251,0,-0.271,1,0.4888,0.2966,0.1124,-17,2,8,0.1124,0,0,1.0772,0
CUST-00181,2,0,0.0722,0,0.7869,0.1742,1.295,0,2.1352,0.2296,5.0476,1,0.021,0.1878,0,237,0,0,0.8904,-0.5518,0.2155,0.1652,1,0.2748,0.2,0.0734,9,0,14,-0.2434,0,5,1.1276,0
CUST-00181,3,0,0.0479,0,0.5636,0.1788,2.2538,0,1.8091,0.3665,0,0,0.0764,-0.0297,0,124,0,1,1.0335,0.6508,0.1284,-0.2809,1,0.421,0.423,0.0184,-3,0,0,0.0595,0,7,0.9845,0
CUST-00181,4,0,0.0019,7,0.6333,0.3099,1.2978,0,1.4173,0.3713,2.9199,1,0.0138,-0.0462,0,181,0,2,0.5558,1.6662,0.1461,0.1089,1,0.4131,0.7122,0.0067,7,1,5,0.2397,0,1,0.9006,0
CUST-00181,5,0,-0.0234,2,0.5023,0.2258,1.1161,0,3.8512,0.3437,0.3177,0,0,0.1244,0,195,0,0,1.0187,1.098,0.1038,0.2927,1,0.4603,1.0464,0.0416,15,0,10,-0.0192,0,10,1.5611,0
CUST-00181,6,0,-0.0068,5,0.255,0.1523,1.3556,0,0.2999,0.4108,0,0,0.0439,-0.2039,1,97,0,0,0.8194,0.122,0.3537,0.0312,2,0.459,0.5101,-0.0054,13,2,0,-0.1437,0,14,1.4523,0
CUST-00181,7,0,-0.0135,0,0.7877,0.1981,0.9887,1,1.9392,0.1007,2.403,1,0.023,-0.1059,1,278,0,0,0.8844,-0.0548,0.1012,-0.0228,1,0.4751,0.2,0.1315,21,1,0,0.3524,0,18,1.3642,0
CUST-00181,8,0,-0.0094,0,0.01,0.2651,1.8089,0,1.8585,0.2397,0,0,0.0864,-0.3449,1,165,0,0,0.9623,1.2209,0.2526,0.0558,0,0.4818,1.2289,0.0701,14,0,0,0.1396,0,2,1.3903,0
CUST-00181,9,0,-0.0991,4,0.6468,0.038,1.5129,0,1.8379,0.3542,0,1,0,-0.1447,0,235,0,0,1.091,-0.273,0.1799,-0.0149,0,0.4195,1.4249,-0.0082,5,0,5,-0.0751,0,2,1.5742,0
CUST-00181,10,0,0.029,4,1.0056,0.1358,1.7753,0,1.2837,0.0653,1.448,1,0.0984,0.0598,0,204,0,0,0.7528,0.2898,0.2291,-0.3105,0,0.3774,1.5221,0.0392,13,0,15,0.229,0,0,1.466,0
CUST-00181,11,0,0.0829,3,0.6743,0.258,1.0816,0,3.6667,0.2831,2.8541,0,0.0242,-0.1239,0,156,0,0,1.0073,0.4934,0,-0.2655,1,0.347,1.1528,-0.04,4,2,0,0.1945,0,23,1.3006,0
CUST-00182,0,0,-0.2,0,0.4525,0.2423,1.7471,0,2.4452,0.0064,1.5128,0,0.1559,-0.0686,0,91,0,0,0.9459,1.2892,0.0242,0.076,0,0.4128,0.8366,0.241,35,0,0,0.0767,0,8,1.1221,0
CUST-00182,1,0,-0.0987,2,0.7345,0.0501,1.6058,0,0.2,0.1582,0,0,0.119,-0.0609,0,177,0,2,0.5466,0.8739,0.1297,-0.1349,0,0.1445,1.1724,0.0582,-23,0,10,0.145,0,0,1.4564,0
CUST-00182,2,0,0.1723,3,1.144,0.1045,1.0702,1,2.3896,0.3833,2.3283,1,0,0.0884,0,272,0,0,0.7512,-0.0788,0.1612,0.2909,0,0.5133,1.3791,-0.0422,16,0,11,-0.0195,0,9,1.6325,0
CUST-00182,3,0,-0.0128,1,0.3903,0.2045,1.4801,1,5.9207,0.4733,0,0,0,-0.0873,0,171,0,0,0.9062,-0.1165,0.2101,-0.3494,0,0.2721,0.2,-0.0223,-20,1,0,0.42,0,0,1.3084,0
CUST-00182,4,0,-0.1284,2,0.765,0.3431,0.8241,0,4.7,0,0.835,0,0.1494,0.2033,0,217,0,0,1.0023,0.4758,0.4748,-0.1105,1,0.4575,1.9861,-0.124,53,2,0,-0.0284,0,10,1.3924,0
CUST-00182,5,0,0.0285,5,0.8818,0.1534,1.3527,0,1.9608,0.1533,0,0,0.2275,0.2386,1,128,0,0,0.7716,0.242,0.1698,0.0859,0,0.3138,0.8602,-0.023,-18,1,0,-0.0346,0,6,1.4263,0
CUST-00182,6,0,0.0763,0,0.2289,0.0737,1.4598,0,3.1499,0.4867,3.2974,0,0,-0.0358,0,245,0,0,0.9733,0.2748,0.3082,-0.1567,1,0.3682,0.2,0.1178,28,0,9,0.0314,0,2,1.6003,0
CUST-00182,7,0,0.0173,0,0.0707,0.1472,1.0752,0,0.2281,0.2634,0,0,0.0904,0.2132,3,215,1,0,0.8343,0.6816,0.2455,0.2557,0,0.4,1.9744,-0.0816,-7,0,13,0.4483,0,0,1.1137,0
CUST-00182,8,0,-0.0912,0,0.4843,0.2995,1.2642,0,2.7432,0.3573,1.9035,0,0.053,-0.066,1,214,0,0,0.633,0.3869,0.2416,0.157,0,0.2378,0.3762,0.0579,-18,1,0,-0.0557,0,0,1.6105,0
CUST-00182,9,0,0.0799,11,0.1613,0.3058,1.3492,1,0.7135,0.2182,0,0,0.0783,-0.223,0,148,0,2,0.8871,-0.0547,0.1991,-0.1885,2,0.4203,0.9273,-0.1068,40,0,0,0.3223,0,1,1.7624,0
CUST-00182,10,0,0.2397,1,0.361,0.217,1.8921,0,0.2,0.137,0.2742,0,0,0.0954,2,255,0,1,1.0325,0.0834,0.1807,0.2443,0,0.2288,0.5439,-0.1338,-13,0,0,0.1372,0,0,1.3871,0
CUST-00182,11,0,-0.1857,4,0.4534,0.3344,1.6156,0,2.0922,0.0618,5.7708,0,0,-0.0751,0,249,0,0,0.8449,0.1066,0.1514,0.2814,2,0.4968,1.234,-0.0115,19,0,0,-0.0517,0,6,1.5305,0
CUST-00183,0,0,0.0908,0,0.7448,0,0.7618,0,4.2165,0.422,0.6755,1,0,0.2023,1,212,0,0,0.9384,0.4302,0.1902,-0.2355,0,0.2841,0.2,0.0551,22,0,0,-0.2146,0,0,2.0076,0
CUST-00183,1,0,0.0374,0,0.5066,0.1472,1.0481,0,1.8749,0.1095,0,0,0.0825,-0.0169,0,206,0,0,0.917,-0.6504,0.0885,0.231,1,0.3073,1.7791,-0.0314,-13,0,2,0.0388,0,0,1.257,0
CUST-00183,2,0,0.0953,0,0.9541,0.1985,1.1474,0,0.4658,0.0915,3.5138,0,0.1836,-0.1741,1,121,0,0,1.002,0.5256,0.0732,-0.1492,0,0.3043,0.3298,-0.0308,-36,0,0,0.0996,0,0,1.1501,0
CUST-00183,3,0,0.041,0,0.4113,0,1.2743,0,1.5127,0.3674,0.2892,0,0.0369,-0.1162,0,178,0,0,0.8871,0.1493,0.317,-0.0469,0,0.5139,0.2,0.0875,-22,2,0,0.2338,0,0,1.5751,0
CUST-00183,4,0,0.111,6,0.6835,0.1888,1.4855,1,4.0296,0.1758,0,1,0,0.0352,0,246,0,1,0.5873,0.4496,0.1195,-0.0627,2,0.3038,0.7055,0.0092,-10,3,0,-0.113,0,9,1.1889,0
CUST-00183,5,0,0.1221,3,0.7869,0.0311,0.7861,1,3.0166,0.1682,3.2825,0,0.0653,-0.0567,0,128,0,2,0.6516,1.1625,0.0821,-0.169,0,0.5206,1.5976,-0.0212,19,1,15,-0.0487,0,0,1.1977,0
CUST-00183,6,0,0.0972,3,0.6354,0.1526,1.2706,1,3.3955,0.7344,2.0486,0,0,-0.2393,0,264,0,2,1.1121,0.0204,0.0579,-0.0462,1,0.253,0.8218,0.1479,2,1,0,0.0577,0,6,1.4633,0
CUST-00183,7,0,-0.1392,4,0.6819,0.2832,1.6536,1,2.537,0.5427,3.169,0,0,0.1294,0,96,0,1,0.9045,0.7132,0.1263,0.1645,0,0.2388,0.3435,0.08,6,1,7,-0.0857,0,13,1.2749,0
CUST-00183,8,0,-0.008,0,0.4018,0.1557,1.4785,0,1.6802,0.2842,1.2344,0,0,0.0373,1,173,0,1,0.5045,-1.1572,0.0364,-0.0097,1,0.3351,0.2,-0.0051,25,0,10,0.0126,0,0,1.8773,0
CUST-00183,9,0,0.3166,12,0.182,0.2064,0.9251,0,1.9529,0.2871,0,0,0.0062,-0.0304,0,163,0,0,0.9019,-0.4217,0.0031,0.1534,0,0.4658,1.4286,0.1376,-45,2,0,-0.323,0,8,1.3082,0
CUST-00183,10,0,-0.061,0,0.6209,0.1449,1.9175,0,1.863,0.1259,3.317,0,0,0.0406,0,284,0,0,0.6986,-0.3251,0.1949,0.0011,0,0.3746,1.5557,0.0534,8,0,21,0.1561,0,0,1.221,0
CUST-00183,11,0,-0.0219,5,0.0784,0.2416,1.509,0,2.2256,0.2254,3.4184,0,0.0333,-0.4132,1,193,0,3,1.052,-1.2633,0.0398,0.1728,1,0.3816,0.684,0.0052,17,0,2,-0.3406,0,0,1.7326,0
CUST-00184,0,0,-0.1394,4,0.3809,0.1214,1.0778,0,1.5625,0.5071,1.3672,0,0.0783,0.0341,0,87,0,0,0.832,0.6644,0.1651,-0.1843,0,0.3254,0.2,-0.0546,1,1,0,-0.2029,0,0,1.7692,0
CUST-00184,1,0,0.0858,5,0.4952,0.2865,0.7936,0,2.7866,0.2825,8.3186,0,0.0077,0.0528,0,211,0,0,1.2048,-0.9756,0.2655,0.2387,0,0.6602,1.3607,-0.2528,-32,0,0,0.1631,0,0,1.9395,0
CUST-00184,2,0,0.0738,0,0.8037,0.2872,0.9996,0,0.2086,0.2495,0,0,0,-0.2202,0,190,0,1,0.8899,0.3697,0.4723,0.0818,0,0.3735,1.4594,-0.0417,-15,1,0,-0.0579,0,0,1.6969,0
CUST-00184,3,1,0.1878,7,0.7695,0.4336,0.6837,1,5.0803,0.3807,14.1336,2,0.2748,0.183,2,48,0,1,1.1239,0.7592,0.2924,0.3182,0,0.5418,2.0711,-0.0699,40,1,4,0.1969,0,6,1.1406,0
CUST-00184,4,1,0.4587,15,0.01,0.4481,0.735,2,6.3259,0.6995,13.224,3,0.4195,0.5903,1,100,1,2,1.0961,2.04,0.4028,0.5084,1,0.7619,2.2311,0.0997,27,1,34,0.5578,1,34,1.0992,0
CUST-00184,5,1,0.4852,16,0.2676,0.6418,-0.1737,2,6.5995,0.9015,24.3555,3,0.7124,0.2863,3,-6,0,2,1.482,1.3375,0.5537,0.7808,4,0.8894,3.6228,0.1547,61,6,38,0.4168,2,51,0.6735,0
CUST-00185,0,0,0.13,5,0.9318,0.2587,1.2714,0,2.5756,0.3248,0.9955,0,0.0935,-0.1408,1,140,0,2,0.6152,-0.3716,0,0.1344,1,0.2112,1.3244,-0.0515,14,0,0,-0.2507,0,0,1.3768,0
CUST-00185,1,0,0.1322,5,0.7701,0.2477,1.0229,0,1.3559,0.2411,2.4929,0,0.0345,-0.1293,0,138,0,0,0.8497,0.6193,0.1015,-0.0102,0,0.2723,0.2,0.0489,7,0,2,0.0337,0,0,1.4798,1
CUST-00185,2,0,0.0121,0,0.6157,0.1758,1.3076,0,1.3024,0.3016,0,0,0.0214,-0.2414,1,139,0,0,0.6249,1.4791,0.1726,-0.151,1,0.5848,0.969,0.0396,-30,1,21,0.351,0,0,1.3831,0
CUST-00185,3,0,0.2243,3,1.2084,0.3064,1.1887,0,3.1101,0.2694,2.1794,0,0.3308,-0.3524,0,189,0,1,0.7137,0.7671,0.0178,-0.0861,1,0.2168,0.7,0.0238,-21,2,4,-0.0578,0,0,1.2841,0
CUST-00185,4,0,0.0773,3,1.0604,0.0328,1.0634,0,3.6926,0.2158,0,0,0,0.2073,0,168,0,0,0.8942,-0.5448,0.2596,0.2135,2,0.3641,2.5193,0.1296,30,0,0,0.0661,0,4,1.5123,0
CUST-00185,5,0,-0.0987,0,0.6178,0.3573,1.3246,1,1.4394,0.3771,0,0,0,0.4981,0,114,0,1,0.5189,0.4186,0.1873,0.014,0,0.4209,1.3462,0.0484,-3,1,10,-0.1618,0,27,1.3722,0
CUST-00185,6,0,-0.0913,1,0.6786,0.1676,0.8999,1,2.1965,0.1142,3.8324,3,0.0067,-0.0621,1,185,0,0,0.7075,0.073,0.1481,0.0835,0,0.4716,1.7138,0.1009,-1,0,0,0.1831,0,0,1.4542,1
CUST-00185,7,0,-0.1265,3,0.5245,0.2172,1.4484,1,0.2244,0.4645,0.4213,0,0.0042,-0.4686,1,241,0,0,0.6491,-0.0805,0.1527,-0.0345,1,0.3894,0.656,-0.0901,-35,0,4,0.0277,0,9,1.4966,0
CUST-00185,8,0,0.0625,3,0.677,0.1782,1.0245,1,1.2998,0.3742,1.0376,1,0.1378,-0.118,0,224,0,0,0.9723,-0.053,0.1085,-0.2444,0,0.3263,1.3149,-0.0846,7,0,0,0.0931,0,0,1.2294,0
CUST-00185,9,0,0.1967,5,0.7373,0.1136,1.1222,0,3.1384,0.357,1.7623,0,0,-0.1524,0,137,0,0,0.9875,-0.0405,0.1598,0.4679,0,0.52,1.731,-0.0202,28,0,0,-0.0291,0,0,1.133,0
CUST-00185,10,0,0.0465,3,0.6497,0.2818,1.5694,0,2.7962,0.3163,1.3785,1,0,-0.2343,0,242,0,0,0.7363,0.1998,0.2177,0.0127,2,0.2632,0.5617,-0.0787,-22,2,0,0.4226,0,0,1.2963,0
CUST-00185,11,0,0.1418,0,0.5525,0.1689,1.4988,0,2.9418,0.4048,0.4468,0,0.2849,0.0287,2,120,0,0,1.0486,-1.6577,0.2768,0.0665,0,0.4652,0.8343,0.1229,6,0,4,0.1393,0,5,1.0456,0
CUST-00186,0,0,0.1675,7,0.331,0.0873,1.8233,1,2.7388,0.2138,5.7103,0,0.0782,-0.0503,0,187,0,0,0.6875,-0.5706,0.3997,0.2851,0,0.1789,0.4169,0.125,12,1,0,-0.1633,0,0,1.4218,0
CUST-00186,1,0,0.2162,2,0.6288,0.2822,1.2261,0,1.4666,0.4633,0,0,0,0.0837,2,222,0,0,0.7714,-0.2845,0.1079,0.1304,0,0.502,0.2,-0.0846,11,1,7,-0.0666,0,12,1.2503,0
CUST-00186,2,0,0.0787,0,0.5374,0.099,1.2032,0,1.7449,0.0401,0,1,0.1078,-0.1636,0,133,0,1,0.9222,-1.4403,0.2396,0.0596,0,0.318,1.0795,-0.0584,-3,1,0,0.0293,0,18,1.4788,0
CUST-00186,3,0,0.0898,3,0.5693,0.1394,0.8177,0,3.7945,0.5197,0,0,0.0087,0.1006,0,107,0,2,1.169,-0.1869,0.2121,-0.2661,0,0.2545,0.7443,0.0098,4,0,0,-0.037,0,12,1.4977,0
CUST-00186,4,0,0.197,2,0.9179,0.1676,1.3303,0,1.1388,0.2332,2.1012,0,0,0.0284,1,283,0,0,0.5154,0.6593,0.419,0.0262,0,0.1841,1.1249,-0.0255,-21,1,6,-0.0504,0,0,1.5194,0
CUST-00186,5,0,-0.2,3,0.4643,0.3699,1.4546,0,2.1414,0.2527,1.5571,0,0,0.0266,1,154,0,0,0.9782,0.9526,0.0512,0.2855,0,0.471,0.5824,0.0998,-14,1,3,-0.185,0,0,1.1322,0
CUST-00186,6,0,0.123,4,0.6728,0.0139,1.4913,1,3.4022,0.2773,0,0,0.2208,0.1769,0,85,0,0,0.7816,-0.3033,0.1453,0.1359,0,0.3597,0.2,-0.1784,-9,2,0,0.0501,0,0,1.4132,0
CUST-00186,7,0,0.2673,0,0.01,0.2338,0.5727,1,2.1265,0,2.6167,0,0.2036,0.4369,1,204,0,2,0.9578,0.7541,0.0456,0.0834,2,0.3069,0.3022,0.1067,-3,0,11,-0.0523,0,1,1.3949,0
CUST-00186,8,0,0.0868,3,1.1548,0.3757,1.0433,0,1.9537,0.1368,2.0252,0,0,0.1116,1,249,0,0,0.9914,0.2889,0.2869,-0.067,0,0.5824,1.6123,0.253,9,0,14,0.0528,0,7,0.8793,0
CUST-00186,9,0,-0.0506,2,0.4119,0.0316,1.2546,0,3.028,0.3106,4.3062,2,0,-0.093,0,105,0,1,0.9946,0.3008,0.1079,0.1196,0,0.5813,1.3036,-0.0686,18,1,1,-0.1204,0,0,1.0128,0
CUST-00186,10,0,0.0345,5,1.2628,0.1259,0.8962,0,3.2067,0.2137,2.53,0,0.0028,0.0812,1,165,0,0,0.8449,0.2547,0.0985,0.1371,1,0.1344,0.2552,0.0282,-22,0,0,-0.1783,0,2,1.8948,0
CUST-00186,11,0,0.0389,5,0.7116,0.3234,1.4416,0,0.8585,0.3629,0,0,0,-0.0481,0,171,0,3,0.987,0.2485,0.1004,-0.3495,0,0.2892,1.7674,0.0194,-2,1,10,0.0159,0,4,1.5716,0
CUST-00187,0,0,0.0691,1,0.8398,0.114,0.619,0,3.0107,0.447,3.3395,1,0,0.0817,0,115,0,0,1.0985,-0.2399,0.4069,0.2603,1,0.3607,1.4092,-0.1071,14,0,0,0.1295,0,0,1.4652,0
CUST-00187,1,0,-0.0094,0,0.4758,0.0856,1.3218,0,1.222,0.3446,0,0,0.2133,-0.1325,0,165,0,1,0.8951,0.1075,0.1437,0.022,0,0.285,0.8686,0.0084,24,2,0,0.058,0,7,1.651,0
CUST-00187,2,0,-0.16,0,0.6704,0.1551,1.5698,0,2.2135,0.381,0,1,0.1689,-0.2602,1,102,0,0,1.062,-1.2064,0.149,-0.0664,2,0.3715,0.768,-0.0176,34,0,1,0.0425,0,0,1.0836,0
CUST-00187,3,0,-0.0407,3,0.1129,0.3091,1.8485,0,1.7154,0.2245,0.9274,1,0.1334,0.2521,2,98,0,1,0.8592,0.4695,0.1098,0.0243,0,0.3776,0.8678,-0.0813,11,0,1,-0.0782,0,0,1.5509,0
CUST-00187,4,0,0.1072,1,0.6825,0.2643,1.334,0,2.1366,0.2985,3.9746,0,0.1629,-0.1446,0,188,0,0,0.9396,0.7454,0,0.1798,1,0.4204,1.2778,0.0022,-23,0,8,0.1503,0,0,1.8159,0
CUST-00187,5,0,0.17,1,0.4195,0.0166,0.7386,0,0.2,0.2448,5.2665,1,0.1402,0.0205,0,198,0,0,1.0068,-0.7871,0.0262,-0.1276,0,0.2858,1.5999,-0.068,-15,0,0,-0.1821,0,0,1.0746,0
CUST-00187,6,0,0.0972,1,1.0165,0.2065,0.6113,0,3.1471,0.2094,7.1551,0,0.1336,0.0483,2,212,0,2,0.8977,0.3942,0.2508,0.0923,2,0.156,0.6638,0.0915,-14,0,26,0.1857,0,0,1.7183,0
CUST-00187,7,0,0.0235,4,0.4641,0.0357,1.5093,1,1.2246,0.2879,1.9395,1,0,0.3418,0,125,0,0,0.7358,-0.3221,0.2089,-0.3581,0,0.7005,0.2,-0.1909,-2,0,14,-0.0991,0,0,1.4438,0
CUST-00187,8,0,0.1013,6,0.3631,0.1586,0.9638,0,1.7698,0.1633,0,0,0.2906,-0.002,0,227,0,0,1.0608,-0.1001,0.2239,0.1755,1,0.4021,0.8388,-0.1297,15,0,19,0.3822,0,15,1.5995,0
CUST-00187,9,0,-0.0728,2,0.2766,0.1692,1.7821,0,2.1894,0.1401,0,2,0.1775,0.02,0,154,0,2,0.8842,0.9461,0.3901,-0.1869,1,0.4432,1.9213,0.0391,-21,0,0,-0.2798,0,6,1.4142,0
CUST-00187,10,0,0.0411,5,0.7776,0.1118,1.1443,1,2.5083,0,4.726,0,0,0.0076,0,188,0,0,0.8249,-0.9818,0.047,0.031,1,0.3821,1.1194,-0.0837,2,0,0,0.1915,0,0,1.4207,0
CUST-00187,11,0,-0.0936,2,0.7757,0.3081,1.3162,0,2.2106,0.5034,1.6069,0,0.0193,-0.2131,0,113,0,0,0.8793,0.1749,0.2311,0.2066,0,0.3204,0.8547,0.0839,-18,0,0,0.2782,0,0,1.4908,0
CUST-00188,0,0,-0.0502,9,0.6004,0.1603,1.0352,0,1.4529,0.2239,3.0119,0,0.158,0,0,140,0,0,0.7848,0.2995,0.1723,-0.0298,0,0.4013,1.4161,-0.0334,5,0,0,0.0977,0,9,1.2494,0
CUST-00188,1,0,0.0699,0,0.2973,0.2305,1.2649,1,0.2,0.2062,0,0,0.1183,0.2835,0,195,0,1,0.7406,-0.2609,0.0858,-0.1648,0,0.4364,1.0468,0.1227,-13,0,0,0.3157,0,0,1.3435,0
CUST-00188,2,0,0.153,6,0.503,0.0096,1.3929,0,0.2,0.125,0,0,0.252,-0.0624,0,184,0,2,0.9184,-0.6256,0.2233,-0.1864,1,0.2307,1.3637,-0.0748,-16,1,0,-0.1503,0,7,1.5324,0
CUST-00188,3,0,0.1303,0,0.0709,0.2088,1.0012,0,1.9343,0.24,3.3001,0,0.1457,-0.0098,0,266,1,1,0.7834,0.4779,0.297,-0.169,1,0.2064,0.5037,-0.036,4,0,5,-0.0453,0,0,1.1811,0
CUST-00188,4,0,-0.0195,5,0.2356,0.2356,1.2307,0,2.0581,0.0103,3.846,0,0.0094,-0.1752,1,215,0,3,0.797,-0.3465,0.0978,0.0487,1,0.1693,0.9512,-0.0343,2,0,7,0.1474,0,5,1.4312,0
CUST-00188,5,0,0.3886,0,0.8029,0.0737,1.5094,0,5.0481,0.4182,4.9654,1,0.1484,-0.2279,0,172,0,2,0.7761,-0.2611,0.3255,0.1308,0,0.2983,0.3001,-0.0054,-19,2,3,0.6432,0,0,1.5176,0
CUST-00188,6,0,-0.0059,0,0.5963,0.1119,1.1438,0,2.1182,0.4684,0,1,0.1026,0.1254,1,190,0,3,0.754,-0.019,0.1444,0.1096,2,0.4225,1.9458,0.1466,-5,1,9,0.0879,0,6,1.4536,0
CUST-00188,7,0,0.1856,6,0.1967,0.1554,1.1828,0,2.2764,0.3233,0,1,0,-0.2558,0,197,0,0,1.0576,-0.1197,0.1935,-0.0455,1,0.4222,0.8027,0.0743,-12,0,0,0.0643,0,4,1.44,0
CUST-00188,8,0,0.1117,0,0.7311,0.0162,1.5358,0,2.4944,0.0211,2.0673,0,0,-0.1694,0,149,0,0,0.8506,0.8988,0.0447,0.1355,0,0.3064,0.9625,-0.0559,56,0,0,0.3041,0,0,1.4191,0
CUST-00188,9,0,-0.2,2,0.9902,0.2599,1.1401,1,2.262,0.5237,0.6915,0,0,-0.0939,0,199,0,2,0.9306,-0.2548,0.248,0.0636,0,0.2306,2.5109,0.0204,3,2,0,-0.0208,0,9,1.2558,0
CUST-00188,10,0,-0.1306,1,0.3153,0.0388,1.3616,0,2.8597,0.2192,0.6464,0,0.1355,0.1713,0,127,0,0,0.8582,-0.4023,0.1195,-0.1823,0,0.3814,1.8761,0.0315,-16,0,0,0.2124,0,12,1.4511,0
CUST-00188,11,0,0.0894,0,0.738,0.2035,1.5488,0,1.5707,0.1859,0,0,0,0.1731,1,140,0,1,0.7453,0.77,0.1399,0.022,0,0.3031,1.2146,0.0349,8,0,0,0.0871,0,7,1.5434,0
CUST-00189,0,0,0.1883,0,0.3172,0.2894,1.5665,1,1.2461,0.2994,0,0,0.2308,0.3336,1,175,0,0,1.0423,-0.3721,0.0568,-0.2539,0,0.2484,0.8867,-0.0006,27,0,20,0.3538,0,0,1.0363,0
CUST-00189,1,0,-0.1384,0,0.7884,0.1136,1.4063,0,2.1969,0.3676,2.534,0,0,-0.0646,0,222,0,0,0.8318,-0.457,0,0.1573,1,0.5219,0.8959,-0.0262,13,0,0,0.0503,0,3,1.2638,0
CUST-00189,2,0,0.0643,6,0.599,0.2612,1.7303,0,0.2,0.4515,4.2221,0,0.0504,0.1311,0,87,0,1,0.9508,0.6374,0.1069,0.2827,0,0.3401,0.6243,0.0074,8,0,0,0.2338,0,12,0.751,0
CUST-00189,3,0,0.0272,3,0.7865,0.22,1.0723,1,3.3978,0.3911,0,1,0.2807,0.0209,0,57,0,0,0.964,0.0609,0.2816,0.2142,0,0.4573,0.2,-0.116,24,3,0,0.0128,0,0,1.5218,0
CUST-00189,4,0,0.025,1,0.4905,0.0929,1.241,0,0.963,0.3052,1.3283,1,0.1804,-0.0432,1,192,0,0,0.7928,1.7467,0.0664,0.1142,1,0.3742,1.4986,-0.0584,-16,0,0,-0.0047,0,20,1.2228,0
CUST-00189,5,1,0.3395,9,0.4722,0.4086,0.0592,0,5.4371,0.2903,8.3616,2,0.2878,0.028,0,188,0,0,1.0535,0.964,0.0678,0.196,0,0.526,1.8187,-0.0348,10,1,29,0.4108,1,19,1.0959,0
CUST-00189,6,1,0.3758,18,0.3203,0.5281,0.2926,1,6.4658,0.3264,17.449,5,0.3723,0.2373,2,71,1,4,1.2521,2.3298,0.4434,0.3336,3,0.6494,2.4463,0.0747,104,3,45,0.7489,2,46,0.7623,0
CUST-00189,7,1,0.6042,14,0.01,0.7408,-0.0457,2,8.0828,0.9329,23.0104,3,0.6011,0.8794,1,-55,0,5,1.3651,2.0749,0.788,0.3671,3,0.6793,3.5255,0.2395,57,5,47,0.5905,2,61,0.7303,0
CUST-00190,0,0,0.0936,3,0.2079,0.019,0.841,1,1.9037,0.4294,3.3797,0,0.293,0.2442,0,228,0,0,0.8794,0.0333,0.2061,0.2629,0,0.4981,0.6903,0.1512,-8,0,9,-0.0276,0,0,1.2835,0
CUST-00190,1,0,-0.0266,8,0.5181,0.2328,1.0633,0,1.4659,0.2821,3.6208,2,0,-0.1342,0,240,0,1,0.9348,0.1868,0.1893,0.4604,0,0.3672,0.3898,-0.0494,-2,0,0,0.1226,0,0,1.493,0
CUST-00190,2,0,0.0002,0,0.5911,0.234,1.489,0,0.2,0.4506,0,0,0.1179,-0.3549,2,131,0,0,0.9327,0.7555,0.0006,-0.2648,0,0.3082,1.8544,0.0685,3,0,0,0.1343,0,5,1.3376,0
CUST-00190,3,0,-0.032,6,0.4269,0.1246,1.0561,0,0.7071,0.3364,0,0,0.1778,-0.0511,1,190,0,0,0.6572,0.1963,0.1705,-0.1921,0,0.37,0.3114,-0.1027,-1,0,9,0.0922,0,1,1.3116,0
CUST-00190,4,0,-0.0965,1,0.684,0.1792,1.1499,0,2.682,0.0761,0,1,0,-0.1474,0,247,0,0,0.9095,0.1481,0.0349,0.2697,0,0.3313,0.2,0.0436,11,0,1,0.0431,0,0,1.4609,0
CUST-00190,5,0,0.1439,0,0.6789,0.2163,1.3601,0,2.5661,0.1251,4.7919,0,0.3562,0.1628,0,179,0,1,1.0508,0.6694,0.221,0.1526,1,0.2789,0.943,-0.0612,-28,0,0,0.2919,0,13,1.2527,0
CUST-00190,6,0,-0.0008,2,0.7127,0.2565,1.3186,1,1.3196,0.4503,8.8618,0,0.0639,-0.2136,0,103,0,0,1.0087,-0.2335,0.0929,-0.0417,1,0.3111,1.2173,0.0832,-13,0,1,0.2777,0,0,1.0298,0
CUST-00190,7,0,0.0433,7,0.5092,0.2162,1.1437,0,2.5556,0.0245,0,2,0.0911,-0.2843,1,160,0,1,0.7723,-0.14,0.206,0.0432,1,0.2838,1.5611,-0.196,-5,0,0,0.4015,1,0,1.2387,0
CUST-00190,8,0,0.1025,4,0.2836,0.39,1.5862,1,2.6812,0.2738,2.7192,0,0,0.171,0,206,0,3,0.9149,0.79,0.0396,-0.0835,0,0.4107,1.2485,0.0927,15,1,0,0.0733,0,0,1.425,0
CUST-00190,9,0,0.0498,2,0.4579,0.1727,1.3385,1,3.3912,0.1181,1.7355,0,0,-0.122,0,212,0,0,0.6993,-0.9123,0.3201,0.1248,0,0.1,1.482,0.0896,-33,2,0,0.0003,0,1,1.7684,0
CUST-00190,10,0,0.0214,0,0.7156,0.3251,2.3036,0,2.4293,0.764,3.2588,1,0.1008,0.0606,1,205,0,0,0.7298,-1.6767,0.0819,0.1208,1,0.6382,0.4229,-0.2501,-23,1,0,-0.2169,0,0,1.5965,0
CUST-00190,11,0,0.0333,4,0.7436,0.2462,0.8226,1,1.8617,0.1559,2.5089,0,0,-0.0279,0,212,0,1,0.8502,-0.9615,0.2535,0.4029,1,0.4463,0.5153,-0.0031,9,0,0,-0.2503,0,0,1.7147,0
CUST-00191,0,0,0.106,0,0.2746,0.195,1.1363,1,3.9512,0.3385,1.9927,0,0,-0.2106,0,239,0,0,1.026,-0.0192,0.1573,-0.0657,0,0.4477,0.9729,-0.0684,11,1,0,0.1729,0,0,1.3181,0
CUST-00191,1,0,0.1883,9,0.7239,0.1407,1.0771,0,2.1011,0.1405,1.2531,0,0.1467,0.3909,2,145,0,4,0.9781,0.4756,0.2327,-0.0363,0,0.6133,1.1495,0.0013,3,0,5,0.1167,0,0,1.4208,0
CUST-00191,2,0,-0.0053,2,0.3431,0.0612,1.6863,0,2.9843,0.3644,0.0107,0,0,0.1376,1,145,0,2,1.1185,0.2543,0.233,0.0114,0,0.3968,0.8226,0.039,14,0,14,-0.178,0,16,1.8937,0
CUST-00191,3,0,-0.1212,5,0.63,0.1544,1.4462,0,2.4767,0.1854,1.4487,0,0.1616,-0.0544,0,81,0,0,1.0689,0.4922,0.1974,-0.2277,1,0.4703,1.1374,-0.0303,2,0,11,0.1014,0,4,1.5076,0
CUST-00191,4,0,0.1044,6,0.3798,0.1587,1.4997,1,0.8675,0.197,3.2384,0,0,-0.0416,0,129,0,1,0.8725,-0.1655,0.124,0.0308,2,0.2906,1.0703,0.1432,24,1,12,-0.1909,0,0,1.4433,0
CUST-00191,5,0,-0.1552,6,0.8105,0.1139,0.9809,0,5.2491,0.4937,3.9394,1,0,-0.149,0,136,0,0,0.9778,1.7876,0.2875,0.2854,1,0.4431,1.4802,0.1305,-6,0,4,0.0773,0,3,1.3035,0
CUST-00191,6,0,0.0835,2,0.2663,0.3032,0.6779,0,2.4017,0.0121,0,0,0,-0.02,1,142,0,0,0.6446,0.1109,0.2267,0.2427,0,0.3786,0.2,-0.015,-13,0,9,0.2136,0,0,1.112,0
CUST-00191,7,1,0.3763,8,0.429,0.2751,1.2245,1,5.1721,0.6707,9.7126,3,0.3172,0.1621,0,54,0,2,0.9245,0.5829,0.5385,0.1168,1,0.3948,1.0909,-0.0044,-19,2,22,0.1634,0,24,1.4244,0
CUST-00191,8,1,0.3305,18,0.0677,0.5754,0.6242,1,6.3408,0.7266,17.6938,3,0.2808,0.393,2,-11,0,3,1.1004,1.754,0.3351,-0.1315,4,0.495,2.5683,0.2955,45,3,54,0.6744,0,38,1.0456,1
CUST-00191,9,1,0.552,21,0.2628,0.7364,-0.2006,1,4.3293,0.8516,21.8618,3,0.7271,0.4442,2,-192,1,4,1.6537,2.9698,0.5835,0.4702,3,0.6066,2.9177,0.1468,84,5,59,0.9517,0,55,0.477,0
CUST-00192,0,0,-0.1326,4,0.7797,0.1449,1.0063,0,4.1508,0.0465,0,0,0,-0.1589,0,154,0,0,0.8386,0.686,0.3261,-0.1933,0,0.292,0.8437,0.107,-8,0,6,-0.3663,0,3,1.3929,0
CUST-00192,1,0,0.1515,3,0.3899,0.2006,1.3106,1,3.3292,0.0478,3.0397,0,0.0244,0.3765,0,150,0,1,0.9695,-0.9407,0.1031,0.1459,0,0.3146,1.8356,-0.0124,7,0,0,0.1121,0,7,1.2797,0
CUST-00192,2,0,0.0628,3,0.3689,0.0576,1.0826,0,2.4583,0.469,2.5227,0,0.2893,-0.12,0,130,0,0,0.8135,2.0594,0.11,-0.0102,1,0.5443,0.8861,0.097,40,0,0,0.0454,0,0,1.4105,0
CUST-00192,3,0,-0.0485,5,0.6682,0.1219,1.5201,0,2.8008,0.287,3.6609,0,0.1713,0.2011,0,188,0,3,0.9136,-0.4211,0.1589,0.2577,0,0.5694,0.8603,0.1005,-3,0,0,0.386,0,4,1.2677,0
CUST-00192,4,0,0.0131,2,0.7653,0.2049,1.3443,1,2.4391,0.238,0,0,0,-0.2387,0,212,0,0,0.913,-0.1338,0.0597,-0.063,0,0.4135,1.607,-0.0674,-7,0,10,0.1988,0,0,1.6532,0
CUST-00192,5,0,0.2667,2,0.01,0.1326,1.421,0,3.242,0.4544,0,1,0.1011,-0.2008,0,155,0,1,0.9015,0.6053,0.2281,0.043,2,0.1711,0.2,-0.0718,15,2,0,0.0415,0,0,1.4161,0
CUST-00192,6,1,0.3594,10,0.6548,0.3414,0.5751,0,5.0542,0.357,8.2809,3,0.201,0.0292,1,122,0,0,1.0031,0.4194,0.3387,0.0795,2,0.4565,2.1945,0.1353,29,2,12,0.4468,0,27,0.5403,0
CUST-00192,7,1,0.2591,15,0.026,0.5914,0.8445,0,5.1559,0.6878,11.8,3,0.5142,0.6588,1,69,0,3,1.1334,1.1455,0.3891,0.3369,3,0.7608,2.7999,0.2072,77,3,34,0.575,0,30,0.5896,1
CUST-00192,8,1,0.4768,21,0.0309,0.6461,0.2315,2,7.2602,0.6969,26.2742,4,0.7071,0.8507,1,51,1,4,1.0935,1.9416,0.6234,0.7337,4,0.7835,3.0856,0.266,91,5,63,0.607,2,51,0.4644,1
CUST-00193,0,0,0.1769,7,1.1409,0.1466,1.5594,1,1.6531,0.3542,1.3773,1,0.0562,-0.2952,0,185,0,2,0.7921,-1.7997,0,0.1052,0,0.4194,0.5094,0.0161,21,0,19,0.1031,0,0,1.769,0
CUST-00193,1,0,-0.0106,0,0.3879,0.2472,1.0026,0,4.4879,0.3553,3.7908,0,0.0537,0.205,1,124,0,0,0.8706,-0.0469,0.0685,0.0731,0,0.1918,0.2191,-0.1485,4,0,2,-0.1713,0,0,1.6339,0
CUST-00193,2,0,0.2683,0,0.2974,0.0006,0.9161,0,3.6005,0.3863,9.7534,0,0.0465,0.0894,0,197,1,0,0.7056,-0.1992,0.365,-0.0248,0,0.4989,0.8798,0.0338,23,0,0,-0.0925,0,0,1.3307,0
CUST-00193,3,0,0.2916,1,0.5583,0.1364,1.3291,1,3.3433,0.0802,4.0881,0,0.19,-0.0035,1,210,0,0,0.8451,0.9927,0.0602,-0.0231,0,0.521,1.1776,0.0082,12,1,0,0.3537,0,0,0.9836,0
CUST-00193,4,0,-0.0583,5,0.7588,0.282,1.7278,0,3.6606,0.3867,0,1,0.0798,-0.1408,0,79,0,2,1.0055,-0.0822,0.1144,-0.0801,0,0.4935,1.375,-0.1752,11,0,0,-0.0571,0,4,1.5434,0
CUST-00193,5,0,-0.0672,0,0.8702,0,1.1915,0,0.6735,0.261,0,0,0.0856,0.1319,1,147,0,0,0.8929,1.2126,0.1687,-0.0216,0,0.3663,0.7401,-0.0838,36,0,3,-0.018,0,0,1.7635,0
CUST-00193,6,0,0.0366,4,0.4322,0.1741,0.9739,0,2.4733,0.3397,2.7113,0,0.0594,-0.2901,1,195,0,2,0.804,1.0605,0.1642,-0.1036,0,0.1,0.7342,-0.0069,14,0,0,-0.0356,0,8,1.4426,0
CUST-00193,7,0,-0.0458,0,0.1059,0.1362,1.0511,0,2.3412,0,0,1,0.1589,-0.164,2,167,0,0,0.8339,0.2726,0.2709,0.0755,2,0.3425,1.3877,-0.0262,70,0,25,0.0372,0,15,1.6141,0
CUST-00193,8,0,-0.0657,2,0.4415,0.2025,1.0602,1,2.4673,0.5561,5.1176,0,0.0295,0.1472,2,195,0,1,0.9774,0.1991,0.3271,0.1163,1,0.59,1.3378,-0.2106,-14,0,14,0.23,1,0,1.4844,0
CUST-00193,9,0,-0.02,2,0.6503,0.202,0.9321,1,1.1053,0.2169,1.2644,2,0.0615,0.1782,0,264,0,1,0.7994,-1.7399,0.3844,0.1278,0,0.3207,1.4975,0.0834,-3,1,9,0.2259,0,0,1.2233,0
CUST-00193,10,0,-0.0035,0,0.4786,0.2201,1.4577,0,0.7587,0.4613,0,0,0.0777,0.1275,0,171,0,0,0.6324,1.0536,0.1093,-0.3396,0,0.2204,1.5391,-0.0211,0,0,5,-0.1163,0,6,1.1285,0
CUST-00193,11,0,-0.2,4,0.6438,0.1351,0.9567,1,3.0531,0.2544,4.6376,0,0.0349,-0.4232,0,162,0,1,0.6691,-0.0248,0.0731,-0.0737,0,0.2012,0.5489,0.0047,-21,0,2,0.2255,0,12,1.5539,0
CUST-00194,0,0,0.0162,9,0.5025,0.1152,1.717,0,2.911,0.2621,4.2332,0,0.14,0.1144,1,48,0,1,0.9297,0.5634,0.1633,0.1688,0,0.3142,0.3692,0.0463,9,0,0,0.1501,0,23,1.2559,0
CUST-00194,1,0,0.0269,5,0.7972,0.2574,1.4601,0,0.3058,0.3523,0,0,0,-0.1652,0,191,0,2,0.7296,1.3242,0.1326,-0.0613,0,0.5014,1.5998,-0.0109,-3,0,5,0.1316,0,14,1.4463,0
CUST-00194,2,0,0.0237,1,0.8119,0.1832,0.905,0,2.2572,0.0866,0.8177,0,0.0461,-0.0453,1,189,0,1,0.8483,0.3054,0.1977,-0.2232,1,0.1748,1.4917,0.0139,-20,1,14,-0.0437,0,3,1.1569,0
CUST-00194,3,0,-0.0394,1,0.8402,0.1915,1.2736,1,1.7347,0.1761,4.0616,1,0.1395,-0.4049,0,140,0,0,0.901,0.0832,0.2573,-0.0578,1,0.2601,0.9534,0.1069,15,0,13,0.2636,0,0,1.0972,0
CUST-00194,4,0,0.0972,1,0.2914,0.2021,1.0719,0,3.8628,0.4108,1.7023,0,0,-0.0596,0,158,0,0,0.9893,0.3007,0.0546,0.0184,0,0.3283,0.6725,-0.0876,-2,0,17,0.4621,0,8,1.2997,0
CUST-00194,5,0,0.0809,4,0.6121,0.1563,1.2262,0,0.2,0.3939,0,0,0,0.3286,0,199,0,0,0.6086,-0.5991,0.1905,-0.0454,0,0.4589,1.416,-0.1063,-3,0,0,0.2683,0,0,0.9878,0
CUST-00194,6,0,0.0986,3,0.7155,0.3169,1.3856,1,4.3771,0.0973,0.5312,0,0.0244,0.1099,1,234,0,0,0.897,1.1121,0.1955,-0.1196,0,0.2928,1.7671,0.213,17,2,6,0.0524,0,0,1.658,0
CUST-00194,7,0,-0.0799,0,0.1941,0.3311,1.233,0,0.2,0.2522,1.6673,1,0,-0.0633,0,183,0,1,0.6712,-0.3265,0.0606,0.2748,1,0.3645,0.7205,0.0393,0,0,2,0.1874,0,0,0.9107,0
CUST-00194,8,0,0.0842,5,0.5397,0.0318,0.814,0,3.2048,0.2169,1.8739,1,0.0848,0.2858,0,119,0,0,0.716,0.163,0.1515,0.023,0,0.3236,0.91,-0.1284,34,0,0,-0.0153,0,0,1.5167,0
CUST-00194,9,0,-0.0159,4,0.3172,0.245,1.7233,0,3.1147,0.0717,2.2606,0,0.1412,-0.0222,0,255,0,0,0.8239,-0.5187,0.149,0.0999,0,0.4207,0.2501,0.135,-2,0,8,0.1774,0,1,1.1509,0
CUST-00194,10,0,-0.0777,5,0.5471,0.0319,1.2442,0,2.9541,0.2351,0,2,0,-0.1055,0,189,0,2,0.6999,2.1565,0.2272,-0.0906,0,0.3583,0.9658,0.0101,-13,0,1,-0.1886,0,14,1.5214,0
CUST-00194,11,0,-0.0453,0,0.6302,0.2492,0.9461,0,1.8993,0.4839,0,0,0.2636,0.1015,0,87,0,1,0.7472,0.0773,0.1373,0.1414,0,0.4462,0.2,0.0685,28,2,26,-0.0033,0,3,1.4279,0
CUST-00195,0,0,-0.0643,3,0.5775,0.2191,1.1527,0,2.3465,0,1.5249,0,0,0.2499,0,211,0,0,0.5974,1.2816,0.3971,-0.1631,0,0.3468,1.0336,0.2444,-37,0,0,-0.3232,0,0,1.5883,0
CUST-00195,1,0,-0.1235,4,0.1721,0.2998,1.7268,0,4.5339,0.2605,0,0,0.105,-0.0105,0,159,0,0,0.7551,-0.9014,0.3114,-0.0491,1,0.4408,0.816,0.1652,67,0,14,0.0491,0,2,1.6253,0
CUST-00195,2,0,0.194,0,0.3396,0.1499,1.179,0,1.9253,0.1532,2.1195,0,0,-0.2527,0,185,0,2,0.9,0.0169,0.1909,0.1241,1,0.2633,0.9458,0.1658,-6,1,0,0.1541,0,3,1.412,0
CUST-00195,3,0,0.0852,4,0.5122,0.186,0.5004,0,0.8791,0.1761,2.6623,0,0.14,0.1997,0,179,0,0,0.7195,0.3466,0.1536,-0.0041,0,0.401,1.0988,0.1363,3,0,0,-0.3249,0,1,0.8695,0
CUST-00195,4,0,-0.1147,5,0.6364,0.0313,1.3828,0,3.3792,0.2363,5.9173,1,0.0129,-0.2729,0,183,0,0,0.7335,0.047,0.2285,0.2676,0,0.4129,1.0903,0.1716,10,0,11,-0.2183,0,29,1.4312,0
CUST-00195,5,0,0.0587,4,0.729,0.1834,1.1786,0,1.7179,0.3484,1.7559,0,0.0478,0.0081,1,149,0,0,0.7011,0.2461,0.1225,0.1358,2,0.1979,1.1597,0.0167,18,1,0,0.0912,0,0,1.1952,0
CUST-00195,6,0,-0.0133,6,0.6671,0.378,1.7381,1,3.168,0.264,0,3,0.1519,0.246,0,158,0,0,0.9688,-0.006,0.0188,-0.1641,1,0.3453,1.0249,-0.0307,-2,2,0,0.3623,0,0,1.4429,0
CUST-00195,7,0,-0.1424,4,0.7436,0.2511,1.1287,0,1.0383,0.133,0,0,0,0.3845,1,159,0,1,0.654,-0.3036,0.3298,0.2433,1,0.3782,2.0189,-0.0144,16,0,15,0.2217,0,1,1.3809,0
CUST-00195,8,0,-0.1271,5,0.8435,0.2381,1.6332,0,1.2828,0,2.4326,1,0.1407,-0.1546,0,251,0,1,0.6689,0.8165,0.1971,0.1506,0,0.2777,0.943,0.1472,-23,0,14,0.1591,0,0,1.6133,0
CUST-00195,9,0,0.2022,1,0.7907,0.1334,1.3168,0,1.2427,0.1843,5.7227,0,0.1908,0.1725,0,72,0,0,0.7855,-0.982,0.2203,-0.3023,0,0.4759,0.9889,0.0368,-5,0,4,-0.0467,0,6,1.2381,0
CUST-00195,10,0,0.0515,2,0.4444,0.2167,1.3046,0,1.0528,0.3561,0,0,0,0.1663,0,166,0,0,0.7471,0.5234,0.1116,0.4508,0,0.6106,1.7605,0.0778,16,1,0,-0.027,0,0,1.224,0
CUST-00195,11,0,0.1757,4,0.4816,0.177,1.5,0,2.1916,0.2807,2.1135,1,0,0.1558,0,239,0,0,0.77,0.4831,0.0078,0.227,0,0.4274,1.6608,-0.1247,16,2,19,0.1059,0,0,0.8916,0
CUST-00196,0,0,0.1458,0,0.8858,0.1739,1.9906,0,2.1546,0.0926,1.2484,1,0.0349,-0.0467,1,278,0,0,0.7322,0.1171,0.2435,-0.06,2,0.5672,0.4415,0.0265,16,0,0,0.0653,0,2,1.4673,0
CUST-00196,1,0,0.2116,5,0.3984,0.2652,0.716,1,1.34,0.4046,0,1,0,-0.2933,0,104,0,0,1.1098,-0.4183,0.062,0.0399,0,0.3922,1.0501,0.0108,22,1,25,-0.1714,0,8,1.2269,0
CUST-00196,2,0,0.0805,0,0.5002,0.1979,1.007,0,2.4916,0.2576,0.4074,0,0.1,-0.1351,0,151,0,0,1.1636,-1.9142,0.2869,-0.2112,0,0.2339,1.1599,-0.0164,-21,1,0,-0.3631,0,4,1.3412,0
CUST-00196,3,0,-0.0287,1,0.2235,0.1561,1.3451,0,2.266,0.3659,6.621,1,0,0.2018,0,187,0,1,0.94,-0.9999,0.0748,0.0001,0,0.4468,1.3587,-0.0558,-5,0,2,0.0255,0,0,1.3912,0
CUST-00196,4,0,-0.0749,5,0.5738,0.2641,1.2156,0,1.7714,0.2843,3.365,1,0.1841,-0.2036,1,101,0,0,0.6933,1.257,0.1523,-0.1997,0,0.2769,0.8561,0.0112,2,0,0,0.4278,0,0,0.9705,0
CUST-00196,5,0,0.1321,5,0.7137,0.036,1.3945,0,3.0126,0.1839,0,0,0.0122,-0.2265,0,221,0,1,0.7794,-0.678,0.3917,0.1263,0,0.4647,0.5067,-0.0982,4,0,0,0.0322,0,0,1.4234,0
CUST-00196,6,0,0.1294,5,0.8747,0.3178,0.6613,1,3.7299,0.3716,4.5075,0,0.2375,-0.0975,0,166,1,0,0.7573,-0.5134,0.0495,0.2899,1,0.4662,1.5182,-0.1136,-19,1,11,0.2742,0,3,1.2513,0
CUST-00196,7,0,0.227,8,0.8059,0.1984,0.8474,0,3.5027,0.3281,2.768,0,0,-0.1477,0,150,0,0,0.9317,-0.4418,0.219,0.4824,0,0.2867,0.2,0.1814,30,0,15,0.0977,0,27,1.5368,0
CUST-00196,8,0,-0.0264,0,1.036,0.2418,0.6153,0,3.0491,0.1688,1.2265,1,0.1879,0.1386,0,134,0,0,0.8992,-0.5507,0.2524,0.1438,0,0.3727,1.3444,0.2101,9,0,13,0.2913,0,6,1.0706,0
CUST-00196,9,0,-0.0197,0,0.4951,0.2256,1.1876,0,2.9009,0.0727,2.9982,0,0,0.1503,0,195,0,1,0.8763,-0.2086,0.3511,-0.2777,1,0.4184,1.5775,-0.089,26,2,17,0.1367,0,0,1.2265,0
CUST-00196,10,0,0.1346,3,0.5315,0.0253,1.0674,0,3.7202,0.1069,3.8108,1,0.1469,-0.084,0,150,0,0,0.8451,0.8031,0.0525,0.0953,0,0.712,0.918,-0.0561,-19,0,22,-0.3289,0,0,0.7236,0
CUST-00196,11,0,0.0475,0,0.6928,0.3558,0.908,0,1.7952,0.3639,1.9822,1,0.0117,-0.0612,0,123,0,0,0.9381,0.5963,0.0894,-0.0049,0,0.3097,1.5712,0.0314,24,0,19,-0.0181,0,1,1.0471,0
CUST-00197,0,0,-0.0449,1,0.8666,0.1399,1.1541,0,1.8154,0.1728,0,0,0,0.1118,0,220,0,0,0.7023,0.1959,0.1489,0.4072,0,0.2961,0.8087,0.0268,18,1,0,0.1134,0,0,1.2091,0
CUST-00197,1,0,0.2818,0,0.7413,0.33,1.5625,0,2.4391,0.1267,1.7583,2,0.0967,-0.1439,0,182,0,0,0.6311,-0.3217,0.2014,0.1973,0,0.3681,1.7933,-0.1795,-33,0,11,0.3751,0,7,0.9548,0
CUST-00197,2,0,0.1128,2,0.2186,0.1519,0.9828,1,2.9347,0.2371,0,0,0.1377,0.2101,0,193,0,0,0.8932,0.0234,0.0261,0.0568,0,0.3447,1.2059,0.1654,24,0,0,0.161,0,0,1.4529,0
CUST-00197,3,0,0.0563,2,0.2519,0.2935,1.3758,0,3.7098,0.3047,6.0473,1,0.0225,-0.22,1,105,0,0,0.9833,-0.0651,0.1196,-0.307,0,0.2959,0.6072,0.0745,32,2,16,0.1893,0,0,1.3575,0
CUST-00197,4,0,-0.129,1,0.0454,0.1664,1.3072,0,2.9052,0.3179,0,0,0,0.1277,0,160,0,1,0.9169,-0.7564,0,0.0382,0,0.3131,0.6673,-0.0978,-29,1,0,-0.2506,0,4,1.4889,0
CUST-00197,5,0,0.1537,1,0.8661,0,1.0497,0,1.138,0.18,2.8942,0,0.2412,0.1018,1,265,0,1,0.9105,-0.238,0.0078,-0.0765,0,0.5047,0.9633,0.17,33,0,9,-0.0165,0,0,1.4012,0
CUST-00197,6,0,0.0734,1,0.3782,0.1406,1.6124,0,4.2242,0.1965,4.8573,0,0.2238,-0.3536,0,202,0,0,0.6972,1.3606,0.2454,-0.0052,0,0.3295,1.976,0.0493,-3,0,32,0.0797,0,5,0.9412,0
CUST-00197,7,0,0.1917,2,0.6079,0.2419,1.6982,0,1.7584,0.1766,3.3423,2,0,0.2755,0,145,0,0,0.8721,0.8991,0.1906,-0.3453,0,0.1792,0.5336,0.0465,-4,0,0,0.1142,0,0,1.5508,0
CUST-00197,8,0,-0.0271,0,0.9439,0.2015,1.1195,0,0.7584,0.0109,0,0,0.0745,-0.0904,0,246,0,0,0.9007,0.2112,0.3076,-0.0917,3,0.2799,0.4663,0.0641,-2,0,8,-0.2377,0,0,1.8571,0
CUST-00197,9,0,-0.064,0,0.5291,0.3339,1.7209,1,2.0155,0.0068,3.0659,2,0.0324,0.0513,0,52,0,2,0.9681,0.0255,0.0574,0.1381,1,0.5283,1.0511,-0.1664,-25,0,7,0.0334,0,1,1.5398,0
CUST-00197,10,0,-0.1145,4,0.3315,0.218,1.3643,0,2.7721,0.2083,3.6035,1,0.0906,-0.0651,0,243,0,0,0.496,-0.9783,0.0517,0.0342,0,0.279,0.2,0.2605,28,0,2,0.0626,0,5,1.3531,0
CUST-00197,11,0,-0.012,1,0.9504,0.1478,1.0359,1,1.8954,0.1294,1.8599,0,0.0383,-0.119,1,184,0,2,0.9428,-0.4835,0.2427,0.2142,1,0.2123,0.7713,-0.0987,4,1,14,0.1303,0,0,1.3573,0
CUST-00198,0,0,0.03,1,0.5975,0.1956,1.3744,1,0.9561,0.0822,2.7385,0,0.2277,-0.0596,0,103,0,0,0.9956,-0.7691,0.1402,-0.3499,0,0.4064,1.0886,0.1504,17,0,0,0.066,0,0,1.4025,0
CUST-00198,1,0,0.0016,2,0.2416,0.1736,1.6144,0,3.6022,0.148,0.4493,0,0.142,-0.3094,0,135,0,3,0.9054,-0.3703,0,-0.093,0,0.2531,1.7642,0.0469,12,1,22,-0.1051,0,8,1.4838,0
CUST-00198,2,0,0.1024,2,0.3192,0.1279,0.8641,0,1.3147,0.2565,0.6388,1,0.1968,-0.4045,1,143,0,0,0.8755,-0.1407,0,-0.2322,0,0.2439,1.2219,-0.1544,-14,0,0,-0.118,0,0,1.7874,0
CUST-00198,3,0,0.0687,0,1.0961,0.0646,1.3363,1,0.2,0.2758,2.7799,0,0.1296,-0.161,1,254,0,0,0.4133,0.5357,0.2434,0.1891,1,0.1662,1.7777,-0.0883,-21,0,19,-0.1066,0,12,1.3964,0
CUST-00198,4,0,-0.0606,3,0.5599,0.2428,1.0908,0,1.0773,0.3658,0,0,0,0.0676,0,254,0,0,1.0319,-0.8112,0.0913,0.0483,1,0.307,0.983,0.0519,-15,1,4,0.0633,0,3,1.0795,0
CUST-00198,5,0,-0.0263,0,1.1619,0.0296,1.1495,1,0.2,0.1269,6.0066,1,0.2634,-0.1973,2,207,0,1,1.029,1.1281,0.1771,-0.2208,2,0.3319,0.7753,-0.191,-5,0,30,0.1238,0,6,1.5778,0
CUST-00198,6,0,0.1335,1,0.7231,0.1459,1.056,0,1.3165,0.1874,0.2152,0,0,0.2995,1,109,0,0,0.7509,-1.4808,0.2145,-0.0886,0,0.3861,1.2739,-0.094,-14,0,0,0.1471,0,5,1.825,0
CUST-00198,7,0,-0.1753,0,0.2855,0.0526,1.9021,0,2.3103,0.1578,1.8039,0,0.1434,0.0908,0,67,0,1,0.8488,0.4747,0.1597,0.0991,0,0.3235,2.0225,-0.0113,-4,0,1,0.1995,0,0,1.7997,0
CUST-00198,8,1,0.2069,10,0.1684,0.3066,0.5712,1,2.6882,0.421,8.6725,1,0.2145,0.3842,0,12,0,1,0.8174,0.6754,0.1919,-0.2932,0,0.4116,2.0321,0.118,14,3,26,0.1978,0,0,0.9571,0
CUST-00198,9,1,0.2592,12,0.0822,0.3671,-0.1553,2,4.598,0.7444,14.3145,2,0.1621,0.2658,2,35,1,2,1.531,2.2432,0.4297,0.2727,3,0.4033,2.3665,0.1366,19,2,16,0.6364,1,40,0.7873,0
CUST-00198,10,1,0.3947,22,0.1284,0.5954,0.4824,2,5.8612,0.5157,16.626,3,0.6452,0.6208,4,-20,0,9,1.282,2.3531,0.5649,0.4477,3,0.8516,2.265,0.173,58,5,80,0.4117,1,76,0.4129,0
CUST-00199,0,0,0.1075,0,0.9703,0.1699,1.4084,0,2.6789,0.3403,3.5704,0,0.0682,-0.0101,0,176,0,1,0.7738,-0.234,0.2946,0.0376,1,0.5603,0.4676,-0.0998,-36,1,0,0.1118,0,0,0.8947,0
CUST-00199,1,0,-0.1777,2,0.8208,0.3405,1.662,0,5.6656,0.3398,0,1,0.3613,-0.1218,0,187,0,0,0.8769,-0.2933,0.3413,0.0662,1,0.1878,0.5878,0.0229,-8,1,0,-0.066,0,0,1.502,0
CUST-00199,2,0,0.1348,2,1.0946,0.3345,0.8427,0,3.8387,0.3223,0,0,0.2711,0.3536,1,236,0,0,0.7788,0.6375,0.1872,0.142,0,0.5522,1.5204,-0.1368,-20,1,10,0.2394,0,0,1.6889,0
CUST-00199,3,0,-0.0322,7,0.3136,0.1361,1.2551,0,1.6582,0.2701,2.8632,0,0.0623,-0.1062,0,179,0,0,0.973,-0.6516,0.3483,0.0324,0,0.2568,1.5384,-0.0771,-30,2,10,0.0296,0,13,1.2853,0
CUST-00199,4,0,-0.0787,1,0.3989,0.2278,0.6335,1,0.9131,0.1816,4.4382,1,0.0559,-0.0658,1,203,0,0,0.7915,-0.9711,0.2212,-0.1675,1,0.4295,1.8097,0.0287,6,1,0,0.1611,0,0,1.6769,0
CUST-00199,5,0,0.0497,2,0.4117,0.2876,1.1245,0,2.8391,0.2552,2.0924,0,0.0012,-0.0047,2,101,0,0,1.1024,0.662,0.1361,0.0039,0,0.5311,0.2088,0.0042,10,0,2,0.2192,0,0,1.3598,0
CUST-00199,6,0,-0.0137,3,0.4405,0.2347,0.991,0,1.5383,0.1913,0.4364,1,0,-0.0751,0,176,0,0,0.915,0.822,0.0283,-0.0539,0,0.2824,1.0647,0.041,14,1,4,0.0005,0,21,1.3182,0
CUST-00199,7,0,-0.0943,5,0.3962,0.1878,1.6036,0,0.8124,0.1581,0,2,0,-0.3061,0,281,0,2,0.8733,0.6108,0.2131,-0.0778,0,0.4675,1.186,-0.0551,-1,0,3,0.087,0,3,1.2171,0
CUST-00199,8,0,0.1457,3,0.3559,0.047,0.5685,0,1.7618,0.2606,1.4675,0,0.1307,0.1091,1,257,0,0,0.7999,-1.0593,0.0828,0.2453,0,0.4067,0.9844,-0.0041,-15,0,14,0.1894,0,5,1.166,0
CUST-00199,9,0,-0.0733,3,0.6518,0.3324,1.0666,0,2.9971,0.4926,0.69,0,0.0093,-0.1781,0,68,0,0,0.8977,-1.4456,0.2394,-0.0026,0,0.2625,0.9731,0.0708,-13,0,19,0.2617,0,13,1.6682,0
CUST-00199,10,0,0.0544,1,0.5859,0.2911,0.6845,0,3.4335,0.3668,0,0,0,0.085,1,159,0,0,1.0637,0.1109,0.4188,0.0717,0,0.1882,0.4963,-0.0571,19,1,0,-0.0215,0,0,0.9243,0
CUST-00199,11,0,0.1254,0,0.6197,0.32,0.8588,0,3.4741,0.2965,0,1,0,-0.2247,1,223,0,0,0.694,0.544,0.1448,0.0694,1,0.3424,0.9099,0.085,-14,0,0,0.1422,0,6,1.1321,0
CUST-00200,0,0,0.2285,0,0.3489,0.1917,1.0175,0,3.2269,0.2894,5.0025,0,0,0.1514,1,219,0,0,1.0805,0.2584,0,0.2152,0,0.3829,1.24,0.1618,6,0,5,0.0365,0,0,1.6687,0
CUST-00200,1,0,0.1732,1,0.8507,0.3229,1.9002,0,0.7885,0.0254,4.4347,0,0.1454,-0.0985,1,104,0,0,0.8177,0.2804,0.1042,0.0164,1,0.3341,0.8339,-0.1266,-4,0,5,-0.0775,0,0,0.925,0
CUST-00200,2,0,0.0646,4,0.7782,0.0748,1.8103,1,3.1814,0.2099,0,1,0.0271,-0.0523,0,180,0,0,1.1188,0.3065,0.1939,-0.3505,0,0.3443,0.832,-0.0985,-8,1,4,-0.0691,0,5,1.6127,0
CUST-00200,3,0,0.1487,0,0.8663,0.1895,1.1596,0,3.0252,0.3308,5.9326,1,0.0179,0.0441,0,271,0,1,0.9897,0.3224,0.3837,0.3022,1,0.2323,0.6001,0.1452,22,1,7,0.1717,0,0,0.942,0
CUST-00200,4,0,0.1476,0,0.7845,0.091,0.4996,1,3.8073,0.1709,0,1,0.1717,0.0072,0,191,0,0,0.872,0.6513,0.3832,-0.1527,0,0.4685,0.7486,0.0037,1,2,0,0.2392,0,13,1.6447,0
CUST-00200,5,0,-0.0889,6,0.557,0.1232,0.7844,1,2.4667,0.1014,0.3109,0,0,0.4331,0,175,0,1,0.6607,0.607,0.1528,0.3133,0,0.2648,1.4574,0.0306,34,0,17,0.2908,0,4,0.9263,0
CUST-00200,6,0,0.0503,3,0.3392,0.2258,1.3695,0,2.957,0.2797,0,0,0,-0.1046,0,200,1,1,1.1374,-0.1289,0.0154,0.0502,0,0.3424,1.1219,0.0055,14,0,21,0.1526,0,0,1.4366,0
CUST-00200,7,0,-0.0049,0,0.5092,0.2272,1.1111,0,2.4693,0.183,3.6052,1,0,-0.0128,2,144,0,0,0.7919,-0.3268,0.1673,0.0104,0,0.3341,1.0654,0.0394,33,0,4,0.4643,0,0,1.4251,0
CUST-00200,8,0,0.2397,2,0.5507,0.3227,1.1884,1,3.0268,0.5348,1.8116,0,0.0579,0.0553,0,145,0,0,0.9711,-0.5635,0.1539,0.2012,0,0.5428,0.6914,0.0615,-6,1,9,-0.1909,0,2,1.6677,0
CUST-00200,9,0,-0.0628,8,0.5239,0.2279,0.992,0,2.6287,0.3757,4.7272,0,0.0308,0.0853,1,237,0,0,0.9821,-0.2928,0.2576,-0.0164,0,0.3441,1.7122,-0.0032,-26,0,0,0.1076,0,0,1.4016,0
CUST-00200,10,0,-0.197,0,0.5663,0.2234,1.0825,0,2.7778,0.4588,6.0717,0,0.114,0.3064,1,194,0,0,0.9719,0.7338,0.1534,-0.0831,0,0.3096,0.2,0.0351,-11,0,12,-0.0658,0,14,1.504,0
CUST-00200,11,0,0.0201,4,0.6068,0.0695,1.8341,0,3.2823,0.168,3.4791,1,0.0783,-0.0656,0,144,0,2,0.9049,0.4895,0.0855,-0.0581,1,0.2743,2.4397,0.024,17,0,21,-0.0682,0,0,1.4279,0
CUST-00201,0,0,0.0624,1,0.8574,0.1145,1.1993,0,1.2582,0.5198,0,1,0,0.5039,2,148,0,0,0.6088,-0.2596,0.4336,0.254,0,0.1747,0.7607,0.1214,-11,0,4,-0.1697,0,10,1.206,0
CUST-00201,1,0,0.0447,4,0.4129,0.0608,1.4202,1,2.7829,0.201,0,1,0,-0.2814,0,121,0,0,0.9375,-1.2498,0.0529,0.0146,0,0.5766,1.4004,0.1425,-15,0,0,0.0578,0,6,1.4842,0
CUST-00201,2,0,-0.0828,1,0.8176,0.1697,1.5631,0,1.9662,0.5166,0,0,0.0951,0.0797,1,236,0,1,1.0861,0.8781,0.0059,0.2514,0,0.4193,1.0707,-0.0881,-9,0,0,0.2791,0,0,1.4263,0
CUST-00201,3,0,0.0161,2,0.3874,0.1483,1.7331,0,4.239,0.229,1.2424,1,0.0521,-0.0399,0,249,0,0,0.6829,0.5536,0.0435,-0.275,0,0.1739,1.9854,-0.0223,-11,1,10,0.0974,0,0,1.2206,0
CUST-00201,4,0,0.3671,6,0.6498,0.3454,1.3777,0,0.2775,0.3088,0,1,0.0658,-0.1079,0,112,0,0,0.7568,-0.4685,0.1188,0.2204,2,0.3675,2.2553,0.0666,26,0,11,-0.1211,0,0,1.5362,0
CUST-00201,5,0,0.0287,0,0.1166,0.2227,1.1499,0,0.9735,0.144,2.0057,0,0.0463,-0.1966,2,203,0,1,0.9556,-1.5085,0.1896,0.0818,2,0.3133,2.0461,0.1049,10,1,12,-0.1531,0,0,1.4049,0
CUST-00201,6,0,0.0148,0,0.01,0.2444,0.9375,0,1.9963,0.2499,0,0,0.0518,0.1332,0,227,0,0,1.0535,-0.9528,0.1375,0.1643,0,0.1,1.4877,0.0906,28,0,1,0.3874,0,0,1.7206,0
CUST-00201,7,0,0.1437,6,0.3682,0.2685,1.1128,1,1.5627,0.2863,8.4776,0,0.0699,0.0079,0,96,0,0,0.8413,-0.3562,0.1333,0.136,1,0.2707,0.6956,-0.1882,-12,0,28,-0.4418,0,6,0.8414,0
CUST-00201,8,0,-0.0401,6,0.2334,0.2062,0.858,0,2.2733,0.1596,3.869,0,0.359,0.1903,0,99,0,1,0.9946,-0.1692,0.0644,-0.0798,1,0.4563,0.9881,0.2969,11,0,0,-0.1424,0,0,1.2767,0
CUST-00201,9,0,0.1066,0,0.3265,0.2548,1.6049,1,2.2516,0.2039,0,1,0,-0.1699,0,261,0,0,0.6179,-0.6497,0.3501,-0.0898,0,0.4861,1.5775,0.0454,-27,1,0,-0.2294,0,0,1.4025,0
CUST-00201,10,0,-0.0788,0,0.8106,0.2002,1.854,0,3.9549,0.2371,5.8192,1,0.0713,0.1726,0,207,0,1,0.7048,-0.2699,0.3177,-0.1111,1,0.4669,0.3269,0.0623,39,0,17,-0.1688,0,3,1.5051,0
CUST-00201,11,0,0.1162,0,0.6582,0.3521,1.7313,0,1.8805,0.0972,5.5509,0,0.1344,0.0002,1,146,0,0,1.0685,-0.828,0.3104,0.2757,0,0.3845,1.0793,0.0121,13,0,0,0.3764,0,0,1.2437,0
CUST-00202,0,0,-0.0039,2,0.8806,0.0212,1.544,0,0.2,0.2674,1.8679,0,0.0403,0.0532,0,194,0,3,0.9689,-0.7245,0.0675,-0.1023,0,0.2782,0.2,0.0325,-13,0,8,-0.1128,0,0,1.7502,0
CUST-00202,1,0,0.2003,4,0.4433,0.2184,0.8155,0,2.4596,0.0695,0,0,0,0.2387,2,250,0,4,0.9441,-0.7551,0.1618,-0.0132,1,0.227,0.2381,-0.1944,-12,1,0,-0.0365,0,3,1.0846,0
CUST-00202,2,0,0.0808,3,0.609,0.3016,1.3438,0,3.7603,0.5956,0,0,0.2137,-0.338,0,294,0,0,0.9857,-0.7609,0.0623,0.0108,0,0.3231,0.61,0.0563,22,0,0,0.1447,0,15,1.636,0
CUST-00202,3,0,-0.1553,0,0.6408,0.3144,1.3009,1,2.2949,0.3106,4.741,0,0.0604,0.2255,0,129,0,1,0.893,0.1117,0.1709,-0.2424,3,0.2206,0.9657,-0.0653,20,0,0,-0.0309,0,6,1.356,0
CUST-00202,4,0,0.0505,3,0.9473,0.1315,0.6497,1,2.3908,0.2823,1.2324,0,0.0937,0.1581,2,151,0,0,1.1916,-0.3751,0.1256,0.2567,0,0.2608,1.9096,0.0251,8,0,11,-0.0817,0,0,1.6514,0
CUST-00202,5,0,0.019,5,0.7639,0.1762,1.173,0,2.5826,0.0173,0,0,0.0913,-0.0207,0,212,0,1,0.8202,-0.7058,0.2391,0.1628,0,0.3851,0.8312,0.0258,-1,3,7,-0.158,0,10,1.3366,0
CUST-00202,6,0,0.0713,4,0.8296,0.2111,1.5222,0,2.638,0.2789,0,0,0,0.1199,0,145,0,1,0.9812,-0.6417,0.1869,-0.0654,0,0.366,1.1864,0.1649,-14,0,0,-0.2712,0,0,1.4476,0
CUST-00202,7,0,0.0574,3,0.9849,0.1278,1.4578,0,1.5098,0.2158,1.796,0,0.0963,0.1305,0,94,0,0,0.6292,-0.7433,0.3039,-0.2488,0,0.2635,1.1997,0.0196,-19,0,0,0.1791,0,0,1.3323,0
CUST-00202,8,0,0.0721,6,0.518,0.0202,1.7971,0,3.0239,0.1369,2.0167,0,0,0.0604,0,215,0,0,1.1031,0.1757,0.2379,0.1407,1,0.3744,1.3212,-0.0516,-5,0,4,0.1544,0,3,1.5952,0
CUST-00202,9,0,-0.0503,4,0.604,0.2546,1.4352,0,2.8273,0.4636,5.4563,0,0.0426,0.0858,0,245,0,0,0.5625,-0.4474,0.2112,0.1052,0,0.4076,1.4187,-0.0092,-20,0,10,0.4055,0,0,1.3316,0
CUST-00202,10,0,0.2367,0,0.6919,0.2758,1.0126,0,0.6704,0.376,0.4755,0,0.1763,-0.0159,0,165,0,1,1.1179,0.7575,0.1059,0.1114,1,0.2446,1.3383,0.0416,-21,0,3,0.0779,0,7,1.4442,0
CUST-00202,11,0,0.0311,8,0.4242,0.2509,1.4844,0,2.5543,0.3537,1.3324,1,0.1375,0.2515,0,130,0,1,0.8293,1.2466,0.3112,-0.4,0,0.5727,1.1566,-0.0552,-5,2,0,0.1982,0,13,1.7653,0
CUST-00203,0,0,0.0879,1,0.175,0.1993,1.3784,0,0.6228,0.2937,0,0,0,-0.1693,2,144,0,0,0.9341,0.7542,0.0814,0.0716,0,0.296,0.4098,-0.036,44,0,0,0.2808,0,5,1.5904,0
CUST-00203,1,0,0.0738,2,0.5323,0.017,1.1653,0,0.8949,0.4718,0.8137,0,0.0528,-0.0254,0,225,0,1,0.768,0.7006,0.1457,0.0353,0,0.3617,0.6173,-0.1496,-4,0,0,0.2191,0,0,1.3357,0
CUST-00203,2,0,0.0069,4,0.5709,0.2417,1.1724,0,2.3372,0.2257,0.1191,0,0.0872,-0.3125,1,244,0,1,1.0781,-1.2665,0.2445,-0.4,1,0.5157,1.2839,0.1415,-19,0,0,-0.0018,0,11,1.1979,0
CUST-00203,3,0,0.2815,4,0.9436,0.2412,1.3075,0,1.8748,0.2112,0,0,0.0504,0.0988,0,214,0,0,0.9647,-0.3446,0.1221,0.068,1,0.1893,1.6228,0.1538,29,0,16,-0.1863,0,0,1.138,0
CUST-00203,4,0,0.0457,2,0.4878,0.2752,0.863,0,0.5978,0.2605,2.9808,0,0.0359,-0.1958,2,227,0,0,0.5999,-0.9153,0.314,-0.1238,1,0.4103,1.2268,-0.0117,13,0,0,-0.1923,0,8,1.3648,0
CUST-00203,5,0,-0.0761,0,0.01,0.2591,1.8197,0,2.9662,0.0252,4.2048,1,0.1369,0.242,0,161,0,0,0.7296,1.2957,0.1948,-0.2112,0,0.2251,0.7747,-0.0488,15,0,20,0.2797,0,0,1.2318,0
CUST-00203,6,0,0.1562,0,0.7503,0.2463,0.9906,1,3.898,0.3808,3.29,0,0.0508,0.3328,0,216,0,0,0.8613,-0.6377,0.2087,0.078,0,0.4179,0.4347,-0.0093,-4,0,0,0.0676,0,0,1.2229,0
CUST-00203,7,0,0.1812,0,0.3776,0.1088,1.2379,0,2.7367,0.3055,0,0,0,0.2463,0,222,0,2,1.212,-0.0566,0.0315,-0.4,0,0.3257,0.4617,0.1481,30,0,0,0.2724,0,0,1.1383,0
CUST-00203,8,0,-0.0063,5,0.863,0.2419,1.3358,1,0.2,0.4349,0,0,0.0565,0.213,1,253,0,1,0.9656,-0.7333,0.1853,0.0461,1,0.3678,2.3464,-0.0586,15,0,5,-0.0368,0,0,1.0818,0
CUST-00203,9,0,0.2411,7,0.7999,0.2044,1.5163,1,0.2,0.4121,2.7701,1,0,-0.3226,0,172,0,0,1.0171,0.189,0.1588,0.1749,0,0.272,1.0334,-0.1897,24,1,16,0.2663,0,0,1.2389,0
CUST-00203,10,0,0.2152,4,0.7265,0.39,1.8742,0,2.5886,0.329,0,0,0.0351,0.0735,0,181,0,0,0.7937,0.3862,0.1634,0.0582,0,0.4729,0.5799,-0.0986,-5,2,6,-0.0625,0,13,1.441,0
CUST-00203,11,0,0.0188,6,0.907,0.2155,1.4058,0,4.4725,0.3627,1.0556,0,0,0.3082,0,164,0,0,0.8607,0.2478,0.1853,0.1191,0,0.4602,0.6778,0.0448,-4,1,14,0.0775,0,8,1.3585,0
CUST-00204,0,0,-0.042,0,0.6722,0.1257,1.5668,0,3.7956,0.4088,1.9993,0,0.0099,0.3176,0,186,0,2,0.6412,-0.2268,0.122,0.1036,0,0.3676,0.8836,-0.0901,11,1,0,0.2831,0,0,1.5619,0
CUST-00204,1,0,0.1227,0,0.4446,0.0677,1.3526,1,0.4156,0.5377,0,1,0.1653,-0.1977,0,177,0,1,0.6884,-0.0797,0.095,-0.352,0,0.4165,0.9714,-0.1678,-11,0,0,-0.0171,0,27,1.3724,0
CUST-00204,2,0,0.2091,0,0.3201,0.2109,0.7822,1,2.5731,0.3092,6.0049,2,0.0068,0.2993,0,236,0,0,0.8212,-0.1159,0.273,-0.0206,0,0.3041,0.9466,-0.0834,-1,0,13,0.0772,0,0,1.5766,0
CUST-00204,3,0,0.1316,4,0.3732,0.1203,1.0862,0,0.2,0.3603,0.0465,0,0.1919,0.1962,0,97,0,0,0.6824,0.3383,0.1972,-0.1688,0,0.3105,0.325,-0.0195,26,1,13,0.015,0,0,1.4349,0
CUST-00204,4,0,0.0443,2,0.9016,0.2792,0.6714,0,1.2702,0.3299,0,1,0.1333,0.0231,0,139,0,0,0.6859,0.9922,0.2773,0.2131,0,0.5361,1.2781,-0.0318,20,1,10,0.2152,0,0,1.5684,0
CUST-00204,5,0,-0.019,7,0.6288,0.1221,1.6413,1,1.998,0.0914,0,0,0.2196,-0.1311,0,110,0,0,0.831,0.3028,0.3052,0.1576,0,0.2107,1.0964,0.0094,-1,1,4,0.2833,0,0,1.4523,0
CUST-00204,6,0,0.1298,2,0.4729,0.2299,1.1362,1,0.2,0.3131,2.671,0,0.1288,-0.1938,0,202,0,0,0.8145,0.0367,0.2331,0.0239,0,0.3139,1.4329,0.1152,4,0,1,0.5095,0,0,1.0584,0
CUST-00204,7,0,0.2404,2,0.4777,0.0945,1.3986,0,1.8732,0.0229,1.7234,1,0.175,0.0192,2,209,0,0,1.1438,-1.0057,0.1044,-0.2108,1,0.3781,0.5255,-0.0708,22,0,4,0.0485,0,8,1.1992,0
CUST-00204,8,0,0.2506,2,0.4867,0.3039,1.4164,0,0.2,0.4728,1.3039,0,0.0349,-0.0602,0,190,0,0,0.7884,0.2792,0.0382,0.0438,1,0.3791,1.2918,0.0231,-12,0,9,0.0933,0,0,1.2685,0
CUST-00204,9,0,0.1213,1,0.3445,0.3335,1.2341,0,1.5644,0.3254,3.2006,2,0.1893,0.176,0,157,0,1,0.9805,0.7985,0.1369,-0.2808,0,0.3065,1.1261,0.0324,36,0,19,-0.1378,0,0,1.3209,0
CUST-00204,10,0,0.1584,2,0.4536,0.1106,1.1846,0,0.6113,0,1.7183,0,0,0.1262,0,129,0,1,0.8536,0.2154,0.1083,-0.0504,1,0.4536,0.997,-0.1423,-7,0,0,0.1532,0,0,1.2344,0
CUST-00204,11,0,-0.1429,6,1.0287,0.2703,1.2321,0,2.4727,0.3671,0,1,0.0008,0.0784,0,179,0,0,0.8604,0.2578,0.0137,-0.1877,1,0.4266,0.7659,-0.1482,-14,0,12,0.1255,0,0,1.4233,0
CUST-00205,0,0,0.2774,9,0.571,0.1781,0.4054,0,4.3302,0.2324,0,1,0.0335,0.0433,0,179,0,1,1.024,0.8351,0.2,-0.0638,0,0.3715,0.7698,-0.1174,-38,0,11,-0.2648,0,0,1.5185,0
CUST-00205,1,0,-0.2,3,0.3166,0.1871,1.6935,0,3.5448,0.2342,0,0,0.0566,0.0416,0,245,0,0,0.7816,0.5151,0.0676,0.1808,0,0.376,0.705,-0.0164,-34,1,0,-0.1227,0,0,1.2123,0
CUST-00205,2,0,0.1368,1,0.637,0.1032,1.6437,0,1.9263,0.3948,0,0,0.0458,0.1657,2,33,0,0,0.6988,-0.62,0.3062,0.1395,0,0.2862,0.2,0.0509,-5,3,15,-0.0673,0,0,1.3748,0
CUST-00205,3,0,0.0223,2,0.8174,0.084,1.6415,0,2.2782,0.5876,0.949,1,0,-0.0202,1,123,0,1,0.8316,-0.3311,0.1432,0.198,0,0.4228,0.2,-0.0335,-32,1,11,0.3302,0,14,1.1298,0
CUST-00205,4,0,0.0286,0,0.6215,0.3069,1.1371,0,3.9719,0.0784,6.146,0,0.0555,-0.0021,0,150,0,0,0.8266,-1.4602,0.3605,-0.1317,0,0.5007,1.1193,0.1484,10,0,0,-0.0834,0,0,1.3824,0
CUST-00205,5,0,-0.0016,0,0.7963,0.2994,0.9632,0,3.2633,0.2111,0,0,0,0.4153,0,170,0,0,1.0199,0.0041,0.0829,-0.0002,1,0.3204,2.1687,0.0742,21,1,11,-0.154,0,0,1.0817,0
CUST-00205,6,0,0.0355,0,0.5014,0.2073,0.9752,0,2.1439,0.0981,0,0,0.2752,0.3264,0,280,0,0,1.0507,0.2234,0.2489,0.1662,1,0.2784,1.8636,-0.0293,23,0,0,0.1454,0,5,1.4803,0
CUST-00205,7,0,0.2001,0,0.4207,0.4193,1.4863,0,2.1704,0.333,4.529,0,0,0.0286,0,272,0,0,1.0578,0.4694,0.4287,0.4128,0,0.3981,0.8927,0.1396,-7,0,6,-0.0779,0,19,1.8901,0
CUST-00205,8,0,-0.0414,0,0.8686,0.0273,1.3459,0,3.3668,0.0659,1.4972,2,0.0441,-0.2914,0,131,0,1,0.744,-1.2254,0.4493,0.0434,0,0.2036,1.5193,0.0834,30,0,0,0.2673,0,0,0.9489,0
CUST-00205,9,0,-0.0272,1,0.7774,0.2547,1.5323,0,1.0332,0.0346,0.199,0,0.1043,-0.0968,0,147,0,1,0.6703,0.5149,0.2945,-0.0433,1,0.5354,1.4657,-0.006,-20,1,0,-0.0905,0,0,1.4087,0
CUST-00205,10,0,0.2385,0,0.6755,0.1777,1.0977,0,1.1715,0.183,3.9629,0,0.0857,-0.1212,0,277,0,0,0.8936,0.0877,0.3649,0.2426,2,0.1668,0.9607,0.164,-32,1,11,-0.1454,0,0,1.4465,0
CUST-00205,11,0,0.0383,6,0.341,0.2397,1.2496,1,1.4001,0.0778,2.4224,0,0,-0.1555,1,290,0,0,1.032,0.0612,0.2018,-0.0903,0,0.3251,2.1059,-0.0061,26,1,0,-0.3205,0,9,1.2978,0
CUST-00206,0,0,0.0395,4,0.5937,0.0755,1.253,1,2.0726,0.3576,5.5406,0,0.1783,-0.2926,0,119,0,1,0.9583,0.4095,0.1915,-0.0128,0,0.2698,1.7435,-0.0025,-24,2,7,0.0077,0,0,1.5022,0
CUST-00206,1,0,-0.1237,2,0.4679,0.0473,1.494,0,1.9242,0.1543,0,0,0.1261,0.0706,1,175,0,0,0.918,-0.133,0.3162,0.1506,0,0.358,1.5441,-0.0074,58,1,15,0.3161,0,7,1.1981,0
CUST-00206,2,0,-0.0207,2,0.479,0.3359,1.3542,0,1.8838,0,0,0,0.021,-0.1623,0,25,0,0,0.6374,0.3609,0.0617,-0.0594,1,0.3768,0.2,-0.0622,-31,1,3,-0.2866,0,1,1.9588,0
CUST-00206,3,0,0.2219,5,0.7065,0.0781,1.2709,0,2.8743,0.1218,3.6213,1,0.2481,-0.0286,0,184,0,0,1.097,0.4515,0.242,0.1778,0,0.4449,1.3398,0.046,23,0,0,0.1851,0,0,1.4053,0
CUST-00206,4,0,0.061,5,0.6973,0,1.7364,0,0.2,0.0806,0,0,0.048,-0.1489,0,252,0,0,0.8215,0.5698,0,-0.1138,0,0.1923,1.3269,0.071,2,0,2,0.2502,0,0,1.0766,0
CUST-00206,5,0,-0.1076,0,0.4422,0.1602,1.6511,0,0.2476,0.1698,0,0,0,-0.0597,0,246,0,2,0.7387,-0.0507,0.2516,0.127,0,0.4,1.1021,0.1177,-4,0,10,0.2566,0,15,1.4517,0
CUST-00206,6,0,-0.0824,3,0.4811,0.1817,1.1974,0,2.7318,0.2617,0,1,0.0364,-0.001,0,168,0,1,0.6844,0.3472,0.0608,-0.1834,0,0.407,0.2,-0.0274,-7,0,24,0.1465,0,3,1.1442,0
CUST-00206,7,0,-0.1365,3,0.5991,0.0126,0.9045,0,3.727,0.4153,0.2844,0,0.2466,-0.3055,1,187,0,2,1.1092,0.6738,0.1525,-0.1198,0,0.1,1.1699,-0.001,25,0,0,0.2418,0,1,1.3812,0
CUST-00206,8,0,0.0403,0,0.3705,0.2243,1.3517,0,3.6027,0.1736,0,1,0,-0.4093,0,235,0,1,1.0467,-0.5312,0.4552,-0.2248,0,0.3947,1.2022,-0.1012,-21,0,6,0.0309,0,17,1.6595,0
CUST-00206,9,0,-0.0278,0,0.5783,0.3461,1.2187,1,2.3219,0.3841,0,0,0,0.3792,0,162,0,0,0.7821,1.3334,0.0921,0.1283,0,0.3759,1.468,-0.0792,6,0,16,0.3009,0,10,1.283,0
CUST-00206,10,0,0.0279,1,0.9329,0.1823,1.1917,0,1.2339,0.3515,0,0,0,-0.0881,0,112,0,0,0.9113,-1.0341,0,0.4225,1,0.455,1.2992,-0.0524,-8,1,10,0.2149,0,0,0.9183,0
CUST-00206,11,0,0.101,4,0.5763,0.2122,1.202,0,2.7809,0.2693,3.6307,0,0.0226,0.0197,0,208,0,0,0.686,-0.9839,0.1814,0.0169,0,0.2493,0.4305,-0.0825,-10,0,0,0.0966,0,0,1.7169,0
CUST-00207,0,0,0.1236,1,1.0424,0.1768,1.3501,0,3.2157,0.1016,1.9909,0,0.2977,0.0915,0,194,0,1,0.8392,1.3462,0.1177,0.097,0,0.2823,0.4847,-0.0524,-42,0,7,0.3187,0,0,1.133,0
CUST-00207,1,0,0.0977,0,0.8786,0.1061,1.3593,0,0.2,0.2984,0.2066,0,0,-0.0263,0,143,0,0,0.9752,0.5638,0.2382,0.2625,1,0.4733,0.4318,0.0371,12,3,0,-0.0033,0,0,1.4478,0
CUST-00207,2,0,-0.0638,2,0.2174,0.2275,1.1004,0,2.1285,0.1796,0.2235,0,0.1654,0.2768,0,176,0,1,0.6421,-0.0526,0.1691,-0.0978,0,0.3689,2.4913,0.0808,19,0,0,0.2324,0,0,1.3877,0
CUST-00207,3,0,-0.0182,1,0.4035,0.2311,1.6144,0,2.2579,0.1268,2.8088,0,0,-0.0138,0,262,0,0,0.738,0.349,0.0996,0.0528,0,0.2496,0.2,-0.0796,-22,1,2,0.1727,0,3,1.4458,0
CUST-00207,4,0,0.0222,3,0.7431,0.2291,1.1788,0,3.3166,0.5846,2.769,1,0,-0.1739,0,271,0,0,0.9056,0.9738,0.3304,-0.029,0,0.2791,1.5874,-0.0129,13,0,8,0.1861,0,1,2.2429,0
CUST-00207,5,0,0.1605,1,0.1658,0.2394,1.5021,0,3.4592,0.5482,4.775,0,0.1041,0.0917,1,201,0,0,1.1009,-0.0355,0.0962,0.1017,0,0.266,0.959,0.1698,-14,0,0,0.0334,0,0,1.5475,0
CUST-00207,6,0,-0.1982,2,0.22,0.1214,1.2813,0,2.0077,0.5069,1.4533,1,0.0578,0.1236,0,112,0,0,1.038,0.7522,0.1317,0.2485,0,0.5136,1.3333,-0.084,6,0,0,0.2425,0,3,1.8195,0
CUST-00207,7,0,0.1145,0,0.6116,0.2469,1.3154,0,0.6895,0.1886,3.663,0,0,-0.1967,2,77,0,0,0.8221,0.8012,0.233,-0.3584,1,0.4356,0.9203,-0.1038,-17,2,13,0.1501,0,0,1.632,0
CUST-00207,8,0,-0.0568,1,0.6104,0.0896,0.5944,0,2.2231,0.0379,4.8138,0,0.1381,0.1624,2,236,0,0,0.8234,0.0175,0.169,0.1143,0,0.2422,1.1211,-0.0795,-4,2,17,-0.1053,0,9,1.2476,0
CUST-00207,9,0,0.0051,2,0.7548,0.1481,1.6314,0,1.7665,0.3376,2.6952,0,0.019,-0.0536,0,129,0,3,1.0711,0.128,0.338,-0.2395,0,0.4227,1.6853,0.0893,-11,0,11,-0.0045,0,12,1.5035,0
CUST-00207,10,0,-0.1682,0,0.3591,0.1508,1.4363,0,3.5475,0.2939,4.9907,0,0.047,0.0946,1,185,0,0,0.9124,-0.0937,0.2789,0.0558,0,0.391,0.8603,-0.0667,56,0,0,-0.3639,0,0,1.3664,0
CUST-00207,11,0,0.2242,0,0.2218,0.1633,1.0458,0,1.0363,0.5284,2.7139,0,0,0.0107,1,134,0,0,0.8316,0.0639,0.1816,0.0353,0,0.2594,1.0198,0.0061,-1,0,12,0.0521,0,1,1.3674,0
CUST-00208,0,0,0.0405,1,0.7417,0.0432,1.1141,0,2.2247,0.4025,1.3036,0,0.0228,-0.1061,0,175,0,0,1.0482,-0.3672,0.172,-0.1675,0,0.4008,1.611,-0.1635,-28,0,22,-0.0443,0,0,1.6568,0
CUST-00208,1,0,0.0845,0,0.6027,0.1652,1.2115,0,2.9898,0.2376,3.4419,2,0.035,0.1091,0,265,0,1,0.6902,-0.204,0.3538,-0.1681,1,0.2976,0.904,0.0029,-22,0,15,0.0043,0,4,1.0875,0
CUST-00208,2,0,0.1277,2,0.7283,0.2898,0.9101,0,0.6042,0.0163,2.0501,1,0,-0.1529,0,207,0,0,1.0888,0.5398,0.277,0.0903,0,0.3123,0.8807,0.0742,15,0,1,-0.003,0,0,1.3246,0
CUST-00208,3,0,0.0929,0,0.8975,0.2357,1.2731,0,2.2579,0.1553,0,1,0.0173,0.1119,0,182,0,0,0.9324,-0.0284,0.2312,-0.2372,0,0.4508,1.0531,-0.1418,-9,1,10,-0.0293,0,0,1.4419,0
CUST-00208,4,0,0.1407,8,0.7109,0.1459,0.6057,0,2.1032,0.2904,2.8595,1,0.1358,-0.1066,0,174,0,0,0.9508,0.5474,0.0208,0.0205,0,0.3097,0.3364,0.0208,33,0,9,-0.1312,0,16,0.8496,0
CUST-00208,5,0,0.1801,0,0.1203,0.1087,1.205,0,2.6415,0.3501,0,0,0.1911,-0.0998,0,125,0,0,0.7704,0.1963,0.1505,0.2299,0,0.3565,0.7312,-0.0719,22,0,15,0.0401,0,17,1.5389,0
CUST-00208,6,0,0.198,3,0.6182,0.1689,1.1754,0,1.4821,0.2477,4.1054,0,0.1088,0.0938,0,176,0,1,1.2072,-0.5602,0.1955,0.0357,0,0.3158,1.547,0.0729,-25,0,2,-0.1114,0,14,1.1067,0
CUST-00208,7,0,0.1248,1,0.9054,0.1923,0.9867,0,2.4046,0.488,0,3,0.0819,0.0945,0,178,0,0,0.9638,0.3081,0.0377,0.0581,0,0.2536,0.2,0.1179,0,0,0,-0.022,0,0,1.4575,0
CUST-00208,8,0,0.1939,3,0.6616,0.1912,1.0551,0,3.3543,0.2629,0,0,0.0567,-0.1314,0,68,0,0,0.7868,-0.2484,0.0578,-0.0071,0,0.3075,0.3493,-0.0365,-8,0,23,0.1851,0,0,1.5097,0
CUST-00208,9,0,-0.0768,2,0.0654,0.3981,1.1706,0,0.3561,0.4619,1.016,0,0.0172,-0.0676,1,121,0,1,0.8562,-0.6056,0.1997,-0.2335,3,0.1146,0.2,0.1979,2,0,0,-0.1398,0,10,2.048,0
CUST-00208,10,0,0.1004,6,0.8201,0.1836,1.2488,0,2.3425,0.1916,1.2672,1,0,-0.012,0,192,0,0,0.9435,-0.5089,0.2144,0.1632,2,0.4528,1.2445,-0.1394,-20,1,0,-0.1876,0,0,1.6965,0
CUST-00208,11,0,-0.0365,7,0.4551,0.183,1.3377,1,0.8723,0.2677,0,0,0.0129,0.2058,0,111,0,0,0.9622,0.8813,0.2027,0.1049,0,0.5983,1.1733,-0.0753,-4,1,0,0.1399,0,1,1.5907,0
CUST-00209,0,0,0.3642,0,1.0138,0.0966,0.9736,0,0.9755,0.2631,0,0,0.2524,0.225,1,165,0,1,0.6151,0.3484,0.0674,0.1423,0,0.1,0.2,-0.0958,43,2,6,0.1133,0,12,1.3511,0
CUST-00209,1,0,0.0028,6,0.4727,0.4386,0.8542,0,0.8904,0.3481,0.2174,0,0.0526,0.0799,1,144,0,2,0.7648,0.4917,0.3598,0.0535,1,0.253,1.646,0.2033,28,0,4,0.2748,0,0,1.4761,0
CUST-00209,2,0,-0.049,0,0.3396,0.0015,0.9037,0,0.8817,0.4065,0,1,0.1314,0.0016,0,215,0,0,0.7447,0.2036,0.1545,-0.0852,0,0.2116,1.4593,0.0558,-2,0,0,0.2872,0,2,1.5927,0
CUST-00209,3,0,-0.0609,2,0.6835,0.1,1.0658,0,2.4152,0.1144,1.0711,0,0.1042,0.0614,0,95,0,0,0.7731,-0.2559,0.1201,0.1695,1,0.1518,1.3819,0.0823,-32,0,13,0.067,0,0,1.5072,0
CUST-00209,4,0,0.0876,0,0.603,0.1961,1.3753,0,3.5737,0.1182,3.096,0,0.0757,0.0232,0,201,0,0,0.9393,1.3243,0.2859,-0.1169,0,0.4331,1.5806,-0.0338,-33,5,0,-0.1415,0,0,0.945,0
CUST-00209,5,0,0.2116,6,1.0116,0.0722,1.2002,0,3.8337,0.1362,3.9745,0,0.013,-0.3395,0,189,0,0,0.8516,-0.0826,0.0951,0.0533,0,0.2188,0.9269,-0.0287,-12,1,3,0.3028,0,0,1.6576,0
CUST-00209,6,0,0.2021,0,0.2485,0.0876,1.2963,0,0.9379,0.2048,0,0,0.1133,0.2609,0,135,0,1,0.9013,0.2348,0.2339,-0.2166,0,0.523,2.3079,-0.0915,-26,0,0,0.0693,0,25,1.5729,0
CUST-00209,7,0,0.0298,0,0.8802,0,1.2852,0,3.089,0.2396,0,1,0,0.0707,1,198,0,0,1.1011,0.8483,0.1613,-0.0186,0,0.3291,0.4683,0.0937,-39,0,3,-0.13,0,5,1.6814,0
CUST-00209,8,0,0.1634,6,0.9501,0.2065,0.9261,1,2.7364,0.085,0,1,0.3378,0.2798,0,192,0,1,0.7898,0.2026,0.2895,0.1309,0,0.3102,0.8137,-0.1495,-27,2,0,-0.0264,0,0,1.8054,0
CUST-00209,9,0,-0.1292,2,0.8614,0.2078,1.0878,0,2.5595,0.2536,6.1609,1,0.2846,0.2903,0,228,0,0,0.7423,0.3929,0.1643,-0.0045,0,0.3242,0.7519,-0.0862,-1,1,16,-0.0655,0,20,1.4636,0
CUST-00209,10,0,-0.0256,0,0.9103,0.0335,1.5838,0,2.2046,0.304,4.7139,0,0,-0.029,0,89,0,0,0.8189,-0.1417,0.3161,0.1278,0,0.3272,1.0537,0.0939,44,0,0,0.0711,0,3,1.3708,0
CUST-00209,11,0,-0.0392,1,0.3163,0.2988,1.7048,1,4.6361,0.2772,1.4307,2,0.023,0.246,1,166,0,0,1.0769,0.2889,0.317,-0.0667,2,0.4346,0.4893,-0.0567,-50,1,0,-0.001,0,13,1.7163,0
CUST-00210,0,0,0.145,7,0.5232,0.1468,1.7055,0,0.316,0.4024,0,1,0.2256,0.0512,0,83,0,0,0.8817,0.8085,0.5664,0.1285,0,0.2971,1.416,-0.0045,37,0,7,0.2651,0,0,1.2917,0
CUST-00210,1,0,0.1004,2,0.6443,0.0932,1.2878,0,2.7866,0.3295,0,0,0.2398,0.1733,1,231,0,0,0.9302,0.584,0.3947,-0.2267,0,0.3843,1.0637,0.2115,24,0,1,-0.0333,0,7,1.5497,0
CUST-00210,2,0,0.0931,0,0.4517,0.0334,1.2734,1,0.4171,0.4431,4.7235,0,0.0519,-0.0428,0,136,0,0,0.9956,-0.7978,0.1272,-0.3402,1,0.2179,0.5317,-0.1219,18,0,0,0.0943,0,0,1.3432,0
CUST-00210,3,0,0.0017,0,0.7571,0.1949,1.2426,1,2.2408,0.1432,2.0156,0,0.068,-0.2371,0,200,0,0,0.7874,0.4612,0.1161,-0.1797,0,0.2511,1.2069,-0.0137,33,0,18,0.1603,0,11,1.6048,0
CUST-00210,4,0,0.112,0,0.8661,0.2437,1.2165,0,2.6994,0.2549,1.421,1,0.2194,-0.0013,0,118,0,1,0.8694,0.1578,0.1949,-0.1841,0,0.4438,1.0248,-0.2268,24,0,0,0.0045,0,0,1.4656,0
CUST-00210,5,0,0.0843,6,0.338,0.2787,1.3575,0,3.3594,0.4167,0,0,0,0.0628,1,258,0,1,0.9606,-0.3356,0.0323,-0.0789,1,0.4577,2.0059,-0.1184,11,0,24,0.1511,0,0,1.337,0
CUST-00210,6,0,0.1799,1,0.4776,0.1034,1.3826,0,1.5439,0.1147,2.0188,1,0,-0.1269,0,241,0,1,0.8172,0.257,0.0924,-0.1723,0,0.4202,0.6878,0.107,-6,0,0,0.3944,0,6,1.6919,0
CUST-00210,7,0,-0.0475,3,0.8805,0.0124,0.7205,0,2.1911,0.4053,0,1,0.0499,-0.1274,0,71,0,0,0.8145,0.6301,0.3871,-0.2738,3,0.1,0.6893,0.0591,-5,0,0,0.1923,0,6,1.5348,0
CUST-00210,8,0,0.1948,0,0.658,0.2898,1.3343,0,1.2634,0.3694,0,0,0.0719,0.1781,0,95,0,0,0.7127,-0.3271,0,-0.0817,2,0.3538,2.0722,-0.3137,-13,0,0,0.0607,0,0,1.6177,0
CUST-00210,9,0,-0.1055,0,0.2376,0.2646,0.8655,0,2.334,0.2904,0,0,0,-0.4256,0,145,0,0,0.8992,-0.6424,0.2155,0.1658,0,0.2838,0.3001,0.1968,6,0,9,0.2896,0,0,1.7062,0
CUST-00210,10,0,0.03,1,0.5915,0.3334,1.4162,0,3.0946,0.1721,0,0,0.0243,0.1143,0,25,0,1,1.1118,0.7541,0.1159,-0.0169,0,0.4942,0.2,0.0383,-39,0,25,0.0348,0,14,1.1135,0
CUST-00210,11,0,-0.098,0,0.4457,0.2997,1.4248,0,2.2623,0.1585,0,0,0.1157,-0.002,0,72,0,0,1.0647,-0.1609,0,0.0333,0,0.4829,1.986,-0.1024,31,0,19,-0.3416,0,0,1.8197,0
CUST-00211,0,0,-0.016,0,0.6098,0.1471,1.5169,1,2.7131,0.0433,4.0828,1,0.1545,-0.2713,1,27,0,2,0.9443,-0.7385,0.2199,-0.2297,0,0.1751,0.7496,-0.0005,9,0,0,-0.3984,0,0,1.5458,0
CUST-00211,1,0,0.2662,3,0.3744,0,1.7304,1,1.5211,0.1338,3.7209,0,0.1926,0.0366,0,227,0,0,0.8707,-0.5332,0.2487,0.1104,1,0.4594,0.584,0.0552,29,1,15,0.0613,0,0,1.2611,0
CUST-00211,2,0,-0.0011,1,0.7798,0.2818,1.9699,0,4.4368,0.4302,2.2601,0,0.1418,-0.0279,0,78,1,1,1.0962,-0.0626,0.2467,0.0573,0,0.3076,1.5043,-0.0468,33,0,2,-0.2819,0,0,1.6764,0
CUST-00211,3,0,0.2369,0,0.3297,0.2436,1.2977,0,0.6743,0.1955,0,1,0.0505,-0.2266,1,76,0,0,1.0215,0.5737,0.1395,-0.1273,0,0.3357,0.9752,-0.0965,-1,0,6,-0.0286,0,0,1.1596,0
CUST-00211,4,0,0.0306,1,0.6676,0.4614,1.072,1,3.483,0.1417,0.9051,1,0,0.2756,1,194,0,1,0.9855,-0.3842,0.1303,-0.3027,2,0.2652,1.2276,0.14,21,0,16,-0.0816,0,1,1.6224,0
CUST-00211,5,0,0.0789,6,0.7679,0.0935,0.7511,0,0.2369,0.2679,0.7827,0,0.0217,-0.0901,0,270,0,0,0.8434,0.3216,0,0.3123,0,0.3548,1.1158,0.0986,13,1,18,0.2457,0,0,1.3711,0
CUST-00211,6,0,0.1395,1,0.2745,0.0568,1.0673,0,1.4554,0.571,0,0,0.1742,0.2425,1,239,0,3,0.9526,-1.1204,0,0.1958,1,0.4014,1.3655,0.0702,-10,0,0,0.1404,0,0,1.6878,0
CUST-00211,7,0,-0.0622,4,0.4189,0.2938,1.4747,0,2.625,0,3.9783,1,0.1409,-0.0568,1,172,0,0,0.9694,0.2813,0.081,-0.0364,1,0.3906,1.5288,-0.0962,23,0,0,0.0029,0,9,0.9823,0
CUST-00211,8,0,0.0306,3,0.4772,0.1567,1.0738,0,1.4868,0.2898,1.6654,0,0,-0.0735,1,97,0,0,0.895,-0.3545,0.3044,-0.0636,1,0.5183,1.551,-0.1155,10,0,0,0.1495,0,0,1.2957,0
CUST-00211,9,0,-0.1463,2,0.5781,0.1836,1.4863,0,2.0388,0.1944,0.3966,0,0.0643,-0.2435,0,139,0,0,0.7147,-0.5874,0.146,-0.134,0,0.3306,1.2532,-0.0098,17,1,6,-0.1154,0,0,1.8838,0
CUST-00211,10,0,-0.1964,4,0.7801,0.1882,1.3902,1,0.3404,0.4302,0.3746,1,0.1091,0.0637,1,201,0,3,0.8715,-0.3732,0.0844,0.04,0,0.1,1.6414,-0.0624,6,0,9,0.4281,0,0,1.5587,0
CUST-00211,11,0,-0.0901,1,0.4686,0.144,1.825,0,2.1948,0.0633,7.4625,1,0.0515,0.3153,0,28,0,1,0.7891,-0.1673,0,0.0564,0,0.5176,1.3895,0.016,9,0,5,0.3641,0,7,1.2744,0
CUST-00212,0,0,-0.1357,0,0.5148,0,0.8465,1,0.2941,0.7102,0.1991,0,0.0272,0.2045,0,69,0,0,1.0253,0.6087,0.1679,0.0649,0,0.6015,1.1896,0.0029,2,0,0,0.2327,0,22,1.7438,0
CUST-00212,1,0,0.0138,11,0.9979,0.1718,1.5097,0,2.0879,0.1225,2.3289,1,0.1619,0.0414,0,155,0,0,0.843,0.5032,0.2039,0.0743,0,0.5381,2.4267,-0.1025,-27,0,0,0.2166,0,3,1.5757,0
CUST-00212,2,0,0.2003,5,0.2219,0.038,1.5168,0,2.3448,0.1765,0,0,0.1223,0.1134,1,200,0,3,1.0578,-0.1911,0.3235,-0.1765,0,0.2768,1.3612,-0.0819,24,0,0,-0.19,0,0,0.8241,0
CUST-00212,3,0,0.341,0,0.4516,0.2704,1.3674,0,2.5381,0.4473,0.7717,1,0,0.2208,2,162,0,1,0.8563,0.1293,0.0936,0.2311,0,0.346,1.1309,-0.0158,-9,0,0,0.0845,0,0,1.5701,0
CUST-00212,4,0,-0.0592,6,0.8323,0.3463,1.7366,0,3.7878,0.0957,3.3406,1,0.1209,0.3427,0,239,0,0,1.0075,1.5926,0.14,0.0952,1,0.4642,1.2122,0.0152,2,0,23,0.007,0,11,1.7608,0
CUST-00212,5,0,0.201,4,0.623,0.2271,1.1149,1,4.1681,0.0689,0,0,0.2044,-0.1576,0,94,0,0,0.8965,0.1088,0,0.4196,1,0.2198,0.6645,-0.0077,-18,0,8,0.0195,0,8,1.315,0
CUST-00212,6,0,-0.0038,3,0.7013,0.1092,1.702,0,3.0444,0.4005,6.6285,0,0.0366,0.2183,1,253,0,0,0.695,0.1713,0.2708,0.0365,1,0.3436,0.4234,-0.0381,-34,0,13,0.172,0,12,1.4717,0
CUST-00212,7,0,-0.0663,3,0.8149,0.1091,1.2283,1,2.6639,0.1509,11.6678,1,0,-0.1057,0,136,0,1,0.8474,0.6422,0.2816,-0.079,0,0.5407,0.886,0.0363,-22,0,5,0.3327,0,9,1.09,0
CUST-00212,8,0,0.0635,8,0.5565,0.1618,1.1811,0,3.4642,0.25,5.0032,0,0.2583,0.2408,0,231,0,0,0.9722,-0.4842,0.4289,-0.3783,2,0.3371,1.2832,-0.1061,-15,0,8,-0.0128,0,12,1.2034,0
CUST-00212,9,0,0.0642,3,0.7402,0.2078,1.2336,0,2.0059,0.3363,0,0,0.1186,-0.0056,0,177,0,1,0.8991,1.2408,0.0774,0.3557,0,0.2701,1.8356,0.0892,20,2,2,-0.0623,0,8,1.3431,0
CUST-00212,10,0,0.2099,8,0.5268,0.1647,1.2206,0,0.8564,0.0594,0,1,0.1731,-0.2046,0,242,0,0,1.0567,0.2316,0.2904,-0.1058,0,0.3585,1.0871,-0.0191,26,1,18,-0.019,0,0,1.2973,0
CUST-00212,11,0,-0.1087,6,0.7113,0.218,1.2398,1,2.7869,0.1835,0.4506,0,0.1216,-0.3239,1,300,0,0,0.8132,1.0469,0.0351,-0.151,1,0.4338,2.4067,-0.049,1,1,30,-0.0636,0,0,1.8268,0
CUST-00213,0,0,-0.0352,1,0.9647,0.2707,0.6109,1,2.2003,0.191,0.7041,1,0.0504,-0.0517,0,270,0,2,0.7582,-0.5817,0.0489,0.0904,1,0.4554,1.0727,-0.1971,9,1,0,0.2427,0,2,0.8925,0
CUST-00213,1,0,0.1736,6,0.485,0.0455,1.1223,0,1.7646,0.1831,5.2924,0,0,-0.1889,0,212,0,0,0.8484,-0.3209,0.1435,0.0466,1,0.2961,0.8134,-0.0086,5,0,12,0.1787,0,19,1.5668,0
CUST-00213,2,0,0.0057,2,0.01,0.0856,1.0009,0,3.2334,0.3558,0,0,0.0351,0.224,0,236,0,0,0.7743,-0.0021,0.1607,0.2667,1,0.55,2.1851,-0.0161,-6,1,3,-0.0547,0,0,1.3937,0
CUST-00213,3,0,0.1292,0,0.7572,0.0195,1.3235,0,2.3097,0.2937,0.9907,2,0.3026,-0.1796,0,157,0,0,0.7665,0.3607,0.2551,-0.3952,2,0.4274,1.7409,-0.0737,-50,0,0,0.0666,0,1,1.6559,0
CUST-00213,4,0,-0.1177,3,0.6327,0.0875,1.2238,0,1.3666,0,0,0,0,-0.2002,0,213,0,1,0.8028,-0.3724,0.241,0.0046,0,0.2498,1.5969,0.0768,36,2,24,-0.0539,0,0,1.3724,0
CUST-00213,5,0,-0.0246,2,0.636,0.1637,0.9681,0,2.0605,0.106,3.4744,0,0.042,0.3143,0,212,0,0,0.622,-0.661,0.2007,-0.0937,0,0.1993,1.0546,-0.0154,24,0,3,0.0703,0,0,1.5815,0
CUST-00213,6,0,0.1726,0,0.7448,0.2474,1.3992,0,2.3773,0.4535,0.8508,0,0,0.1296,0,327,0,0,0.7355,0.0985,0.1777,-0.0997,0,0.5955,1.7588,0.011,23,0,0,0.3812,0,4,1.2687,0
CUST-00213,7,0,0.1753,0,0.3771,0.1441,1.5102,0,2.2652,0.3113,1.3497,1,0.1071,0.2515,0,226,0,1,0.5102,-0.0973,0.0731,-0.0853,1,0.3072,0.5842,-0.1706,15,0,5,0.2102,0,0,1.1208,0
CUST-00213,8,0,0.2,3,0.7436,0.2708,1.0787,1,0.7201,0.2726,0,0,0.0276,-0.1346,0,149,0,0,0.8054,-1.5971,0.2419,-0.1115,1,0.4635,0.2,-0.0486,-20,0,0,0.1057,0,4,1.339,1
CUST-00213,9,0,0.1467,2,0.7101,0.219,1.5448,1,3.0824,0.1149,1.3319,0,0,-0.0284,1,133,0,3,0.7805,-0.3876,0.2298,-0.0361,1,0.3508,0.3316,-0.0089,24,1,0,-0.0616,0,0,1.0503,0
CUST-00213,10,0,0.2089,5,0.5444,0.2011,1.2619,0,3.0713,0.1242,0,0,0.0691,-0.0466,3,57,0,2,0.8864,0.4484,0.0833,-0.0383,0,0.4927,2.3357,-0.0365,-21,0,12,0.3838,0,0,1.841,0
CUST-00213,11,0,0.0894,0,0.5567,0.2542,1.4718,0,2.5849,0.4346,6.9218,1,0.0629,-0.127,1,143,0,0,1.0678,-0.5405,0.0391,-0.1133,0,0.3015,1.0879,-0.1031,14,0,7,0.036,0,0,0.9724,0
CUST-00214,0,0,-0.0187,1,1.0559,0.0304,1.0429,0,2.6953,0.2865,0,1,0,-0.0639,1,175,0,0,0.6688,0.8575,0.3828,0.207,0,0.4144,1.3028,-0.0259,-8,0,7,0.2654,0,0,1.0363,0
CUST-00214,1,0,0.2007,8,0.222,0.2455,1.5823,1,1.9128,0.2875,0.0164,1,0.105,0.0561,0,332,0,1,1.0293,-0.3644,0.1373,0.0057,1,0.2463,0.5171,0.0824,11,1,0,0.0149,0,0,1.3671,0
CUST-00214,2,0,0.0749,1,0.7247,0.0798,1.8508,0,1.1603,0.2753,4.6009,1,0.034,0.0575,0,133,0,1,0.7822,-0.4494,0.2464,0.0674,0,0.4622,0.7403,0.0098,12,0,7,0.1477,0,14,1.2138,0
CUST-00214,3,0,0.0195,0,0.8537,0.3335,1.1493,0,0.925,0.2545,6.0203,0,0,-0.1034,0,175,0,0,0.7073,-0.6223,0.2639,-0.1983,0,0.2474,0.9232,0.0703,-35,0,4,0.0489,0,5,1.3197,0
CUST-00214,4,0,0.0425,5,0.7801,0.2994,1.2,1,2.2695,0.0189,4.5586,0,0,0.0169,1,219,0,0,1.0258,0.6979,0.155,-0.1883,1,0.2488,1.1886,-0.0782,-3,2,0,0.2332,0,0,1.1142,0
CUST-00214,5,0,0.2379,3,0.523,0.1798,1.668,1,0.2,0.1668,0.3035,0,0,-0.0842,0,81,1,2,0.5847,0.2842,0.2124,0.072,0,0.2528,1.3761,-0.0537,-20,0,0,0.364,0,0,1.9038,0
CUST-00214,6,0,0.2898,0,0.4382,0.0453,0.6996,0,2.2288,0.0228,0,1,0.186,0.0911,0,189,0,0,0.7884,-1.2172,0.0778,-0.0077,0,0.312,0.392,0.0274,30,0,26,-0.1052,0,0,1.1055,0
CUST-00214,7,0,0.2818,3,0.2281,0.2667,0.8397,0,3.4491,0.1738,0,2,0,-0.1405,0,131,0,2,0.9072,0.2331,0,-0.0419,0,0.52,1.4826,-0.1493,24,0,5,-0.1474,0,9,1.2738,1
CUST-00214,8,0,-0.1541,5,0.7796,0.2938,0.9348,0,2.9907,0.0718,0.9455,0,0,0.1584,1,172,0,0,0.8699,-0.7925,0.1542,0.0787,0,0.2601,0.2,-0.0602,3,1,0,0.5499,0,6,1.6172,0
CUST-00214,9,0,0.1921,6,0.7405,0.0763,0.7842,0,0.9214,0.3149,0.7825,1,0.2895,0.016,0,181,0,0,0.9613,-0.5324,0.2663,0.0387,1,0.1,0.832,0.1444,8,3,15,0.4068,0,6,1.7772,0
CUST-00214,10,0,0.0487,2,0.7757,0.3023,1.4803,1,2.5054,0.3895,4.9735,0,0.119,0.0431,0,150,0,3,1.0269,-0.0918,0.1863,0.0577,0,0.3363,1.7697,-0.0262,45,1,0,0.1287,0,0,1.7489,0
CUST-00214,11,0,0.1723,0,0.4655,0.2046,1.5454,0,0.9459,0,1.5342,1,0.0398,-0.2751,0,129,0,1,0.6001,0.6786,0.0909,0.0236,0,0.3395,0.5148,-0.0861,29,2,0,-0.0026,0,7,1.3251,0
CUST-00215,0,0,-0.0483,1,1.1353,0.1538,0.6839,0,1.2344,0.1418,4.1008,2,0.1121,0.142,0,277,0,0,1.0567,-0.5186,0.0796,0.0321,0,0.2452,1.2499,0.1014,8,0,16,-0.0694,0,0,1.2704,0
CUST-00215,1,0,-0.0171,1,0.4603,0.1864,1.6947,0,2.3821,0.2451,1.1792,0,0,0.0388,2,91,0,1,0.9663,-0.6713,0.2252,-0.0216,1,0.4057,1.0633,0.0409,46,1,0,0.1582,0,4,1.2535,0
CUST-00215,2,0,0.0454,0,0.6061,0.2584,1.0312,0,0.7761,0.3155,3.6619,0,0.1558,-0.0381,0,214,0,0,1.0299,0.4037,0.3348,0.0602,0,0.4332,0.2,0.0017,-46,0,0,0.1764,0,12,1.5875,0
CUST-00215,3,0,0.1832,0,0.6813,0,1.3913,0,2.5464,0,0,1,0,-0.178,2,154,0,1,1.1843,-1.5133,0.127,-0.0975,0,0.2297,2.1355,-0.1115,10,1,0,0.1119,0,12,1.487,0
CUST-00215,4,0,0.1665,4,0.3999,0.1652,1.1027,1,0.8667,0.1854,2.2797,0,0.0472,0.042,1,193,0,1,0.8348,1.108,0.1427,0.0989,0,0.2116,1.427,-0.0616,12,0,0,-0.0553,0,0,1.2922,0
CUST-00215,5,0,0.2076,5,1.0311,0.0884,1.7091,0,0.2,0.3262,3.7999,0,0,-0.1733,0,110,0,0,1.1084,-0.5836,0.091,0.1465,0,0.2807,0.7017,0.2319,19,2,0,-0.1335,0,0,1.6551,0
CUST-00215,6,0,0.1452,5,0.1245,0.127,0.9702,0,0.7768,0.4797,0.19,1,0.1896,-0.1143,0,136,0,1,1.0787,0.705,0.3909,0.0511,0,0.1639,0.5617,-0.0165,3,1,2,0.2909,0,0,1.3916,0
CUST-00215,7,0,0.0144,0,0.7053,0.3768,1.0806,0,1.7591,0.1615,0.4212,0,0,-0.1077,0,177,0,1,0.7838,0.3911,0.3088,-0.3265,0,0.3054,1.1322,0.1118,20,0,12,0.2267,0,21,1.9281,0
CUST-00215,8,0,0.2112,0,0.3353,0.0869,1.7011,0,1.9291,0.5966,0,0,0.1246,0.1031,1,177,0,0,0.9497,0.0593,0.158,-0.0192,1,0.3501,1.3064,0.0487,-1,0,0,0.1262,0,0,1.4125,0
CUST-00215,9,0,0.3574,0,0.4383,0.1836,1.5743,0,2.9023,0.3268,1.7774,0,0.2048,-0.187,0,92,0,0,1.1318,-0.5802,0.0069,0.0426,0,0.408,0.2037,0.0291,33,0,20,-0.0158,0,0,1.3714,0
CUST-00215,10,0,0.2604,6,0.3882,0.1,1.3516,1,2.8056,0.2904,1.4865,0,0.0377,-0.0509,0,177,0,0,0.9532,-0.3127,0.4005,-0.0148,0,0.4253,0.4302,0.0782,-29,0,0,0.0898,0,11,1.1307,0
CUST-00215,11,0,0.2381,3,0.6932,0.1594,1.5353,0,3.0065,0.2084,0.1703,0,0.0113,0.4581,0,199,0,1,0.9529,0.2644,0.0264,0.0889,0,0.3281,0.3855,-0.083,15,0,0,-0.2734,0,0,1.0999,0
CUST-00216,0,0,0.3084,4,0.0692,0.3623,1.478,1,2.8064,0.2635,1.0103,0,0,-0.0201,0,43,0,0,0.3321,-0.2762,0.3326,0.1505,1,0.3178,0.8238,0.0058,4,0,0,-0.2383,0,0,1.8403,0
CUST-00216,1,0,0.048,0,0.2503,0.1377,1.4811,0,0.7309,0.5298,0,0,0.2514,0.3367,1,182,0,0,0.8273,0.2193,0.2018,-0.0316,0,0.2551,1.6196,-0.019,38,0,1,-0.1636,0,0,1.5055,0
CUST-00216,2,0,0.0696,5,0.5874,0.1104,1.6834,1,2.0898,0.3489,0.3822,1,0.0266,0.01,1,138,0,0,0.8446,0.0215,0.3673,-0.2623,0,0.4555,0.2,-0.0683,18,1,2,0.0308,0,0,1.066,0
CUST-00216,3,0,0.0652,6,0.5613,0.2245,1.935,0,3.0477,0.4338,5.0311,0,0.128,0.1074,0,116,0,0,0.6524,0.865,0.2529,0.0422,1,0.3615,0.6436,0.0156,-16,0,0,-0.2174,0,7,1.583,0
CUST-00216,4,0,0.0373,0,0.5904,0.1459,1.8461,1,2.1033,0.1185,0.1943,0,0.2865,-0.3435,1,79,0,2,0.9855,-0.9944,0.1951,-0.0939,0,0.3643,1.9224,-0.1286,-25,0,10,-0.0193,0,2,1.234,0
CUST-00216,5,0,0.3523,3,0.4394,0.094,1.6368,0,0.6042,0,0.02,0,0,-0.1718,0,112,0,0,0.7371,-0.4737,0.1463,0.1556,1,0.2525,0.528,0.109,-6,1,0,-0.1582,0,2,1.1315,0
CUST-00216,6,0,0.0983,2,0.5245,0.0951,1.4208,1,3.3343,0.4391,1.556,1,0.0605,-0.1268,0,186,0,0,1.0131,-0.1611,0.2067,-0.1341,1,0.2945,1.1922,0.1262,27,1,7,0.1701,0,0,1.4013,0
CUST-00216,7,0,-0.0053,0,0.5096,0.0761,1.7499,0,2.1281,0.4378,0.3105,0,0.1021,0.1195,0,168,0,0,0.9001,0.0649,0.1104,0.2147,0,0.4842,1.2448,-0.2313,-25,0,0,-0.1681,0,1,1.6301,0
CUST-00216,8,0,0.0707,3,0.4992,0.121,1.0005,0,1.0562,0.2106,1.43,0,0,-0.077,1,145,0,1,1.0231,0.4136,0.2788,-0.2376,0,0.5094,1.0648,0.044,-15,0,0,0.0893,0,4,0.8063,0
CUST-00216,9,0,0.0707,3,0.7982,0.2878,1.2523,0,2.618,0.0813,1.6476,0,0.1604,0.2444,0,153,0,1,0.465,1.5227,0,-0.1503,0,0.5487,1.0668,0.1414,-6,1,0,0.222,0,0,1.4126,0
CUST-00216,10,0,0.1658,9,0.528,0.1776,0.892,0,0.6393,0.2695,1.5703,0,0,0.2552,0,175,0,2,0.64,-0.4199,0.2087,0.1963,0,0.2772,1.4134,0.069,19,0,0,0.4097,0,0,0.9144,0
CUST-00216,11,0,-0.0574,3,0.5327,0.2975,1.1098,0,5.5503,0.0892,0,0,0.0495,-0.1681,0,159,0,0,0.8821,-0.1675,0.3006,0.3967,0,0.304,0.251,0.0088,-20,0,11,-0.1358,0,0,1.1682,0
CUST-00217,0,0,0.0234,6,0.6208,0.2286,0.4475,0,3.1298,0.1519,1.5717,0,0,-0.0182,1,231,0,0,1.0003,-0.0422,0.2646,-0.1625,0,0.5116,1.0302,0.1658,-44,1,0,0.1339,0,2,1.2822,0
CUST-00217,1,0,0.0678,3,0.4684,0,0.9348,1,1.7972,0.3975,0,1,0.1619,-0.0399,0,233,0,4,1.0081,-0.6524,0,-0.0634,1,0.3528,1.4713,-0.0343,37,0,27,-0.3063,0,6,1.0694,0
CUST-00217,2,0,-0.0123,9,0.4855,0.107,1.5568,0,1.5251,0.1088,0.8551,1,0.0901,0.1336,1,84,0,0,0.6643,1.468,0.3181,-0.0218,0,0.546,0.4853,0.0194,40,2,10,-0.1324,0,9,1.0994,0
CUST-00217,3,0,0.1347,0,0.6494,0.2933,0.9939,0,1.1717,0.488,4.4877,0,0.0268,0.0908,2,134,0,0,1.2161,0.5018,0.2293,0.1248,0,0.3849,1.2369,-0.1241,10,1,0,-0.0662,0,4,1.1226,0
CUST-00217,4,0,0.0696,1,0.192,0.1947,1.4508,0,2.6346,0.4281,2.3866,1,0,0.0748,1,128,0,0,0.9352,0.2639,0.2365,-0.1128,0,0.1514,1.9191,-0.0583,-24,0,11,-0.0511,0,11,1.6214,0
CUST-00217,5,1,0.2105,13,0.0114,0.211,1.0279,1,4.8276,0.5533,9.2995,1,0.185,-0.0108,1,108,0,0,0.8858,1.9129,0.2641,0.3582,0,0.4259,2.107,0.128,10,2,14,0.037,0,16,1.1396,0
CUST-00217,6,1,0.4681,17,0.3359,0.4471,0.2767,2,3.5661,0.4192,21.1381,3,0.5687,0.3697,1,-27,0,5,1.1981,1.6912,0.386,0.6047,3,0.7307,2.5354,0.1421,62,2,29,0.5763,1,28,0.4183,1
CUST-00217,7,1,0.5784,22,0.01,0.5639,-0.0972,2,4.9806,0.9547,20.3315,4,0.6088,0.7902,2,-130,0,5,1.5435,2.7891,0.422,0.2649,4,0.7547,2.4616,0.2319,48,2,64,0.2787,0,44,0.1945,0
CUST-00218,0,0,-0.0277,6,0.2517,0.2529,1.7805,0,3.3406,0.1712,1.2814,1,0,-0.1047,0,127,0,1,0.8945,-0.621,0.247,0.4823,0,0.2008,0.7461,-0.0561,-10,0,10,0.4148,0,1,1.4354,0
CUST-00218,1,0,-0.2,3,0.854,0.2178,1.5478,0,2.2429,0.4664,4.4886,1,0.0466,-0.1887,1,203,0,0,0.9025,-0.5869,0.1508,-0.1833,0,0.3441,1.4625,0.08,-14,0,0,-0.0184,0,6,1.4607,0
CUST-00218,2,0,0.1436,2,0.4196,0.2198,1.1577,0,0.2,0.2818,7.1823,0,0.006,0.0454,0,138,0,0,0.727,1.1852,0.3101,-0.2196,1,0.2705,0.6849,0.1102,11,1,0,0.1054,0,0,1.7971,0
CUST-00218,3,0,-0.0698,9,0.5017,0.167,0.8554,0,0.4914,0.3714,3.8088,0,0.1659,-0.0652,2,150,0,0,0.9645,-1.3506,0.2741,-0.2685,0,0.3094,1.0922,-0.0052,-26,0,14,-0.3005,0,0,1.4783,0
CUST-00218,4,0,0.3022,0,0.6073,0.1228,1.2328,0,3.2699,0.36,1.0464,0,0.2216,0.1305,0,230,0,0,0.5887,-0.0676,0.159,-0.0456,0,0.3013,0.2,0.017,41,0,0,-0.2682,0,0,2.0284,0
CUST-00218,5,0,0.0699,5,0.3828,0.1457,1.7702,1,0.3437,0.2277,6.2641,1,0.1795,-0.1821,0,208,0,0,0.9508,0.4649,0.3759,0.043,0,0.6394,0.5403,-0.0321,-3,0,6,0.1936,0,0,1.121,0
CUST-00218,6,0,0.0215,1,0.732,0.141,1.1277,1,1.9863,0.3228,5.8171,0,0,0.1211,1,91,0,1,0.6663,-0.3982,0.0442,-0.1704,0,0.2872,0.7526,0.0677,-32,0,0,0.0329,0,0,1.1791,0
CUST-00218,7,0,0.0155,0,0.548,0.1385,1.2237,1,2.3917,0.1319,0,0,0.0794,-0.1426,0,119,0,1,0.9128,1.0405,0.3598,-0.1699,0,0.3428,1.582,-0.0542,-11,1,4,-0.3581,0,6,1.7757,0
CUST-00218,8,0,-0.0398,3,0.8398,0.2055,1.7398,0,3.8923,0.2723,0,0,0,0.2492,0,175,0,2,0.9263,-1.2176,0,0.0635,0,0.4475,0.349,0.0022,-12,0,0,-0.2752,0,11,1.4655,0
CUST-00218,9,0,0.0174,5,1.2384,0.1947,1.1669,0,0.4289,0.2792,3.4638,2,0.0402,0.1948,0,177,0,0,0.9146,0.8291,0.1534,0.041,0,0.3696,1.0124,-0.0014,24,0,5,-0.2988,0,18,1.5151,0
CUST-00218,10,0,0.0474,3,0.3966,0.4347,1.1408,0,4.2133,0.0413,0,1,0.0566,0.0434,0,218,0,0,0.9927,0.35,0.33,0.1129,0,0.508,2.2372,0.0619,17,2,2,0.2345,0,0,1.5298,0
CUST-00218,11,0,0.1826,4,0.154,0.2153,1.1841,0,2.3303,0.2632,0,2,0.0874,-0.0847,0,208,0,0,1.154,0.0471,0.35,-0.0572,2,0.4817,1.9039,-0.0357,27,1,16,0.2664,0,11,1.5026,0
CUST-00219,0,0,0.0518,0,0.7915,0.3643,1.2026,0,0.9156,0.0248,0,1,0,0.0845,1,288,0,2,0.7915,0.1477,0,0.1513,0,0.3828,0.4865,0.0923,2,0,5,-0.1183,0,0,0.9308,0
CUST-00219,1,0,0.0497,3,0.4487,0.2125,1.0422,0,0.7068,0.3752,9.066,1,0.1444,-0.1731,1,228,0,1,0.8595,-0.411,0.1074,-0.0898,1,0.3105,1.4713,-0.0672,23,0,3,-0.1258,0,10,1.7196,0
CUST-00219,2,0,-0.1184,5,0.6832,0.0824,1.0114,0,3.2091,0.2985,2.4689,0,0.2397,-0.176,0,211,0,0,0.9643,-0.0269,0.129,-0.0482,0,0.3572,1.7212,-0.0044,-19,0,13,0.0696,0,0,1.5984,0
CUST-00219,3,0,0.0164,2,0.4661,0.3245,2.5227,0,2.9194,0.3576,0,0,0.0497,0.0004,0,70,0,0,1.0283,-0.412,0.2233,0.0254,0,0.2623,0.2,-0.0434,-10,0,0,-0.1499,0,0,1.6531,0
CUST-00219,4,0,-0.1116,0,1.0551,0.2676,1.401,0,1.2281,0.3436,1.6314,0,0.1819,0.0225,1,179,0,0,1.2134,0.3899,0.18,-0.0571,0,0.4084,1.098,-0.0479,7,1,0,0.1966,0,0,1.1848,0
CUST-00219,5,0,0.1845,5,0.9659,0.252,0.9647,1,0.2,0.3531,5.7468,1,0,0.3377,2,108,0,0,0.7239,-0.9089,0.289,0.3878,0,0.394,0.9859,-0.038,-9,0,0,0.0302,0,8,1.3973,0
CUST-00219,6,0,0.1697,4,0.5731,0.0812,0.7106,0,1.723,0.2396,1.6762,2,0.202,-0.0208,1,153,0,0,0.8504,-0.7352,0.1493,-0.1063,0,0.3958,1.5028,-0.1036,-13,1,2,0.2345,0,11,0.9805,0
CUST-00219,7,0,0.2002,0,0.1799,0.2531,1.1326,0,0.9617,0.0561,0.7256,0,0.171,-0.0091,0,181,1,0,0.9461,0.2776,0.0854,-0.0259,1,0.5299,1.8311,0.1063,4,0,0,0.0697,0,2,1.3546,0
CUST-00219,8,0,-0.038,0,0.756,0.22,1.2697,1,1.944,0.2629,0,0,0.1448,0.1138,1,47,0,1,0.9952,0.4885,0.1382,-0.0706,0,0.359,1.8812,-0.0434,-5,0,9,0.1439,0,0,1.0334,0
CUST-00219,9,0,-0.0375,2,0.4201,0.1063,1.6029,0,3.5137,0.0945,5.8075,0,0.0461,-0.0269,0,132,0,0,0.8692,0.6638,0.1667,-0.0319,0,0.1335,0.6447,0.1333,5,1,4,0.3383,0,0,0.9786,0
CUST-00219,10,0,-0.0195,1,0.7236,0.2714,1.4208,0,3.9161,0.3114,4.1034,2,0.1332,-0.2407,0,146,0,0,0.7676,0.7034,0.2232,-0.2029,0,0.3116,0.7001,0.078,-3,3,7,0.1433,0,0,1.036,0
CUST-00219,11,0,0.252,0,0.6602,0.3473,1.0963,0,2.3524,0.3862,4.0943,0,0.0359,-0.026,0,227,0,0,0.8913,0.0099,0.2198,-0.0406,0,0.5103,1.1241,-0.0083,-25,1,0,-0.0546,0,9,1.5848,1
CUST-00220,0,0,0.1513,0,0.4892,0.1504,1.5951,0,1.2702,0.3598,3.9841,0,0,0.0667,0,53,0,0,0.9216,-0.6155,0.0995,-0.1996,0,0.2964,0.4068,0.0797,5,2,11,-0.3708,0,0,1.5308,0
CUST-00220,1,1,0.3005,8,0.3726,0.3301,0.9567,1,2.4801,0.4673,6.4223,0,0.255,0.0988,0,189,0,0,0.8596,0.8079,0.5453,0.0829,2,0.5136,2.3967,0.1564,21,0,20,0.2972,0,22,1.2696,0
CUST-00220,2,1,0.4909,10,0.5666,0.544,0.3245,2,6.3084,0.4561,16.472,3,0.4713,0.3901,0,-17,0,2,1.2736,2.8634,0.3953,0.2033,2,0.5483,2.9609,0.0795,63,4,9,0.7649,0,41,1.1677,0
CUST-00220,3,1,0.3797,19,0.3838,0.5056,-0.4722,2,7.5577,0.7255,20.9715,4,0.4303,0.5809,3,-44,1,5,1.517,2.5288,0.7412,0.5322,2,0.7126,2.4756,0.0779,81,5,68,0.2832,0,42,0.2918,0
CUST-00221,0,0,0.0467,0,0.3223,0.2898,1.438,0,2.6712,0.37,1.5714,0,0.0776,0.1426,1,168,0,1,0.709,0.4252,0.2421,0.1424,0,0.3503,1.9997,-0.1726,1,1,0,0.208,0,0,1.2823,0
CUST-00221,1,0,0.014,0,0.5007,0.1659,1.2607,0,0.2,0.1885,0.6791,0,0.0265,-0.1044,0,207,0,0,0.6177,-0.2662,0.2434,0.0004,0,0.3518,0.5924,-0.1073,-13,0,0,0.0032,0,0,1.0333,0
CUST-00221,2,0,0.2423,0,0.3641,0.0269,1.0984,1,4.2473,0.3774,0,1,0.0107,-0.4024,0,149,0,0,0.7834,0.8468,0.2203,0.15,1,0.412,1.3483,0.0488,-24,0,1,0.227,0,0,1.447,0
CUST-00221,3,0,-0.002,2,0.8219,0,1.3992,1,1.5501,0.1143,5.8479,1,0,0.1135,0,154,0,0,0.8504,-0.1407,0,0.1941,0,0.373,0.4146,0.0706,26,0,6,0.1086,0,21,1.282,0
CUST-00221,4,0,0.0006,0,0.4853,0.0811,1.0194,0,2.8931,0.0144,0,1,0.0969,0.3451,0,209,0,2,0.8706,-0.0591,0.3176,-0.3487,0,0.4781,1.6383,-0.0154,-1,0,6,-0.1018,0,15,1.4921,0
CUST-00221,5,0,0.1575,4,0.4394,0.0539,1.1339,0,0.2,0.3446,3.3859,1,0.1564,0.1376,1,137,0,0,0.8665,-0.3954,0.0023,-0.0262,0,0.2766,0.8657,-0.0554,3,0,0,-0.2142,0,8,1.6945,0
CUST-00221,6,0,0.1258,8,0.89,0.0945,1.4573,1,2.6463,0.0685,0.1139,2,0.2036,-0.0213,0,181,0,1,1.2139,-0.4894,0.1909,0.0474,0,0.2559,0.73,-0.1172,27,0,11,0.007,0,0,1.3973,0
CUST-00221,7,0,-0.0199,0,0.4831,0.0261,1.6665,1,2.5735,0.4183,1.5394,0,0.1761,-0.1139,1,94,0,0,0.9357,-0.0424,0.1581,0.0391,0,0.1807,1.2246,-0.0368,7,0,12,0.2529,0,1,0.7921,0
CUST-00221,8,0,0.0552,0,0.7444,0.2443,1.4193,1,3.9858,0.2412,6.1791,0,0,-0.2145,0,187,0,0,1.1249,-0.1582,0.241,0.2967,0,0.4098,0.9563,-0.1028,-23,2,0,0.2553,0,1,1.4126,0
CUST-00221,9,0,0.1804,10,0.8292,0.1492,1.5691,0,1.69,0.2951,1.5687,0,0.1026,0.3053,0,65,0,0,0.6762,-1.1987,0.0321,-0.1412,0,0.5228,0.6188,-0.1252,31,0,0,0.1781,0,0,1.5296,0
CUST-00221,10,0,-0.1715,1,0.1077,0.2164,1.4006,0,0.789,0.1194,2.6197,0,0,0.03,1,177,0,1,0.9348,-0.7822,0.1615,-0.0512,0,0.6123,1.6312,-0.1885,23,1,3,0.099,0,0,1.3547,0
CUST-00221,11,0,0.0971,3,0.4723,0.3614,1.6877,2,1.6855,0.4403,3.6081,0,0,0.2569,0,249,0,2,0.7448,-0.6655,0.1259,-0.096,1,0.4584,0.7774,-0.0955,-2,1,0,-0.1706,0,14,1.6107,0
CUST-00222,0,0,0.2104,8,0.5129,0.3031,1.3656,1,2.0504,0.1623,0,0,0.2255,0.1206,0,133,0,1,0.9502,-1.0248,0,-0.4,1,0.2064,0.7668,-0.0311,15,0,0,0.401,0,3,1.0137,0
CUST-00222,1,0,-0.0394,9,0.3574,0.092,1.4801,0,2.3963,0,0,0,0.0348,-0.4487,1,156,0,0,0.7757,-1.0878,0.0241,0.0807,1,0.2973,1.438,0.0843,22,0,0,-0.1937,0,0,1.252,0
CUST-00222,2,0,0.0376,5,0.7606,0.1267,1.0706,0,1.3887,0.4866,0,0,0,-0.0067,0,327,0,1,0.7825,1.0883,0.2646,-0.3299,0,0.2928,0.703,0.1428,-29,0,0,-0.0689,0,0,1.5295,0
CUST-00222,3,0,0.0319,0,0.7307,0.1551,1.3682,0,1.661,0.3175,6.6458,0,0,-0.3898,0,102,0,0,0.7759,-1.048,0.121,-0.261,0,0.3589,0.8012,0.1459,7,0,0,-0.0547,0,3,1.6781,0
CUST-00222,4,0,0.0387,4,0.5101,0.41,1.6959,0,2.4661,0.2546,3.8394,1,0,0.1418,0,125,0,1,1.0952,-0.0971,0.3963,-0.1408,0,0.2857,1.2349,-0.0159,-1,0,9,-0.2226,0,0,1.625,0
CUST-00222,5,0,0.2418,5,0.7214,0.2227,1.4358,0,1.5368,0.4151,4.4231,0,0.1073,-0.1578,1,97,0,0,0.895,0.6289,0.2403,0.1743,0,0.1513,0.7022,0.0325,19,0,0,0.1526,0,18,1.6698,0
CUST-00222,6,0,0.0402,0,0.6221,0.2467,1.4144,0,2.5223,0.4976,0,0,0.2032,0.1138,1,178,0,2,1.1258,0.7621,0.2978,-0.1953,0,0.4333,1.6205,0.1262,4,0,7,0.0775,0,1,1.4756,0
CUST-00222,7,0,-0.1277,0,0.851,0.2381,1.4537,1,3.1672,0.4081,2.7336,0,0.1405,0.0107,0,140,0,0,0.8841,0.2987,0.267,-0.2165,1,0.3547,0.2,-0.0407,24,1,0,0.3159,0,2,0.9375,0
CUST-00222,8,0,-0.1992,4,0.9308,0.0085,0.8108,0,2.7506,0.0612,9.098,0,0,0.0235,0,126,0,0,0.7598,-0.2876,0.1195,-0.2844,0,0.4803,2.23,-0.0261,13,1,12,0.1371,0,7,1.6924,0
CUST-00222,9,0,-0.0026,0,0.7573,0.0055,1.355,1,2.323,0.3762,1.7003,2,0,0.1565,0,285,0,1,0.7638,-0.2386,0.0948,-0.3931,0,0.304,1.2907,-0.0347,-15,2,0,-0.0066,0,0,1.3962,0
CUST-00222,10,0,0.0526,0,0.7063,0.1804,0.5754,0,1.0276,0.1874,8.0109,1,0.1365,0.1453,0,89,1,4,0.6302,0.0602,0.3335,0.1144,0,0.1,1.6114,0.0469,14,2,0,-0.0807,0,0,1.352,0
CUST-00222,11,0,0.0656,3,1.0229,0,1.2902,0,0.4073,0.4384,4.5137,0,0,-0.0831,1,228,0,2,0.9628,-0.5602,0.1838,-0.0159,0,0.1287,1.0698,-0.0759,5,0,22,0.1818,0,0,0.7799,0
CUST-00223,0,0,0.1097,3,0.8382,0.2135,1.7936,0,2.2951,0.1422,0,1,0.1933,-0.0948,0,276,0,0,1.0239,-1.1431,0.1989,-0.0201,0,0.2943,1.9959,-0.0745,18,0,0,-0.0848,0,0,1.3679,0
CUST-00223,1,0,0.0704,2,0.7456,0.3017,1.1454,0,3.4549,0.3673,1.7457,0,0.1717,-0.1393,1,119,1,0,0.9553,-0.6345,0.4059,0.0521,0,0.159,0.4695,0.1072,5,0,1,0.0557,0,7,1.4247,0
CUST-00223,2,0,0.2602,3,0.8477,0.2472,1.3083,0,1.4353,0.2163,4.3968,0,0.3133,-0.4909,0,204,0,1,1.1603,-0.4872,0.3522,-0.0238,0,0.4774,1.0936,0.0179,3,0,9,0.1637,0,13,1.4851,0
CUST-00223,3,0,0.1412,0,0.5199,0.2776,1.1661,0,3.4995,0.4105,0,0,0.2236,-0.0035,1,112,0,0,0.9022,-0.5794,0.1331,0.0293,0,0.4276,0.9255,0.0789,8,0,0,0.5349,0,0,1.4118,0
CUST-00223,4,0,-0.0244,0,1.0823,0,1.337,0,2.7114,0.2992,7.7847,0,0.1733,0.0997,0,61,0,0,0.721,0.1397,0.0527,0.3717,1,0.4738,0.8632,-0.0456,5,0,0,0.2082,0,0,1.1745,0
CUST-00223,5,0,0.2129,0,0.4366,0.0779,1.9217,0,3.0254,0.1998,3.5276,0,0,0.1075,0,279,0,0,0.8765,-0.6753,0.0842,-0.1643,0,0.4892,1.3633,0.0232,-22,0,0,-0.0022,0,0,1.851,0
CUST-00223,6,0,0.0589,6,0.7887,0.2505,0.9011,1,2.7261,0.2356,2.6377,1,0,0.0111,1,240,0,0,0.944,0.1689,0.3478,0.042,0,0.1514,0.9674,0.1367,-33,3,3,0.3351,0,6,1.1804,0
CUST-00223,7,0,-0.09,0,0.6269,0.1353,1.2914,0,0.804,0.1535,0,0,0.3028,0.3306,0,203,0,0,1.0574,-0.48,0.1032,0.017,1,0.3113,1.5547,-0.1129,-4,0,0,-0.1251,0,1,1.0486,0
CUST-00223,8,0,0.0763,4,0.6541,0.149,1.395,0,1.2764,0.227,4.2025,2,0.238,0.1561,0,232,0,0,1.2276,-0.2282,0.3102,-0.1971,0,0.3544,1.1803,0.1722,-2,0,3,0.1035,0,25,1.4144,0
CUST-00223,9,0,0.0649,2,0.3897,0.2363,1.2514,0,1.5265,0.3216,0,0,0.104,-0.1724,0,163,0,0,0.8301,-0.2562,0.1806,-0.0226,1,0.3173,0.4943,0.1039,29,2,0,0.1627,0,14,1.2874,0
CUST-00223,10,0,0.1971,0,0.3781,0.17,1.1467,0,0.2,0.2787,1.7414,2,0.1011,-0.0205,0,133,0,3,0.9422,0.4393,0.0878,-0.1683,1,0.2602,0.8317,-0.0535,0,1,0,0.0676,0,0,1.308,0
CUST-00223,11,0,-0.0282,2,1.0966,0.1291,1.4082,0,0.2,0.3146,3.6214,0,0,0.0808,0,96,0,0,0.893,-0.7913,0.2598,0.2633,0,0.3542,1.327,0.092,24,1,10,-0.2201,0,0,1.3803,0
CUST-00224,0,0,-0.0227,4,0.6646,0.1495,1.0229,1,3.6527,0.3858,1.3311,1,0.0357,0.0839,1,335,0,1,0.6838,0.7969,0.4304,-0.1368,0,0.4323,0.6437,-0.0225,6,1,7,0.2471,0,0,1.9209,0
CUST-00224,1,0,-0.0358,0,0.967,0.0761,1.3059,0,0.7931,0.1514,2.1358,1,0.1478,-0.1148,0,159,0,0,1.0858,-1.2465,0.2684,-0.0521,0,0.5983,1.3028,0.0524,7,0,16,0.0072,0,0,1.1423,0
CUST-00224,2,0,0.0005,10,0.3846,0.0373,1.0905,0,0.4999,0.3312,1.1212,1,0.0601,0.023,0,159,0,0,0.5943,-0.9192,0,-0.116,0,0.2754,1.0678,-0.0805,-23,0,0,0.1456,0,6,1.309,0
CUST-00224,3,0,0.0472,0,0.8929,0.098,0.7906,0,0.2,0.3008,1.9513,0,0.2485,-0.0174,0,31,0,1,0.7493,1.2108,0.0521,0.3644,0,0.3025,0.2,0.0321,39,2,3,-0.1282,0,0,1.5531,0
CUST-00224,4,0,0.0194,1,0.3359,0.1088,1.1278,0,3.2488,0.5561,0.859,0,0,-0.2864,0,83,0,2,0.8693,-0.3891,0.3576,-0.0008,0,0.4427,1.0719,-0.189,-12,0,21,-0.2686,0,0,1.6325,0
CUST-00224,5,0,0.0853,3,0.6899,0.2957,1.7166,0,2.856,0.2198,0,1,0.0627,0.0425,1,158,0,1,0.5308,-1.342,0.0012,-0.1974,0,0.2926,1.6629,-0.0337,33,0,0,-0.2067,0,0,1.9951,0
CUST-00224,6,0,0.08,0,1.0218,0.1869,1.2126,0,2.391,0.3142,0,0,0.1885,0.0535,1,202,0,0,1.0199,0.556,0,0.0801,0,0.4411,1.4858,-0.2074,-23,0,0,0.1212,0,0,1.5469,0
CUST-00224,7,1,0.2571,10,0.4146,0.3551,0.6735,1,1.1047,0.2216,8.5712,0,0.2684,0.1572,1,123,1,0,1.0555,1.0852,0.3842,0.1615,2,0.4581,1.135,0.1335,6,1,0,0.204,0,9,1.1204,0
CUST-00224,8,1,0.291,16,0.5224,0.5995,0.525,2,5.9635,0.5882,12.9563,2,0.3932,0.4014,1,158,0,4,1.3191,1.837,0.3026,0.3463,2,0.4629,1.7964,-0.0043,83,3,28,0.5205,1,37,1.5292,0
CUST-00224,9,1,0.4042,18,0.01,0.8261,-0.0347,2,6.8834,0.8232,23.3907,4,0.6749,0.6272,1,-131,0,7,1.5258,2.275,0.6184,0.0396,2,0.7685,3.2437,0.2058,72,3,49,0.6503,2,54,0.918,0
CUST-00225,0,0,0.025,0,0.1989,0.2449,0.7109,1,0.5546,0.068,0.0361,0,0.3033,-0.0243,0,309,0,2,0.8931,-0.0846,0.1176,-0.0546,0,0.3451,1.8342,-0.082,-24,0,0,0.0421,0,10,1.1532,0
CUST-00225,1,0,-0.0426,0,0.6436,0.0291,1.3386,1,3.6958,0.2901,2.4896,0,0.1416,0.1036,0,99,0,0,0.8681,0.8458,0.1107,0.0303,0,0.2636,0.5223,0.1038,29,0,5,-0.1914,0,0,1.1229,0
CUST-00225,2,0,-0.0189,4,0.7165,0.1664,2.1463,0,1.8191,0.348,0,0,0,0.2953,0,217,0,0,0.9808,0.9296,0.0914,-0.077,1,0.5687,1.6023,0.0413,-12,0,0,0.1708,0,8,1.4449,0
CUST-00225,3,0,0.1658,7,0.6447,0.1024,0.7916,0,2.6289,0.5045,4.1315,0,0.0767,-0.1837,1,232,0,0,0.9785,0.2989,0.072,0.1059,0,0.3523,1.0434,-0.0239,13,1,11,0.188,0,1,1.4629,0
CUST-00225,4,0,0.0273,1,0.9437,0.2249,1.6951,0,1.5884,0.2115,6.0779,0,0,-0.2113,0,321,0,0,0.94,0.5641,0.3423,0.0156,0,0.2437,0.9359,-0.0292,10,0,0,-0.1079,0,20,1.6139,0
CUST-00225,5,0,-0.0464,9,0.7627,0.2401,1.6046,0,1.6067,0.135,0,1,0,-0.3492,0,211,0,1,0.9299,-0.4106,0.3138,-0.2306,0,0.5468,1.2311,-0.0974,-25,0,0,-0.1329,0,0,1.0455,0
CUST-00225,6,0,0.0609,4,0.4558,0.1682,1.4488,0,3.95,0.2757,3.7819,0,0,0.1967,0,141,0,0,0.6285,0.0346,0.4043,-0.0569,0,0.5438,2.7687,0.0145,-23,0,6,0.1755,0,25,2.1271,0
CUST-00225,7,0,0.3384,5,0.6958,0.0466,1.344,0,0.5442,0.2688,4.4858,1,0,-0.2972,2,162,0,0,0.759,1.0746,0.3132,-0.1422,1,0.4357,0.2558,-0.0097,6,0,5,-0.0657,0,3,1.4188,0
CUST-00225,8,0,0.0749,4,0.1463,0.0416,0.864,0,5.403,0.5684,0,0,0,0.0257,0,213,0,0,0.7814,-0.8847,0.249,-0.1798,0,0.322,0.7349,0.0567,29,0,0,-0.0066,0,9,1.4185,0
CUST-00225,9,0,0.0135,6,0.3957,0.2778,1.2467,0,4.138,0.0535,1.3693,0,0.1902,0.0931,0,211,0,1,0.6588,-1.4013,0.1168,-0.1631,1,0.2244,0.9722,0.0691,-8,0,0,0.021,0,0,1.5387,0
CUST-00225,10,0,-0.0904,2,0.4535,0.0593,1.1775,1,3.9225,0.4106,0,1,0.1657,0.3849,0,107,0,1,1.1134,0.0099,0.3489,0.0196,0,0.4359,0.2,0.1373,-13,0,28,0.0157,0,0,1.6675,0
CUST-00225,11,0,0.1962,5,0.3312,0,0.8569,0,1.5965,0.3222,0.3918,0,0.1197,-0.0152,0,106,0,1,0.6771,-0.7085,0.0092,0.0586,0,0.4613,0.6565,0.107,18,2,6,-0.0426,0,13,1.4675,0
CUST-00226,0,0,0.1129,0,0.5214,0.2587,0.8734,0,2.9237,0.4308,0,0,0,0.2601,0,227,0,0,0.8885,0.3315,0.0033,-0.1785,0,0.4097,0.8313,-0.1755,16,0,3,0.3061,0,0,1.5719,0
CUST-00226,1,0,0.0395,2,0.3727,0.1249,1.1804,1,0.8546,0.2701,1.3658,0,0,0.0667,2,109,0,0,0.8992,0.8583,0.2259,-0.065,0,0.5253,2.1003,-0.0204,-8,0,0,0.2397,0,0,1.8512,0
CUST-00226,2,0,0.0797,2,0.7715,0.0825,1.6979,0,2.031,0.0597,1.8206,0,0,0.3972,1,258,0,0,0.8583,0.3559,0.1928,0.0761,0,0.5684,2.1899,-0.0722,6,0,0,0.2371,0,0,1.6683,0
CUST-00226,3,0,-0.1121,5,0.4799,0.3651,1.6678,0,3.7865,0.3352,4.9963,1,0.0544,-0.0204,0,353,0,1,0.676,-0.1924,0.3656,0.198,0,0.412,2.0679,-0.0735,24,0,8,-0.0337,0,0,0.9952,0
CUST-00226,4,0,-0.016,4,0.818,0.2433,1.41,1,3.447,0.3664,0.1172,0,0.1319,-0.1557,0,181,0,0,0.8729,1.1012,0,-0.0467,0,0.3625,0.4959,-0.1777,0,0,20,-0.0549,0,0,0.9609,0
CUST-00226,5,0,0.0964,4,0.5046,0.3128,0.9798,0,1.5368,0.3934,1.5688,0,0.0133,0.0099,1,167,0,5,0.8561,0.5769,0.16,0.1962,1,0.3914,0.601,-0.1314,2,0,5,-0.2848,0,0,1.3359,0
CUST-00226,6,0,-0.0999,4,0.6308,0.2936,0.9943,0,0.98,0.455,0.9042,0,0,0.2476,0,222,0,0,0.9408,0.886,0.1862,0.118,0,0.4877,0.5198,0.0853,7,0,17,-0.0172,0,1,1.1458,0
CUST-00226,7,0,0.0435,3,0.2729,0.3604,1.3402,1,3.9456,0.3217,0,0,0,-0.2334,0,113,0,0,0.854,-0.8504,0.1776,-0.282,1,0.1843,2.3914,-0.0125,-28,1,9,0.2224,0,3,1.3351,0
CUST-00226,8,0,0.0378,5,0.4447,0.1861,1.8104,0,3.1793,0.2561,3.6024,0,0,0.0214,1,215,0,2,0.58,0.2589,0.3172,-0.0305,0,0.4014,1.6657,0.0677,-27,0,0,0.0967,0,0,2.06,0
CUST-00226,9,0,0.0966,0,0.4792,0.1063,1.0372,1,2.1247,0.2098,2.6351,0,0.1877,-0.2394,0,65,0,0,1.1377,-1.0511,0.2336,-0.2256,2,0.2479,0.2,-0.0347,-35,2,0,0.2777,0,15,1.2229,0
CUST-00226,10,0,0.0238,0,0.0526,0.2671,1.3702,0,1.9352,0.1627,0,1,0.129,0.3939,2,173,0,1,0.7454,0.4274,0.0143,-0.356,1,0.2422,0.9064,-0.0187,-9,0,20,0.115,0,0,1.4477,0
CUST-00226,11,0,0.2146,1,0.537,0.1454,1.4341,0,3.3072,0.1671,0,0,0.1929,-0.048,2,161,0,0,0.7131,-0.0028,0.1388,0.0081,1,0.4921,0.925,0.1422,6,1,3,0.4106,0,5,1.0567,0
CUST-00227,0,0,0.1483,4,0.5504,0.1278,0.8854,0,0.9183,0.1175,0.7024,0,0.1292,0.3461,1,147,0,2,1.0603,0.9826,0.2262,0.0431,2,0.3307,1.695,0.0065,-50,1,2,-0.0394,0,3,1.6585,0
CUST-00227,1,0,-0.0521,0,0.5201,0.203,1.0451,0,4.4137,0.3352,0,0,0.0071,0.2277,0,117,0,0,0.6829,0.1142,0.2554,-0.1304,0,0.5349,1.4255,-0.1324,-32,2,0,0.0433,0,6,1.3501,0
CUST-00227,2,0,0.3119,6,0.723,0.2595,1.1306,0,4.2114,0.1681,4.1835,1,0.1234,-0.3252,0,9,0,0,0.6082,-0.2954,0.2706,-0.1208,0,0.3682,0.9815,0.0489,10,1,7,0.1194,0,0,1.1377,0
CUST-00227,3,0,-0.0571,4,0.908,0.1847,0.5937,0,3.2493,0.2543,7.1986,1,0,-0.0279,1,99,0,1,0.8828,-0.9448,0.2691,0.1018,0,0.3606,0.9035,-0.15,-13,0,5,-0.4818,0,3,1.6071,0
CUST-00227,4,0,0.2105,3,0.4174,0.2826,1.125,0,1.9327,0.1573,5.045,1,0.036,-0.2434,1,127,0,0,0.682,-1.1478,0.2026,-0.1929,1,0.3014,1.856,-0.057,-14,2,4,0.1307,0,1,2.1166,0
CUST-00227,5,0,0.2293,5,0.5045,0.1844,1.7316,0,3.6394,0.3949,0,0,0.2332,-0.3507,0,167,0,0,1.0502,0.6455,0.193,0.0987,0,0.3396,0.939,-0.1543,-13,3,0,0.1877,0,0,1.1484,0
CUST-00227,6,0,0.0054,11,0.4618,0.1536,1.0465,1,3.4662,0.3375,0,0,0.1922,-0.0825,0,198,0,0,0.6227,0.6975,0.1914,0.0761,0,0.2357,0.9496,0.0511,1,0,0,-0.0824,0,2,1.4524,0
CUST-00227,7,0,0.0367,3,0.2061,0.062,1.1207,0,2.5039,0.1833,0.1499,0,0.0482,-0.0937,0,173,0,2,0.9831,-0.3669,0.2388,-0.2835,1,0.5174,0.4663,-0.0194,-19,0,4,-0.4158,0,0,1.2876,0
CUST-00227,8,0,0.0585,0,0.6743,0.1438,1.3742,1,2.1545,0.4282,0,2,0.1568,0.081,0,158,0,0,0.5562,-0.439,0.1192,0.1598,1,0.4444,0.5535,-0.0273,5,1,4,0.1331,0,0,1.8527,0
CUST-00227,9,0,0.0597,8,0.9312,0.1558,1.4347,0,0.2,0.3659,1.8861,1,0.0202,-0.2711,0,208,0,0,1.0479,-0.0002,0,-0.2669,0,0.2291,1.9464,0.1009,-20,0,0,-0.146,0,8,1.1324,0
CUST-00227,10,0,-0.1214,1,0.6908,0.1935,1.4103,0,3.2933,0.2404,0,0,0,-0.1561,1,165,1,0,0.7744,-0.0516,0.1954,0.2291,0,0.6094,1.0842,-0.0148,-2,2,2,0.1864,0,17,0.7266,0
CUST-00227,11,0,0.2483,1,0.5711,0.195,1.1975,0,0.5329,0.6203,0.2391,2,0.0546,-0.0512,0,156,0,0,0.9302,-0.1813,0.2032,-0.1272,0,0.2931,0.2,-0.0704,-11,0,0,0.0411,0,0,1.4798,0
CUST-00228,0,0,0.0605,4,0.7608,0.2697,1.4521,1,1.6312,0.0637,1.0027,0,0.1821,0.1219,0,25,0,1,0.8376,1.2939,0.2978,-0.2643,0,0.4417,1.918,-0.0971,-16,0,0,0.0959,0,3,1.2772,0
CUST-00228,1,0,-0.0691,1,0.6087,0.1807,1.0197,0,1.2815,0.101,3.1992,0,0.1953,-0.1704,0,183,0,2,0.8903,-0.2398,0.2505,0.079,0,0.2682,0.35,-0.0377,-11,0,0,0.3981,0,0,1.4096,0
CUST-00228,2,0,0.1256,4,0.5171,0.2836,1.3254,0,2.865,0.3223,0,0,0.333,-0.0849,0,203,0,1,0.8175,0.7854,0.207,-0.1675,1,0.1995,1.0815,-0.0382,-1,0,0,-0.1575,0,0,1.2721,0
CUST-00228,3,0,0.1998,4,0.453,0.1819,1.763,0,1.6396,0.2312,0,0,0.0753,-0.1237,1,203,0,0,0.9763,0.8045,0.3345,0.0077,1,0.339,0.4186,0.16,-9,0,0,-0.1388,0,0,1.6452,0
CUST-00228,4,1,0.0676,7,0.2202,0.4319,0.6407,0,4.4168,0.3518,8.8383,0,0.2305,0.076,1,136,0,0,0.963,1.0483,0.3403,0.0226,0,0.7331,2.8895,0.1069,1,2,9,0.3545,0,19,0.8949,0
CUST-00228,5,1,0.3639,13,0.3452,0.4119,0.7893,2,6.8177,0.7703,14.6936,6,0.2975,0.5195,3,36,1,2,1.1347,1.6405,0.5032,0.2996,2,0.6935,1.5599,0.1432,81,3,48,0.4383,0,38,0.9803,0
CUST-00228,6,1,0.6501,21,0.01,0.4983,0.5165,2,7.9886,0.4514,19.9976,5,0.8487,0.5192,1,2,1,3,1.272,2.21,0.7956,0.0818,2,0.7356,3.2403,0.0878,39,4,77,0.6061,1,69,0.8158,1
CUST-00229,0,0,0.0536,2,0.5395,0.254,1.0014,0,2.5297,0.3097,0,1,0.2016,0.3675,2,106,0,0,0.6135,0.6866,0.214,0.0589,1,0.3854,0.515,-0.1817,21,2,0,0.1851,0,0,1.322,0
CUST-00229,1,0,0.1663,4,0.4712,0.1277,0.7811,0,2.8822,0.2539,1.4222,1,0,-0.4753,0,218,0,0,0.7347,0.236,0.1614,-0.2483,1,0.3557,0.9764,-0.0413,-23,0,0,0.1824,0,0,1.6736,0
CUST-00229,2,0,0.1518,0,0.6271,0.0978,1.6304,0,1.7189,0.2431,0.6876,0,0.1893,0.3993,0,173,0,0,0.9213,-0.6901,0.0771,0.0718,0,0.4939,1.7312,-0.0206,26,0,1,-0.4744,0,2,1.1155,0
CUST-00229,3,0,0.1296,2,0.6515,0.1977,1.1088,0,0.2,0.0126,3.2013,1,0.2308,0.0502,0,195,0,1,0.7666,-0.5593,0.2432,-0.0692,0,0.348,0.878,0.0265,-12,0,0,0.0671,0,10,1.2994,0
CUST-00229,4,0,0.1162,3,0.17,0.2477,1.7298,0,2.6101,0.5187,2.5217,0,0.1728,0.5222,0,185,0,0,0.8165,0.772,0.1865,-0.2808,1,0.4079,0.397,0.0677,3,1,0,0.0546,0,0,1.3989,0
CUST-00229,5,0,0.2009,0,0.7298,0.1949,1.3868,0,1.4694,0.3011,3.623,0,0,-0.2013,0,143,0,0,0.9286,-0.0521,0.1316,-0.1773,0,0.5061,1.234,0.0729,-3,1,0,-0.1689,0,0,1.2332,0
CUST-00229,6,0,-0.0957,4,0.4502,0.232,1.2382,0,2.7045,0.1528,0,0,0.1999,-0.1321,1,149,0,2,0.8668,0.2156,0.4524,0.0654,1,0.1942,1.7064,-0.0119,13,0,0,0.1804,0,0,0.9657,0
CUST-00229,7,0,0.2346,0,0.4626,0.3334,1.4035,1,2.009,0.294,6.3375,1,0.0506,-0.1935,1,189,0,0,1.1205,0.8763,0.245,0.1683,0,0.3014,0.3108,-0.0146,8,0,0,0.0003,0,10,1.1203,0
CUST-00229,8,0,0.0866,3,0.3747,0.2411,1.7234,0,1.9544,0.2631,3.8221,0,0.1893,0.1929,0,66,0,0,0.8179,-0.2018,0.3686,-0.0408,0,0.2674,2.262,0.0043,23,0,0,0.0783,0,6,1.1873,0
CUST-00229,9,0,-0.1745,4,0.416,0.1258,1.1001,0,2.4081,0.1447,0,1,0.2238,0.2374,0,202,0,0,0.8131,-0.2049,0.2698,-0.0478,0,0.3877,0.8579,-0.0032,32,0,8,0.0145,0,0,1.7423,0
CUST-00229,10,0,-0.0923,5,0.6604,0.2152,1.2969,0,1.6506,0.215,3.7201,1,0.1399,0.5266,0,203,0,0,0.9362,0.2884,0.2881,0.005,1,0.5685,1.3012,-0.0227,-6,0,10,0.1198,0,3,1.5365,0
CUST-00229,11,0,0.0565,4,0.6618,0.1904,0.9286,0,2.2729,0.0575,5.2859,0,0.06,-0.293,1,111,0,1,0.8454,1.246,0.1463,-0.1429,0,0.2122,1.1718,0.0937,6,0,9,-0.1377,0,0,1.571,0
CUST-00230,0,0,-0.1035,0,0.5678,0.123,1.6004,0,2.2913,0.4322,2.2402,0,0.189,0.0789,1,166,0,0,0.5913,1.074,0,0.0988,0,0.3056,1.3305,-0.1115,-18,0,15,-0.1165,0,4,1.5796,0
CUST-00230,1,0,-0.1937,3,0.5882,0.0714,0.9715,0,2.4901,0.4683,0,0,0.1549,-0.1892,0,245,0,0,0.8739,1.2545,0.3802,0.1319,0,0.2837,0.741,0.0407,16,0,18,0.2891,0,0,1.4554,0
CUST-00230,2,0,-0.2,6,0.635,0.167,0.9347,1,3.9445,0.2035,0,1,0,0.1705,0,182,0,0,0.8912,-0.1304,0.2053,-0.0598,1,0.2426,0.7792,0.1922,-12,0,0,0.0611,0,0,1.1998,0
CUST-00230,3,0,0.1374,2,1.1931,0.2614,1.5711,1,0.3913,0.2306,0,0,0.025,-0.0042,0,178,0,0,0.9182,-2.4244,0.0976,0.2536,0,0.5376,0.6825,-0.0812,-37,0,0,0.0244,0,0,0.995,0
CUST-00230,4,0,0.2611,0,0.7145,0.2616,1.1394,1,2.1263,0.5645,0.364,1,0.1682,0.0716,0,317,0,1,0.9745,-0.9322,0,0.0451,0,0.4937,0.3088,0.1168,7,1,0,-0.0225,0,19,1.4742,0
CUST-00230,5,0,-0.0475,6,0.6377,0.0032,1.296,0,2.8714,0.3378,0,0,0,-0.2717,2,164,0,0,0.8032,1.0701,0.1043,-0.207,3,0.3197,0.2,-0.0232,7,1,0,-0.2162,0,0,0.7561,0
CUST-00230,6,0,-0.0888,2,0.0773,0.103,1.1385,0,3.2394,0.0717,4.8549,0,0.2526,0.0444,0,130,0,0,0.862,-0.6732,0.0867,-0.4,1,0.1724,2.1721,-0.0965,17,1,0,-0.2729,1,5,1.3927,0
CUST-00230,7,0,0.009,0,0.8392,0.2124,0.9169,0,0.7883,0.1537,6.1462,2,0.1678,0.4989,1,215,0,0,1.0884,0.2518,0.3814,0.1434,0,0.6339,1.2856,0.2534,24,1,7,-0.1403,0,0,1.344,0
CUST-00230,8,0,-0.0993,0,0.4377,0.3405,1.1595,1,1.5376,0.555,0.6706,0,0.0427,-0.1047,0,139,0,0,0.7305,0.7309,0.031,-0.1655,1,0.2702,2.3637,0.2391,6,1,0,0.0768,0,0,1.2763,0
CUST-00230,9,0,0.2478,0,0.5206,0.3139,1.4635,1,2.2485,0.0241,0,1,0.115,0.0278,0,270,0,0,0.8133,0.3054,0.0833,-0.0033,0,0.5238,0.7873,-0.0373,7,0,0,-0.1173,0,12,1.3405,0
CUST-00230,10,0,0.0644,3,0.6965,0.1518,1.1807,2,1.5355,0.2422,2.4623,0,0.0221,0.1315,0,111,0,1,0.9945,0.1214,0.2552,0.4357,0,0.5329,1.4183,0.1489,10,2,0,0.1291,0,3,1.0137,0
CUST-00230,11,0,0.0743,5,0.0713,0.1412,1.5666,0,1.6716,0.4235,0.6186,0,0.2317,0.0255,0,168,0,1,0.8149,0.5503,0.1614,-0.0925,0,0.3541,1.0913,-0.0331,-30,0,0,0.3529,0,0,1.1634,0
CUST-00231,0,0,-0.0826,2,0.7746,0.174,1.3058,0,3.2578,0,0.4622,0,0.0782,-0.0689,1,174,0,2,0.7826,-0.2172,0.206,-0.177,0,0.364,0.4441,-0.0697,9,2,24,-0.2755,0,0,1.7733,0
CUST-00231,1,0,0.0313,3,0.2715,0.3936,0.983,0,1.2763,0.1097,0,0,0.1688,0.0979,1,232,0,0,0.9521,0.5946,0.3194,-0.3616,0,0.3461,1.2198,-0.1167,-14,2,11,-0.0484,0,0,1.1887,0
CUST-00231,2,0,-0.0206,1,0.231,0,0.9986,1,5.7129,0.2446,1.1713,0,0.1612,0.1683,0,236,0,1,0.6544,0.3161,0.2663,0.0811,0,0.3848,1.7993,0.09,-35,2,1,0.0144,0,0,1.2523,0
CUST-00231,3,0,0.0104,0,0.7469,0.2058,0.8435,0,2.7735,0.4041,0.8975,0,0.1858,0.113,1,166,0,1,1.1861,-1.4618,0,0.3841,0,0.4321,1.1876,0.0976,44,0,4,0.1178,0,1,1.2587,0
CUST-00231,4,0,0.0328,4,0.2617,0.0921,1.1752,0,3.0149,0.1522,1.6218,1,0,0.0814,2,201,0,1,0.7466,-0.0125,0.2424,-0.2554,0,0.3744,2.1095,-0.0581,-35,0,13,-0.2897,0,15,1.2466,0
CUST-00231,5,0,-0.1283,0,0.8971,0.0639,1.3265,0,3.7439,0.3064,1.7635,1,0,-0.3148,1,206,0,2,0.9349,-0.6659,0.1627,-0.0316,0,0.3063,1.461,0.0158,-12,0,7,-0.2046,0,4,1.1699,0
CUST-00231,6,0,-0.0532,0,0.1436,0.1417,1.4123,1,0.2,0.2071,0,0,0,0.1395,0,112,0,0,0.8945,1.124,0.2215,-0.0104,1,0.1744,1.7797,-0.1052,12,2,0,0.3796,0,5,1.3204,0
CUST-00231,7,0,0.0167,1,0.657,0.1047,1.0292,0,3.372,0.1482,2.2694,1,0.0014,-0.1519,0,161,0,0,0.7772,0.2764,0.1377,0.0124,0,0.3254,0.5489,-0.0857,-30,0,5,0.1649,0,0,1.3484,0
CUST-00231,8,0,-0.1306,1,0.9163,0.3169,1.3909,0,4.6743,0.0373,0,0,0.2176,-0.1802,0,159,0,0,0.8874,0.4747,0,-0.2091,1,0.5007,0.2,-0.0042,31,0,20,-0.0377,0,5,1.1054,0
CUST-00231,9,0,-0.0333,4,0.816,0.1565,1.3403,0,1.9621,0.206,0,0,0.1035,-0.1038,0,231,0,0,0.728,-1.0493,0.194,-0.0063,0,0.1465,0.8809,-0.1009,3,1,13,-0.086,0,5,1.3519,0
CUST-00231,10,0,-0.0652,0,0.2715,0.0452,1.4947,1,0.2,0.291,3.7712,1,0.0166,0.1772,1,97,0,0,0.7677,-0.0768,0.1096,0.6515,0,0.4987,0.4949,0.0797,27,1,0,-0.0538,0,0,1.2794,0
CUST-00231,11,0,0.0964,1,0.5589,0.1439,1.3309,1,2.1353,0.1918,0,0,0.2839,-0.183,0,141,0,1,0.6002,-0.5748,0.202,-0.1118,0,0.1728,1.3938,0.0685,2,0,0,0.069,0,7,1.4881,0
CUST-00232,0,0,-0.0592,2,0.91,0.2002,0.9564,0,2.8418,0.317,1.2816,1,0.0475,0.0103,1,224,0,0,0.9222,-0.6991,0.3897,0.0974,1,0.4888,0.9352,0.2735,18,0,13,-0.1504,0,10,1.1717,0
CUST-00232,1,0,-0.0172,0,0.4736,0.3111,1.2176,1,2.8825,0.4879,2.0138,1,0,-0.0151,0,105,0,2,0.7595,0.4637,0.1281,0.1565,0,0.4156,2.3737,0.0113,-24,2,12,0.2561,0,0,1.8751,0
CUST-00232,2,0,0.1705,5,0.2978,0.3088,0.6859,0,1.0404,0.1528,0,0,0,0.3036,1,184,0,2,0.7907,0.5795,0.0921,0.3731,0,0.4263,1.7654,-0.0734,19,0,14,0.5285,0,4,1.5056,0
CUST-00232,3,0,0.0882,0,0.9872,0.0549,1.7169,0,0.9346,0.2822,1.2642,1,0.0433,-0.0812,1,129,0,1,0.8572,0.3809,0,-0.0135,2,0.5029,2.8624,-0.0212,-8,1,5,-0.0983,0,2,0.9861,0
CUST-00232,4,0,0.2419,4,0.7984,0.2393,1.0266,1,2.054,0.2142,0,0,0.1091,-0.1185,1,168,0,2,0.8135,-0.1127,0.045,0.0957,1,0.3315,1.6633,-0.0514,-6,0,0,0.107,0,0,2.1458,0
CUST-00232,5,0,-0.2,1,0.4879,0.2566,1.149,0,1.6707,0.1741,0,1,0,0.0733,1,107,0,1,0.9197,-1.5501,0.1593,0.3616,1,0.3792,0.647,0.0729,-5,0,25,-0.1419,0,2,2.0156,0
CUST-00232,6,0,-0.0874,6,0.4818,0.2156,1.6634,1,4.1696,0.2604,0,0,0.0944,-0.1133,0,175,0,2,0.8053,-0.4322,0.3041,-0.1255,0,0.2748,2.281,0.0772,-20,0,15,-0.0514,0,0,1.1139,0
CUST-00232,7,0,0.2108,3,0.9061,0.2684,1.2293,0,1.5977,0.4204,0.0341,0,0.2246,0.0558,0,196,0,3,1.0836,-1.1733,0.3471,0.0702,1,0.4297,1.6966,0.0956,32,0,0,0.0066,0,0,1.6153,0
CUST-00232,8,0,0.1585,0,0.6465,0.1084,1.0958,0,1.6294,0.2392,0,1,0,0.2553,1,99,0,2,0.8859,1.1785,0.0374,-0.0253,1,0.4448,1.0127,0.0028,-23,0,14,0.0346,0,0,1.1017,0
CUST-00232,9,0,0.2607,4,0.7533,0.1301,1.2892,0,1.2339,0.3005,2.9158,0,0.2279,0.1243,2,222,0,0,0.8501,0.8014,0.1997,0.3024,2,0.4803,0.35,0.0433,27,1,0,0.1211,0,7,1.4473,0
CUST-00232,10,0,0.1182,3,0.79,0.0837,0.9299,0,4.1236,0.2437,4.2767,0,0.0782,-0.236,0,178,0,0,0.7667,-0.6357,0.0535,-0.1733,1,0.311,0.3221,-0.1276,-27,0,7,0.255,0,10,1.5844,0
CUST-00232,11,0,0.1669,0,0.9439,0.1038,1.5566,0,2.8846,0.1041,0,1,0.1221,-0.2486,0,104,0,3,0.9789,-1.0393,0.2711,-0.2855,1,0.1128,1.0847,-0.0077,-21,0,0,0.1482,0,0,1.503,0
CUST-00233,0,0,-0.0418,1,0.4124,0.1778,1.308,0,2.4515,0.4006,0,0,0,-0.0646,1,130,0,1,0.9304,-1.4429,0.3128,-0.1811,2,0.4399,0.2,-0.1429,-20,1,0,0.3068,0,0,1.7093,0
CUST-00233,1,0,0.0039,2,0.1899,0.1338,1.2083,0,0.9345,0.3083,0.6196,0,0.1089,0.1387,2,195,0,0,0.8084,0.2729,0.2614,-0.0752,0,0.4788,1.8733,-0.0187,20,1,0,-0.0601,0,0,1.5171,0
CUST-00233,2,0,0.1187,3,0.8425,0.0675,1.4172,0,3.1835,0.5281,4.2385,1,0.1288,0.0432,1,115,0,3,0.6233,0.1781,0.2831,0.004,2,0.4947,1.4765,-0.0171,-19,0,14,-0.0531,0,6,1.5711,0
CUST-00233,3,0,0.0683,3,0.5792,0.2314,1.1037,0,1.5109,0.3038,1.0127,0,0.0068,-0.0637,0,262,0,0,0.6441,-0.0981,0.066,-0.0184,0,0.2782,1.0624,0.076,-6,0,9,0.06,0,0,1.5104,0
CUST-00233,4,0,0.0098,0,0.5706,0.2476,1.2147,1,3.8372,0.2108,7.0691,0,0.0123,-0.3522,0,223,0,0,1.0591,-0.5078,0.2863,0.2118,3,0.4051,0.4887,0.0157,7,2,0,0.2815,0,0,1.848,0
CUST-00233,5,0,-0.054,6,0.4801,0.2445,1.6317,1,3.0974,0.3011,0,2,0.2605,-0.3244,1,163,0,1,0.9026,0.1551,0.3407,-0.0988,0,0.3396,1.8955,0.1167,-9,1,4,0.2659,0,0,0.8884,0
CUST-00233,6,0,-0.0109,1,0.6944,0.1949,1.4627,0,1.8274,0.1446,5.0719,2,0.1105,0.2856,0,116,0,0,0.7241,0.2781,0.3827,-0.0516,0,0.4554,1.4532,0.0061,12,0,4,0.0674,0,2,1.5945,0
CUST-00233,7,0,0.1834,7,0.5324,0.2563,1.6322,0,0.2,0.2082,4.4442,1,0.1731,0.1785,1,152,0,0,1.0683,1.4602,0.0211,-0.1562,0,0.4442,1.7945,0.0161,-30,0,0,0.1622,0,0,1.2732,0
CUST-00233,8,0,-0.0267,3,0.759,0.4086,1.3288,0,2.2036,0.0954,0.0016,0,0.0969,0.1475,0,160,0,0,0.8322,-0.5058,0.1867,-0.0814,0,0.4483,0.2,0.1248,12,0,2,-0.1738,0,12,1.578,0
CUST-00233,9,0,-0.0608,7,0.3139,0.0461,0.7145,1,2.7595,0.2336,0.6083,1,0,0.1537,0,40,0,0,0.9302,0.287,0.2203,0.1384,0,0.4304,0.9749,0.087,11,2,32,-0.1113,0,4,1.6014,0
CUST-00233,10,0,-0.2,2,0.4825,0.2512,1.3209,0,0.4868,0.3623,2.6446,0,0.0362,0.201,1,116,0,0,0.7738,-0.5739,0.1028,-0.2604,0,0.2642,0.4433,0.1857,-8,0,0,0.0901,0,0,1.5529,0
CUST-00233,11,0,0.0352,2,0.3794,0.1127,1.2223,0,0.2,0.3841,0,0,0.3161,-0.2007,0,260,0,0,0.9859,-0.4102,0.1794,-0.0154,0,0.3029,0.3072,-0.1624,-50,1,0,-0.2606,0,0,1.4613,0
CUST-00234,0,0,-0.0538,3,0.1204,0.0822,1.163,0,1.9788,0.1207,0,0,0.2384,0.041,2,228,0,0,0.8927,-0.0266,0.3208,-0.1849,0,0.2677,1.2813,-0.202,25,0,9,-0.1556,0,3,1.0109,0
CUST-00234,1,0,0.0052,0,0.4917,0.2207,1.2643,0,3.3193,0.1312,1.9979,0,0.0336,0.0797,1,295,0,2,0.8021,0.1882,0.3711,-0.0123,2,0.3793,1.5327,0.0869,22,0,0,-0.113,0,2,1.9115,0
CUST-00234,2,0,0.1239,4,1.0475,0.2339,0.9776,0,1.6019,0.2248,5.1628,0,0.1281,-0.088,0,185,0,2,0.9672,0.0259,0.0268,0.3752,0,0.1741,1.1282,0.068,31,0,0,-0.0926,0,0,1.3134,0
CUST-00234,3,0,0.0311,2,0.3671,0.0949,1.2229,0,0.952,0.2125,7.5563,0,0.0738,-0.2209,1,237,0,1,0.5433,-0.7147,0.1502,0.1602,0,0.3091,0.648,0.2036,-10,0,17,0.2344,0,8,1.2924,0
CUST-00234,4,0,0.0516,10,0.6467,0.358,1.2276,1,1.6675,0.4581,5.615,1,0.083,-0.1005,0,0,0,0,0.867,-0.1351,0.1622,0.0166,0,0.3964,0.2,-0.0464,3,2,0,0.1184,0,10,1.1768,0
CUST-00234,5,0,0.1443,0,0.7886,0.2266,1.4526,0,2.7947,0,3.5406,0,0.271,0.0917,0,112,0,0,0.799,1.0121,0.0512,-0.0939,0,0.4531,1.7113,0.1033,17,1,8,-0.185,0,1,1.6387,0
CUST-00234,6,0,-0.0183,5,0.2226,0.1264,1.2012,0,2.1276,0.2618,0,0,0.0863,-0.0652,0,209,0,0,1.0349,-0.2408,0,0.114,1,0.3253,0.7389,0.1384,-22,2,8,-0.1734,0,0,1.7656,0
CUST-00234,7,0,0.0897,0,0.5887,0.1889,1.8316,0,3.6247,0.0679,0,0,0.0667,0.1432,0,149,0,0,0.7612,-0.6931,0.1338,-0.1157,0,0.1637,1.048,-0.0703,-13,0,18,0.1143,0,0,1.3608,0
CUST-00234,8,0,0.1114,1,0.3935,0.1167,0.9662,1,1.8876,0.5917,0,0,0,-0.2435,0,83,0,2,0.9032,1.1539,0.2906,0.2523,0,0.3794,0.3247,-0.0863,-4,0,9,0.0427,0,0,1.2825,0
CUST-00234,9,0,0.245,1,0.5449,0.1733,0.7409,0,0.2,0.3644,6.8159,2,0.1094,-0.0117,2,143,0,0,0.7742,0.2361,0.2212,0.1289,0,0.228,1.5728,0.0376,60,0,0,0.0938,0,1,1.1051,0
CUST-00234,10,0,0.233,1,0.7748,0.1909,1.1977,1,1.2228,0.3869,1.9632,0,0.0863,-0.1831,0,236,0,0,0.859,0.3546,0.29,-0.0207,1,0.3456,0.9976,0.0801,-18,0,0,-0.1115,0,0,1.3799,0
CUST-00234,11,0,0.0947,2,0.5989,0.0902,1.547,0,1.9241,0.2796,0.5663,1,0.1462,-0.2184,1,254,0,2,1.0318,0.3829,0.4887,0.0865,0,0.3728,0.9905,0.0546,8,0,0,-0.3091,0,17,1.3964,0
CUST-00235,0,0,0.0233,4,0.8616,0.2203,0.7565,0,4.1586,0.309,5.3973,2,0.1244,-0.0054,1,308,0,0,0.9824,-0.744,0.1893,-0.339,0,0.2422,1.1696,0.001,-15,0,0,0.0024,0,0,0.9313,0
CUST-00235,1,0,-0.1775,4,0.7252,0.128,1.5841,0,2.3647,0.1977,4.4413,0,0.0054,-0.0173,0,175,0,2,0.9379,0.2924,0.2272,0.2003,0,0.402,0.2,-0.0333,-14,2,0,-0.0364,0,8,1.5072,0
CUST-00235,2,0,-0.0186,5,0.2033,0.1694,1.414,0,0.9095,0,6.4512,0,0.0823,0.5106,0,145,0,1,0.6287,-0.5586,0.2065,0.0933,0,0.1,1.6417,0.1532,30,0,0,0.0821,0,0,1.6131,0
CUST-00235,3,0,0.1666,0,0.8839,0.1979,1.4529,0,2.302,0.1738,0,1,0.0387,0.2017,1,300,0,1,0.8064,0.1046,0.412,-0.3458,0,0.4117,0.2,0.0437,-14,0,0,0.076,0,3,1.3358,0
CUST-00235,4,0,0.2656,0,0.7174,0.2691,1.0155,0,2.6778,0.1429,1.9465,0,0,0.2743,0,165,0,0,0.783,0.857,0,0.0694,0,0.2311,1.3841,-0.1697,13,0,8,-0.0701,0,20,1.3565,0
CUST-00235,5,0,0.0967,1,0.7201,0.1757,1.2499,0,0.2754,0.3841,0,0,0,-0.1317,0,281,0,0,1.1632,0.7814,0.2289,-0.0801,1,0.1,1.1673,0.0138,1,0,2,-0.093,0,0,1.6784,0
CUST-00235,6,0,-0.0475,4,0.4731,0.2575,1.2432,1,0.5776,0.2757,4.201,0,0,0.0403,1,242,0,0,0.8126,0.0227,0,0.0919,1,0.3375,0.2429,-0.0905,26,0,23,0.0686,0,17,1.2483,0
CUST-00235,7,0,0.1544,0,0.5728,0.2144,1.2576,0,3.198,0.1858,1.9923,0,0,0.0713,0,126,0,0,0.8887,-0.5325,0.2308,-0.1817,1,0.5368,1.7366,-0.0323,-35,1,5,0.2276,0,6,1.8085,0
CUST-00235,8,0,0.0679,0,0.3899,0.087,1.5218,1,1.8609,0.3201,0.6343,1,0.0036,0.5451,1,223,0,2,0.8067,0.7777,0.0195,0.0821,0,0.2956,1.2661,0.0525,0,0,0,0.0258,0,8,1.5586,0
CUST-00235,9,0,-0.1183,1,0.5689,0.2894,1.7665,0,1.2095,0.2728,2.6589,0,0.0378,-0.0595,0,175,0,0,0.7095,0.0432,0,-0.0493,1,0.2651,0.9566,0.0482,16,1,0,-0.0333,0,1,1.6319,0
CUST-00235,10,0,-0.1782,5,0.8137,0.1733,1.5368,0,3.0239,0.2195,2.4048,0,0.2889,-0.3224,0,243,0,0,0.8567,0.5243,0.1747,0.1958,0,0.5189,1.0496,-0.0407,8,0,3,-0.1393,0,0,1.4589,0
CUST-00235,11,0,0.0218,1,0.3202,0.142,1.0488,1,1.8587,0.465,0.4747,1,0.0624,0.2011,0,142,0,0,0.8409,1.411,0.1829,-0.0744,2,0.3106,0.8442,-0.0491,-2,2,11,0.0463,0,4,1.7525,0
CUST-00236,0,0,-0.1204,3,0.1929,0.1235,1.135,0,3.0803,0.1283,5.1377,0,0.1162,0.3184,0,109,0,2,0.6602,0.6608,0.4115,-0.1673,0,0.4195,0.8949,0.0931,-6,1,8,0.1923,0,5,1.5953,0
CUST-00236,1,0,-0.1105,2,0.1347,0.2095,1.9948,0,1.2747,0.4239,3.4127,0,0,0.3008,0,187,0,1,0.7629,-1.6952,0.2311,0.1336,1,0.1453,1.0034,-0.1675,31,0,1,-0.2374,0,7,1.4168,0
CUST-00236,2,0,-0.0316,0,0.7709,0.1834,1.1119,0,0.2419,0.401,0,0,0,0.0471,2,163,0,1,0.8642,0.6462,0.0984,-0.1056,0,0.1905,0.8237,-0.01,-33,0,8,0.0806,0,0,1.5705,0
CUST-00236,3,0,0.2681,3,0.2894,0.118,1.5654,0,0.3256,0.2387,2.7898,0,0.0923,-0.3152,1,262,0,0,0.8401,-0.1892,0.1164,-0.0847,0,0.3243,0.2,0.1639,-16,0,0,-0.1867,0,6,1.667,0
CUST-00236,4,0,-0.0087,0,0.8559,0.1751,0.9021,1,2.6145,0.2833,0,0,0.1463,-0.0106,1,173,0,0,0.7035,-0.4574,0.1288,0.0679,0,0.2821,1.2644,0.0257,6,0,0,0.1157,0,0,1.2495,0
CUST-00236,5,0,-0.0462,5,0.6569,0.3009,1.2233,0,2.8391,0,1.813,0,0.0409,-0.1344,0,151,0,0,0.6723,-0.0334,0.3332,-0.2543,0,0.3043,1.5283,-0.0538,-24,0,9,-0.0666,0,0,1.8138,0
CUST-00236,6,0,0.0793,0,0.8027,0.1746,1.5538,0,1.1366,0.3107,1.3653,0,0.1206,-0.1697,0,205,0,1,0.9128,0.1736,0.1124,0.0168,0,0.3113,1.0563,0.0056,3,0,0,-0.1277,0,0,1.2458,0
CUST-00236,7,0,0.1605,8,0.8199,0.1966,0.7875,0,3.5851,0.1351,0,0,0.0238,0.0329,0,269,0,0,0.6703,0.0004,0.052,-0.0585,0,0.2128,1.3372,0.0659,54,0,16,0.1467,0,0,1.5708,0
CUST-00236,8,0,0.106,0,0.8858,0.2316,1.3725,0,0.8709,0.1553,2.112,2,0,-0.0007,0,162,0,0,1.1917,0.2342,0.1392,0,0,0.4059,1.3479,0.0398,0,0,12,-0.2088,0,17,1.4562,0
CUST-00236,9,0,0.0507,2,0.8842,0.184,0.7756,2,1.7491,0.0816,4.1994,2,0.0665,0.1893,0,216,0,0,0.7842,0.0388,0.2336,0.1182,1,0.567,1.2842,-0.0655,14,2,0,0.0456,0,2,1.393,0
CUST-00236,10,0,0.1812,0,0.343,0,1.436,0,0.3199,0.2259,0,1,0,-0.2016,0,146,0,1,0.8464,0.4881,0.1848,0.0903,0,0.2138,2.1643,-0.0779,0,1,0,0.069,0,13,0.859,0
CUST-00236,11,0,0.2795,8,0.9209,0.2521,0.6342,0,0.2,0.3802,1.3198,0,0.0727,0.1044,0,182,1,0,0.6593,-0.8168,0,0.0791,0,0.2008,1.8169,-0.0457,-7,1,21,-0.0701,0,8,1.5655,0
CUST-00237,0,0,0.179,0,0.209,0.1837,1.015,1,2.7704,0.2731,0.7208,2,0.0617,-0.2244,0,166,0,0,0.9037,-1.5199,0.2897,-0.0149,0,0.5424,1.0366,-0.0005,13,0,0,0.0629,0,14,1.8877,0
CUST-00237,1,0,0.1419,5,0.8018,0.2368,1.0681,1,2.1738,0.3105,0,1,0.1818,-0.1175,0,225,0,2,1.0489,-0.3841,0.4381,0.3191,1,0.2207,1.5666,0.085,-29,1,0,0.1842,0,0,1.2387,0
CUST-00237,2,0,-0.0745,1,0.9328,0.1096,1.3553,0,2.5656,0.1133,0.709,1,0.0315,-0.0718,0,298,0,1,0.7949,-0.6851,0.2598,0.3989,1,0.4518,0.2,0.318,38,0,0,0.1279,0,0,1.4336,0
CUST-00237,3,0,0.1101,3,0.5754,0.1264,1.5809,0,1.4707,0.2899,0,1,0.0785,0.05,0,172,0,0,0.6464,0.6042,0.1728,-0.1358,0,0.5865,1.9816,0.2022,27,1,19,0.2241,0,1,1.1183,0
CUST-00237,4,0,0.2612,3,0.6677,0.1187,1.2399,0,2.3507,0.3202,1.9403,0,0.0025,-0.0829,0,128,0,3,0.9568,-0.947,0.1999,-0.1656,2,0.2664,1.7162,0.1298,-17,2,10,0.1489,0,0,1.4806,0
CUST-00237,5,0,-0.0438,7,0.7045,0.2195,1.3086,0,2.4611,0.3128,0.5945,1,0.1187,0.2678,0,37,0,0,1.015,0.4215,0.1687,0.0998,3,0.3344,0.443,0.0036,16,0,13,-0.0274,0,0,1.3837,0
CUST-00237,6,0,-0.0422,1,1.0522,0.1897,0.8331,1,1.6465,0.4003,0,0,0.113,0.2008,1,220,0,1,0.7038,0.7508,0.3262,-0.1502,0,0.1754,1.3801,-0.0644,8,0,33,0.2269,0,12,1.4775,0
CUST-00237,7,0,0.1502,2,0.812,0.2666,1.2983,0,1.8935,0.115,5.0094,0,0.0697,0.0358,0,186,0,0,0.8134,-0.1752,0.1369,0.056,0,0.3529,0.9386,0.1309,30,0,7,0.0464,0,3,1.1701,0
CUST-00237,8,0,-0.0049,7,1.0148,0.3137,0.8061,0,3.4485,0.2564,0.3682,0,0,0.0764,0,174,0,0,1.0705,-0.0183,0.1586,0.1221,0,0.478,1.0612,0.0177,22,0,0,0.2057,0,0,1.3931,0
CUST-00237,9,0,0.0232,2,0.7298,0.1611,1.7801,0,1.6415,0.2688,0,0,0,-0.2832,1,217,0,0,0.9975,-0.2123,0.1001,0.2924,1,0.305,1.3794,0.2154,-9,1,14,0.0067,0,0,1.2143,0
CUST-00237,10,0,0.1118,6,0.8153,0.337,1.5001,0,3.215,0.4448,1.194,0,0.0726,0.1515,1,149,0,0,1.0593,-0.8698,0.1861,0.4053,0,0.3658,0.94,-0.0681,-15,0,0,-0.0932,0,0,1.5985,0
CUST-00237,11,0,0.0656,3,0.8222,0.072,0.903,0,0.2,0.2838,0.6707,0,0,-0.2589,1,195,0,0,1.0649,-0.1195,0.156,0.2262,0,0.2455,2.5508,-0.0275,11,2,14,0.2568,0,3,1.3114,0
CUST-00238,0,0,0.1349,3,0.6862,0.2335,1.0695,0,1.3498,0.2858,0,1,0.0855,0.0248,0,189,0,2,1.0269,-0.5397,0.1517,0.0046,0,0.4255,0.3207,-0.1322,-42,0,5,-0.008,0,0,1.089,0
CUST-00238,1,0,-0.0435,2,0.1646,0.2503,1.6654,1,3.5548,0.3424,1.2051,0,0.0201,-0.102,0,222,0,0,0.8308,-0.414,0.1831,0.0106,0,0.2612,0.4363,-0.0203,-5,0,0,0.1908,0,2,1.7126,0
CUST-00238,2,0,0.1339,0,0.2763,0.1153,1.2995,0,0.9635,0.4117,0,0,0,0.1257,0,268,0,0,1.0183,-0.4092,0.2995,-0.3988,0,0.4458,0.546,-0.0176,9,1,0,0.1644,0,3,1.3034,0
CUST-00238,3,0,0.0775,2,0.2186,0.2237,0.8806,0,1.1069,0.2824,1.0521,0,0.1788,0.0434,0,147,0,0,0.9248,-0.3377,0.1321,-0.015,3,0.2753,0.5343,0.0795,-19,0,15,-0.4531,0,6,1.2946,0
CUST-00238,4,0,0.0344,0,0.3156,0.1536,1.4691,0,1.1234,0,0,0,0.0152,0.044,2,191,0,0,0.8447,-0.3092,0.1198,0.1041,1,0.4136,0.8762,-0.1297,-3,1,12,0.4494,0,0,1.4719,0
CUST-00238,5,0,-0.0189,4,0.6765,0.2345,1.344,0,0.2,0.3403,3.6337,0,0.2865,-0.0336,1,201,0,0,0.8442,-2.2509,0.2153,-0.1577,0,0.3985,1.508,0.0002,-11,1,0,0.0073,0,10,1.3379,0
CUST-00238,6,0,-0.0256,1,0.473,0.1548,1.5395,0,3.0114,0.1312,0.2257,0,0.2461,0.0368,1,208,0,0,0.7443,-0.2975,0.2091,0.04,0,0.3108,0.2,-0.1388,-9,0,0,-0.3231,0,0,1.3513,0
CUST-00238,7,0,0.1215,0,0.7363,0.3135,1.6265,0,0.9788,0.39,0.1153,0,0,-0.0609,0,107,0,1,0.8658,0.5298,0.2282,0.3825,0,0.4878,0.2,0.1111,26,2,16,0.246,0,13,1.7905,0
CUST-00238,8,0,0.0001,0,0.4145,0.2201,1.0463,0,0.3848,0.0966,2.0338,3,0,-0.3152,0,304,0,0,0.8786,1.1693,0.0115,-0.0992,0,0.1506,0.2,-0.0059,32,0,9,-0.196,0,12,1.1248,0
CUST-00238,9,0,0.1639,6,0.9125,0.3862,1.3208,0,0.5603,0.2183,0,0,0,-0.1445,1,333,0,0,0.4886,1.2139,0.3334,-0.042,0,0.266,1.1544,0.0185,-6,0,0,0.2493,0,7,1.6282,0
CUST-00238,10,0,-0.0594,3,0.5952,0.2884,0.8056,1,2.4542,0.3844,1.5175,0,0.0255,0.2519,0,121,0,0,0.8772,-0.4279,0,-0.0889,1,0.6927,2.2666,0.1903,15,0,0,0.0315,0,0,1.7351,0
CUST-00238,11,0,0.0769,3,0.8201,0.1984,1.5335,0,0.5693,0.2337,6.1061,0,0,0.0217,2,138,0,0,1.3779,0.1976,0.1485,0.038,0,0.2802,0.2,-0.0791,1,0,4,0.3463,0,0,1.4278,0
CUST-00239,0,0,-0.1076,4,0.6551,0,1.6254,0,3.069,0.2362,0.0136,1,0.045,-0.0177,1,307,0,0,0.8892,-0.0056,0.1603,-0.3147,0,0.2573,0.3935,0.0109,32,0,0,-0.2144,0,11,1.7761,0
CUST-00239,1,0,0.219,0,1.0791,0.3561,1.5196,0,4.2894,0.119,1.5254,0,0.0235,-0.2489,1,176,0,0,0.9973,2.1006,0,-0.2783,1,0.4613,1.2842,0.084,-17,0,0,0.0162,0,18,1.1055,0
CUST-00239,2,0,-0.187,6,0.7006,0.225,1.2506,1,3.5813,0.546,3.6556,2,0.1838,-0.2923,0,128,0,0,0.746,-0.0756,0.234,0.318,1,0.3256,2.1327,0.0918,12,0,7,-0.3821,0,7,1.7231,0
CUST-00239,3,0,0.0968,2,0.629,0.1674,0.7865,0,3.0296,0.4869,2.5837,1,0.4432,-0.0443,0,226,0,1,0.5296,0.562,0.2602,0.0348,0,0.3391,0.5066,-0.1602,4,0,0,0.0495,0,8,1.2673,0
CUST-00239,4,0,0.1468,3,0.4585,0.0758,1.1641,0,3.323,0.5254,0,0,0.1214,0.2358,0,101,0,0,0.8753,0.9719,0.0856,0.0067,1,0.2915,0.2,0.1696,14,1,2,0.1987,0,2,1.1258,0
CUST-00239,5,0,0.0133,7,0.4056,0.229,1.4382,0,3.2604,0.4314,0,0,0.0972,0.1874,0,244,0,0,0.6332,0.545,0.2361,0.1875,1,0.4276,0.8492,0.0271,-2,0,16,0.2264,0,2,1.1727,0
CUST-00239,6,0,0.2452,0,0.5583,0.2881,1.8008,0,2.1053,0.4301,1.1351,0,0.1373,-0.0287,0,103,0,0,0.7005,-2.4685,0.157,0.0216,1,0.4613,2.0367,-0.0084,-27,1,5,0.1331,0,0,1.5681,0
CUST-00239,7,0,0.1626,7,0.5536,0.3717,1.3123,1,1.7191,0.6006,3.3038,1,0.0729,0.0924,0,271,0,1,0.8825,0.7406,0.2179,-0.0735,1,0.162,1.0998,0.0441,10,0,0,-0.0635,0,7,1.7312,0
CUST-00239,8,0,0.1764,0,0.8742,0.2446,0.8737,1,2.1596,0.201,4.871,0,0,0.2832,0,153,0,0,0.9801,0.4851,0.0915,0.1273,0,0.3005,0.7239,-0.0199,-1,2,24,0.332,0,0,1.3263,0
CUST-00239,9,0,0.0587,0,0.2821,0.2051,0.9495,0,2.4859,0.3123,1.75,1,0.1185,0.0219,0,167,0,0,0.8655,0.2926,0.0972,0.1006,0,0.5258,0.5535,0.0268,-9,0,4,-0.1371,0,0,1.2018,0
CUST-00239,10,0,0.2189,2,0.8478,0.2163,1.0447,0,0.8738,0.4658,0,0,0.3511,0.3401,1,191,0,0,0.8371,0.539,0.0864,0.3408,0,0.1322,1.8856,-0.067,-16,1,0,0.2212,0,10,1.1458,0
CUST-00239,11,0,-0.1177,1,0.8878,0.1996,1.1493,1,0.2,0.3327,0,0,0.0669,-0.0635,0,233,0,0,0.6538,0.0485,0.111,0.1239,0,0.4348,0.9432,0.063,21,0,0,0.054,0,0,1.0197,0
CUST-00240,0,0,-0.2,0,0.4746,0.2128,1.4346,1,1.7467,0.3377,7.4118,2,0,-0.2296,0,168,0,1,0.9136,1.9482,0.1764,0.0782,0,0.2714,0.2529,0.0974,-9,1,16,0.3273,0,0,1.0734,0
CUST-00240,1,0,0.0134,8,0.1645,0.2073,1.4311,1,0.6634,0.202,6.6242,0,0.0272,0.0124,2,253,0,0,0.7077,0.4486,0.2608,-0.1837,2,0.348,1.058,0.0137,-1,2,2,0.1411,0,3,1.4617,0
CUST-00240,2,0,0.1519,0,0.5081,0.1223,1.6107,1,1.3703,0.0465,0,1,0.2901,0.1869,1,143,0,0,0.7598,-0.0467,0.2547,-0.1228,0,0.3534,1.2454,0.1504,-3,0,0,-0.0946,0,0,1.0417,0
CUST-00240,3,0,-0.025,0,0.821,0.2964,1.59,0,1.5804,0.4797,4.7924,0,0.2282,0.3064,1,135,0,0,0.7954,-0.3428,0.3147,0.2469,0,0.1939,1.8211,0.0897,-50,1,0,0.1329,0,0,1.143,0
CUST-00240,4,0,0.3362,0,0.514,0.3061,1.4363,0,0.5515,0.2523,0.809,2,0.2062,0.0738,1,173,0,2,0.7375,0.1666,0.2875,0.1391,0,0.3954,1.6769,0.0182,0,0,8,-0.1212,0,2,1.1145,0
CUST-00240,5,0,0.0058,3,0.9886,0.3166,1.7374,0,2.3021,0.1969,0,0,0.1199,-0.1212,0,196,0,3,0.7352,0.7969,0.2665,0.0101,0,0.5798,1.1203,-0.0324,3,2,5,-0.0511,0,0,1.2431,0
CUST-00240,6,0,0.0013,3,0.4544,0.1716,1.7903,0,2.6385,0.3191,0.8935,0,0.093,0.0102,1,119,0,0,0.9099,0.8713,0.1729,-0.0838,2,0.2484,0.7641,0.0062,40,3,0,0.0027,0,0,1.2613,0
CUST-00240,7,0,0.1032,0,0.5306,0.1728,1.3041,0,0.8988,0.3959,2.0991,0,0.0714,0.1982,0,195,0,0,0.8107,0.1131,0.1887,-0.3843,2,0.5943,1.2863,-0.0209,-11,0,0,0.0935,0,15,1.468,0
CUST-00240,8,0,0.02,2,0.745,0.1605,1.4402,0,2.5064,0.1182,1.9166,0,0.1745,0.0671,0,218,0,0,0.8822,-0.292,0.1495,0.2117,0,0.34,1.827,0.0892,-10,1,0,-0.2952,0,0,1.4328,0
CUST-00240,9,0,0.1051,0,0.7889,0.1002,1.4236,0,1.2608,0.2315,0.675,0,0.247,-0.0472,0,261,0,0,0.5825,-0.2886,0.0649,0.0854,0,0.3822,1.7044,0.0989,-10,0,0,0.0207,0,2,1.2152,0
CUST-00240,10,0,0.1771,3,0.1264,0.1391,1.4009,0,2.7731,0.2054,2.359,1,0.2208,0.2138,1,216,0,2,0.7396,-0.5406,0.1842,-0.2363,0,0.1525,0.6389,0.0988,-1,0,5,-0.0025,1,0,1.433,0
CUST-00240,11,0,0.024,0,0.7955,0.2161,1.0151,0,1.1169,0.2479,3.5237,0,0,0.4428,0,132,0,0,0.6792,-0.769,0.0946,0.0019,0,0.5897,0.8154,0.0033,-21,0,27,0.147,0,0,1.4243,0
CUST-00241,0,0,0.0901,5,0.4706,0.14,1.1613,0,0.4973,0.3976,0,0,0,0.259,0,198,0,3,0.8531,1.0753,0.2905,-0.0164,0,0.1983,0.4573,-0.0463,15,0,15,0.3182,0,0,1.463,0
CUST-00241,1,0,0.1619,0,0.2376,0.1177,0.9934,1,3.0228,0.1242,1.2132,1,0.082,0.119,0,209,0,0,0.7641,-1.2784,0.1681,0.4372,1,0.369,0.6994,0.1231,4,0,0,0.1021,0,15,1.3661,0
CUST-00241,2,0,0.0068,1,0.8623,0.1324,1.5314,1,2.5068,0.4853,1.2793,0,0.0999,-0.0039,0,30,0,2,0.9153,0.8911,0.102,-0.0945,0,0.4331,1.4679,-0.0149,-8,0,0,0.0075,0,0,0.994,0
CUST-00241,3,0,-0.1213,7,0.428,0.4201,1.3104,0,3.8385,0.2745,1.147,0,0.0262,0.4373,0,108,0,1,0.6948,-0.2488,0.0965,0.0309,1,0.367,0.6465,-0.0155,-5,2,21,0.0786,0,0,1.5941,0
CUST-00241,4,0,-0.1093,0,0.01,0.1698,0.2091,1,0.2,0.259,2.7251,0,0.0464,0.0064,0,158,0,1,0.8942,0.5261,0.0631,-0.2629,1,0.1076,1.112,0.0034,-29,1,0,0.2212,0,0,1.5024,0
CUST-00241,5,0,0.0513,1,0.4711,0.3185,1.8078,1,2.7779,0.0403,0,1,0.1241,-0.0048,2,198,0,1,0.9214,-0.1876,0.3031,-0.0072,0,0.2531,1.498,-0.157,-19,0,0,0.0777,0,0,1.1062,0
CUST-00241,6,0,0.0365,0,0.7576,0.2478,1.0113,1,3.6647,0.4922,0,0,0,0.1576,0,203,0,0,1.0079,-1.1823,0.1409,-0.0448,0,0.3884,1.1203,0.0172,9,0,10,0.2414,0,1,1.3851,0
CUST-00241,7,0,-0.0089,4,0.3409,0.254,1.1398,0,2.9197,0.2532,4.7259,1,0.0552,0.0012,0,192,0,0,0.7793,-1.0307,0.2687,0.3521,1,0.3184,1.0556,-0.0522,33,0,4,0.005,0,8,1.0884,0
CUST-00241,8,0,0.101,5,0.832,0.2563,1.0569,1,0.7814,0.4045,0,1,0.008,-0.2394,1,179,0,1,0.6513,1.2258,0.22,-0.0637,0,0.3346,1.6347,-0.1003,23,0,4,0.1526,0,0,1.3422,0
CUST-00241,9,0,0.201,0,0.8116,0.1908,1.0217,0,1.6055,0.3139,2.2433,1,0,0.1346,0,227,0,0,1.0219,-0.3326,0.1382,-0.0551,0,0.3102,0.4716,-0.0731,2,0,3,-0.2054,0,0,1.7896,0
CUST-00241,10,0,0.1305,5,0.7801,0.2767,1.0198,0,1.3226,0.1501,1.3911,1,0.178,-0.3922,1,62,0,0,0.9128,0.5008,0.0433,-0.0396,0,0.4083,1.8429,-0.0046,18,1,3,-0.0089,0,11,1.2905,0
CUST-00241,11,0,0.1522,0,0.6647,0.0895,1.2777,0,1.4983,0.3736,0,0,0.0514,0.2626,2,129,0,1,0.6858,0.8406,0.2245,-0.142,0,0.407,0.742,-0.0663,-4,0,10,0.0076,0,16,1.3797,0
CUST-00242,0,0,0.0349,4,0.8871,0.012,1.4277,1,1.1098,0.2303,1.7251,1,0.0382,-0.0442,0,146,0,1,0.5897,0.336,0.0853,-0.0371,1,0.235,1.5854,-0.1247,5,0,0,-0.2822,0,0,1.7868,0
CUST-00242,1,0,-0.0181,2,0.6701,0.167,1.824,0,3.0879,0.081,2.8609,1,0.1528,-0.361,0,209,0,1,1.261,-1.3262,0.3411,0.1457,0,0.4067,0.7428,-0.039,11,1,0,0.4601,0,0,1.1259,0
CUST-00242,2,0,0.1266,2,0.6474,0.1419,1.041,2,2.5991,0.2215,6.2904,0,0.283,0.1227,0,262,0,0,0.8903,0.5755,0.2914,-0.2751,2,0.3084,1.0964,-0.0097,-8,1,12,0.2031,0,0,1.6369,0
CUST-00242,3,0,0.0499,0,0.5277,0.0634,1.3796,0,0.2,0.5669,0,0,0.1124,0.0031,0,148,0,0,0.6734,0.4942,0.3784,-0.0514,0,0.2458,0.7915,-0.1022,-28,0,2,-0.0707,0,13,1.1524,0
CUST-00242,4,0,0.1194,3,0.7654,0.0618,1.4364,1,1.1687,0.1427,0,0,0,-0.2991,0,203,0,1,0.9614,0.8811,0.2567,0.2929,0,0.2755,0.6067,-0.0571,6,0,0,-0.2195,0,0,1.4361,0
CUST-00242,5,0,0.2375,3,0.6269,0,1.2944,0,1.3625,0.3326,1.2679,0,0.3617,0.1157,1,104,0,0,0.6764,1.1266,0.1583,0.1036,0,0.3615,1.2199,-0.1037,9,3,4,0.1705,0,3,1.3683,0
CUST-00242,6,0,0.1471,6,0.7394,0.1676,1.3291,1,1.7399,0.1954,2.1952,0,0.1089,0.6312,1,90,0,3,1.0468,0.4272,0.2018,0.1424,1,0.4677,1.7886,0.0709,14,1,16,0.2511,0,0,1.1826,0
CUST-00242,7,0,0.1454,0,0.7251,0.2034,1.1069,1,2.0876,0.2786,7.187,0,0,-0.0514,0,203,0,2,1.1592,0.0435,0.185,0.0549,2,0.4013,1.9193,0.0094,29,0,24,0.2828,0,0,1.3284,0
CUST-00242,8,0,0.2193,0,0.8583,0.2989,1.7085,0,1.1108,0.3369,2.4178,0,0.0748,0.1432,1,31,0,0,0.8425,-0.4413,0.1165,-0.2348,0,0.377,0.973,0.0557,-44,1,25,0.1839,0,0,1.6542,0
CUST-00242,9,0,0.1424,1,0.6068,0.1287,1.694,0,1.8246,0.0429,4.3301,0,0.1369,-0.191,2,236,0,0,0.9488,0.3947,0.3175,-0.1849,0,0.4282,2.1354,-0.0334,-6,2,0,0.0153,0,3,1.3267,0
CUST-00242,10,0,0.0315,3,0.2471,0.1846,1.8774,1,2.8312,0.1903,0,0,0,-0.1452,0,279,0,0,0.7257,0.0202,0.2415,-0.2968,0,0.4084,2.444,-0.0592,1,1,12,-0.0882,0,0,1.5512,0
CUST-00242,11,0,0.1429,3,0.8638,0,1.0271,0,2.5698,0.4283,0,0,0.2148,0.2135,0,104,0,0,0.9695,-0.5624,0.1736,-0.0849,0,0.2909,1.0951,-0.0148,19,0,3,-0.1175,0,0,1.4309,0
CUST-00243,0,0,0.0489,5,1.0309,0.2852,1.212,1,3.1388,0.2352,0.5919,0,0.0335,0.0718,1,268,0,0,0.8993,-0.9805,0.1862,0.3177,0,0.3944,1.0502,-0.1503,-12,0,3,0.2787,0,2,1.1821,0
CUST-00243,1,0,0.053,2,0.6042,0.1302,1.9577,1,2.8842,0.1885,0,0,0,-0.0567,0,153,0,0,0.8231,0.5558,0.2967,0.0317,0,0.3801,0.6429,-0.0917,3,1,4,0.1517,0,0,1.2184,0
CUST-00243,2,0,0.0828,2,0.641,0.2358,0.8472,0,0.2,0.2671,0,1,0,-0.0383,1,151,0,0,0.9214,0.2469,0.1573,0.1913,0,0.314,0.712,0.1376,-19,0,0,0.3013,0,20,1.3282,0
CUST-00243,3,0,0.0257,3,0.5287,0.0734,1.6188,1,2.4902,0.4112,3.7064,0,0,0.0434,0,105,0,2,1.0081,-1.2964,0.3972,-0.0638,0,0.2343,0.8785,0.005,8,0,0,-0.1558,0,0,1.6037,0
CUST-00243,4,0,-0.1652,5,0.519,0.2133,1.0057,0,1.9337,0.3806,0,1,0,0.174,1,180,0,0,0.6806,-0.2835,0.3992,-0.0332,0,0.4464,0.4207,0.1123,12,2,0,-0.1069,0,0,1.4795,0
CUST-00243,5,0,0.2206,2,0.44,0.1091,1.208,0,2.042,0.3099,0,1,0.1069,-0.0313,1,125,0,2,1.1889,0.644,0.1193,0.2091,1,0.3345,2.525,-0.1432,1,0,9,0.1276,0,2,1.434,0
CUST-00243,6,0,-0.0699,2,0.3018,0.274,1.5766,0,2.5709,0.3357,2.3651,1,0.0954,0.025,1,180,0,1,0.836,0.1068,0.2774,-0.0223,0,0.2303,0.9142,-0.0142,22,0,0,0.1007,0,0,1.4594,0
CUST-00243,7,0,0.2711,3,0.1101,0.0874,1.0628,0,2.551,0.2396,4.7029,0,0.0567,0.1,1,79,0,2,0.9498,0.2619,0.1435,-0.0043,0,0.2458,0.743,0.0203,-18,2,2,-0.0453,0,3,1.7336,0
CUST-00243,8,0,0.0127,0,1.2541,0.1466,1.5083,0,1.9169,0.1174,0,0,0.0636,-0.2293,0,257,0,0,1.047,0.5765,0.1282,0.2115,0,0.3913,1.0274,-0.0738,26,0,2,0.0976,0,18,1.3215,0
CUST-00243,9,0,0.2825,0,1.0928,0.1957,0.9427,1,0.2,0.201,0,0,0.2485,0.2991,1,214,0,1,0.7745,-0.1635,0.0987,-0.0802,0,0.1937,1.3938,0.0427,-5,0,3,0.1844,0,5,1.0616,0
CUST-00243,10,0,-0.0401,7,0.6433,0.0614,1.4231,0,3.069,0.1159,3.383,0,0,0.1815,0,229,0,0,0.6546,-1.3947,0.1898,-0.0224,1,0.3002,1.2127,-0.0176,65,0,0,-0.0362,0,3,1.1701,0
CUST-00243,11,0,0.0612,3,1.1424,0.0849,1.1505,0,1.5312,0.3163,2.0111,0,0.1421,0.0499,0,236,0,0,0.8276,1.0068,0.2616,0.107,0,0.299,1.7064,-0.0144,-29,0,11,-0.0923,0,12,1.248,0
CUST-00244,0,0,0.1327,1,1.0736,0.3184,0.9872,0,0.2,0.5594,0,0,0,-0.2322,0,251,0,2,0.8747,-0.4871,0.16,-0.2835,0,0.2141,0.4095,-0.1001,1,0,13,-0.0114,0,0,1.7325,0
CUST-00244,1,0,0.126,2,0.9836,0.217,0.5894,0,2.8132,0.125,4.4786,2,0.0056,-0.0246,0,251,0,1,0.839,0.9228,0.1064,0.3139,1,0.1827,1.5422,-0.0564,-16,0,9,-0.354,0,10,1.6479,0
CUST-00244,2,1,0.2169,8,0.1917,0.5212,0.4119,1,4.7092,0.1428,7.7029,2,0.1339,-0.0172,2,7,0,2,0.9159,0.0853,0.3841,0.2708,1,0.3657,0.8748,0.1855,55,2,15,0.086,0,15,1.2471,1
CUST-00244,3,1,0.4401,11,0.2735,0.6266,0.3976,2,6.7689,0.3797,15.5381,1,0.5729,0.2157,2,116,0,4,1.1295,2.7842,0.3893,0.3225,0,0.6962,2.9372,0.2661,71,3,58,0.4573,1,24,0.7776,1
CUST-00244,4,1,0.613,20,0.2081,0.7937,-0.0548,3,7.5379,0.6644,27.7233,4,0.814,0.3959,3,49,1,5,1.6471,2.1393,0.5449,0.5619,2,0.8965,3.9087,0.3055,57,5,49,0.3368,2,39,0.1763,1
CUST-00245,0,0,0.0574,0,0.8734,0.1464,0.8697,0,1.5227,0,0,0,0.0579,-0.1556,1,181,0,0,0.8442,0.4562,0.1532,0.2024,0,0.385,0.6403,-0.0446,37,0,8,0.0947,0,17,1.2035,0
CUST-00245,1,0,-0.0563,0,0.5619,0.1783,1.3048,0,0.2,0.3014,1.0886,0,0.0833,0.016,1,159,0,0,0.9319,0.3623,0.1512,0.2087,0,0.2948,0.9813,-0.0693,39,0,4,-0.0237,0,0,1.3642,0
CUST-00245,2,0,0.0406,3,0.8542,0.2575,1.4593,0,0.9598,0.3229,5.6052,0,0.322,-0.1172,0,239,0,0,0.8106,0.2829,0.2932,0.1527,0,0.4031,1.3715,-0.0429,11,1,2,-0.1356,0,1,1.2852,0
CUST-00245,3,0,-0.0283,3,0.5078,0.1569,1.8378,0,0.7595,0.2118,0,0,0.3766,-0.0841,1,126,0,0,0.8741,0.6987,0.1135,0.4016,0,0.3283,1.8849,-0.1646,-6,1,0,-0.3128,0,9,1.2595,0
CUST-00245,4,0,0.2801,0,0.4056,0.2029,1.1066,1,1.461,0.1856,2.4965,0,0.256,0.2555,0,112,0,0,0.3907,0.5819,0.1866,-0.2835,0,0.2782,2.0372,-0.086,29,0,13,0.3471,0,7,1.3051,0
CUST-00245,5,0,0.1271,0,0.276,0.0902,1.5192,0,0.2,0.2409,1.9922,0,0.1983,-0.1836,0,186,0,0,0.9339,-0.7158,0.0353,-0.0551,1,0.3264,0.7365,0.0642,-10,0,16,-0.2528,0,10,1.2304,0
CUST-00245,6,0,0.0273,2,0.3834,0,1.0499,1,1.7384,0.2464,0,2,0.1342,0.0975,1,239,0,0,0.7956,1.2086,0.0908,0.2091,0,0.3382,0.811,0.0603,17,0,18,0.1756,0,14,1.7015,0
CUST-00245,7,0,-0.0072,6,0.965,0.1312,1.9004,0,1.9117,0.3924,1.117,0,0.1314,0.2424,1,236,0,0,0.7172,0.1732,0.2233,-0.0888,1,0.2948,1.0304,-0.0057,3,0,1,-0.0889,0,9,1.0626,0
CUST-00245,8,0,-0.0649,5,0.2728,0.0008,1.151,1,0.2332,0.3006,7.1175,0,0.1357,-0.2122,0,191,0,0,0.7741,0.3276,0.0691,0.0356,1,0.3713,0.5838,0.0741,1,2,0,0.1913,0,0,1.3809,0
CUST-00245,9,0,0.1453,1,0.4579,0.0579,1.0712,2,1.7427,0.2046,0,0,0,-0.0853,0,158,0,1,0.3584,-0.1601,0.2375,-0.1423,0,0.488,1.3158,-0.0202,-22,0,1,0.0311,0,2,1.5533,0
CUST-00245,10,0,-0.0448,4,0.7999,0.2528,1.2712,0,1.3257,0.5547,0,1,0.095,0.0778,0,261,0,2,0.9992,0.4561,0.1693,0.2339,1,0.4169,0.9016,-0.1963,9,2,0,0.1561,0,0,1.5821,0
CUST-00245,11,0,-0.1711,2,0.5831,0.2734,1.4125,0,0.5341,0.3566,3.523,0,0.0245,0.2569,1,206,0,1,0.9916,0.4425,0.1348,-0.0701,1,0.213,1.4716,0.1024,-18,1,8,0.3118,0,14,1.9565,0
CUST-00246,0,0,-0.1503,0,0.3202,0.1554,1.2075,0,2.2914,0.333,0,0,0,0.0251,0,135,0,0,0.8492,-0.1673,0.1199,-0.0016,1,0.4921,0.6944,0.1594,-38,0,0,-0.2547,0,4,1.0183,0
CUST-00246,1,0,0.0845,1,0.8717,0.1789,1.4755,1,0.3007,0.3249,2.6152,0,0.033,-0.1017,0,215,0,0,0.998,-0.3211,0.2291,-0.2323,0,0.4397,0.8517,0.1394,-15,0,0,0.062,0,11,1.1895,0
CUST-00246,2,0,0.0482,5,0.9698,0.3006,1.1818,0,3.0462,0.0763,4.691,0,0.048,0.2774,0,62,0,0,0.8212,-0.3431,0.0017,0.2198,0,0.5059,1.2404,-0.0055,36,0,0,0.2298,0,6,1.3127,0
CUST-00246,3,0,0.1525,3,0.8595,0.1139,1.1765,0,2.9501,0.4493,0,0,0.0129,0.2212,1,234,0,1,1.1865,0.2895,0.2451,-0.0607,0,0.3563,0.3513,-0.0729,12,0,0,0.2361,0,5,1.6763,0
CUST-00246,4,0,-0.0511,5,0.637,0.2671,1.3047,0,1.6666,0.3786,1.102,0,0.2946,-0.0553,1,177,0,0,0.6141,-0.4329,0.22,-0.0675,1,0.259,1.3313,-0.0654,-24,0,12,-0.0703,0,10,1.1839,0
CUST-00246,5,0,0.1948,0,0.339,0.3222,1.0222,0,3.4119,0.1885,5.2348,0,0,0.3108,0,84,0,2,0.9435,-0.0271,0.1646,0.2785,0,0.4105,0.8731,0.0201,45,0,12,0.1258,0,12,1.1682,0
CUST-00246,6,0,-0.0566,1,0.9409,0.126,1.4823,1,1.8689,0.1714,0.8286,0,0.2338,-0.0014,2,174,0,0,1.0383,-1.1752,0.0067,0.1439,0,0.2257,1.3117,-0.0252,20,0,1,0.2325,0,3,1.2884,0
CUST-00246,7,0,0.2818,0,0.8448,0,1.709,0,2.6788,0.3654,1.1273,0,0.0802,-0.2022,1,216,0,0,1.0048,-0.7683,0.0477,-0.1196,0,0.5037,0.2,0.2393,-3,2,21,0.2285,0,0,1.0816,0
CUST-00246,8,0,0.0308,1,0.8607,0.2396,0.9919,0,2.3144,0.3477,0.0365,0,0.1285,0.4858,2,193,0,1,0.7062,0.0797,0.1421,0.3215,0,0.3843,1.0649,0.0517,-14,1,3,0.1688,0,0,1.4263,0
CUST-00246,9,0,-0.0654,7,0.4694,0.0839,1.9382,1,2.2463,0.3763,0,0,0.1476,-0.0833,0,247,0,0,0.8686,-0.4854,0.1389,-0.3389,0,0.4506,0.5876,0.1178,-21,0,6,0.1509,0,0,1.4866,0
CUST-00246,10,0,0.0282,5,0.3295,0.1797,1.5374,0,3.2264,0.2032,3.6292,0,0.1327,-0.0756,0,180,1,1,0.816,0.3593,0.1274,0.0651,1,0.3256,1.573,-0.035,-6,2,0,0.2038,0,0,1.2373,0
CUST-00246,11,0,-0.1182,0,0.3047,0.1356,0.8191,1,3.011,0.1843,1.2701,0,0.0433,0.4617,0,138,0,0,0.8047,-1.0859,0.0565,0.1172,0,0.3592,0.8693,0.1597,-22,2,11,0.1887,0,1,1.3091,0
CUST-00247,0,0,0.1066,0,0.5541,0.2334,1.951,1,0.9521,0.1995,2.5398,0,0,0.0721,0,140,0,0,0.8388,0.5978,0.1389,-0.0921,1,0.348,1.5526,0.1525,-6,2,22,-0.0549,0,0,1.6255,0
CUST-00247,1,0,0.017,0,0.347,0.1983,1.4321,0,2.8633,0.0413,0,3,0.2943,0.0893,0,184,0,4,0.6595,-0.7084,0.016,0.025,0,0.4225,2.2002,-0.0741,-2,0,0,0.2156,0,16,1.225,0
CUST-00247,2,0,0.0318,0,0.9375,0.0982,1.2327,0,2.0261,0.0203,5.6409,0,0.2313,0.2495,1,170,0,0,1.1909,-0.7246,0.1035,0.3682,0,0.5008,0.9707,0.1559,-27,1,0,-0.008,0,0,1.4041,0
CUST-00247,3,0,0.1508,1,0.6197,0.2114,1.8454,0,2.0417,0.4408,4.9014,0,0.1714,0.1437,0,132,0,0,1.1198,0.4611,0.1222,0.056,1,0.2051,0.9622,0.1323,-6,0,15,-0.3799,0,7,1.3907,0
CUST-00247,4,0,0.1445,7,0.1812,0.0713,1.178,0,1.4488,0.0622,0,2,0,0.0084,1,191,0,1,1.1692,-0.4958,0.1646,-0.4,0,0.3152,1.7154,-0.0142,1,0,0,-0.1495,0,0,1.2101,0
CUST-00247,5,0,-0.0315,1,0.405,0.1982,1.0364,1,2.542,0.1593,3.233,0,0.3162,0.143,0,89,0,0,0.9478,-0.5495,0.3001,0.0748,2,0.4752,2.1357,-0.0215,17,1,17,-0.2164,0,0,1.2353,0
CUST-00247,6,0,0.0849,0,0.7664,0.3475,1.5877,0,2.3014,0.2476,0.2444,1,0.1818,-0.2512,0,249,0,0,0.8274,-0.7593,0.1804,-0.2603,0,0.4632,1.4525,0.1009,-24,0,0,-0.0007,0,0,0.7562,0
CUST-00247,7,0,-0.0658,1,0.7938,0.3069,1.4019,0,0.8462,0.3686,0,1,0.1471,0.1453,0,164,0,0,0.7302,-0.5641,0.1411,0.0099,0,0.2686,1.4566,0.1268,0,0,0,0.0887,0,1,1.5774,0
CUST-00247,8,0,0.1701,0,0.4505,0.1207,1.6094,1,2.4763,0,8.0456,0,0,-0.1148,0,331,0,0,1.0512,0.5349,0.3065,-0.3212,1,0.4305,0.8666,0.09,-7,0,17,-0.1035,0,0,1.4497,0
CUST-00247,9,0,0.0507,1,0.7929,0.1687,1.5825,0,4.0267,0.4089,3.9183,0,0.1073,-0.0707,0,152,0,0,0.6863,0.1329,0.0942,0.1556,0,0.4412,0.7672,0.0526,-25,2,0,-0.0658,0,21,1.6946,0
CUST-00247,10,0,-0.2,0,0.9426,0.137,0.6646,1,2.9191,0.091,0.9212,0,0,-0.2845,0,153,0,0,0.783,-1.1531,0.2414,0.1973,1,0.4809,1.2519,0.004,-3,0,17,0.1058,0,0,1.164,0
CUST-00247,11,0,0.1807,10,0.3944,0.0902,1.5662,1,1.7623,0.3461,2.7942,1,0.1652,-0.0393,1,208,0,0,0.8905,-0.2832,0.0005,-0.0947,0,0.4459,0.9941,0.0023,-20,2,12,0.1835,0,0,0.9958,0
CUST-00248,0,0,0.0699,0,0.2839,0.1056,1.5354,1,1.7137,0.1421,1.8809,0,0.1404,0.2183,1,127,0,0,0.969,0.1519,0.238,-0.0535,0,0.2691,0.5488,0.1799,16,1,0,0.1254,0,0,1.0615,0
CUST-00248,1,0,0.118,1,0.7011,0.2013,1.8171,0,0.7914,0.0453,0,0,0.2169,-0.0665,0,196,0,0,0.5021,-0.4608,0.3227,0.1549,0,0.2929,0.4172,-0.0636,12,0,0,0.147,0,7,1.6885,0
CUST-00248,2,0,0.1479,5,0.3126,0.1031,1.0464,0,2.5226,0.1114,0,0,0.1235,0.0752,0,182,0,0,0.7297,-0.0162,0.1583,0.1224,0,0.2497,1.1891,0.0303,2,0,0,0.0048,0,4,1.9159,0
CUST-00248,3,0,0.0851,3,0.2674,0.2941,1.9658,0,2.2041,0.1197,3.8317,0,0.1604,-0.1416,1,195,0,0,0.7111,-0.4231,0.2344,0.0846,1,0.3072,0.2,-0.0604,-11,0,0,0.3375,0,2,1.5161,0
CUST-00248,4,0,-0.0185,3,0.6231,0.1783,1.2189,0,1.7455,0.205,0,0,0.1236,0.1073,0,68,0,1,0.837,-0.6658,0.2884,-0.0088,0,0.4424,0.2,-0.2125,-14,1,0,0.0447,0,0,1.4416,0
CUST-00248,5,0,0.2117,1,0.6162,0.1358,1.485,0,2.6717,0.1651,4.6047,0,0,0.0031,1,251,0,1,0.9122,-0.4608,0.0795,0.2949,0,0.3699,0.7604,-0.0711,-28,0,2,0.3245,0,0,1.1086,0
CUST-00248,6,0,0.1043,3,0.4411,0,1.0085,0,4.829,0.11,0,0,0.1606,0.0303,0,184,0,0,0.8252,-0.2296,0.4228,-0.4,0,0.2681,1.4806,0.0266,7,0,22,0.0238,0,1,1.1792,0
CUST-00248,7,0,0.0866,7,0.7383,0.0202,1.3326,0,3.4248,0.3527,0,1,0.1613,-0.5,0,102,0,0,0.7205,0.9984,0.4403,-0.2105,0,0.2755,0.2,0.0166,15,0,0,0.3058,0,6,1.2822,0
CUST-00248,8,0,0.146,0,0.736,0,1.4536,1,1.2622,0.3327,0,0,0,0.0793,0,171,0,0,0.7485,0.7216,0.1591,-0.1168,0,0.3855,0.8567,-0.0278,-4,0,0,-0.139,0,0,1.5138,0
CUST-00248,9,0,0.1704,0,0.3587,0.0931,1.0113,0,1.9272,0.1098,4.0101,1,0,-0.3255,0,102,0,0,0.9213,0.4087,0.0896,0.3191,0,0.3424,0.2,-0.047,-3,1,5,0.3524,0,0,1.4225,0
CUST-00248,10,0,0.0119,1,0.3504,0.2087,1.5343,0,1.6453,0.2466,0.0377,0,0.124,-0.0193,1,255,0,2,0.7748,-0.3941,0.1915,0.0241,2,0.4354,0.9515,0.192,12,1,7,0.3418,1,2,1.2073,0
CUST-00248,11,0,0.1266,0,0.7303,0.1039,1.0183,0,2.2304,0.1185,0.8687,0,0.22,-0.1124,0,260,0,0,0.8619,0.6172,0.0611,-0.1954,0,0.4572,0.7431,-0.1625,-50,0,2,0.257,0,10,1.3667,0
CUST-00249,0,0,0.0047,0,0.3953,0.1782,1.2988,0,0.3993,0.3651,0,0,0.0866,0.0332,2,174,0,1,0.941,0.9904,0.2072,-0.2724,0,0.3685,1.433,0.0351,-21,0,6,0.0383,0,11,1.4761,0
CUST-00249,1,0,0.1209,9,0.2807,0,1.4079,0,1.1292,0.3573,0,1,0.2563,-0.1256,0,249,0,0,0.8504,1.1509,0.1576,0.1823,0,0.2996,0.5956,0.0298,20,0,11,0.1848,0,0,1.1986,0
CUST-00249,2,0,0.0716,1,0.4695,0.2039,1.0336,0,1.0354,0,2.998,0,0,0.1186,0,203,0,0,1.2482,-0.7839,0.244,0.1548,0,0.4435,0.8397,0.0018,13,1,0,0.1467,0,0,1.5249,0
CUST-00249,3,0,0.2793,2,0.5205,0.0559,1.7088,0,2.8255,0.2799,0,0,0.0536,-0.24,0,134,0,1,0.7902,-0.1067,0.0283,0.036,0,0.2713,1.0264,0.0243,-4,1,0,0.0129,0,0,1.3982,0
CUST-00249,4,0,-0.0938,0,0.2169,0.227,1.2231,0,2.8431,0.2238,0,0,0.1817,0.0422,0,347,0,0,0.7647,1.0617,0.0496,0.1627,0,0.3638,1.2667,0.1665,6,0,24,0.15,0,0,1.6303,0
CUST-00249,5,0,-0.0245,8,0.4658,0.117,0.8516,0,0.6738,0.253,0.812,0,0,-0.019,0,229,0,0,0.8128,-0.8114,0.083,0.0995,0,0.3166,0.4062,-0.0981,9,0,0,0.2308,0,3,2.1274,0
CUST-00249,6,0,-0.1769,5,0.3996,0,0.4168,0,2.6736,0.3447,1.2561,1,0,-0.002,0,263,0,0,0.7847,0.1001,0.2457,0.2006,0,0.3087,0.5519,-0.1025,-12,2,0,0.0491,0,0,1.3315,0
CUST-00249,7,0,0.0298,0,0.536,0.0963,1.3257,0,1.9323,0.3393,0.484,0,0.062,0.371,1,272,0,0,0.6029,-0.0552,0.4401,-0.0581,0,0.2658,1.2447,0.0069,-28,0,0,-0.0022,0,0,1.8372,0
CUST-00249,8,0,0.054,7,0.0652,0.1394,1.369,0,4.0583,0.1638,3.7438,1,0,0.2821,1,203,0,0,1.0443,-0.2232,0.2808,0.1578,0,0.3092,0.2,0.0034,3,0,0,0.3974,0,14,1.2369,0
CUST-00249,9,0,0.107,0,0.6176,0.1773,1.0832,0,0.7384,0.2098,2.537,0,0.1433,0.0073,0,146,0,0,0.8843,-0.1251,0.1047,0.1145,0,0.1023,0.7773,-0.0166,-30,1,0,0.067,0,7,1.529,0
CUST-00249,10,0,0.0324,4,0.7727,0.1178,1.3253,0,3.6676,0.2668,0,1,0.1769,-0.1646,0,48,0,0,0.8553,-2.2767,0.105,0.3174,0,0.2836,0.7337,-0.0394,-20,0,10,0.2825,0,13,1.3576,0
CUST-00249,11,0,0.1648,12,1.2444,0.1687,1.5253,1,2.7816,0.3989,0.6751,0,0.1225,0.4246,0,167,0,0,0.9838,0.1738,0.0746,0.0866,1,0.2917,0.2,0.0691,9,0,2,-0.0456,0,0,1.7801,0
CUST-00250,0,0,0.1038,7,0.3762,0.294,1.438,1,4.3263,0.0343,4.498,0,0.0824,-0.2162,0,155,0,1,0.9833,-0.7471,0.2961,0.1028,1,0.696,1.6912,-0.036,-10,1,0,0.0825,0,10,1.1418,0
CUST-00250,1,0,0.0937,5,0.5229,0.3228,1.6728,1,3.5344,0.1668,1.7977,1,0,0.2978,0,154,0,0,0.9526,-0.1911,0.3133,-0.0582,0,0.1233,1.0419,-0.0303,7,2,14,-0.1477,0,0,1.2967,0
CUST-00250,2,0,0.0769,0,0.6084,0.1635,1.1383,0,2.7729,0.4957,0,0,0,0.0645,0,183,0,3,0.9552,0.591,0.2274,-0.1084,0,0.4986,0.7813,-0.057,-7,0,1,-0.0804,1,0,1.3554,0
CUST-00250,3,0,-0.0363,6,0.4591,0.0552,1.6037,0,4.5222,0.4562,0,1,0.0557,-0.4228,0,105,0,0,1.1333,-0.456,0.1767,-0.0583,0,0.1,1.2327,-0.1007,-8,0,0,0.2605,0,0,1.2312,0
CUST-00250,4,0,0.0537,3,0.9405,0.1616,1.4272,0,2.8108,0.4169,0.0504,0,0.0597,0.1635,0,230,0,1,0.7746,-1.1254,0.1723,0.3579,0,0.4148,0.906,-0.0945,-2,0,0,-0.2042,0,0,1.423,0
CUST-00250,5,0,-0.0704,5,0.1594,0.1362,1.7954,0,0.2,0,0.2895,1,0.1079,-0.0647,0,168,0,0,0.9316,0.1664,0.2707,0.028,0,0.4753,1.0952,0.1462,-11,0,16,-0.0203,0,2,1.66,0
CUST-00250,6,1,0.221,3,0.3857,0.2863,0.5633,2,6.4189,0.5206,7.8963,2,0.4122,0.2666,0,126,1,2,1.2086,1.4346,0.4754,-0.0848,0,0.6221,2.8583,0.1987,16,3,16,0.155,0,19,1.6084,0
CUST-00250,7,1,0.7213,14,0.6001,0.4997,-0.1466,1,4.7894,0.6075,11.97,3,0.4193,0.3969,2,102,0,3,1.2245,1.4301,0.3146,0.036,1,0.7271,1.8364,0.1837,58,5,60,0.6661,0,33,0.5905,0
CUST-00250,8,1,0.722,22,0.399,0.5486,0.0819,3,6.5929,0.6538,24.5901,2,0.7891,0.4982,2,-17,0,4,1.5048,2.9555,0.7158,0.4444,1,0.7212,1.773,0.296,72,3,64,0.4865,1,50,0.7409,0
