source_event_id,customer_id,bureau_name,score,score_band,score_as_of,delinquencies_12m,open_facilities,total_exposure,enquiries_3m,payload
EV-BUR-C00001,C00001,Metropol,562,C,2026-04-25,0,1,1410946.38,2,{}
EV-BUR-C00002,C00002,Metropol,733,A,2026-04-20,2,4,613351.38,1,{}
EV-BUR-C00003,C00003,TransUnion,787,A,2026-04-21,2,6,1290944.45,1,{}
EV-BUR-C00004,C00004,CreditInfo,714,B,2026-04-20,2,4,2386980.81,3,{}
EV-BUR-C00005,C00005,TransUnion,754,A,2026-04-20,1,3,830207.18,3,{}
EV-BUR-C00006,C00006,CreditInfo,578,C,2026-04-26,0,6,2890114.46,0,{}
EV-BUR-C00007,C00007,TransUnion,632,B,2026-04-24,2,7,1504928.33,0,{}
EV-BUR-C00008,C00008,TransUnion,778,A,2026-04-26,0,6,2214039.21,0,{}
EV-BUR-C00009,C00009,Metropol,827,A,2026-04-22,0,2,793266.30,4,{}
EV-BUR-C00010,C00010,TransUnion,824,A,2026-04-26,2,7,1969110.63,1,{}
EV-BUR-C00011,C00011,CreditInfo,839,A,2026-04-25,2,2,3932472.74,0,{}
EV-BUR-C00012,C00012,CreditInfo,567,C,2026-04-22,0,5,1001487.36,4,{}
EV-BUR-C00013,C00013,CreditInfo,649,B,2026-04-26,2,2,1830744.73,3,{}
EV-BUR-C00014,C00014,Metropol,709,B,2026-04-21,0,3,3645893.42,2,{}
EV-BUR-C00015,C00015,CreditInfo,591,C,2026-04-21,1,2,2722386.33,0,{}
EV-BUR-C00016,C00016,TransUnion,823,A,2026-04-26,0,4,3439295.19,2,{}
EV-BUR-C00017,C00017,Metropol,599,C,2026-04-26,2,1,673588.80,3,{}
EV-BUR-C00018,C00018,TransUnion,640,B,2026-04-22,1,1,301864.61,4,{}
EV-BUR-C00019,C00019,CreditInfo,730,A,2026-04-22,0,5,2412779.19,2,{}
EV-BUR-C00020,C00020,CreditInfo,761,A,2026-04-22,2,3,537987.06,1,{}
EV-BUR-C00021,C00021,TransUnion,694,B,2026-04-22,0,5,3022232.85,4,{}
EV-BUR-C00022,C00022,Metropol,623,B,2026-04-21,0,5,1801481.23,4,{}
EV-BUR-C00023,C00023,Metropol,613,B,2026-04-25,1,5,1968940.41,4,{}
EV-BUR-C00024,C00024,CreditInfo,764,A,2026-04-20,1,6,2343139.54,1,{}
EV-BUR-C00025,C00025,Metropol,676,B,2026-04-22,2,7,2985057.95,1,{}
EV-BUR-C00026,C00026,Metropol,663,B,2026-04-21,1,3,3404272.51,4,{}
EV-BUR-C00027,C00027,Metropol,282,E,2026-04-23,6,4,1480872.40,3,{}
EV-BUR-C00028,C00028,Metropol,773,A,2026-04-23,1,6,699362.79,1,{}
EV-BUR-C00029,C00029,TransUnion,784,A,2026-04-24,1,3,1218720.19,2,{}
EV-BUR-C00030,C00030,CreditInfo,362,E,2026-04-24,6,5,1732903.46,1,{}
EV-BUR-C00031,C00031,TransUnion,655,B,2026-04-25,2,1,2142718.51,3,{}
EV-BUR-C00032,C00032,CreditInfo,621,B,2026-04-24,1,1,3620401.52,2,{}
EV-BUR-C00033,C00033,CreditInfo,709,B,2026-04-25,1,1,1988886.11,3,{}
EV-BUR-C00034,C00034,TransUnion,712,B,2026-04-24,2,5,3489665.44,3,{}
EV-BUR-C00035,C00035,CreditInfo,727,A,2026-04-24,0,2,1844146.68,4,{}
EV-BUR-C00036,C00036,CreditInfo,843,A,2026-04-26,0,4,511923.16,3,{}
EV-BUR-C00037,C00037,TransUnion,804,A,2026-04-25,0,4,2659988.62,2,{}
EV-BUR-C00038,C00038,Metropol,788,A,2026-04-20,2,4,2367471.49,4,{}
EV-BUR-C00039,C00039,Metropol,658,B,2026-04-20,0,5,3698213.33,3,{}
EV-BUR-C00040,C00040,Metropol,693,B,2026-04-20,2,5,1141664.57,2,{}
EV-BUR-C00041,C00041,Metropol,840,A,2026-04-26,1,6,1130173.46,0,{}
EV-BUR-C00042,C00042,Metropol,767,A,2026-04-20,2,1,3593289.05,4,{}
EV-BUR-C00043,C00043,Metropol,738,A,2026-04-24,2,3,2650552.91,4,{}
EV-BUR-C00044,C00044,Metropol,646,B,2026-04-22,0,1,3746179.94,2,{}
EV-BUR-C00045,C00045,CreditInfo,807,A,2026-04-21,2,4,1660576.04,3,{}
EV-BUR-C00046,C00046,Metropol,673,B,2026-04-24,0,4,1700342.15,3,{}
EV-BUR-C00047,C00047,Metropol,809,A,2026-04-21,1,7,3845363.57,0,{}
EV-BUR-C00048,C00048,CreditInfo,664,B,2026-04-23,1,4,932608.91,4,{}
EV-BUR-C00049,C00049,Metropol,717,B,2026-04-23,1,4,1032284.65,0,{}
EV-BUR-C00050,C00050,CreditInfo,420,D,2026-04-21,5,5,1476204.98,3,{}
EV-BUR-C00051,C00051,TransUnion,734,A,2026-04-26,1,1,2092953.47,3,{}
EV-BUR-C00052,C00052,Metropol,706,B,2026-04-20,0,6,1023454.18,4,{}
EV-BUR-C00053,C00053,CreditInfo,759,A,2026-04-24,0,5,3806975.43,1,{}
EV-BUR-C00054,C00054,TransUnion,749,A,2026-04-24,1,2,3590941.26,2,{}
EV-BUR-C00055,C00055,CreditInfo,519,C,2026-04-25,9,3,513703.52,3,{}
EV-BUR-C00056,C00056,TransUnion,596,C,2026-04-23,2,7,1663980.22,1,{}
EV-BUR-C00057,C00057,Metropol,769,A,2026-04-21,0,5,574903.27,4,{}
EV-BUR-C00058,C00058,TransUnion,752,A,2026-04-22,2,5,2783311.58,1,{}
EV-BUR-C00059,C00059,Metropol,540,C,2026-04-20,2,4,1595272.89,0,{}
EV-BUR-C00060,C00060,Metropol,563,C,2026-04-25,2,6,3439717.09,0,{}
EV-BUR-C00061,C00061,Metropol,827,A,2026-04-25,2,1,1717386.87,4,{}
EV-BUR-C00062,C00062,CreditInfo,622,B,2026-04-24,2,1,3932167.59,4,{}
EV-BUR-C00063,C00063,Metropol,746,A,2026-04-26,1,4,2373138.13,4,{}
EV-BUR-C00064,C00064,CreditInfo,637,B,2026-04-26,1,1,1284015.34,0,{}
EV-BUR-C00065,C00065,Metropol,649,B,2026-04-25,1,7,3817878.97,2,{}
EV-BUR-C00066,C00066,TransUnion,635,B,2026-04-23,2,6,1749616.38,3,{}
EV-BUR-C00067,C00067,CreditInfo,557,C,2026-04-22,2,3,549373.50,3,{}
EV-BUR-C00068,C00068,TransUnion,578,C,2026-04-20,1,7,727895.02,2,{}
EV-BUR-C00069,C00069,CreditInfo,552,C,2026-04-21,0,1,3867046.85,4,{}
EV-BUR-C00070,C00070,TransUnion,612,B,2026-04-22,1,5,1944014.15,0,{}
EV-BUR-C00071,C00071,TransUnion,743,A,2026-04-25,2,5,1042600.95,3,{}
EV-BUR-C00072,C00072,Metropol,795,A,2026-04-26,1,3,361240.56,4,{}
EV-BUR-C00073,C00073,TransUnion,821,A,2026-04-26,0,4,605343.59,1,{}
EV-BUR-C00074,C00074,CreditInfo,574,C,2026-04-25,0,3,3599742.45,0,{}
EV-BUR-C00075,C00075,TransUnion,727,A,2026-04-21,1,7,3128651.68,1,{}
EV-BUR-C00076,C00076,TransUnion,666,B,2026-04-24,0,7,2745602.81,3,{}
EV-BUR-C00077,C00077,CreditInfo,701,B,2026-04-24,1,3,1752314.89,0,{}
EV-BUR-C00078,C00078,CreditInfo,406,D,2026-04-22,8,1,2770968.38,0,{}
EV-BUR-C00079,C00079,Metropol,748,A,2026-04-25,2,1,1287241.29,4,{}
EV-BUR-C00080,C00080,Metropol,471,D,2026-04-24,5,7,87231.08,2,{}
EV-BUR-C00081,C00081,Metropol,313,E,2026-04-23,6,5,221826.63,4,{}
EV-BUR-C00082,C00082,CreditInfo,635,B,2026-04-26,1,5,603296.44,2,{}
EV-BUR-C00083,C00083,CreditInfo,704,B,2026-04-21,1,6,2360467.77,0,{}
EV-BUR-C00084,C00084,TransUnion,714,B,2026-04-22,0,3,3675868.93,2,{}
EV-BUR-C00085,C00085,CreditInfo,606,B,2026-04-21,1,7,2020443.85,4,{}
EV-BUR-C00086,C00086,Metropol,683,B,2026-04-24,0,6,409663.87,1,{}
EV-BUR-C00087,C00087,CreditInfo,696,B,2026-04-26,1,6,240658.26,0,{}
EV-BUR-C00088,C00088,TransUnion,791,A,2026-04-21,2,7,1663519.25,4,{}
EV-BUR-C00089,C00089,TransUnion,327,E,2026-04-25,7,6,1897629.74,4,{}
EV-BUR-C00090,C00090,CreditInfo,550,C,2026-04-22,1,6,885158.52,2,{}
EV-BUR-C00091,C00091,CreditInfo,757,A,2026-04-25,0,7,2572397.52,0,{}
EV-BUR-C00092,C00092,CreditInfo,704,B,2026-04-22,1,6,356668.87,4,{}
EV-BUR-C00093,C00093,Metropol,808,A,2026-04-20,2,6,2282453.95,4,{}
EV-BUR-C00094,C00094,CreditInfo,809,A,2026-04-20,0,2,1248921.89,4,{}
EV-BUR-C00095,C00095,CreditInfo,583,C,2026-04-22,0,2,92755.72,0,{}
EV-BUR-C00096,C00096,Metropol,593,C,2026-04-23,0,6,293217.56,3,{}
EV-BUR-C00097,C00097,CreditInfo,731,A,2026-04-25,0,3,1430410.71,1,{}
EV-BUR-C00098,C00098,CreditInfo,559,C,2026-04-23,0,1,276313.43,2,{}
EV-BUR-C00099,C00099,CreditInfo,548,C,2026-04-23,1,2,500957.58,2,{}
EV-BUR-C00100,C00100,Metropol,768,A,2026-04-22,0,2,910685.25,3,{}
EV-BUR-C00101,C00101,TransUnion,625,B,2026-04-22,2,5,722146.27,2,{}
EV-BUR-C00102,C00102,TransUnion,794,A,2026-04-20,2,1,841425.68,1,{}
EV-BUR-C00103,C00103,CreditInfo,823,A,2026-04-21,0,4,395807.23,1,{}
EV-BUR-C00104,C00104,CreditInfo,792,A,2026-04-21,0,6,2038030.82,1,{}
EV-BUR-C00105,C00105,CreditInfo,652,B,2026-04-21,2,1,1331579.17,3,{}
EV-BUR-C00106,C00106,Metropol,743,A,2026-04-20,2,6,663639.10,1,{}
EV-BUR-C00107,C00107,Metropol,629,B,2026-04-23,2,3,2055514.94,1,{}
EV-BUR-C00108,C00108,TransUnion,723,A,2026-04-22,0,1,3997393.76,2,{}
EV-BUR-C00109,C00109,Metropol,803,A,2026-04-25,1,2,1968113.39,1,{}
EV-BUR-C00110,C00110,CreditInfo,655,B,2026-04-24,1,2,2808868.40,0,{}
EV-BUR-C00111,C00111,CreditInfo,640,B,2026-04-22,2,2,3608324.54,1,{}
EV-BUR-C00112,C00112,CreditInfo,707,B,2026-04-26,2,1,2708953.87,0,{}
EV-BUR-C00113,C00113,TransUnion,609,B,2026-04-23,1,2,789496.40,0,{}
EV-BUR-C00114,C00114,Metropol,739,A,2026-04-20,0,2,2357395.21,4,{}
EV-BUR-C00115,C00115,CreditInfo,579,C,2026-04-23,0,7,3299583.81,4,{}
EV-BUR-C00116,C00116,TransUnion,836,A,2026-04-20,1,2,399181.04,1,{}
EV-BUR-C00117,C00117,Metropol,468,D,2026-04-21,9,6,2396995.66,4,{}
EV-BUR-C00118,C00118,TransUnion,692,B,2026-04-21,2,1,2588256.23,4,{}
EV-BUR-C00119,C00119,CreditInfo,288,E,2026-04-22,5,5,1565153.08,4,{}
EV-BUR-C00120,C00120,CreditInfo,739,A,2026-04-20,2,6,1917878.90,4,{}
EV-BUR-C00121,C00121,CreditInfo,717,B,2026-04-26,2,5,952153.48,3,{}
EV-BUR-C00122,C00122,TransUnion,566,C,2026-04-26,2,7,1805544.85,3,{}
EV-BUR-C00123,C00123,TransUnion,373,E,2026-04-23,6,2,3116452.72,4,{}
EV-BUR-C00124,C00124,CreditInfo,701,B,2026-04-21,2,5,1421710.61,0,{}
EV-BUR-C00125,C00125,Metropol,590,C,2026-04-25,0,5,1936337.02,2,{}
EV-BUR-C00126,C00126,CreditInfo,840,A,2026-04-21,2,1,158832.45,3,{}
EV-BUR-C00127,C00127,Metropol,814,A,2026-04-20,1,5,2545152.68,3,{}
EV-BUR-C00128,C00128,Metropol,572,C,2026-04-24,1,6,637929.80,1,{}
EV-BUR-C00129,C00129,CreditInfo,636,B,2026-04-20,2,2,1691037.08,0,{}
EV-BUR-C00130,C00130,CreditInfo,839,A,2026-04-20,2,3,1409215.87,3,{}
EV-BUR-C00131,C00131,CreditInfo,780,A,2026-04-26,0,6,674687.89,4,{}
EV-BUR-C00132,C00132,Metropol,673,B,2026-04-26,2,4,3215754.51,1,{}
EV-BUR-C00133,C00133,Metropol,835,A,2026-04-21,1,3,1782858.53,4,{}
EV-BUR-C00134,C00134,Metropol,757,A,2026-04-25,1,3,3904796.74,3,{}
EV-BUR-C00135,C00135,Metropol,667,B,2026-04-22,2,2,446570.11,1,{}
EV-BUR-C00136,C00136,Metropol,698,B,2026-04-25,0,1,687549.76,4,{}
EV-BUR-C00137,C00137,Metropol,748,A,2026-04-23,1,4,1706239.03,3,{}
EV-BUR-C00138,C00138,TransUnion,662,B,2026-04-20,2,3,2460074.94,4,{}
EV-BUR-C00139,C00139,Metropol,295,E,2026-04-22,7,6,1093108.02,0,{}
EV-BUR-C00140,C00140,Metropol,728,A,2026-04-20,0,7,496467.09,4,{}
EV-BUR-C00141,C00141,Metropol,730,A,2026-04-25,2,4,273914.22,0,{}
EV-BUR-C00142,C00142,Metropol,767,A,2026-04-23,0,2,315325.60,3,{}
EV-BUR-C00143,C00143,TransUnion,806,A,2026-04-21,1,2,2819169.51,2,{}
EV-BUR-C00144,C00144,TransUnion,752,A,2026-04-21,2,5,2775294.75,0,{}
EV-BUR-C00145,C00145,Metropol,801,A,2026-04-26,2,4,3043100.23,2,{}
EV-BUR-C00146,C00146,TransUnion,618,B,2026-04-26,2,1,3971887.03,3,{}
EV-BUR-C00147,C00147,CreditInfo,761,A,2026-04-21,0,1,3842193.95,3,{}
EV-BUR-C00148,C00148,Metropol,710,B,2026-04-20,1,3,2855065.22,3,{}
EV-BUR-C00149,C00149,CreditInfo,422,D,2026-04-23,5,6,3703978.21,0,{}
EV-BUR-C00150,C00150,TransUnion,757,A,2026-04-26,2,3,794769.47,2,{}
EV-BUR-C00151,C00151,TransUnion,610,B,2026-04-22,0,5,345822.68,4,{}
EV-BUR-C00152,C00152,Metropol,587,C,2026-04-20,2,3,353656.97,2,{}
EV-BUR-C00153,C00153,CreditInfo,591,C,2026-04-21,0,5,870198.58,4,{}
EV-BUR-C00154,C00154,Metropol,705,B,2026-04-25,1,3,3160561.23,4,{}
EV-BUR-C00155,C00155,CreditInfo,608,B,2026-04-22,1,7,1961178.03,0,{}
EV-BUR-C00156,C00156,TransUnion,550,C,2026-04-21,0,4,2114113.65,0,{}
EV-BUR-C00157,C00157,Metropol,540,C,2026-04-20,1,7,1098886.91,4,{}
EV-BUR-C00158,C00158,Metropol,811,A,2026-04-21,0,4,3925012.96,1,{}
EV-BUR-C00159,C00159,Metropol,847,A,2026-04-20,2,4,2703944.01,0,{}
EV-BUR-C00160,C00160,TransUnion,648,B,2026-04-21,0,6,3434276.39,2,{}
EV-BUR-C00161,C00161,TransUnion,690,B,2026-04-21,1,2,3184067.33,4,{}
EV-BUR-C00162,C00162,CreditInfo,694,B,2026-04-24,2,3,1201864.71,0,{}
EV-BUR-C00163,C00163,TransUnion,663,B,2026-04-25,1,3,2591399.66,1,{}
EV-BUR-C00164,C00164,TransUnion,643,B,2026-04-23,2,3,1393228.02,4,{}
EV-BUR-C00165,C00165,TransUnion,478,D,2026-04-22,9,6,1040282.88,3,{}
EV-BUR-C00166,C00166,Metropol,816,A,2026-04-21,0,6,116355.43,2,{}
EV-BUR-C00167,C00167,TransUnion,814,A,2026-04-24,0,1,2481658.55,3,{}
EV-BUR-C00168,C00168,TransUnion,610,B,2026-04-26,0,6,1926682.14,3,{}
EV-BUR-C00169,C00169,Metropol,824,A,2026-04-24,0,7,3266005.32,1,{}
EV-BUR-C00170,C00170,CreditInfo,779,A,2026-04-25,0,6,980039.38,2,{}
EV-BUR-C00171,C00171,Metropol,620,B,2026-04-26,2,7,2067512.03,4,{}
EV-BUR-C00172,C00172,TransUnion,448,D,2026-04-20,6,5,916939.99,4,{}
EV-BUR-C00173,C00173,CreditInfo,631,B,2026-04-26,2,7,455785.62,4,{}
EV-BUR-C00174,C00174,Metropol,714,B,2026-04-21,0,6,220759.78,4,{}
EV-BUR-C00175,C00175,TransUnion,749,A,2026-04-25,0,5,1264813.53,1,{}
EV-BUR-C00176,C00176,CreditInfo,475,D,2026-04-21,9,7,1430950.44,3,{}
EV-BUR-C00177,C00177,CreditInfo,353,E,2026-04-21,8,1,749878.41,0,{}
EV-BUR-C00178,C00178,CreditInfo,698,B,2026-04-21,1,4,2253991.55,3,{}
EV-BUR-C00179,C00179,TransUnion,791,A,2026-04-26,0,1,3079632.08,4,{}
EV-BUR-C00180,C00180,Metropol,666,B,2026-04-23,0,5,1750522.22,1,{}
EV-BUR-C00181,C00181,TransUnion,731,A,2026-04-20,0,2,1638795.24,3,{}
EV-BUR-C00182,C00182,TransUnion,615,B,2026-04-23,0,6,3553810.00,2,{}
EV-BUR-C00183,C00183,CreditInfo,631,B,2026-04-24,2,2,837511.33,1,{}
EV-BUR-C00184,C00184,TransUnion,653,B,2026-04-26,1,6,745711.37,2,{}
EV-BUR-C00185,C00185,Metropol,833,A,2026-04-26,0,4,1006856.20,2,{}
EV-BUR-C00186,C00186,Metropol,763,A,2026-04-24,1,2,2902510.04,4,{}
EV-BUR-C00187,C00187,Metropol,704,B,2026-04-24,1,5,2198653.61,2,{}
EV-BUR-C00188,C00188,TransUnion,778,A,2026-04-20,0,6,2695190.27,2,{}
EV-BUR-C00189,C00189,TransUnion,614,B,2026-04-25,1,3,2826633.81,3,{}
EV-BUR-C00190,C00190,Metropol,718,B,2026-04-23,1,1,1983560.35,1,{}
EV-BUR-C00191,C00191,Metropol,703,B,2026-04-25,1,7,138414.63,4,{}
EV-BUR-C00192,C00192,TransUnion,567,C,2026-04-20,2,5,1147947.42,1,{}
EV-BUR-C00193,C00193,CreditInfo,713,B,2026-04-24,1,6,2582945.50,4,{}
EV-BUR-C00194,C00194,Metropol,694,B,2026-04-25,1,4,3826878.64,1,{}
EV-BUR-C00195,C00195,TransUnion,723,A,2026-04-24,2,4,1645931.10,1,{}
EV-BUR-C00196,C00196,Metropol,606,B,2026-04-22,0,4,1101537.39,3,{}
EV-BUR-C00197,C00197,Metropol,597,C,2026-04-26,1,4,2939567.54,3,{}
EV-BUR-C00198,C00198,TransUnion,737,A,2026-04-22,0,7,3716214.28,1,{}
EV-BUR-C00199,C00199,CreditInfo,699,B,2026-04-24,1,5,2550727.12,3,{}
EV-BUR-C00200,C00200,Metropol,678,B,2026-04-25,0,2,3158244.16,0,{}
EV-BUR-C00201,C00201,CreditInfo,612,B,2026-04-26,2,4,2224079.67,1,{}
EV-BUR-C00202,C00202,TransUnion,544,C,2026-04-23,0,5,3002226.85,4,{}
EV-BUR-C00203,C00203,CreditInfo,825,A,2026-04-21,1,5,2401479.09,2,{}
EV-BUR-C00204,C00204,Metropol,828,A,2026-04-24,1,2,1727718.44,4,{}
EV-BUR-C00205,C00205,CreditInfo,672,B,2026-04-22,0,6,3396813.58,0,{}
EV-BUR-C00206,C00206,CreditInfo,548,C,2026-04-21,2,6,670637.82,0,{}
EV-BUR-C00207,C00207,TransUnion,664,B,2026-04-26,1,3,3664071.04,1,{}
EV-BUR-C00208,C00208,TransUnion,641,B,2026-04-20,1,7,3175359.69,2,{}
EV-BUR-C00209,C00209,Metropol,785,A,2026-04-25,2,7,2665568.99,2,{}
EV-BUR-C00210,C00210,Metropol,768,A,2026-04-26,1,7,2371128.38,3,{}
EV-BUR-C00211,C00211,TransUnion,553,C,2026-04-20,0,7,767851.32,3,{}
EV-BUR-C00212,C00212,TransUnion,744,A,2026-04-25,1,2,2378993.23,3,{}
EV-BUR-C00213,C00213,CreditInfo,583,C,2026-04-20,1,7,3463486.64,4,{}
EV-BUR-C00214,C00214,TransUnion,767,A,2026-04-22,2,3,3541406.00,2,{}
EV-BUR-C00215,C00215,TransUnion,610,B,2026-04-26,0,2,194977.78,1,{}
EV-BUR-C00216,C00216,CreditInfo,545,C,2026-04-21,0,2,899751.95,3,{}
EV-BUR-C00217,C00217,TransUnion,773,A,2026-04-24,2,5,3337843.47,3,{}
EV-BUR-C00218,C00218,CreditInfo,831,A,2026-04-24,0,5,1114463.92,0,{}
EV-BUR-C00219,C00219,Metropol,492,D,2026-04-22,3,5,1911006.59,1,{}
EV-BUR-C00220,C00220,CreditInfo,541,C,2026-04-23,1,7,1642184.03,1,{}
EV-BUR-C00221,C00221,CreditInfo,722,A,2026-04-21,2,6,2372694.58,3,{}
EV-BUR-C00222,C00222,Metropol,572,C,2026-04-20,2,4,866182.33,4,{}
EV-BUR-C00223,C00223,TransUnion,672,B,2026-04-20,0,7,2690876.48,4,{}
EV-BUR-C00224,C00224,Metropol,822,A,2026-04-21,1,4,2216424.44,4,{}
EV-BUR-C00225,C00225,CreditInfo,621,B,2026-04-20,0,5,220926.46,2,{}
EV-BUR-C00226,C00226,CreditInfo,676,B,2026-04-24,2,4,2678699.78,2,{}
EV-BUR-C00227,C00227,CreditInfo,283,E,2026-04-21,6,1,1958465.46,0,{}
EV-BUR-C00228,C00228,CreditInfo,815,A,2026-04-22,0,4,2555235.37,0,{}
EV-BUR-C00229,C00229,Metropol,597,C,2026-04-20,0,1,2011790.01,1,{}
EV-BUR-C00230,C00230,Metropol,811,A,2026-04-22,1,1,3797165.52,0,{}
EV-BUR-C00231,C00231,CreditInfo,832,A,2026-04-21,2,6,3025145.75,4,{}
EV-BUR-C00232,C00232,CreditInfo,365,E,2026-04-25,6,3,2466572.93,3,{}
EV-BUR-C00233,C00233,CreditInfo,827,A,2026-04-24,1,2,3654659.71,1,{}
EV-BUR-C00234,C00234,Metropol,652,B,2026-04-26,2,4,54262.18,1,{}
EV-BUR-C00235,C00235,CreditInfo,824,A,2026-04-22,2,7,1467049.35,1,{}
EV-BUR-C00236,C00236,CreditInfo,312,E,2026-04-24,5,3,196232.65,3,{}
EV-BUR-C00237,C00237,TransUnion,780,A,2026-04-21,0,5,205255.15,0,{}
EV-BUR-C00238,C00238,CreditInfo,799,A,2026-04-22,0,7,306226.22,3,{}
EV-BUR-C00239,C00239,TransUnion,710,B,2026-04-21,2,1,1435426.86,4,{}
EV-BUR-C00240,C00240,CreditInfo,590,C,2026-04-23,2,3,2359372.42,0,{}
EV-BUR-C00241,C00241,CreditInfo,696,B,2026-04-26,2,6,3607725.79,0,{}
EV-BUR-C00242,C00242,Metropol,636,B,2026-04-20,1,5,58175.20,2,{}
EV-BUR-C00243,C00243,Metropol,772,A,2026-04-22,1,6,1447629.50,4,{}
EV-BUR-C00244,C00244,TransUnion,849,A,2026-04-26,0,2,1104735.79,4,{}
EV-BUR-C00245,C00245,CreditInfo,776,A,2026-04-20,0,1,2306059.04,3,{}
EV-BUR-C00246,C00246,TransUnion,568,C,2026-04-25,0,4,1027826.84,2,{}
EV-BUR-C00247,C00247,Metropol,664,B,2026-04-25,1,7,2455917.75,1,{}
EV-BUR-C00248,C00248,Metropol,735,A,2026-04-26,0,1,3006199.75,0,{}
EV-BUR-C00249,C00249,Metropol,707,B,2026-04-20,1,3,1255307.01,3,{}
EV-BUR-C00250,C00250,Metropol,507,C,2026-04-25,3,3,3622060.58,4,{}
EV-BUR-C00251,C00251,TransUnion,697,B,2026-04-23,2,7,748042.01,1,{}
EV-BUR-C00252,C00252,TransUnion,627,B,2026-04-24,0,2,1417482.44,2,{}
EV-BUR-C00253,C00253,TransUnion,669,B,2026-04-21,1,2,1493272.28,3,{}
EV-BUR-C00254,C00254,TransUnion,803,A,2026-04-25,2,4,1757253.67,4,{}
EV-BUR-C00255,C00255,CreditInfo,849,A,2026-04-21,2,2,238833.37,4,{}
EV-BUR-C00256,C00256,CreditInfo,634,B,2026-04-22,1,3,3170593.34,3,{}
EV-BUR-C00257,C00257,Metropol,689,B,2026-04-22,1,4,802775.73,4,{}
EV-BUR-C00258,C00258,TransUnion,809,A,2026-04-23,2,5,501106.47,3,{}
EV-BUR-C00259,C00259,Metropol,727,A,2026-04-21,0,2,1179699.53,1,{}
EV-BUR-C00260,C00260,CreditInfo,835,A,2026-04-25,2,4,2363193.48,4,{}
EV-BUR-C00261,C00261,TransUnion,550,C,2026-04-25,1,6,2798003.92,0,{}
EV-BUR-C00262,C00262,Metropol,540,C,2026-04-24,0,6,3809153.86,4,{}
EV-BUR-C00263,C00263,CreditInfo,837,A,2026-04-22,0,1,809145.80,4,{}
EV-BUR-C00264,C00264,TransUnion,702,B,2026-04-26,0,3,2236438.89,1,{}
EV-BUR-C00265,C00265,TransUnion,687,B,2026-04-20,0,2,3923001.53,2,{}
EV-BUR-C00266,C00266,TransUnion,850,A,2026-04-23,0,3,1384915.34,0,{}
EV-BUR-C00267,C00267,TransUnion,636,B,2026-04-23,0,2,3592411.53,0,{}
EV-BUR-C00268,C00268,Metropol,752,A,2026-04-23,1,6,3992039.82,3,{}
EV-BUR-C00269,C00269,TransUnion,563,C,2026-04-22,2,7,3130909.02,0,{}
EV-BUR-C00270,C00270,TransUnion,766,A,2026-04-25,2,4,2993228.12,2,{}
EV-BUR-C00271,C00271,CreditInfo,830,A,2026-04-24,0,6,3198040.51,0,{}
EV-BUR-C00272,C00272,Metropol,615,B,2026-04-22,1,2,2213834.55,1,{}
EV-BUR-C00273,C00273,TransUnion,702,B,2026-04-26,0,2,2055610.75,1,{}
EV-BUR-C00274,C00274,TransUnion,604,B,2026-04-24,1,2,3908277.98,1,{}
EV-BUR-C00275,C00275,TransUnion,795,A,2026-04-24,1,5,376805.42,3,{}
EV-BUR-C00276,C00276,Metropol,634,B,2026-04-21,0,4,2820892.59,3,{}
EV-BUR-C00277,C00277,TransUnion,778,A,2026-04-24,0,3,2820913.36,0,{}
EV-BUR-C00278,C00278,TransUnion,753,A,2026-04-26,2,7,3766321.50,4,{}
EV-BUR-C00279,C00279,CreditInfo,611,B,2026-04-20,0,2,293583.84,1,{}
EV-BUR-C00280,C00280,TransUnion,772,A,2026-04-23,1,6,3803873.80,3,{}
EV-BUR-C00281,C00281,CreditInfo,647,B,2026-04-23,2,5,3048371.44,3,{}
EV-BUR-C00282,C00282,Metropol,555,C,2026-04-20,0,6,2367495.21,2,{}
EV-BUR-C00283,C00283,TransUnion,651,B,2026-04-25,0,4,734345.80,3,{}
EV-BUR-C00284,C00284,TransUnion,720,A,2026-04-22,1,7,360176.90,0,{}
EV-BUR-C00285,C00285,TransUnion,842,A,2026-04-23,1,1,2148061.65,4,{}
EV-BUR-C00286,C00286,TransUnion,775,A,2026-04-25,0,1,3281811.95,3,{}
EV-BUR-C00287,C00287,CreditInfo,541,C,2026-04-22,1,6,97636.65,1,{}
EV-BUR-C00288,C00288,Metropol,697,B,2026-04-25,0,4,2693868.08,4,{}
EV-BUR-C00289,C00289,CreditInfo,616,B,2026-04-26,2,4,1713006.60,3,{}
EV-BUR-C00290,C00290,TransUnion,795,A,2026-04-23,1,4,1636488.56,1,{}
EV-BUR-C00291,C00291,CreditInfo,541,C,2026-04-21,0,1,1972764.33,2,{}
EV-BUR-C00292,C00292,TransUnion,596,C,2026-04-21,0,4,1663563.38,4,{}
EV-BUR-C00293,C00293,CreditInfo,644,B,2026-04-25,0,6,104077.82,1,{}
EV-BUR-C00294,C00294,Metropol,400,D,2026-04-20,7,2,2895112.99,4,{}
EV-BUR-C00295,C00295,Metropol,844,A,2026-04-21,1,1,3490267.64,4,{}
EV-BUR-C00296,C00296,CreditInfo,624,B,2026-04-23,1,7,2080751.68,0,{}
EV-BUR-C00297,C00297,TransUnion,709,B,2026-04-24,0,2,2423335.94,0,{}
EV-BUR-C00298,C00298,CreditInfo,614,B,2026-04-22,0,4,2762604.92,2,{}
EV-BUR-C00299,C00299,Metropol,635,B,2026-04-21,1,2,3806219.50,0,{}
EV-BUR-C00300,C00300,TransUnion,822,A,2026-04-20,2,5,370479.04,1,{}
EV-BUR-C00301,C00301,TransUnion,778,A,2026-04-25,0,7,2391984.99,2,{}
EV-BUR-C00302,C00302,TransUnion,713,B,2026-04-22,1,1,2877220.40,2,{}
EV-BUR-C00303,C00303,TransUnion,704,B,2026-04-21,2,3,1520436.66,2,{}
EV-BUR-C00304,C00304,CreditInfo,823,A,2026-04-25,1,3,683367.92,4,{}
EV-BUR-C00305,C00305,Metropol,762,A,2026-04-26,0,1,235479.59,1,{}
EV-BUR-C00306,C00306,TransUnion,635,B,2026-04-25,1,1,3602972.31,3,{}
EV-BUR-C00307,C00307,Metropol,506,C,2026-04-22,6,5,3233220.02,1,{}
EV-BUR-C00308,C00308,CreditInfo,612,B,2026-04-21,1,3,952800.20,1,{}
EV-BUR-C00309,C00309,TransUnion,598,C,2026-04-25,0,3,2681572.97,0,{}
EV-BUR-C00310,C00310,TransUnion,826,A,2026-04-21,0,2,1296737.19,4,{}
EV-BUR-C00311,C00311,TransUnion,589,C,2026-04-24,0,4,2842783.10,0,{}
EV-BUR-C00312,C00312,TransUnion,786,A,2026-04-23,2,6,1720408.04,0,{}
EV-BUR-C00313,C00313,Metropol,635,B,2026-04-21,2,5,2243961.32,1,{}
EV-BUR-C00314,C00314,Metropol,391,E,2026-04-25,9,6,1939770.34,2,{}
EV-BUR-C00315,C00315,Metropol,670,B,2026-04-25,0,3,135982.36,3,{}
EV-BUR-C00316,C00316,CreditInfo,714,B,2026-04-21,2,5,2425129.41,0,{}
EV-BUR-C00317,C00317,CreditInfo,671,B,2026-04-21,0,6,2871197.20,2,{}
EV-BUR-C00318,C00318,CreditInfo,666,B,2026-04-22,0,1,184881.32,3,{}
EV-BUR-C00319,C00319,TransUnion,572,C,2026-04-24,0,7,344764.09,0,{}
EV-BUR-C00320,C00320,Metropol,596,C,2026-04-25,0,4,3643185.31,0,{}
EV-BUR-C00321,C00321,CreditInfo,817,A,2026-04-24,0,4,1598713.11,0,{}
EV-BUR-C00322,C00322,TransUnion,622,B,2026-04-20,1,4,1854991.53,2,{}
EV-BUR-C00323,C00323,CreditInfo,824,A,2026-04-22,2,1,2578886.08,0,{}
EV-BUR-C00324,C00324,CreditInfo,704,B,2026-04-20,1,4,3047070.00,4,{}
EV-BUR-C00325,C00325,CreditInfo,806,A,2026-04-25,2,3,2551460.07,2,{}
EV-BUR-C00326,C00326,TransUnion,756,A,2026-04-24,2,4,498088.06,4,{}
EV-BUR-C00327,C00327,Metropol,703,B,2026-04-24,2,6,2939734.52,0,{}
EV-BUR-C00328,C00328,CreditInfo,624,B,2026-04-22,2,2,2819281.25,4,{}
EV-BUR-C00329,C00329,TransUnion,316,E,2026-04-25,7,3,1013414.00,3,{}
EV-BUR-C00330,C00330,Metropol,455,D,2026-04-23,3,5,761154.70,3,{}
EV-BUR-C00331,C00331,CreditInfo,591,C,2026-04-20,2,2,2627892.99,0,{}
EV-BUR-C00332,C00332,Metropol,745,A,2026-04-20,1,5,459085.38,3,{}
EV-BUR-C00333,C00333,CreditInfo,618,B,2026-04-23,0,6,1961606.10,4,{}
EV-BUR-C00334,C00334,CreditInfo,816,A,2026-04-20,0,2,779422.36,0,{}
EV-BUR-C00335,C00335,TransUnion,802,A,2026-04-22,0,3,3776859.83,1,{}
EV-BUR-C00336,C00336,CreditInfo,707,B,2026-04-24,0,2,3961491.64,4,{}
EV-BUR-C00337,C00337,CreditInfo,633,B,2026-04-23,1,5,1111707.65,0,{}
EV-BUR-C00338,C00338,Metropol,671,B,2026-04-20,1,3,2968833.52,1,{}
EV-BUR-C00339,C00339,CreditInfo,544,C,2026-04-22,2,5,3943942.76,3,{}
EV-BUR-C00340,C00340,TransUnion,575,C,2026-04-22,1,1,951010.75,3,{}
EV-BUR-C00341,C00341,TransUnion,314,E,2026-04-20,9,4,910711.28,2,{}
EV-BUR-C00342,C00342,TransUnion,672,B,2026-04-26,0,1,2304143.52,0,{}
EV-BUR-C00343,C00343,TransUnion,787,A,2026-04-23,1,4,1115001.30,3,{}
EV-BUR-C00344,C00344,TransUnion,584,C,2026-04-25,2,4,349439.61,0,{}
EV-BUR-C00345,C00345,CreditInfo,746,A,2026-04-26,0,5,2597878.38,4,{}
EV-BUR-C00346,C00346,Metropol,672,B,2026-04-25,1,4,1347839.32,0,{}
EV-BUR-C00347,C00347,CreditInfo,547,C,2026-04-22,0,4,1031278.65,0,{}
EV-BUR-C00348,C00348,Metropol,777,A,2026-04-26,2,2,3349354.98,0,{}
EV-BUR-C00349,C00349,Metropol,391,E,2026-04-24,7,6,2825688.34,1,{}
EV-BUR-C00350,C00350,Metropol,617,B,2026-04-24,0,4,1144776.66,4,{}
EV-BUR-C00351,C00351,TransUnion,666,B,2026-04-20,0,4,482279.69,4,{}
EV-BUR-C00352,C00352,Metropol,806,A,2026-04-26,2,3,1855566.05,1,{}
EV-BUR-C00353,C00353,Metropol,714,B,2026-04-21,2,4,743522.03,2,{}
EV-BUR-C00354,C00354,TransUnion,772,A,2026-04-26,0,7,1950856.94,4,{}
EV-BUR-C00355,C00355,Metropol,715,B,2026-04-26,1,2,2307882.59,2,{}
EV-BUR-C00356,C00356,Metropol,768,A,2026-04-21,0,4,3859895.54,1,{}
EV-BUR-C00357,C00357,TransUnion,546,C,2026-04-25,0,5,2628110.93,2,{}
EV-BUR-C00358,C00358,Metropol,634,B,2026-04-23,1,7,1444568.16,4,{}
EV-BUR-C00359,C00359,Metropol,579,C,2026-04-20,1,3,1127321.10,4,{}
EV-BUR-C00360,C00360,CreditInfo,727,A,2026-04-20,1,2,2860488.07,1,{}
EV-BUR-C00361,C00361,CreditInfo,582,C,2026-04-20,2,2,1516125.84,2,{}
EV-BUR-C00362,C00362,TransUnion,701,B,2026-04-26,1,4,664439.90,3,{}
EV-BUR-C00363,C00363,CreditInfo,770,A,2026-04-21,0,3,1544111.17,2,{}
EV-BUR-C00364,C00364,TransUnion,742,A,2026-04-21,2,5,1290223.82,0,{}
EV-BUR-C00365,C00365,Metropol,719,B,2026-04-21,1,4,3240777.59,3,{}
EV-BUR-C00366,C00366,CreditInfo,836,A,2026-04-26,0,2,1956446.52,2,{}
EV-BUR-C00367,C00367,TransUnion,678,B,2026-04-26,2,3,466172.15,0,{}
EV-BUR-C00368,C00368,Metropol,641,B,2026-04-23,1,7,3163404.35,1,{}
EV-BUR-C00369,C00369,CreditInfo,743,A,2026-04-22,0,6,1553918.73,2,{}
EV-BUR-C00370,C00370,TransUnion,391,E,2026-04-24,5,2,1845147.64,3,{}
EV-BUR-C00371,C00371,Metropol,630,B,2026-04-22,1,3,3860824.65,1,{}
EV-BUR-C00372,C00372,TransUnion,666,B,2026-04-22,1,2,2808361.33,1,{}
EV-BUR-C00373,C00373,Metropol,704,B,2026-04-24,1,6,3393016.39,0,{}
EV-BUR-C00374,C00374,CreditInfo,794,A,2026-04-23,0,2,459260.01,4,{}
EV-BUR-C00375,C00375,Metropol,690,B,2026-04-24,2,3,1363311.43,0,{}
EV-BUR-C00376,C00376,CreditInfo,587,C,2026-04-20,1,6,3234983.45,0,{}
EV-BUR-C00377,C00377,TransUnion,664,B,2026-04-25,0,1,2031481.15,4,{}
EV-BUR-C00378,C00378,Metropol,737,A,2026-04-24,0,3,148164.28,3,{}
EV-BUR-C00379,C00379,TransUnion,760,A,2026-04-20,0,7,1829575.43,0,{}
EV-BUR-C00380,C00380,Metropol,662,B,2026-04-22,2,6,2712981.69,1,{}
EV-BUR-C00381,C00381,CreditInfo,337,E,2026-04-26,5,7,1282350.61,3,{}
EV-BUR-C00382,C00382,CreditInfo,575,C,2026-04-23,2,2,1756248.37,3,{}
EV-BUR-C00383,C00383,TransUnion,746,A,2026-04-25,2,3,1033274.36,0,{}
EV-BUR-C00384,C00384,Metropol,654,B,2026-04-23,2,6,3889507.54,2,{}
EV-BUR-C00385,C00385,TransUnion,562,C,2026-04-24,2,3,3933646.52,3,{}
EV-BUR-C00386,C00386,CreditInfo,585,C,2026-04-23,0,3,379283.41,3,{}
EV-BUR-C00387,C00387,TransUnion,594,C,2026-04-24,2,1,1894849.06,4,{}
EV-BUR-C00388,C00388,CreditInfo,583,C,2026-04-22,2,7,3650390.81,4,{}
EV-BUR-C00389,C00389,TransUnion,742,A,2026-04-26,0,3,1311808.45,2,{}
EV-BUR-C00390,C00390,CreditInfo,710,B,2026-04-23,2,6,3605218.66,1,{}
EV-BUR-C00391,C00391,Metropol,722,A,2026-04-22,1,4,1332562.13,4,{}
EV-BUR-C00392,C00392,Metropol,326,E,2026-04-25,5,5,2272742.92,1,{}
EV-BUR-C00393,C00393,CreditInfo,610,B,2026-04-22,1,7,2005491.80,4,{}
EV-BUR-C00394,C00394,TransUnion,806,A,2026-04-22,1,7,552238.64,2,{}
EV-BUR-C00395,C00395,Metropol,619,B,2026-04-25,1,7,3912898.07,4,{}
EV-BUR-C00396,C00396,Metropol,556,C,2026-04-24,1,2,1547409.44,4,{}
EV-BUR-C00397,C00397,TransUnion,674,B,2026-04-25,0,5,2285209.85,2,{}
EV-BUR-C00398,C00398,CreditInfo,648,B,2026-04-20,0,5,2648429.00,3,{}
EV-BUR-C00399,C00399,Metropol,805,A,2026-04-24,1,5,1697135.48,3,{}
EV-BUR-C00400,C00400,CreditInfo,835,A,2026-04-20,2,1,1744057.62,4,{}
EV-BUR-C00401,C00401,Metropol,749,A,2026-04-24,2,7,1897589.56,0,{}
EV-BUR-C00402,C00402,TransUnion,551,C,2026-04-24,1,4,3393311.64,3,{}
EV-BUR-C00403,C00403,TransUnion,747,A,2026-04-23,0,6,582254.71,1,{}
EV-BUR-C00404,C00404,Metropol,729,A,2026-04-23,2,1,1956678.55,4,{}
EV-BUR-C00405,C00405,Metropol,811,A,2026-04-21,1,4,3813839.65,4,{}
EV-BUR-C00406,C00406,TransUnion,685,B,2026-04-24,0,5,653660.53,1,{}
EV-BUR-C00407,C00407,Metropol,738,A,2026-04-26,1,2,1070815.75,2,{}
EV-BUR-C00408,C00408,CreditInfo,711,B,2026-04-25,2,4,2218388.10,2,{}
EV-BUR-C00409,C00409,TransUnion,683,B,2026-04-24,2,3,1952891.63,1,{}
EV-BUR-C00410,C00410,TransUnion,553,C,2026-04-24,1,6,3539023.43,4,{}
EV-BUR-C00411,C00411,TransUnion,608,B,2026-04-23,0,2,3173541.94,4,{}
EV-BUR-C00412,C00412,CreditInfo,698,B,2026-04-25,0,6,2062683.95,2,{}
EV-BUR-C00413,C00413,CreditInfo,648,B,2026-04-22,2,6,1809143.31,3,{}
EV-BUR-C00414,C00414,Metropol,641,B,2026-04-22,1,7,2949989.24,2,{}
EV-BUR-C00415,C00415,TransUnion,736,A,2026-04-24,1,3,760231.38,2,{}
EV-BUR-C00416,C00416,CreditInfo,587,C,2026-04-24,2,1,438771.56,4,{}
EV-BUR-C00417,C00417,Metropol,834,A,2026-04-24,0,1,1313489.16,4,{}
EV-BUR-C00418,C00418,TransUnion,565,C,2026-04-21,0,6,996305.28,1,{}
EV-BUR-C00419,C00419,Metropol,712,B,2026-04-24,0,5,3461461.02,0,{}
EV-BUR-C00420,C00420,CreditInfo,800,A,2026-04-24,2,7,1599489.29,2,{}
EV-BUR-C00421,C00421,TransUnion,769,A,2026-04-26,2,5,1743690.58,0,{}
EV-BUR-C00422,C00422,Metropol,636,B,2026-04-23,2,3,1775966.48,0,{}
EV-BUR-C00423,C00423,Metropol,835,A,2026-04-24,0,5,2321778.53,3,{}
EV-BUR-C00424,C00424,Metropol,587,C,2026-04-21,1,6,2227773.15,2,{}
EV-BUR-C00425,C00425,CreditInfo,792,A,2026-04-22,1,6,1889449.64,3,{}
EV-BUR-C00426,C00426,Metropol,806,A,2026-04-23,2,1,2591091.90,0,{}
EV-BUR-C00427,C00427,CreditInfo,774,A,2026-04-24,1,4,1298168.78,3,{}
EV-BUR-C00428,C00428,TransUnion,595,C,2026-04-26,1,2,3943372.50,0,{}
EV-BUR-C00429,C00429,TransUnion,704,B,2026-04-25,1,2,2721910.31,1,{}
EV-BUR-C00430,C00430,Metropol,552,C,2026-04-25,2,6,2432890.55,4,{}
EV-BUR-C00431,C00431,TransUnion,301,E,2026-04-21,9,1,3043502.59,2,{}
EV-BUR-C00432,C00432,Metropol,833,A,2026-04-23,1,5,868331.36,0,{}
EV-BUR-C00433,C00433,TransUnion,800,A,2026-04-26,1,1,629530.68,0,{}
EV-BUR-C00434,C00434,CreditInfo,846,A,2026-04-20,1,2,3932422.64,0,{}
EV-BUR-C00435,C00435,Metropol,782,A,2026-04-26,0,3,2579817.74,3,{}
EV-BUR-C00436,C00436,CreditInfo,553,C,2026-04-22,2,6,2051920.23,2,{}
EV-BUR-C00437,C00437,CreditInfo,711,B,2026-04-21,2,2,2093166.92,3,{}
EV-BUR-C00438,C00438,CreditInfo,724,A,2026-04-20,2,2,223765.76,3,{}
EV-BUR-C00439,C00439,TransUnion,561,C,2026-04-25,2,6,872748.16,4,{}
EV-BUR-C00440,C00440,Metropol,550,C,2026-04-22,0,7,3732213.95,1,{}
EV-BUR-C00441,C00441,TransUnion,555,C,2026-04-23,1,4,3904414.84,0,{}
EV-BUR-C00442,C00442,CreditInfo,783,A,2026-04-20,1,7,2415302.61,0,{}
EV-BUR-C00443,C00443,CreditInfo,771,A,2026-04-20,0,3,2438081.34,4,{}
EV-BUR-C00444,C00444,Metropol,689,B,2026-04-21,0,1,2684245.25,0,{}
EV-BUR-C00445,C00445,Metropol,797,A,2026-04-26,1,5,1747692.48,1,{}
EV-BUR-C00446,C00446,Metropol,639,B,2026-04-22,0,6,3795266.62,3,{}
EV-BUR-C00447,C00447,TransUnion,648,B,2026-04-23,1,5,2361173.56,2,{}
EV-BUR-C00448,C00448,CreditInfo,574,C,2026-04-20,2,4,3710241.38,0,{}
EV-BUR-C00449,C00449,CreditInfo,747,A,2026-04-23,0,4,457428.80,3,{}
EV-BUR-C00450,C00450,CreditInfo,624,B,2026-04-21,2,1,1461153.24,3,{}
EV-BUR-C00451,C00451,Metropol,590,C,2026-04-25,2,1,3836038.03,2,{}
EV-BUR-C00452,C00452,CreditInfo,475,D,2026-04-20,9,6,2227397.45,1,{}
EV-BUR-C00453,C00453,TransUnion,541,C,2026-04-26,1,1,990163.07,0,{}
EV-BUR-C00454,C00454,CreditInfo,617,B,2026-04-25,1,1,3574341.32,3,{}
EV-BUR-C00455,C00455,CreditInfo,388,E,2026-04-22,5,7,2490218.93,3,{}
EV-BUR-C00456,C00456,TransUnion,630,B,2026-04-25,2,1,3631351.92,2,{}
EV-BUR-C00457,C00457,TransUnion,841,A,2026-04-20,1,3,3675862.17,2,{}
EV-BUR-C00458,C00458,Metropol,717,B,2026-04-21,0,5,1063466.57,0,{}
EV-BUR-C00459,C00459,Metropol,722,A,2026-04-22,0,4,970186.21,1,{}
EV-BUR-C00460,C00460,CreditInfo,740,A,2026-04-20,0,3,3675480.66,2,{}
EV-BUR-C00461,C00461,TransUnion,430,D,2026-04-21,9,1,145766.81,3,{}
EV-BUR-C00462,C00462,CreditInfo,744,A,2026-04-25,1,2,3725008.31,0,{}
EV-BUR-C00463,C00463,TransUnion,785,A,2026-04-24,2,4,2719265.03,0,{}
EV-BUR-C00464,C00464,Metropol,591,C,2026-04-23,2,2,395777.43,4,{}
EV-BUR-C00465,C00465,Metropol,693,B,2026-04-23,0,6,1938135.78,3,{}
EV-BUR-C00466,C00466,TransUnion,624,B,2026-04-24,2,1,3755574.82,3,{}
EV-BUR-C00467,C00467,TransUnion,404,D,2026-04-20,6,4,2820107.39,0,{}
EV-BUR-C00468,C00468,TransUnion,718,B,2026-04-20,0,3,483265.93,1,{}
EV-BUR-C00469,C00469,TransUnion,785,A,2026-04-24,1,7,3119138.68,2,{}
EV-BUR-C00470,C00470,TransUnion,607,B,2026-04-23,0,7,822877.48,2,{}
EV-BUR-C00471,C00471,TransUnion,342,E,2026-04-26,4,2,1968538.05,1,{}
EV-BUR-C00472,C00472,TransUnion,559,C,2026-04-24,1,1,550486.49,3,{}
EV-BUR-C00473,C00473,TransUnion,693,B,2026-04-26,2,4,777353.68,3,{}
EV-BUR-C00474,C00474,Metropol,644,B,2026-04-25,2,5,1121307.64,4,{}
EV-BUR-C00475,C00475,TransUnion,718,B,2026-04-25,0,6,2640426.00,0,{}
EV-BUR-C00476,C00476,Metropol,698,B,2026-04-25,2,1,1659371.51,4,{}
EV-BUR-C00477,C00477,TransUnion,574,C,2026-04-20,2,7,2975829.71,2,{}
EV-BUR-C00478,C00478,TransUnion,688,B,2026-04-20,1,1,148700.58,3,{}
EV-BUR-C00479,C00479,Metropol,653,B,2026-04-25,1,4,2645834.05,2,{}
EV-BUR-C00480,C00480,CreditInfo,350,E,2026-04-20,4,2,2081217.44,0,{}
EV-BUR-C00481,C00481,CreditInfo,845,A,2026-04-24,0,3,1165119.99,3,{}
EV-BUR-C00482,C00482,TransUnion,619,B,2026-04-25,1,6,2643497.78,3,{}
EV-BUR-C00483,C00483,Metropol,672,B,2026-04-22,0,1,871083.58,0,{}
EV-BUR-C00484,C00484,CreditInfo,314,E,2026-04-25,4,6,1915019.07,1,{}
EV-BUR-C00485,C00485,Metropol,560,C,2026-04-23,0,6,3795224.89,2,{}
EV-BUR-C00486,C00486,Metropol,638,B,2026-04-23,2,2,1642494.39,1,{}
EV-BUR-C00487,C00487,CreditInfo,605,B,2026-04-20,2,2,1300769.59,1,{}
EV-BUR-C00488,C00488,Metropol,779,A,2026-04-24,0,1,1307870.42,3,{}
EV-BUR-C00489,C00489,Metropol,541,C,2026-04-20,2,1,2777073.05,0,{}
EV-BUR-C00490,C00490,CreditInfo,623,B,2026-04-20,1,5,2883101.43,4,{}
EV-BUR-C00491,C00491,Metropol,701,B,2026-04-26,0,2,1368292.93,2,{}
EV-BUR-C00492,C00492,Metropol,751,A,2026-04-24,1,2,1458445.45,2,{}
EV-BUR-C00493,C00493,CreditInfo,722,A,2026-04-23,0,7,2123490.35,4,{}
EV-BUR-C00494,C00494,CreditInfo,574,C,2026-04-25,2,7,794687.23,3,{}
EV-BUR-C00495,C00495,TransUnion,758,A,2026-04-24,2,1,1083201.11,4,{}
EV-BUR-C00496,C00496,CreditInfo,626,B,2026-04-20,0,5,98039.81,3,{}
EV-BUR-C00497,C00497,TransUnion,565,C,2026-04-23,1,6,434588.05,3,{}
EV-BUR-C00498,C00498,Metropol,757,A,2026-04-26,0,7,973462.15,0,{}
EV-BUR-C00499,C00499,Metropol,723,A,2026-04-25,1,1,770120.55,2,{}
EV-BUR-C00500,C00500,Metropol,711,B,2026-04-20,2,4,746469.17,0,{}
EV-BUR-C00501,C00501,TransUnion,697,B,2026-04-24,0,1,2162560.65,1,{}
EV-BUR-C00502,C00502,TransUnion,703,B,2026-04-20,2,6,3017858.75,4,{}
EV-BUR-C00503,C00503,Metropol,638,B,2026-04-20,2,1,1333892.85,3,{}
EV-BUR-C00504,C00504,CreditInfo,283,E,2026-04-20,9,3,3877482.91,1,{}
EV-BUR-C00505,C00505,Metropol,826,A,2026-04-25,0,1,1267590.98,2,{}
EV-BUR-C00506,C00506,TransUnion,549,C,2026-04-24,0,3,3935062.17,1,{}
EV-BUR-C00507,C00507,CreditInfo,614,B,2026-04-26,0,5,2988132.82,4,{}
EV-BUR-C00508,C00508,Metropol,849,A,2026-04-23,1,4,3998473.32,4,{}
EV-BUR-C00509,C00509,Metropol,705,B,2026-04-20,0,6,3168173.76,1,{}
EV-BUR-C00510,C00510,Metropol,561,C,2026-04-25,1,7,794766.41,3,{}
EV-BUR-C00511,C00511,CreditInfo,618,B,2026-04-23,0,1,681344.04,4,{}
EV-BUR-C00512,C00512,TransUnion,794,A,2026-04-20,1,6,705308.84,3,{}
EV-BUR-C00513,C00513,CreditInfo,714,B,2026-04-25,0,4,3627285.25,2,{}
EV-BUR-C00514,C00514,TransUnion,752,A,2026-04-24,2,2,2977432.37,1,{}
EV-BUR-C00515,C00515,TransUnion,540,C,2026-04-25,0,5,3597180.27,3,{}
EV-BUR-C00516,C00516,CreditInfo,588,C,2026-04-22,1,6,633652.58,2,{}
EV-BUR-C00517,C00517,TransUnion,604,B,2026-04-21,0,6,258629.36,0,{}
EV-BUR-C00518,C00518,CreditInfo,732,A,2026-04-26,1,5,2903079.66,1,{}
EV-BUR-C00519,C00519,TransUnion,713,B,2026-04-24,0,2,2748361.57,0,{}
EV-BUR-C00520,C00520,CreditInfo,664,B,2026-04-26,2,6,288759.78,4,{}
EV-BUR-C00521,C00521,CreditInfo,818,A,2026-04-22,2,5,2962576.96,4,{}
EV-BUR-C00522,C00522,TransUnion,585,C,2026-04-23,2,3,2222308.86,1,{}
EV-BUR-C00523,C00523,CreditInfo,706,B,2026-04-25,1,1,2365276.75,4,{}
EV-BUR-C00524,C00524,TransUnion,845,A,2026-04-22,2,2,724382.31,3,{}
EV-BUR-C00525,C00525,Metropol,578,C,2026-04-23,0,7,3238898.09,2,{}
EV-BUR-C00526,C00526,Metropol,824,A,2026-04-20,1,3,3105674.02,2,{}
EV-BUR-C00527,C00527,Metropol,662,B,2026-04-23,2,2,2639822.76,3,{}
EV-BUR-C00528,C00528,Metropol,579,C,2026-04-21,0,5,3008152.67,0,{}
EV-BUR-C00529,C00529,CreditInfo,676,B,2026-04-23,0,1,657226.73,3,{}
EV-BUR-C00530,C00530,CreditInfo,785,A,2026-04-25,0,2,3690623.28,4,{}
EV-BUR-C00531,C00531,TransUnion,637,B,2026-04-23,1,6,1072558.63,0,{}
EV-BUR-C00532,C00532,Metropol,792,A,2026-04-21,0,4,2683410.21,4,{}
EV-BUR-C00533,C00533,TransUnion,621,B,2026-04-25,0,3,3095882.76,1,{}
EV-BUR-C00534,C00534,CreditInfo,841,A,2026-04-22,1,5,3596076.65,4,{}
EV-BUR-C00535,C00535,Metropol,295,E,2026-04-26,4,7,2006142.68,1,{}
EV-BUR-C00536,C00536,CreditInfo,585,C,2026-04-25,0,6,931684.54,2,{}
EV-BUR-C00537,C00537,TransUnion,724,A,2026-04-26,1,2,696556.86,3,{}
EV-BUR-C00538,C00538,TransUnion,629,B,2026-04-20,1,7,3469198.03,0,{}
EV-BUR-C00539,C00539,CreditInfo,570,C,2026-04-25,1,1,3257027.28,2,{}
EV-BUR-C00540,C00540,Metropol,807,A,2026-04-26,1,2,475104.80,0,{}
EV-BUR-C00541,C00541,TransUnion,595,C,2026-04-22,0,7,1656336.80,2,{}
EV-BUR-C00542,C00542,Metropol,558,C,2026-04-21,0,5,3488192.81,4,{}
EV-BUR-C00543,C00543,TransUnion,676,B,2026-04-22,2,2,3127125.89,2,{}
EV-BUR-C00544,C00544,TransUnion,691,B,2026-04-24,0,5,365559.52,0,{}
EV-BUR-C00545,C00545,Metropol,343,E,2026-04-23,5,2,2210465.53,0,{}
EV-BUR-C00546,C00546,CreditInfo,632,B,2026-04-23,2,6,3810469.98,3,{}
EV-BUR-C00547,C00547,TransUnion,836,A,2026-04-21,1,7,257361.35,0,{}
EV-BUR-C00548,C00548,Metropol,658,B,2026-04-21,1,3,1975624.31,3,{}
EV-BUR-C00549,C00549,CreditInfo,757,A,2026-04-25,2,3,1923799.18,0,{}
EV-BUR-C00550,C00550,CreditInfo,646,B,2026-04-22,2,1,1267806.98,2,{}
EV-BUR-C00551,C00551,CreditInfo,830,A,2026-04-25,1,2,3479628.39,3,{}
EV-BUR-C00552,C00552,CreditInfo,559,C,2026-04-20,0,2,1190282.05,3,{}
EV-BUR-C00553,C00553,TransUnion,777,A,2026-04-23,0,7,941865.55,0,{}
EV-BUR-C00554,C00554,TransUnion,686,B,2026-04-20,0,3,3720180.96,3,{}
EV-BUR-C00555,C00555,Metropol,627,B,2026-04-21,0,1,2129607.94,3,{}
EV-BUR-C00556,C00556,Metropol,758,A,2026-04-23,2,4,356586.23,1,{}
EV-BUR-C00557,C00557,Metropol,512,C,2026-04-24,4,2,3966808.35,0,{}
EV-BUR-C00558,C00558,CreditInfo,847,A,2026-04-24,0,7,350626.73,2,{}
EV-BUR-C00559,C00559,TransUnion,454,D,2026-04-22,3,4,1073522.21,3,{}
EV-BUR-C00560,C00560,TransUnion,709,B,2026-04-24,1,2,3112162.04,3,{}
EV-BUR-C00561,C00561,TransUnion,849,A,2026-04-24,0,2,3921214.79,2,{}
EV-BUR-C00562,C00562,TransUnion,555,C,2026-04-25,2,7,2698176.85,0,{}
EV-BUR-C00563,C00563,Metropol,616,B,2026-04-25,2,6,3044809.89,3,{}
EV-BUR-C00564,C00564,TransUnion,311,E,2026-04-24,3,1,3684141.31,3,{}
EV-BUR-C00565,C00565,CreditInfo,333,E,2026-04-25,5,6,3095364.27,1,{}
EV-BUR-C00566,C00566,Metropol,777,A,2026-04-20,1,5,3058316.46,4,{}
EV-BUR-C00567,C00567,TransUnion,558,C,2026-04-21,1,2,2998489.13,1,{}
EV-BUR-C00568,C00568,Metropol,828,A,2026-04-21,0,3,1602752.14,4,{}
EV-BUR-C00569,C00569,Metropol,785,A,2026-04-21,1,4,3396835.35,0,{}
EV-BUR-C00570,C00570,Metropol,355,E,2026-04-25,8,2,3354654.77,2,{}
EV-BUR-C00571,C00571,Metropol,721,A,2026-04-21,0,4,3512799.69,2,{}
EV-BUR-C00572,C00572,TransUnion,634,B,2026-04-24,2,1,2382439.09,0,{}
EV-BUR-C00573,C00573,Metropol,782,A,2026-04-25,2,6,307923.80,0,{}
EV-BUR-C00574,C00574,TransUnion,630,B,2026-04-26,0,2,946886.52,1,{}
EV-BUR-C00575,C00575,TransUnion,586,C,2026-04-26,2,2,1616941.97,3,{}
EV-BUR-C00576,C00576,Metropol,554,C,2026-04-21,2,4,236477.49,0,{}
EV-BUR-C00577,C00577,TransUnion,544,C,2026-04-22,2,6,873719.19,4,{}
EV-BUR-C00578,C00578,Metropol,578,C,2026-04-25,0,7,2755300.86,0,{}
EV-BUR-C00579,C00579,TransUnion,789,A,2026-04-22,1,4,668049.53,2,{}
EV-BUR-C00580,C00580,Metropol,703,B,2026-04-23,0,3,704595.77,0,{}
EV-BUR-C00581,C00581,TransUnion,846,A,2026-04-20,0,2,1644247.95,2,{}
EV-BUR-C00582,C00582,TransUnion,834,A,2026-04-20,0,5,1021055.46,4,{}
EV-BUR-C00583,C00583,Metropol,710,B,2026-04-20,1,4,3304410.75,2,{}
EV-BUR-C00584,C00584,CreditInfo,777,A,2026-04-24,1,4,598784.47,0,{}
EV-BUR-C00585,C00585,Metropol,340,E,2026-04-25,9,1,1446633.52,2,{}
EV-BUR-C00586,C00586,TransUnion,792,A,2026-04-21,1,6,90277.67,2,{}
EV-BUR-C00587,C00587,CreditInfo,709,B,2026-04-21,2,7,2635367.84,3,{}
EV-BUR-C00588,C00588,TransUnion,789,A,2026-04-26,1,5,3553551.98,1,{}
EV-BUR-C00589,C00589,CreditInfo,833,A,2026-04-24,1,5,3317345.13,4,{}
EV-BUR-C00590,C00590,Metropol,591,C,2026-04-26,0,7,3377557.05,4,{}
EV-BUR-C00591,C00591,TransUnion,568,C,2026-04-20,2,1,2138425.50,3,{}
EV-BUR-C00592,C00592,Metropol,590,C,2026-04-26,1,2,1966727.05,0,{}
EV-BUR-C00593,C00593,TransUnion,563,C,2026-04-21,0,2,2184430.25,4,{}
EV-BUR-C00594,C00594,CreditInfo,424,D,2026-04-24,5,3,234784.74,3,{}
EV-BUR-C00595,C00595,CreditInfo,568,C,2026-04-24,0,4,2537072.48,4,{}
EV-BUR-C00596,C00596,TransUnion,781,A,2026-04-21,0,6,1762911.97,0,{}
EV-BUR-C00597,C00597,Metropol,767,A,2026-04-22,1,6,590770.17,0,{}
EV-BUR-C00598,C00598,TransUnion,756,A,2026-04-24,0,7,1874321.44,3,{}
EV-BUR-C00599,C00599,TransUnion,687,B,2026-04-23,1,1,1197683.06,0,{}
EV-BUR-C00600,C00600,CreditInfo,642,B,2026-04-21,0,3,604816.10,1,{}
EV-BUR-C00601,C00601,TransUnion,771,A,2026-04-25,2,6,1330888.73,2,{}
EV-BUR-C00602,C00602,CreditInfo,640,B,2026-04-24,0,3,3207440.65,3,{}
EV-BUR-C00603,C00603,CreditInfo,821,A,2026-04-20,2,2,2053014.23,4,{}
EV-BUR-C00604,C00604,TransUnion,655,B,2026-04-24,0,2,2475730.75,3,{}
EV-BUR-C00605,C00605,Metropol,543,C,2026-04-22,1,6,1268205.64,3,{}
EV-BUR-C00606,C00606,TransUnion,693,B,2026-04-23,2,2,1088560.78,2,{}
EV-BUR-C00607,C00607,TransUnion,840,A,2026-04-26,2,4,271624.03,0,{}
EV-BUR-C00608,C00608,CreditInfo,663,B,2026-04-26,2,1,831902.28,0,{}
EV-BUR-C00609,C00609,Metropol,840,A,2026-04-26,1,6,1355074.01,1,{}
EV-BUR-C00610,C00610,CreditInfo,805,A,2026-04-26,0,2,1760229.51,4,{}
EV-BUR-C00611,C00611,TransUnion,660,B,2026-04-25,2,2,449096.58,1,{}
EV-BUR-C00612,C00612,TransUnion,638,B,2026-04-26,2,4,3064358.98,2,{}
EV-BUR-C00613,C00613,CreditInfo,804,A,2026-04-24,2,6,186584.53,2,{}
EV-BUR-C00614,C00614,TransUnion,615,B,2026-04-24,1,2,919490.82,0,{}
EV-BUR-C00615,C00615,TransUnion,804,A,2026-04-21,2,5,2817598.11,0,{}
EV-BUR-C00616,C00616,TransUnion,795,A,2026-04-22,2,6,989360.83,1,{}
EV-BUR-C00617,C00617,CreditInfo,372,E,2026-04-20,7,6,2894738.75,3,{}
EV-BUR-C00618,C00618,TransUnion,690,B,2026-04-24,1,3,2012896.20,2,{}
EV-BUR-C00619,C00619,Metropol,666,B,2026-04-22,1,7,358845.49,2,{}
EV-BUR-C00620,C00620,TransUnion,771,A,2026-04-24,1,4,199415.53,3,{}
EV-BUR-C00621,C00621,TransUnion,659,B,2026-04-25,1,7,3935478.31,0,{}
EV-BUR-C00622,C00622,CreditInfo,618,B,2026-04-25,0,7,2815058.90,1,{}
EV-BUR-C00623,C00623,CreditInfo,597,C,2026-04-23,1,2,1834400.93,2,{}
EV-BUR-C00624,C00624,TransUnion,708,B,2026-04-20,0,7,1202800.80,0,{}
EV-BUR-C00625,C00625,CreditInfo,810,A,2026-04-23,0,5,3176496.38,3,{}
EV-BUR-C00626,C00626,CreditInfo,811,A,2026-04-23,2,7,2953353.80,4,{}
EV-BUR-C00627,C00627,TransUnion,692,B,2026-04-23,1,7,3530566.24,3,{}
EV-BUR-C00628,C00628,TransUnion,679,B,2026-04-26,1,3,2223326.62,0,{}
EV-BUR-C00629,C00629,CreditInfo,666,B,2026-04-20,1,6,3977885.59,1,{}
EV-BUR-C00630,C00630,CreditInfo,704,B,2026-04-24,1,4,2216199.19,4,{}
EV-BUR-C00631,C00631,Metropol,819,A,2026-04-21,2,1,1889518.87,1,{}
EV-BUR-C00632,C00632,Metropol,798,A,2026-04-23,2,7,3715594.50,3,{}
EV-BUR-C00633,C00633,Metropol,320,E,2026-04-23,8,7,3159875.35,3,{}
EV-BUR-C00634,C00634,TransUnion,775,A,2026-04-25,2,1,3757079.62,4,{}
EV-BUR-C00635,C00635,CreditInfo,714,B,2026-04-24,0,5,1628240.97,4,{}
EV-BUR-C00636,C00636,Metropol,698,B,2026-04-20,2,1,3017030.83,0,{}
EV-BUR-C00637,C00637,Metropol,574,C,2026-04-21,2,1,3625429.16,2,{}
EV-BUR-C00638,C00638,Metropol,400,D,2026-04-20,9,3,3963240.05,4,{}
EV-BUR-C00639,C00639,TransUnion,707,B,2026-04-22,1,5,1904475.09,3,{}
EV-BUR-C00640,C00640,Metropol,738,A,2026-04-22,2,5,3894601.82,2,{}
EV-BUR-C00641,C00641,Metropol,820,A,2026-04-20,2,2,859730.61,0,{}
EV-BUR-C00642,C00642,CreditInfo,829,A,2026-04-26,1,4,3587927.11,1,{}
EV-BUR-C00643,C00643,CreditInfo,664,B,2026-04-22,2,3,425381.55,4,{}
EV-BUR-C00644,C00644,CreditInfo,773,A,2026-04-23,1,4,305612.74,4,{}
EV-BUR-C00645,C00645,CreditInfo,548,C,2026-04-25,1,6,778186.51,3,{}
EV-BUR-C00646,C00646,CreditInfo,732,A,2026-04-21,0,1,3734636.78,2,{}
EV-BUR-C00647,C00647,CreditInfo,637,B,2026-04-26,0,2,705940.61,3,{}
EV-BUR-C00648,C00648,TransUnion,753,A,2026-04-22,1,4,628063.76,4,{}
EV-BUR-C00649,C00649,Metropol,611,B,2026-04-26,0,3,2114253.39,1,{}
EV-BUR-C00650,C00650,TransUnion,573,C,2026-04-24,1,6,1146726.88,0,{}
EV-BUR-C00651,C00651,TransUnion,568,C,2026-04-22,0,5,3340063.19,0,{}
EV-BUR-C00652,C00652,Metropol,706,B,2026-04-21,1,1,3233122.90,3,{}
EV-BUR-C00653,C00653,Metropol,607,B,2026-04-20,1,2,2123284.43,0,{}
EV-BUR-C00654,C00654,TransUnion,633,B,2026-04-20,2,3,1394894.09,4,{}
EV-BUR-C00655,C00655,Metropol,649,B,2026-04-20,1,7,3230249.07,4,{}
EV-BUR-C00656,C00656,CreditInfo,585,C,2026-04-22,0,2,3151885.37,2,{}
EV-BUR-C00657,C00657,TransUnion,306,E,2026-04-26,3,4,1027437.81,3,{}
EV-BUR-C00658,C00658,Metropol,601,B,2026-04-24,2,7,751546.95,3,{}
EV-BUR-C00659,C00659,CreditInfo,657,B,2026-04-26,1,2,3079187.50,3,{}
EV-BUR-C00660,C00660,TransUnion,792,A,2026-04-22,2,3,3104554.07,0,{}
EV-BUR-C00661,C00661,TransUnion,832,A,2026-04-20,1,3,1292669.53,1,{}
EV-BUR-C00662,C00662,CreditInfo,623,B,2026-04-26,2,2,2546901.35,0,{}
EV-BUR-C00663,C00663,TransUnion,829,A,2026-04-21,1,6,2380545.24,4,{}
EV-BUR-C00664,C00664,CreditInfo,686,B,2026-04-21,2,4,3905943.31,3,{}
EV-BUR-C00665,C00665,CreditInfo,685,B,2026-04-21,0,4,608584.02,1,{}
EV-BUR-C00666,C00666,TransUnion,593,C,2026-04-26,0,2,3418832.62,4,{}
EV-BUR-C00667,C00667,Metropol,575,C,2026-04-21,1,7,2023138.66,3,{}
EV-BUR-C00668,C00668,CreditInfo,833,A,2026-04-20,1,5,1503340.93,0,{}
EV-BUR-C00669,C00669,CreditInfo,734,A,2026-04-24,2,4,617756.72,0,{}
EV-BUR-C00670,C00670,CreditInfo,440,D,2026-04-25,9,5,3764358.63,1,{}
EV-BUR-C00671,C00671,TransUnion,592,C,2026-04-26,0,4,1918102.98,0,{}
EV-BUR-C00672,C00672,TransUnion,566,C,2026-04-21,2,2,3578043.79,2,{}
EV-BUR-C00673,C00673,TransUnion,636,B,2026-04-21,2,6,1470323.03,2,{}
EV-BUR-C00674,C00674,TransUnion,760,A,2026-04-25,0,4,1582101.54,0,{}
EV-BUR-C00675,C00675,TransUnion,626,B,2026-04-26,0,7,781882.94,0,{}
EV-BUR-C00676,C00676,Metropol,597,C,2026-04-21,2,5,70468.55,1,{}
EV-BUR-C00677,C00677,Metropol,635,B,2026-04-20,1,5,1135074.38,0,{}
EV-BUR-C00678,C00678,CreditInfo,546,C,2026-04-23,0,6,675797.70,1,{}
EV-BUR-C00679,C00679,TransUnion,658,B,2026-04-22,2,4,3562974.58,1,{}
EV-BUR-C00680,C00680,CreditInfo,784,A,2026-04-20,2,1,3664632.83,3,{}
EV-BUR-C00681,C00681,Metropol,796,A,2026-04-26,2,3,217982.22,2,{}
EV-BUR-C00682,C00682,TransUnion,632,B,2026-04-25,2,6,3719842.54,3,{}
EV-BUR-C00683,C00683,TransUnion,720,A,2026-04-22,0,1,231011.75,3,{}
EV-BUR-C00684,C00684,Metropol,787,A,2026-04-23,1,2,321481.14,0,{}
EV-BUR-C00685,C00685,TransUnion,719,B,2026-04-25,2,6,3774755.19,0,{}
EV-BUR-C00686,C00686,TransUnion,622,B,2026-04-21,1,4,485649.07,3,{}
EV-BUR-C00687,C00687,TransUnion,592,C,2026-04-26,2,2,3796191.70,4,{}
EV-BUR-C00688,C00688,CreditInfo,519,C,2026-04-26,6,4,2410687.86,3,{}
EV-BUR-C00689,C00689,TransUnion,620,B,2026-04-24,1,6,2541742.23,1,{}
EV-BUR-C00690,C00690,Metropol,434,D,2026-04-20,6,2,2854745.55,4,{}
EV-BUR-C00691,C00691,TransUnion,755,A,2026-04-25,2,5,768804.93,3,{}
EV-BUR-C00692,C00692,Metropol,548,C,2026-04-21,0,1,1346578.50,2,{}
EV-BUR-C00693,C00693,TransUnion,573,C,2026-04-26,0,7,209629.42,2,{}
EV-BUR-C00694,C00694,Metropol,698,B,2026-04-23,0,3,593266.79,4,{}
EV-BUR-C00695,C00695,TransUnion,676,B,2026-04-25,0,7,3077548.78,1,{}
EV-BUR-C00696,C00696,Metropol,759,A,2026-04-23,0,4,3642128.74,1,{}
EV-BUR-C00697,C00697,Metropol,680,B,2026-04-21,0,1,1782646.77,3,{}
EV-BUR-C00698,C00698,Metropol,541,C,2026-04-25,2,7,1518974.86,3,{}
EV-BUR-C00699,C00699,TransUnion,690,B,2026-04-23,1,4,2690996.96,4,{}
EV-BUR-C00700,C00700,Metropol,735,A,2026-04-22,1,5,280937.53,2,{}
EV-BUR-C00701,C00701,Metropol,634,B,2026-04-26,2,1,105488.65,3,{}
EV-BUR-C00702,C00702,TransUnion,592,C,2026-04-23,2,1,2583196.38,4,{}
EV-BUR-C00703,C00703,Metropol,587,C,2026-04-26,2,1,3425502.63,3,{}
EV-BUR-C00704,C00704,TransUnion,726,A,2026-04-25,2,6,1238340.79,0,{}
EV-BUR-C00705,C00705,CreditInfo,543,C,2026-04-21,2,5,3472650.51,4,{}
EV-BUR-C00706,C00706,Metropol,594,C,2026-04-23,1,6,632237.02,2,{}
EV-BUR-C00707,C00707,Metropol,701,B,2026-04-21,0,2,3401882.95,1,{}
EV-BUR-C00708,C00708,Metropol,391,E,2026-04-20,6,6,3888644.07,1,{}
EV-BUR-C00709,C00709,TransUnion,679,B,2026-04-22,1,1,314621.81,2,{}
EV-BUR-C00710,C00710,TransUnion,574,C,2026-04-24,0,3,1429654.47,3,{}
EV-BUR-C00711,C00711,Metropol,661,B,2026-04-22,0,6,3528848.10,2,{}
EV-BUR-C00712,C00712,CreditInfo,693,B,2026-04-21,2,6,1387189.63,2,{}
EV-BUR-C00713,C00713,Metropol,688,B,2026-04-21,2,1,188273.14,0,{}
EV-BUR-C00714,C00714,TransUnion,840,A,2026-04-25,2,7,689152.09,1,{}
EV-BUR-C00715,C00715,Metropol,649,B,2026-04-21,2,6,2886881.09,1,{}
EV-BUR-C00716,C00716,CreditInfo,654,B,2026-04-23,2,6,1129239.44,4,{}
EV-BUR-C00717,C00717,Metropol,670,B,2026-04-23,1,3,1811733.50,4,{}
EV-BUR-C00718,C00718,TransUnion,556,C,2026-04-24,0,6,3491870.99,4,{}
EV-BUR-C00719,C00719,Metropol,408,D,2026-04-20,5,3,3539165.79,3,{}
EV-BUR-C00720,C00720,TransUnion,598,C,2026-04-25,2,1,997971.05,2,{}
EV-BUR-C00721,C00721,Metropol,575,C,2026-04-21,2,3,1716950.34,2,{}
EV-BUR-C00722,C00722,TransUnion,681,B,2026-04-26,2,1,3195131.31,2,{}
EV-BUR-C00723,C00723,Metropol,551,C,2026-04-20,0,1,515663.52,3,{}
EV-BUR-C00724,C00724,CreditInfo,822,A,2026-04-24,0,3,3466628.32,2,{}
EV-BUR-C00725,C00725,Metropol,599,C,2026-04-25,0,3,3943543.42,0,{}
EV-BUR-C00726,C00726,Metropol,664,B,2026-04-26,0,7,536088.50,3,{}
EV-BUR-C00727,C00727,CreditInfo,550,C,2026-04-24,2,1,407346.25,0,{}
EV-BUR-C00728,C00728,TransUnion,761,A,2026-04-21,2,6,1444437.94,2,{}
EV-BUR-C00729,C00729,TransUnion,600,B,2026-04-24,1,3,3048863.44,0,{}
EV-BUR-C00730,C00730,CreditInfo,630,B,2026-04-22,1,2,3223461.77,2,{}
EV-BUR-C00731,C00731,TransUnion,638,B,2026-04-26,1,2,1474749.48,4,{}
EV-BUR-C00732,C00732,TransUnion,773,A,2026-04-26,2,2,3400640.76,1,{}
EV-BUR-C00733,C00733,CreditInfo,778,A,2026-04-21,0,6,2241830.41,1,{}
EV-BUR-C00734,C00734,Metropol,688,B,2026-04-21,1,3,1198126.60,2,{}
EV-BUR-C00735,C00735,Metropol,585,C,2026-04-24,1,3,2572352.85,1,{}
EV-BUR-C00736,C00736,Metropol,647,B,2026-04-21,2,5,3072617.61,2,{}
EV-BUR-C00737,C00737,TransUnion,613,B,2026-04-20,2,2,1736495.70,3,{}
EV-BUR-C00738,C00738,Metropol,654,B,2026-04-24,2,3,1318942.44,0,{}
EV-BUR-C00739,C00739,TransUnion,733,A,2026-04-22,2,6,261872.45,0,{}
EV-BUR-C00740,C00740,Metropol,841,A,2026-04-26,0,5,1496848.58,4,{}
EV-BUR-C00741,C00741,Metropol,712,B,2026-04-23,0,2,2847371.66,3,{}
EV-BUR-C00742,C00742,CreditInfo,489,D,2026-04-22,3,4,2352815.13,2,{}
EV-BUR-C00743,C00743,Metropol,603,B,2026-04-21,0,2,2508388.17,2,{}
EV-BUR-C00744,C00744,TransUnion,562,C,2026-04-23,0,5,3180621.34,1,{}
EV-BUR-C00745,C00745,Metropol,757,A,2026-04-24,0,4,2016019.29,1,{}
EV-BUR-C00746,C00746,TransUnion,753,A,2026-04-21,2,3,2725023.26,3,{}
EV-BUR-C00747,C00747,Metropol,737,A,2026-04-21,2,3,754548.27,1,{}
EV-BUR-C00748,C00748,CreditInfo,762,A,2026-04-22,0,5,1239602.08,2,{}
EV-BUR-C00749,C00749,CreditInfo,700,B,2026-04-23,0,2,3030744.92,0,{}
EV-BUR-C00750,C00750,Metropol,809,A,2026-04-20,1,4,260466.81,2,{}
EV-BUR-C00751,C00751,CreditInfo,744,A,2026-04-23,2,4,1037113.33,3,{}
EV-BUR-C00752,C00752,CreditInfo,655,B,2026-04-24,1,3,784651.03,1,{}
EV-BUR-C00753,C00753,Metropol,715,B,2026-04-26,0,5,547805.51,1,{}
EV-BUR-C00754,C00754,Metropol,731,A,2026-04-20,0,7,684891.36,1,{}
EV-BUR-C00755,C00755,Metropol,733,A,2026-04-21,2,5,1428406.49,4,{}
EV-BUR-C00756,C00756,TransUnion,549,C,2026-04-20,0,3,2891854.74,0,{}
EV-BUR-C00757,C00757,Metropol,758,A,2026-04-20,2,2,3419447.79,3,{}
EV-BUR-C00758,C00758,Metropol,670,B,2026-04-21,1,3,1541327.74,4,{}
EV-BUR-C00759,C00759,CreditInfo,696,B,2026-04-23,0,6,3161107.19,2,{}
EV-BUR-C00760,C00760,TransUnion,748,A,2026-04-25,2,5,452322.12,1,{}
EV-BUR-C00761,C00761,Metropol,794,A,2026-04-23,1,7,2734276.98,1,{}
EV-BUR-C00762,C00762,TransUnion,766,A,2026-04-26,1,5,3575490.40,4,{}
EV-BUR-C00763,C00763,CreditInfo,657,B,2026-04-23,2,1,245678.06,3,{}
EV-BUR-C00764,C00764,CreditInfo,570,C,2026-04-21,0,6,3135953.04,3,{}
EV-BUR-C00765,C00765,Metropol,739,A,2026-04-26,2,3,965430.80,0,{}
EV-BUR-C00766,C00766,Metropol,664,B,2026-04-24,2,4,3545125.84,1,{}
EV-BUR-C00767,C00767,TransUnion,664,B,2026-04-22,0,3,2452058.83,1,{}
EV-BUR-C00768,C00768,Metropol,826,A,2026-04-21,2,4,608618.90,3,{}
EV-BUR-C00769,C00769,Metropol,691,B,2026-04-24,0,6,1599680.18,0,{}
EV-BUR-C00770,C00770,Metropol,717,B,2026-04-21,2,3,58217.40,1,{}
EV-BUR-C00771,C00771,CreditInfo,701,B,2026-04-22,1,2,2730631.88,3,{}
EV-BUR-C00772,C00772,Metropol,793,A,2026-04-24,1,7,1625705.00,1,{}
EV-BUR-C00773,C00773,CreditInfo,749,A,2026-04-24,1,4,1669742.26,3,{}
EV-BUR-C00774,C00774,TransUnion,829,A,2026-04-23,0,4,2052037.65,0,{}
EV-BUR-C00775,C00775,TransUnion,601,B,2026-04-25,0,1,2899875.30,1,{}
EV-BUR-C00776,C00776,TransUnion,790,A,2026-04-21,0,6,2214003.31,4,{}
EV-BUR-C00777,C00777,TransUnion,622,B,2026-04-24,0,1,2568083.20,4,{}
EV-BUR-C00778,C00778,Metropol,752,A,2026-04-26,2,1,3672904.68,1,{}
EV-BUR-C00779,C00779,CreditInfo,687,B,2026-04-22,1,2,557642.90,4,{}
EV-BUR-C00780,C00780,TransUnion,780,A,2026-04-20,2,4,2110357.46,0,{}
EV-BUR-C00781,C00781,Metropol,459,D,2026-04-21,5,7,3042834.00,0,{}
EV-BUR-C00782,C00782,Metropol,558,C,2026-04-22,2,4,2268155.98,4,{}
EV-BUR-C00783,C00783,Metropol,721,A,2026-04-20,0,1,3892508.19,2,{}
EV-BUR-C00784,C00784,TransUnion,818,A,2026-04-21,1,4,371707.31,3,{}
EV-BUR-C00785,C00785,CreditInfo,805,A,2026-04-24,1,3,2287095.00,0,{}
EV-BUR-C00786,C00786,TransUnion,624,B,2026-04-23,2,4,3118593.87,4,{}
EV-BUR-C00787,C00787,TransUnion,652,B,2026-04-22,0,7,1175143.21,1,{}
EV-BUR-C00788,C00788,TransUnion,617,B,2026-04-20,2,6,3772681.15,1,{}
EV-BUR-C00789,C00789,TransUnion,590,C,2026-04-22,0,5,2512743.34,0,{}
EV-BUR-C00790,C00790,CreditInfo,663,B,2026-04-21,0,7,3805073.82,3,{}
EV-BUR-C00791,C00791,Metropol,642,B,2026-04-21,1,4,372138.37,3,{}
EV-BUR-C00792,C00792,CreditInfo,556,C,2026-04-26,0,6,1534336.31,4,{}
EV-BUR-C00793,C00793,TransUnion,433,D,2026-04-21,3,2,1560895.98,2,{}
EV-BUR-C00794,C00794,CreditInfo,645,B,2026-04-21,2,1,3026849.29,1,{}
EV-BUR-C00795,C00795,CreditInfo,565,C,2026-04-20,0,6,3372649.46,4,{}
EV-BUR-C00796,C00796,TransUnion,776,A,2026-04-21,2,3,2380660.05,0,{}
EV-BUR-C00797,C00797,Metropol,688,B,2026-04-26,0,7,2951422.75,0,{}
EV-BUR-C00798,C00798,TransUnion,554,C,2026-04-24,2,2,2055522.25,1,{}
EV-BUR-C00799,C00799,CreditInfo,849,A,2026-04-23,1,7,1231158.57,3,{}
EV-BUR-C00800,C00800,Metropol,569,C,2026-04-23,1,1,3256482.25,3,{}
EV-BUR-C00801,C00801,TransUnion,634,B,2026-04-20,1,6,2964454.67,3,{}
EV-BUR-C00802,C00802,TransUnion,553,C,2026-04-23,1,1,1291627.50,1,{}
EV-BUR-C00803,C00803,CreditInfo,790,A,2026-04-22,0,7,3635645.02,0,{}
EV-BUR-C00804,C00804,CreditInfo,628,B,2026-04-22,0,3,2386715.00,2,{}
EV-BUR-C00805,C00805,TransUnion,566,C,2026-04-23,2,5,3553464.03,3,{}
EV-BUR-C00806,C00806,CreditInfo,697,B,2026-04-21,2,6,3733926.05,4,{}
EV-BUR-C00807,C00807,TransUnion,770,A,2026-04-26,0,5,3291972.85,4,{}
EV-BUR-C00808,C00808,TransUnion,836,A,2026-04-26,0,6,659901.07,0,{}
EV-BUR-C00809,C00809,Metropol,696,B,2026-04-22,0,3,3904339.87,3,{}
EV-BUR-C00810,C00810,Metropol,554,C,2026-04-23,1,2,1820181.20,3,{}
EV-BUR-C00811,C00811,CreditInfo,838,A,2026-04-21,0,6,3251988.69,1,{}
EV-BUR-C00812,C00812,CreditInfo,570,C,2026-04-24,1,1,3510107.34,1,{}
EV-BUR-C00813,C00813,TransUnion,833,A,2026-04-21,1,6,3904405.09,4,{}
EV-BUR-C00814,C00814,CreditInfo,540,C,2026-04-25,0,4,964630.77,3,{}
EV-BUR-C00815,C00815,CreditInfo,551,C,2026-04-23,2,2,449489.14,3,{}
EV-BUR-C00816,C00816,CreditInfo,740,A,2026-04-20,1,5,2425643.73,1,{}
EV-BUR-C00817,C00817,CreditInfo,795,A,2026-04-22,2,1,2110492.11,4,{}
EV-BUR-C00818,C00818,TransUnion,702,B,2026-04-26,0,1,3166381.47,1,{}
EV-BUR-C00819,C00819,TransUnion,547,C,2026-04-20,1,3,104861.02,1,{}
EV-BUR-C00820,C00820,TransUnion,819,A,2026-04-20,2,4,172204.62,4,{}
EV-BUR-C00821,C00821,Metropol,625,B,2026-04-21,0,2,1962070.96,2,{}
EV-BUR-C00822,C00822,TransUnion,779,A,2026-04-20,0,3,835056.57,2,{}
EV-BUR-C00823,C00823,Metropol,745,A,2026-04-20,1,2,2800202.51,4,{}
EV-BUR-C00824,C00824,TransUnion,647,B,2026-04-24,2,2,2569063.49,4,{}
EV-BUR-C00825,C00825,CreditInfo,787,A,2026-04-22,1,7,301950.01,0,{}
EV-BUR-C00826,C00826,CreditInfo,712,B,2026-04-24,1,1,2082531.36,0,{}
EV-BUR-C00827,C00827,TransUnion,742,A,2026-04-23,0,7,2618464.96,4,{}
EV-BUR-C00828,C00828,CreditInfo,807,A,2026-04-21,0,3,1603484.76,1,{}
EV-BUR-C00829,C00829,TransUnion,756,A,2026-04-24,0,4,547951.87,3,{}
EV-BUR-C00830,C00830,CreditInfo,747,A,2026-04-20,2,3,2847233.98,2,{}
EV-BUR-C00831,C00831,Metropol,544,C,2026-04-25,2,7,3935954.86,0,{}
EV-BUR-C00832,C00832,Metropol,442,D,2026-04-20,5,2,181419.62,0,{}
EV-BUR-C00833,C00833,CreditInfo,805,A,2026-04-25,1,5,1162080.46,0,{}
EV-BUR-C00834,C00834,CreditInfo,826,A,2026-04-22,0,6,2754791.38,2,{}
EV-BUR-C00835,C00835,CreditInfo,295,E,2026-04-22,5,5,3582180.16,2,{}
EV-BUR-C00836,C00836,CreditInfo,608,B,2026-04-24,1,2,2689935.27,1,{}
EV-BUR-C00837,C00837,Metropol,828,A,2026-04-24,1,7,1246995.37,0,{}
EV-BUR-C00838,C00838,CreditInfo,564,C,2026-04-26,0,1,3010156.27,4,{}
EV-BUR-C00839,C00839,Metropol,375,E,2026-04-26,5,5,2016929.99,1,{}
EV-BUR-C00840,C00840,TransUnion,786,A,2026-04-23,1,3,1186664.95,3,{}
EV-BUR-C00841,C00841,CreditInfo,813,A,2026-04-22,0,2,854393.06,4,{}
EV-BUR-C00842,C00842,Metropol,549,C,2026-04-26,0,3,1881234.17,3,{}
EV-BUR-C00843,C00843,CreditInfo,565,C,2026-04-22,2,5,3002769.82,4,{}
EV-BUR-C00844,C00844,Metropol,656,B,2026-04-26,2,6,3351003.59,1,{}
EV-BUR-C00845,C00845,TransUnion,846,A,2026-04-21,0,3,2268425.05,0,{}
EV-BUR-C00846,C00846,TransUnion,616,B,2026-04-26,1,4,593936.75,3,{}
EV-BUR-C00847,C00847,Metropol,653,B,2026-04-23,2,2,1627243.57,0,{}
EV-BUR-C00848,C00848,CreditInfo,595,C,2026-04-21,0,4,612895.94,4,{}
EV-BUR-C00849,C00849,TransUnion,582,C,2026-04-21,0,6,1451167.94,3,{}
EV-BUR-C00850,C00850,Metropol,588,C,2026-04-25,0,2,3205540.60,4,{}
EV-BUR-C00851,C00851,TransUnion,603,B,2026-04-21,2,4,2653025.16,4,{}
EV-BUR-C00852,C00852,Metropol,751,A,2026-04-26,1,4,976836.47,1,{}
EV-BUR-C00853,C00853,TransUnion,605,B,2026-04-20,2,3,2665670.99,2,{}
EV-BUR-C00854,C00854,TransUnion,623,B,2026-04-22,0,3,273084.14,2,{}
EV-BUR-C00855,C00855,Metropol,788,A,2026-04-25,0,4,2297972.29,4,{}
EV-BUR-C00856,C00856,CreditInfo,631,B,2026-04-23,0,7,3137594.35,2,{}
EV-BUR-C00857,C00857,Metropol,728,A,2026-04-26,2,7,264254.69,4,{}
EV-BUR-C00858,C00858,CreditInfo,667,B,2026-04-23,0,6,126708.65,4,{}
EV-BUR-C00859,C00859,CreditInfo,787,A,2026-04-22,2,6,2219317.20,4,{}
EV-BUR-C00860,C00860,TransUnion,660,B,2026-04-26,0,1,2868018.97,1,{}
EV-BUR-C00861,C00861,CreditInfo,669,B,2026-04-24,1,5,3576694.73,2,{}
EV-BUR-C00862,C00862,CreditInfo,571,C,2026-04-25,2,3,516224.42,4,{}
EV-BUR-C00863,C00863,Metropol,541,C,2026-04-23,2,4,628641.44,0,{}
EV-BUR-C00864,C00864,CreditInfo,677,B,2026-04-23,2,5,2556381.58,0,{}
EV-BUR-C00865,C00865,Metropol,834,A,2026-04-22,2,6,2108345.65,2,{}
EV-BUR-C00866,C00866,Metropol,549,C,2026-04-21,0,4,1488378.69,3,{}
EV-BUR-C00867,C00867,Metropol,563,C,2026-04-26,0,4,2092972.77,4,{}
EV-BUR-C00868,C00868,CreditInfo,593,C,2026-04-22,0,6,2961294.18,4,{}
EV-BUR-C00869,C00869,Metropol,650,B,2026-04-21,0,4,1786768.34,3,{}
EV-BUR-C00870,C00870,TransUnion,587,C,2026-04-23,1,7,478195.72,0,{}
EV-BUR-C00871,C00871,CreditInfo,630,B,2026-04-26,2,3,1536179.68,1,{}
EV-BUR-C00872,C00872,TransUnion,708,B,2026-04-25,2,5,3487775.51,1,{}
EV-BUR-C00873,C00873,CreditInfo,757,A,2026-04-26,2,6,3017220.96,4,{}
EV-BUR-C00874,C00874,CreditInfo,795,A,2026-04-21,1,7,2932272.89,1,{}
EV-BUR-C00875,C00875,Metropol,705,B,2026-04-20,2,1,1277597.79,1,{}
EV-BUR-C00876,C00876,TransUnion,672,B,2026-04-23,0,5,3982677.94,0,{}
EV-BUR-C00877,C00877,Metropol,602,B,2026-04-24,2,5,3350267.78,4,{}
EV-BUR-C00878,C00878,CreditInfo,738,A,2026-04-21,0,5,2991738.90,2,{}
EV-BUR-C00879,C00879,TransUnion,632,B,2026-04-24,1,2,1994708.80,3,{}
EV-BUR-C00880,C00880,CreditInfo,765,A,2026-04-21,1,2,1240742.80,3,{}
EV-BUR-C00881,C00881,TransUnion,734,A,2026-04-22,0,7,3313125.57,3,{}
EV-BUR-C00882,C00882,TransUnion,686,B,2026-04-21,0,5,802660.34,0,{}
EV-BUR-C00883,C00883,CreditInfo,809,A,2026-04-22,2,3,1762535.99,3,{}
EV-BUR-C00884,C00884,Metropol,755,A,2026-04-22,1,5,2453978.66,4,{}
EV-BUR-C00885,C00885,Metropol,543,C,2026-04-20,2,2,194466.49,2,{}
EV-BUR-C00886,C00886,TransUnion,709,B,2026-04-26,0,5,2655649.87,4,{}
EV-BUR-C00887,C00887,TransUnion,376,E,2026-04-24,3,6,1903777.45,2,{}
EV-BUR-C00888,C00888,CreditInfo,706,B,2026-04-20,1,7,518407.66,3,{}
EV-BUR-C00889,C00889,Metropol,801,A,2026-04-24,0,7,1639297.09,0,{}
EV-BUR-C00890,C00890,CreditInfo,834,A,2026-04-22,1,6,900014.34,3,{}
EV-BUR-C00891,C00891,Metropol,375,E,2026-04-22,6,4,2018637.46,4,{}
EV-BUR-C00892,C00892,Metropol,407,D,2026-04-21,6,7,3912526.47,4,{}
EV-BUR-C00893,C00893,TransUnion,646,B,2026-04-21,2,1,3721876.26,3,{}
EV-BUR-C00894,C00894,CreditInfo,609,B,2026-04-21,0,1,3282679.36,3,{}
EV-BUR-C00895,C00895,Metropol,683,B,2026-04-23,2,6,1367324.20,0,{}
EV-BUR-C00896,C00896,TransUnion,776,A,2026-04-22,1,3,1723001.30,4,{}
EV-BUR-C00897,C00897,CreditInfo,756,A,2026-04-20,0,1,424409.16,0,{}
EV-BUR-C00898,C00898,CreditInfo,550,C,2026-04-26,0,6,789597.97,4,{}
EV-BUR-C00899,C00899,TransUnion,813,A,2026-04-24,1,7,2561799.87,4,{}
EV-BUR-C00900,C00900,TransUnion,727,A,2026-04-24,2,1,1429863.09,4,{}
EV-BUR-C00901,C00901,CreditInfo,685,B,2026-04-24,2,3,814587.27,0,{}
EV-BUR-C00902,C00902,TransUnion,812,A,2026-04-21,1,7,1118625.21,4,{}
EV-BUR-C00903,C00903,Metropol,804,A,2026-04-25,0,5,2043349.29,0,{}
EV-BUR-C00904,C00904,Metropol,638,B,2026-04-23,2,4,415233.59,3,{}
EV-BUR-C00905,C00905,TransUnion,582,C,2026-04-26,1,5,61102.83,2,{}
EV-BUR-C00906,C00906,TransUnion,768,A,2026-04-22,2,5,625633.98,3,{}
EV-BUR-C00907,C00907,CreditInfo,649,B,2026-04-26,1,4,2677980.62,4,{}
EV-BUR-C00908,C00908,Metropol,837,A,2026-04-23,2,5,3908928.10,3,{}
EV-BUR-C00909,C00909,Metropol,821,A,2026-04-26,0,6,1090365.84,2,{}
EV-BUR-C00910,C00910,CreditInfo,790,A,2026-04-23,1,7,3079463.48,3,{}
EV-BUR-C00911,C00911,TransUnion,833,A,2026-04-26,1,4,317992.46,0,{}
EV-BUR-C00912,C00912,TransUnion,573,C,2026-04-21,0,2,2027511.23,0,{}
EV-BUR-C00913,C00913,Metropol,695,B,2026-04-21,2,7,1016182.92,2,{}
EV-BUR-C00914,C00914,CreditInfo,781,A,2026-04-24,2,3,443438.34,1,{}
EV-BUR-C00915,C00915,TransUnion,798,A,2026-04-24,0,3,3303464.52,1,{}
EV-BUR-C00916,C00916,TransUnion,665,B,2026-04-21,2,6,3807733.93,4,{}
EV-BUR-C00917,C00917,CreditInfo,721,A,2026-04-20,2,2,3488045.46,2,{}
EV-BUR-C00918,C00918,Metropol,831,A,2026-04-22,2,3,2686470.30,4,{}
EV-BUR-C00919,C00919,Metropol,778,A,2026-04-20,0,6,501212.33,3,{}
EV-BUR-C00920,C00920,TransUnion,608,B,2026-04-24,1,6,810451.66,4,{}
EV-BUR-C00921,C00921,Metropol,741,A,2026-04-24,0,3,3661227.16,2,{}
EV-BUR-C00922,C00922,CreditInfo,717,B,2026-04-24,1,2,1775411.43,2,{}
EV-BUR-C00923,C00923,Metropol,656,B,2026-04-26,1,4,379335.05,1,{}
EV-BUR-C00924,C00924,TransUnion,699,B,2026-04-26,2,3,1740769.26,4,{}
EV-BUR-C00925,C00925,TransUnion,845,A,2026-04-21,0,1,1786559.65,3,{}
EV-BUR-C00926,C00926,TransUnion,842,A,2026-04-21,0,4,1258922.54,4,{}
EV-BUR-C00927,C00927,Metropol,654,B,2026-04-22,1,5,1728131.86,3,{}
EV-BUR-C00928,C00928,TransUnion,729,A,2026-04-23,1,4,2832438.27,1,{}
EV-BUR-C00929,C00929,CreditInfo,841,A,2026-04-25,0,4,1667623.99,0,{}
EV-BUR-C00930,C00930,CreditInfo,566,C,2026-04-23,2,1,3565898.49,0,{}
EV-BUR-C00931,C00931,TransUnion,637,B,2026-04-24,1,7,2195494.50,1,{}
EV-BUR-C00932,C00932,Metropol,785,A,2026-04-23,2,6,1541508.08,3,{}
EV-BUR-C00933,C00933,TransUnion,721,A,2026-04-20,0,1,3617555.90,2,{}
EV-BUR-C00934,C00934,Metropol,786,A,2026-04-26,1,7,96339.47,4,{}
EV-BUR-C00935,C00935,CreditInfo,612,B,2026-04-24,2,1,3995689.24,2,{}
EV-BUR-C00936,C00936,Metropol,648,B,2026-04-26,2,7,826737.07,3,{}
EV-BUR-C00937,C00937,Metropol,633,B,2026-04-20,1,2,3332776.92,1,{}
EV-BUR-C00938,C00938,Metropol,664,B,2026-04-25,1,5,699955.31,0,{}
EV-BUR-C00939,C00939,TransUnion,716,B,2026-04-20,0,4,2458562.19,2,{}
EV-BUR-C00940,C00940,Metropol,558,C,2026-04-25,2,4,1264797.25,3,{}
EV-BUR-C00941,C00941,CreditInfo,714,B,2026-04-20,1,4,3500359.05,2,{}
EV-BUR-C00942,C00942,Metropol,758,A,2026-04-20,0,1,2108042.05,4,{}
EV-BUR-C00943,C00943,Metropol,847,A,2026-04-20,0,5,1804580.27,0,{}
EV-BUR-C00944,C00944,TransUnion,564,C,2026-04-26,0,5,51392.23,4,{}
EV-BUR-C00945,C00945,Metropol,769,A,2026-04-21,2,4,2519695.48,4,{}
EV-BUR-C00946,C00946,Metropol,557,C,2026-04-25,1,7,1666525.44,3,{}
EV-BUR-C00947,C00947,CreditInfo,814,A,2026-04-23,2,2,1684141.52,0,{}
EV-BUR-C00948,C00948,Metropol,575,C,2026-04-23,0,1,2669765.14,3,{}
EV-BUR-C00949,C00949,CreditInfo,621,B,2026-04-24,0,4,3611611.45,0,{}
EV-BUR-C00950,C00950,CreditInfo,713,B,2026-04-22,2,5,3371301.68,2,{}
EV-BUR-C00951,C00951,Metropol,553,C,2026-04-23,1,5,1314675.45,0,{}
EV-BUR-C00952,C00952,TransUnion,703,B,2026-04-20,2,6,3445578.36,4,{}
EV-BUR-C00953,C00953,CreditInfo,640,B,2026-04-21,2,7,3023573.97,2,{}
EV-BUR-C00954,C00954,TransUnion,739,A,2026-04-20,1,5,3046263.69,3,{}
EV-BUR-C00955,C00955,CreditInfo,832,A,2026-04-25,1,5,1460966.56,4,{}
EV-BUR-C00956,C00956,CreditInfo,583,C,2026-04-21,2,7,3038405.81,2,{}
EV-BUR-C00957,C00957,CreditInfo,714,B,2026-04-23,1,7,3830477.97,4,{}
EV-BUR-C00958,C00958,CreditInfo,386,E,2026-04-24,5,3,3619608.69,4,{}
EV-BUR-C00959,C00959,TransUnion,741,A,2026-04-24,2,7,3613524.75,2,{}
EV-BUR-C00960,C00960,TransUnion,627,B,2026-04-22,0,5,2495461.27,2,{}
EV-BUR-C00961,C00961,CreditInfo,611,B,2026-04-23,0,7,65109.75,0,{}
EV-BUR-C00962,C00962,CreditInfo,827,A,2026-04-21,1,4,889966.60,3,{}
EV-BUR-C00963,C00963,TransUnion,353,E,2026-04-20,5,7,813610.06,1,{}
EV-BUR-C00964,C00964,TransUnion,751,A,2026-04-26,1,3,3153576.30,3,{}
EV-BUR-C00965,C00965,TransUnion,646,B,2026-04-25,0,2,1915842.46,0,{}
EV-BUR-C00966,C00966,TransUnion,562,C,2026-04-22,2,7,651458.18,1,{}
EV-BUR-C00967,C00967,TransUnion,632,B,2026-04-25,0,5,1549514.41,4,{}
EV-BUR-C00968,C00968,Metropol,789,A,2026-04-24,2,7,1050678.27,2,{}
EV-BUR-C00969,C00969,CreditInfo,636,B,2026-04-25,2,2,3015167.09,3,{}
EV-BUR-C00970,C00970,Metropol,693,B,2026-04-21,2,2,472444.15,3,{}
EV-BUR-C00971,C00971,Metropol,636,B,2026-04-24,2,2,368217.87,1,{}
EV-BUR-C00972,C00972,Metropol,591,C,2026-04-23,0,3,489894.22,0,{}
EV-BUR-C00973,C00973,CreditInfo,626,B,2026-04-26,0,3,1242998.88,0,{}
EV-BUR-C00974,C00974,CreditInfo,632,B,2026-04-22,0,3,2032811.71,3,{}
EV-BUR-C00975,C00975,TransUnion,743,A,2026-04-22,2,3,3642851.37,1,{}
EV-BUR-C00976,C00976,CreditInfo,769,A,2026-04-23,0,4,3193828.58,0,{}
EV-BUR-C00977,C00977,TransUnion,730,A,2026-04-25,2,2,574988.17,1,{}
EV-BUR-C00978,C00978,CreditInfo,540,C,2026-04-26,0,3,2928108.67,1,{}
EV-BUR-C00979,C00979,Metropol,606,B,2026-04-22,2,2,3196662.46,2,{}
EV-BUR-C00980,C00980,Metropol,648,B,2026-04-21,2,7,1536289.03,2,{}
EV-BUR-C00981,C00981,Metropol,789,A,2026-04-22,2,6,926521.86,3,{}
EV-BUR-C00982,C00982,Metropol,543,C,2026-04-23,2,5,1064677.71,2,{}
EV-BUR-C00983,C00983,CreditInfo,299,E,2026-04-24,3,2,2038832.15,4,{}
EV-BUR-C00984,C00984,TransUnion,845,A,2026-04-25,0,4,1066939.95,4,{}
EV-BUR-C00985,C00985,CreditInfo,677,B,2026-04-22,0,7,769420.05,3,{}
EV-BUR-C00986,C00986,Metropol,776,A,2026-04-24,2,4,1151737.87,0,{}
EV-BUR-C00987,C00987,Metropol,519,C,2026-04-25,7,5,1601953.14,4,{}
EV-BUR-C00988,C00988,Metropol,794,A,2026-04-25,0,7,3620174.94,0,{}
EV-BUR-C00989,C00989,TransUnion,814,A,2026-04-24,0,5,675308.46,3,{}
EV-BUR-C00990,C00990,Metropol,836,A,2026-04-25,2,6,3756191.29,1,{}
EV-BUR-C00991,C00991,TransUnion,642,B,2026-04-26,1,2,3014603.08,3,{}
EV-BUR-C00992,C00992,CreditInfo,808,A,2026-04-22,1,2,662079.23,0,{}
EV-BUR-C00993,C00993,CreditInfo,546,C,2026-04-26,0,2,1524786.26,3,{}
EV-BUR-C00994,C00994,TransUnion,810,A,2026-04-23,2,5,3090384.02,0,{}
EV-BUR-C00995,C00995,CreditInfo,833,A,2026-04-26,0,5,3557060.41,3,{}
EV-BUR-C00996,C00996,CreditInfo,816,A,2026-04-24,1,2,3359489.11,1,{}
EV-BUR-C00997,C00997,Metropol,549,C,2026-04-22,1,2,2496735.93,2,{}
EV-BUR-C00998,C00998,Metropol,712,B,2026-04-22,2,6,1205863.42,0,{}
EV-BUR-C00999,C00999,CreditInfo,327,E,2026-04-25,4,2,1545002.69,1,{}
EV-BUR-C01000,C01000,Metropol,319,E,2026-04-21,5,2,892570.85,2,{}
EV-BUR-C01001,C01001,CreditInfo,616,B,2026-04-22,2,5,1631705.42,2,{}
EV-BUR-C01002,C01002,CreditInfo,760,A,2026-04-20,0,7,3429848.02,2,{}
EV-BUR-C01003,C01003,CreditInfo,295,E,2026-04-26,4,1,1771106.49,2,{}
EV-BUR-C01004,C01004,TransUnion,577,C,2026-04-24,1,4,1814702.14,3,{}
EV-BUR-C01005,C01005,CreditInfo,647,B,2026-04-22,2,1,1510365.40,1,{}
EV-BUR-C01006,C01006,CreditInfo,744,A,2026-04-22,2,3,863193.44,3,{}
EV-BUR-C01007,C01007,CreditInfo,679,B,2026-04-23,2,7,1598444.43,1,{}
EV-BUR-C01008,C01008,TransUnion,548,C,2026-04-23,2,4,1229004.12,2,{}
EV-BUR-C01009,C01009,CreditInfo,827,A,2026-04-23,0,4,1444109.46,2,{}
EV-BUR-C01010,C01010,TransUnion,412,D,2026-04-21,9,2,802808.83,3,{}
EV-BUR-C01011,C01011,CreditInfo,824,A,2026-04-23,0,6,2629643.25,4,{}
EV-BUR-C01012,C01012,CreditInfo,714,B,2026-04-26,0,1,2071884.86,4,{}
EV-BUR-C01013,C01013,Metropol,651,B,2026-04-21,2,6,1779277.11,4,{}
EV-BUR-C01014,C01014,Metropol,658,B,2026-04-23,2,7,344295.50,1,{}
EV-BUR-C01015,C01015,CreditInfo,720,A,2026-04-22,2,4,1900222.91,0,{}
EV-BUR-C01016,C01016,CreditInfo,386,E,2026-04-20,5,3,2308336.38,0,{}
EV-BUR-C01017,C01017,TransUnion,783,A,2026-04-22,0,4,2544177.33,2,{}
EV-BUR-C01018,C01018,CreditInfo,635,B,2026-04-21,0,6,685060.68,2,{}
EV-BUR-C01019,C01019,CreditInfo,694,B,2026-04-20,0,1,721131.59,4,{}
EV-BUR-C01020,C01020,CreditInfo,325,E,2026-04-26,8,2,474290.71,4,{}
EV-BUR-C01021,C01021,Metropol,711,B,2026-04-24,2,1,913596.26,4,{}
EV-BUR-C01022,C01022,Metropol,593,C,2026-04-24,0,5,522846.22,0,{}
EV-BUR-C01023,C01023,Metropol,841,A,2026-04-23,2,6,509193.56,0,{}
EV-BUR-C01024,C01024,Metropol,845,A,2026-04-24,0,6,230835.30,1,{}
EV-BUR-C01025,C01025,TransUnion,823,A,2026-04-21,1,2,615405.56,2,{}
EV-BUR-C01026,C01026,Metropol,667,B,2026-04-24,0,1,1152310.66,1,{}
EV-BUR-C01027,C01027,Metropol,695,B,2026-04-24,0,6,132568.66,2,{}
EV-BUR-C01028,C01028,Metropol,707,B,2026-04-20,2,6,169390.82,3,{}
EV-BUR-C01029,C01029,CreditInfo,578,C,2026-04-25,0,4,2352105.53,2,{}
EV-BUR-C01030,C01030,TransUnion,847,A,2026-04-22,0,5,3458092.98,0,{}
EV-BUR-C01031,C01031,CreditInfo,597,C,2026-04-21,0,4,488122.09,4,{}
EV-BUR-C01032,C01032,TransUnion,821,A,2026-04-23,2,7,1430741.98,1,{}
EV-BUR-C01033,C01033,TransUnion,601,B,2026-04-21,2,1,1575572.00,3,{}
EV-BUR-C01034,C01034,Metropol,724,A,2026-04-22,2,1,2002815.73,1,{}
EV-BUR-C01035,C01035,Metropol,655,B,2026-04-23,1,7,2262702.50,4,{}
EV-BUR-C01036,C01036,TransUnion,545,C,2026-04-26,2,4,1127304.61,2,{}
EV-BUR-C01037,C01037,TransUnion,751,A,2026-04-24,0,5,849105.72,3,{}
EV-BUR-C01038,C01038,CreditInfo,562,C,2026-04-20,1,5,935731.34,0,{}
EV-BUR-C01039,C01039,TransUnion,663,B,2026-04-21,1,6,1735706.20,3,{}
EV-BUR-C01040,C01040,TransUnion,812,A,2026-04-21,2,7,1418506.14,2,{}
EV-BUR-C01041,C01041,TransUnion,748,A,2026-04-23,0,1,494891.00,3,{}
EV-BUR-C01042,C01042,CreditInfo,686,B,2026-04-23,2,5,106259.75,1,{}
EV-BUR-C01043,C01043,Metropol,540,C,2026-04-20,0,2,3624887.50,2,{}
EV-BUR-C01044,C01044,Metropol,713,B,2026-04-20,1,6,968991.54,2,{}
EV-BUR-C01045,C01045,CreditInfo,627,B,2026-04-20,0,4,1214991.62,2,{}
EV-BUR-C01046,C01046,CreditInfo,545,C,2026-04-25,2,1,1688437.86,3,{}
EV-BUR-C01047,C01047,CreditInfo,821,A,2026-04-26,2,7,936656.83,1,{}
EV-BUR-C01048,C01048,Metropol,793,A,2026-04-21,2,1,1410891.43,0,{}
EV-BUR-C01049,C01049,CreditInfo,747,A,2026-04-25,1,7,3640466.87,4,{}
EV-BUR-C01050,C01050,TransUnion,625,B,2026-04-22,1,4,2512003.86,4,{}
EV-BUR-C01051,C01051,CreditInfo,753,A,2026-04-21,0,6,1244223.02,2,{}
EV-BUR-C01052,C01052,TransUnion,607,B,2026-04-24,0,1,1642081.87,1,{}
EV-BUR-C01053,C01053,Metropol,796,A,2026-04-22,0,4,844821.04,2,{}
EV-BUR-C01054,C01054,CreditInfo,760,A,2026-04-26,2,6,697294.24,1,{}
EV-BUR-C01055,C01055,CreditInfo,677,B,2026-04-22,1,4,3792383.29,4,{}
EV-BUR-C01056,C01056,TransUnion,690,B,2026-04-21,1,7,2240269.80,0,{}
EV-BUR-C01057,C01057,CreditInfo,695,B,2026-04-25,1,5,1425332.52,4,{}
EV-BUR-C01058,C01058,CreditInfo,703,B,2026-04-24,2,6,2919993.50,4,{}
EV-BUR-C01059,C01059,Metropol,774,A,2026-04-24,1,7,2542176.84,4,{}
EV-BUR-C01060,C01060,Metropol,818,A,2026-04-23,1,7,149980.52,0,{}
EV-BUR-C01061,C01061,Metropol,750,A,2026-04-23,2,2,1376206.60,0,{}
EV-BUR-C01062,C01062,Metropol,648,B,2026-04-25,1,4,306184.74,4,{}
EV-BUR-C01063,C01063,CreditInfo,745,A,2026-04-21,0,3,2517082.90,0,{}
EV-BUR-C01064,C01064,CreditInfo,559,C,2026-04-26,1,5,2920239.87,1,{}
EV-BUR-C01065,C01065,CreditInfo,593,C,2026-04-23,2,2,1025551.14,0,{}
EV-BUR-C01066,C01066,CreditInfo,712,B,2026-04-23,2,2,2068208.29,3,{}
EV-BUR-C01067,C01067,TransUnion,574,C,2026-04-22,0,3,642129.64,4,{}
EV-BUR-C01068,C01068,TransUnion,673,B,2026-04-25,1,1,2328634.73,4,{}
EV-BUR-C01069,C01069,TransUnion,581,C,2026-04-23,0,3,2727784.26,3,{}
EV-BUR-C01070,C01070,Metropol,617,B,2026-04-23,1,2,312041.48,1,{}
EV-BUR-C01071,C01071,CreditInfo,850,A,2026-04-22,2,7,3172550.83,1,{}
EV-BUR-C01072,C01072,TransUnion,541,C,2026-04-20,0,2,911533.49,2,{}
EV-BUR-C01073,C01073,Metropol,708,B,2026-04-20,0,1,1414192.69,2,{}
EV-BUR-C01074,C01074,TransUnion,646,B,2026-04-26,1,4,937117.53,0,{}
EV-BUR-C01075,C01075,TransUnion,710,B,2026-04-20,1,7,785478.45,1,{}
EV-BUR-C01076,C01076,TransUnion,580,C,2026-04-26,1,2,3602994.90,3,{}
EV-BUR-C01077,C01077,CreditInfo,509,C,2026-04-20,9,3,3910849.09,2,{}
EV-BUR-C01078,C01078,Metropol,617,B,2026-04-23,1,4,1106974.29,1,{}
EV-BUR-C01079,C01079,TransUnion,804,A,2026-04-22,2,3,1993889.84,0,{}
EV-BUR-C01080,C01080,CreditInfo,600,B,2026-04-23,1,5,1206976.75,3,{}
EV-BUR-C01081,C01081,Metropol,699,B,2026-04-25,0,7,650161.53,2,{}
EV-BUR-C01082,C01082,Metropol,553,C,2026-04-22,2,1,1175657.79,3,{}
EV-BUR-C01083,C01083,CreditInfo,551,C,2026-04-22,2,4,2159315.98,2,{}
EV-BUR-C01084,C01084,Metropol,750,A,2026-04-22,1,3,2349015.79,2,{}
EV-BUR-C01085,C01085,Metropol,819,A,2026-04-24,0,7,2529252.43,4,{}
EV-BUR-C01086,C01086,TransUnion,571,C,2026-04-21,0,7,999029.46,3,{}
EV-BUR-C01087,C01087,Metropol,828,A,2026-04-23,2,2,3391313.85,0,{}
EV-BUR-C01088,C01088,TransUnion,719,B,2026-04-21,2,5,2530599.13,3,{}
EV-BUR-C01089,C01089,TransUnion,835,A,2026-04-21,1,1,1585953.37,4,{}
EV-BUR-C01090,C01090,CreditInfo,629,B,2026-04-20,1,6,1611143.47,2,{}
EV-BUR-C01091,C01091,TransUnion,798,A,2026-04-20,2,2,823026.71,1,{}
EV-BUR-C01092,C01092,CreditInfo,459,D,2026-04-24,4,1,3980620.64,2,{}
EV-BUR-C01093,C01093,CreditInfo,474,D,2026-04-21,6,2,3468280.48,4,{}
EV-BUR-C01094,C01094,CreditInfo,687,B,2026-04-24,1,5,1394612.76,0,{}
EV-BUR-C01095,C01095,Metropol,468,D,2026-04-25,3,1,951469.11,3,{}
EV-BUR-C01096,C01096,Metropol,778,A,2026-04-23,1,6,2688825.64,0,{}
EV-BUR-C01097,C01097,Metropol,463,D,2026-04-23,7,6,3114323.12,4,{}
EV-BUR-C01098,C01098,Metropol,764,A,2026-04-21,2,4,2839957.35,3,{}
EV-BUR-C01099,C01099,TransUnion,557,C,2026-04-20,2,4,3049206.96,0,{}
EV-BUR-C01100,C01100,TransUnion,835,A,2026-04-20,1,3,3034706.13,1,{}
EV-BUR-C01101,C01101,Metropol,661,B,2026-04-20,1,2,3045900.69,3,{}
EV-BUR-C01102,C01102,Metropol,727,A,2026-04-26,2,2,2078557.47,1,{}
EV-BUR-C01103,C01103,TransUnion,572,C,2026-04-21,2,1,3485365.60,4,{}
EV-BUR-C01104,C01104,TransUnion,702,B,2026-04-23,1,3,3587698.74,4,{}
EV-BUR-C01105,C01105,CreditInfo,602,B,2026-04-22,1,3,81845.57,2,{}
EV-BUR-C01106,C01106,TransUnion,551,C,2026-04-22,2,7,785584.50,1,{}
EV-BUR-C01107,C01107,Metropol,836,A,2026-04-26,1,3,273555.96,3,{}
EV-BUR-C01108,C01108,TransUnion,845,A,2026-04-23,2,5,3077295.75,2,{}
EV-BUR-C01109,C01109,TransUnion,829,A,2026-04-26,0,1,3762562.46,4,{}
EV-BUR-C01110,C01110,TransUnion,554,C,2026-04-26,1,1,1324769.18,3,{}
EV-BUR-C01111,C01111,TransUnion,692,B,2026-04-26,0,2,2181585.59,2,{}
EV-BUR-C01112,C01112,CreditInfo,543,C,2026-04-24,1,3,416857.03,1,{}
EV-BUR-C01113,C01113,Metropol,544,C,2026-04-26,0,6,686419.82,4,{}
EV-BUR-C01114,C01114,TransUnion,607,B,2026-04-20,2,4,2555272.21,3,{}
EV-BUR-C01115,C01115,Metropol,838,A,2026-04-25,1,5,1787334.81,1,{}
EV-BUR-C01116,C01116,CreditInfo,306,E,2026-04-21,7,3,3342640.05,4,{}
EV-BUR-C01117,C01117,CreditInfo,795,A,2026-04-20,1,1,3779042.36,2,{}
EV-BUR-C01118,C01118,CreditInfo,731,A,2026-04-25,0,2,1936014.56,2,{}
EV-BUR-C01119,C01119,CreditInfo,459,D,2026-04-26,8,3,1816394.41,3,{}
EV-BUR-C01120,C01120,TransUnion,566,C,2026-04-25,0,5,2209658.84,2,{}
EV-BUR-C01121,C01121,TransUnion,841,A,2026-04-22,0,7,145258.00,2,{}
EV-BUR-C01122,C01122,TransUnion,555,C,2026-04-26,0,2,2702629.77,0,{}
EV-BUR-C01123,C01123,Metropol,719,B,2026-04-23,1,2,1605488.67,0,{}
EV-BUR-C01124,C01124,TransUnion,599,C,2026-04-20,2,2,3694253.36,0,{}
EV-BUR-C01125,C01125,CreditInfo,660,B,2026-04-26,2,3,2305072.85,1,{}
EV-BUR-C01126,C01126,CreditInfo,655,B,2026-04-24,0,6,1868408.99,2,{}
EV-BUR-C01127,C01127,TransUnion,557,C,2026-04-23,0,3,1125579.62,2,{}
EV-BUR-C01128,C01128,CreditInfo,701,B,2026-04-20,1,4,939474.25,1,{}
EV-BUR-C01129,C01129,Metropol,623,B,2026-04-20,1,6,3330665.95,4,{}
EV-BUR-C01130,C01130,TransUnion,611,B,2026-04-21,0,2,435636.08,0,{}
EV-BUR-C01131,C01131,TransUnion,540,C,2026-04-25,1,5,1827102.47,2,{}
EV-BUR-C01132,C01132,TransUnion,682,B,2026-04-24,2,2,802370.83,0,{}
EV-BUR-C01133,C01133,Metropol,597,C,2026-04-20,1,5,3018109.68,1,{}
EV-BUR-C01134,C01134,TransUnion,707,B,2026-04-25,1,5,3790265.12,1,{}
EV-BUR-C01135,C01135,Metropol,637,B,2026-04-21,1,4,1180975.23,0,{}
EV-BUR-C01136,C01136,TransUnion,767,A,2026-04-22,1,1,1918840.04,4,{}
EV-BUR-C01137,C01137,CreditInfo,675,B,2026-04-25,0,5,2178138.01,2,{}
EV-BUR-C01138,C01138,Metropol,715,B,2026-04-25,0,4,3741540.56,0,{}
EV-BUR-C01139,C01139,Metropol,827,A,2026-04-24,0,4,160922.41,3,{}
EV-BUR-C01140,C01140,Metropol,669,B,2026-04-22,2,2,175123.51,1,{}
EV-BUR-C01141,C01141,Metropol,631,B,2026-04-26,0,7,101804.51,0,{}
EV-BUR-C01142,C01142,Metropol,768,A,2026-04-21,1,2,2853537.35,0,{}
EV-BUR-C01143,C01143,Metropol,443,D,2026-04-25,9,3,2526995.40,2,{}
EV-BUR-C01144,C01144,CreditInfo,551,C,2026-04-23,0,2,208020.89,2,{}
EV-BUR-C01145,C01145,Metropol,752,A,2026-04-20,0,6,1182902.22,0,{}
EV-BUR-C01146,C01146,CreditInfo,565,C,2026-04-24,2,2,2824348.13,2,{}
EV-BUR-C01147,C01147,TransUnion,672,B,2026-04-20,0,6,2331654.33,4,{}
EV-BUR-C01148,C01148,CreditInfo,718,B,2026-04-24,1,6,1188699.38,1,{}
EV-BUR-C01149,C01149,Metropol,814,A,2026-04-21,1,2,582638.94,0,{}
EV-BUR-C01150,C01150,Metropol,561,C,2026-04-25,2,6,1798263.61,4,{}
EV-BUR-C01151,C01151,CreditInfo,737,A,2026-04-20,2,3,224056.71,0,{}
EV-BUR-C01152,C01152,TransUnion,568,C,2026-04-24,2,1,1690264.51,4,{}
EV-BUR-C01153,C01153,CreditInfo,649,B,2026-04-22,0,5,2382243.51,0,{}
EV-BUR-C01154,C01154,CreditInfo,753,A,2026-04-21,2,1,442489.49,4,{}
EV-BUR-C01155,C01155,CreditInfo,712,B,2026-04-21,0,3,1768682.26,0,{}
EV-BUR-C01156,C01156,Metropol,605,B,2026-04-21,2,5,901592.69,4,{}
EV-BUR-C01157,C01157,TransUnion,613,B,2026-04-24,0,2,2626779.46,2,{}
EV-BUR-C01158,C01158,CreditInfo,498,D,2026-04-23,8,3,1486167.80,3,{}
EV-BUR-C01159,C01159,Metropol,733,A,2026-04-24,1,2,1879521.08,0,{}
EV-BUR-C01160,C01160,CreditInfo,809,A,2026-04-24,1,6,1282239.56,4,{}
EV-BUR-C01161,C01161,Metropol,740,A,2026-04-24,0,5,700203.94,1,{}
EV-BUR-C01162,C01162,Metropol,555,C,2026-04-22,0,4,1203101.27,1,{}
EV-BUR-C01163,C01163,CreditInfo,775,A,2026-04-22,2,4,1071269.39,1,{}
EV-BUR-C01164,C01164,CreditInfo,559,C,2026-04-26,0,3,1216315.21,0,{}
EV-BUR-C01165,C01165,CreditInfo,849,A,2026-04-26,2,3,2835182.43,4,{}
EV-BUR-C01166,C01166,CreditInfo,740,A,2026-04-26,2,4,1724543.23,0,{}
EV-BUR-C01167,C01167,CreditInfo,608,B,2026-04-25,2,2,3191561.94,2,{}
EV-BUR-C01168,C01168,Metropol,683,B,2026-04-23,2,3,805486.38,1,{}
EV-BUR-C01169,C01169,CreditInfo,803,A,2026-04-25,1,3,2328307.28,3,{}
EV-BUR-C01170,C01170,Metropol,802,A,2026-04-22,1,6,2961248.04,4,{}
EV-BUR-C01171,C01171,CreditInfo,598,C,2026-04-26,2,4,2385792.97,1,{}
EV-BUR-C01172,C01172,CreditInfo,779,A,2026-04-21,1,1,1316659.29,3,{}
EV-BUR-C01173,C01173,Metropol,546,C,2026-04-25,2,2,3607082.07,3,{}
EV-BUR-C01174,C01174,TransUnion,317,E,2026-04-20,3,2,992115.74,1,{}
EV-BUR-C01175,C01175,CreditInfo,543,C,2026-04-20,0,5,2536520.64,0,{}
EV-BUR-C01176,C01176,Metropol,720,A,2026-04-21,1,5,2673921.35,1,{}
EV-BUR-C01177,C01177,CreditInfo,574,C,2026-04-23,2,3,616291.66,1,{}
EV-BUR-C01178,C01178,TransUnion,631,B,2026-04-23,1,4,2124953.97,1,{}
EV-BUR-C01179,C01179,CreditInfo,705,B,2026-04-20,0,6,3084328.25,4,{}
EV-BUR-C01180,C01180,TransUnion,774,A,2026-04-21,1,4,1037075.46,3,{}
EV-BUR-C01181,C01181,CreditInfo,664,B,2026-04-21,0,6,1689177.96,3,{}
EV-BUR-C01182,C01182,CreditInfo,752,A,2026-04-21,2,6,3367298.09,3,{}
EV-BUR-C01183,C01183,CreditInfo,626,B,2026-04-20,0,7,3546113.96,4,{}
EV-BUR-C01184,C01184,Metropol,567,C,2026-04-22,0,2,1854749.30,0,{}
EV-BUR-C01185,C01185,Metropol,744,A,2026-04-23,1,3,1911872.82,4,{}
EV-BUR-C01186,C01186,CreditInfo,761,A,2026-04-24,2,4,1063177.63,4,{}
EV-BUR-C01187,C01187,TransUnion,331,E,2026-04-21,5,4,3527236.89,1,{}
EV-BUR-C01188,C01188,TransUnion,643,B,2026-04-20,1,4,2787530.64,0,{}
EV-BUR-C01189,C01189,TransUnion,835,A,2026-04-26,2,6,2258967.33,2,{}
EV-BUR-C01190,C01190,TransUnion,545,C,2026-04-24,2,4,608480.64,0,{}
EV-BUR-C01191,C01191,Metropol,816,A,2026-04-24,0,5,1787892.99,1,{}
EV-BUR-C01192,C01192,CreditInfo,654,B,2026-04-21,2,2,767604.12,2,{}
EV-BUR-C01193,C01193,TransUnion,728,A,2026-04-24,0,5,3878777.17,3,{}
EV-BUR-C01194,C01194,TransUnion,809,A,2026-04-25,0,2,3365212.32,3,{}
EV-BUR-C01195,C01195,TransUnion,630,B,2026-04-26,1,7,1401826.40,4,{}
EV-BUR-C01196,C01196,CreditInfo,617,B,2026-04-20,0,1,2075375.53,3,{}
EV-BUR-C01197,C01197,CreditInfo,828,A,2026-04-26,0,1,53864.58,1,{}
EV-BUR-C01198,C01198,Metropol,669,B,2026-04-24,2,6,2960704.32,0,{}
EV-BUR-C01199,C01199,TransUnion,843,A,2026-04-22,0,3,2833491.68,0,{}
EV-BUR-C01200,C01200,CreditInfo,649,B,2026-04-26,2,6,3876141.04,0,{}
EV-BUR-C01201,C01201,TransUnion,348,E,2026-04-23,3,1,2155455.84,1,{}
EV-BUR-C01202,C01202,CreditInfo,650,B,2026-04-22,1,2,2565996.50,1,{}
EV-BUR-C01203,C01203,TransUnion,718,B,2026-04-25,2,3,937995.40,1,{}
EV-BUR-C01204,C01204,CreditInfo,807,A,2026-04-21,0,1,734543.89,3,{}
EV-BUR-C01205,C01205,TransUnion,657,B,2026-04-21,0,1,3695194.56,3,{}
EV-BUR-C01206,C01206,Metropol,590,C,2026-04-23,2,2,1365945.42,4,{}
EV-BUR-C01207,C01207,TransUnion,645,B,2026-04-22,1,2,137506.97,0,{}
EV-BUR-C01208,C01208,Metropol,343,E,2026-04-21,5,6,2339179.90,2,{}
EV-BUR-C01209,C01209,Metropol,545,C,2026-04-26,1,1,1499715.51,2,{}
EV-BUR-C01210,C01210,CreditInfo,345,E,2026-04-23,7,3,2921375.96,2,{}
EV-BUR-C01211,C01211,CreditInfo,740,A,2026-04-24,0,1,2053718.86,3,{}
EV-BUR-C01212,C01212,Metropol,736,A,2026-04-24,0,5,3712464.00,0,{}
EV-BUR-C01213,C01213,CreditInfo,450,D,2026-04-24,8,1,3141284.85,2,{}
EV-BUR-C01214,C01214,CreditInfo,745,A,2026-04-25,2,7,3644419.49,4,{}
EV-BUR-C01215,C01215,TransUnion,770,A,2026-04-26,2,2,1958232.93,0,{}
EV-BUR-C01216,C01216,CreditInfo,733,A,2026-04-24,2,3,3409207.72,2,{}
EV-BUR-C01217,C01217,Metropol,560,C,2026-04-24,0,4,3408690.92,1,{}
EV-BUR-C01218,C01218,CreditInfo,795,A,2026-04-22,0,5,716883.07,1,{}
EV-BUR-C01219,C01219,CreditInfo,663,B,2026-04-21,0,5,1172405.93,3,{}
EV-BUR-C01220,C01220,TransUnion,449,D,2026-04-26,3,6,2887208.30,3,{}
EV-BUR-C01221,C01221,CreditInfo,803,A,2026-04-26,1,6,2909193.55,1,{}
EV-BUR-C01222,C01222,TransUnion,654,B,2026-04-24,1,2,77569.28,1,{}
EV-BUR-C01223,C01223,TransUnion,580,C,2026-04-20,0,6,1131768.71,3,{}
EV-BUR-C01224,C01224,TransUnion,667,B,2026-04-23,0,4,1413548.26,2,{}
EV-BUR-C01225,C01225,TransUnion,710,B,2026-04-26,0,5,3451923.05,4,{}
EV-BUR-C01226,C01226,CreditInfo,659,B,2026-04-25,0,7,2189707.42,0,{}
EV-BUR-C01227,C01227,Metropol,739,A,2026-04-20,1,6,1113384.28,0,{}
EV-BUR-C01228,C01228,CreditInfo,342,E,2026-04-24,7,7,1406033.85,3,{}
EV-BUR-C01229,C01229,TransUnion,732,A,2026-04-24,0,4,185052.22,1,{}
EV-BUR-C01230,C01230,TransUnion,794,A,2026-04-26,2,1,3124169.95,1,{}
EV-BUR-C01231,C01231,TransUnion,655,B,2026-04-22,0,6,2998498.87,4,{}
EV-BUR-C01232,C01232,Metropol,768,A,2026-04-25,0,5,2659421.39,0,{}
EV-BUR-C01233,C01233,Metropol,651,B,2026-04-20,0,2,2406724.49,2,{}
EV-BUR-C01234,C01234,Metropol,768,A,2026-04-24,0,6,2741811.58,3,{}
EV-BUR-C01235,C01235,TransUnion,836,A,2026-04-22,2,6,3704245.60,0,{}
EV-BUR-C01236,C01236,TransUnion,754,A,2026-04-22,0,7,2057709.80,1,{}
EV-BUR-C01237,C01237,TransUnion,593,C,2026-04-24,2,1,2417165.04,2,{}
EV-BUR-C01238,C01238,TransUnion,595,C,2026-04-21,0,4,892516.19,2,{}
EV-BUR-C01239,C01239,Metropol,842,A,2026-04-25,1,2,1183455.68,2,{}
EV-BUR-C01240,C01240,Metropol,617,B,2026-04-21,1,1,1497272.08,0,{}
EV-BUR-C01241,C01241,Metropol,810,A,2026-04-25,1,7,1152168.65,3,{}
EV-BUR-C01242,C01242,TransUnion,672,B,2026-04-20,1,2,612261.07,1,{}
EV-BUR-C01243,C01243,Metropol,582,C,2026-04-22,2,2,858685.26,2,{}
EV-BUR-C01244,C01244,TransUnion,462,D,2026-04-20,6,7,3612896.75,1,{}
EV-BUR-C01245,C01245,TransUnion,685,B,2026-04-21,0,4,1723154.32,0,{}
EV-BUR-C01246,C01246,TransUnion,752,A,2026-04-23,2,3,1161837.75,0,{}
EV-BUR-C01247,C01247,CreditInfo,683,B,2026-04-24,0,4,690313.57,3,{}
EV-BUR-C01248,C01248,TransUnion,546,C,2026-04-21,0,7,2671856.35,0,{}
EV-BUR-C01249,C01249,CreditInfo,671,B,2026-04-24,0,5,205278.56,1,{}
EV-BUR-C01250,C01250,CreditInfo,800,A,2026-04-26,1,6,1833095.97,4,{}
EV-BUR-C01251,C01251,CreditInfo,381,E,2026-04-24,9,4,1836223.17,1,{}
EV-BUR-C01252,C01252,CreditInfo,832,A,2026-04-21,2,6,2618999.56,0,{}
EV-BUR-C01253,C01253,TransUnion,556,C,2026-04-22,2,4,1299469.70,1,{}
EV-BUR-C01254,C01254,Metropol,733,A,2026-04-20,0,2,413899.71,0,{}
EV-BUR-C01255,C01255,CreditInfo,562,C,2026-04-21,2,4,2175845.16,4,{}
EV-BUR-C01256,C01256,TransUnion,749,A,2026-04-23,1,3,3618255.15,0,{}
EV-BUR-C01257,C01257,Metropol,573,C,2026-04-20,1,7,3797114.53,1,{}
EV-BUR-C01258,C01258,TransUnion,661,B,2026-04-24,2,4,1815757.68,0,{}
EV-BUR-C01259,C01259,CreditInfo,806,A,2026-04-21,1,5,153388.44,4,{}
EV-BUR-C01260,C01260,CreditInfo,557,C,2026-04-20,0,1,2898836.57,4,{}
EV-BUR-C01261,C01261,Metropol,614,B,2026-04-20,2,6,1865583.10,4,{}
EV-BUR-C01262,C01262,CreditInfo,699,B,2026-04-21,0,3,637577.99,4,{}
EV-BUR-C01263,C01263,Metropol,793,A,2026-04-23,2,2,2794814.22,3,{}
EV-BUR-C01264,C01264,CreditInfo,766,A,2026-04-22,2,6,2898814.88,4,{}
EV-BUR-C01265,C01265,CreditInfo,814,A,2026-04-26,2,6,3132893.23,4,{}
EV-BUR-C01266,C01266,TransUnion,641,B,2026-04-20,0,5,2933393.71,2,{}
EV-BUR-C01267,C01267,Metropol,806,A,2026-04-23,1,4,3097270.32,3,{}
EV-BUR-C01268,C01268,CreditInfo,477,D,2026-04-21,8,7,2336925.37,1,{}
EV-BUR-C01269,C01269,TransUnion,620,B,2026-04-24,2,1,293110.08,0,{}
EV-BUR-C01270,C01270,TransUnion,608,B,2026-04-25,0,2,2664294.36,2,{}
EV-BUR-C01271,C01271,TransUnion,639,B,2026-04-21,2,3,2439082.69,3,{}
EV-BUR-C01272,C01272,CreditInfo,545,C,2026-04-23,1,7,921688.23,1,{}
EV-BUR-C01273,C01273,TransUnion,489,D,2026-04-26,7,7,57843.84,4,{}
EV-BUR-C01274,C01274,TransUnion,768,A,2026-04-23,0,5,2191791.67,4,{}
EV-BUR-C01275,C01275,Metropol,687,B,2026-04-23,0,4,1049606.17,0,{}
EV-BUR-C01276,C01276,Metropol,729,A,2026-04-21,2,2,2185035.32,0,{}
EV-BUR-C01277,C01277,TransUnion,835,A,2026-04-23,2,1,258679.81,1,{}
EV-BUR-C01278,C01278,CreditInfo,834,A,2026-04-25,1,7,3694207.99,3,{}
EV-BUR-C01279,C01279,CreditInfo,577,C,2026-04-21,1,2,3662401.35,1,{}
EV-BUR-C01280,C01280,Metropol,594,C,2026-04-21,1,5,1159725.59,4,{}
EV-BUR-C01281,C01281,CreditInfo,800,A,2026-04-21,0,2,1477412.32,2,{}
EV-BUR-C01282,C01282,Metropol,728,A,2026-04-26,0,3,2929172.67,4,{}
EV-BUR-C01283,C01283,CreditInfo,849,A,2026-04-26,2,3,1977476.31,1,{}
EV-BUR-C01284,C01284,Metropol,794,A,2026-04-21,2,4,913176.58,3,{}
EV-BUR-C01285,C01285,TransUnion,695,B,2026-04-20,1,4,3798361.92,4,{}
EV-BUR-C01286,C01286,Metropol,685,B,2026-04-20,1,2,1783793.15,0,{}
EV-BUR-C01287,C01287,Metropol,700,B,2026-04-21,2,5,1824334.57,0,{}
EV-BUR-C01288,C01288,Metropol,698,B,2026-04-25,0,5,1118354.95,3,{}
EV-BUR-C01289,C01289,Metropol,559,C,2026-04-21,0,6,1002319.08,3,{}
EV-BUR-C01290,C01290,Metropol,750,A,2026-04-23,2,1,1014628.34,1,{}
EV-BUR-C01291,C01291,CreditInfo,745,A,2026-04-25,0,5,2631771.97,0,{}
EV-BUR-C01292,C01292,CreditInfo,581,C,2026-04-20,1,5,2746454.33,3,{}
EV-BUR-C01293,C01293,CreditInfo,624,B,2026-04-20,0,5,480105.00,2,{}
EV-BUR-C01294,C01294,Metropol,593,C,2026-04-25,0,4,3400697.76,1,{}
EV-BUR-C01295,C01295,TransUnion,779,A,2026-04-25,1,7,1935187.94,0,{}
EV-BUR-C01296,C01296,CreditInfo,844,A,2026-04-22,1,2,3912127.85,1,{}
EV-BUR-C01297,C01297,TransUnion,710,B,2026-04-24,0,7,1287950.84,0,{}
EV-BUR-C01298,C01298,Metropol,609,B,2026-04-20,2,4,2594667.11,0,{}
EV-BUR-C01299,C01299,TransUnion,709,B,2026-04-22,1,3,1622444.78,3,{}
EV-BUR-C01300,C01300,TransUnion,818,A,2026-04-20,1,2,783247.20,0,{}
EV-BUR-C01301,C01301,Metropol,828,A,2026-04-26,1,3,2754428.18,3,{}
EV-BUR-C01302,C01302,Metropol,297,E,2026-04-22,3,1,3989544.94,1,{}
EV-BUR-C01303,C01303,Metropol,682,B,2026-04-23,2,4,2903616.34,3,{}
EV-BUR-C01304,C01304,TransUnion,594,C,2026-04-22,0,4,1284243.01,3,{}
EV-BUR-C01305,C01305,Metropol,288,E,2026-04-24,5,3,937115.66,3,{}
EV-BUR-C01306,C01306,TransUnion,662,B,2026-04-20,0,6,2840606.00,4,{}
EV-BUR-C01307,C01307,TransUnion,666,B,2026-04-24,2,7,3611945.34,1,{}
EV-BUR-C01308,C01308,TransUnion,686,B,2026-04-26,2,5,914575.64,0,{}
EV-BUR-C01309,C01309,CreditInfo,559,C,2026-04-24,2,3,1653809.74,0,{}
EV-BUR-C01310,C01310,Metropol,788,A,2026-04-20,0,1,3127681.25,3,{}
EV-BUR-C01311,C01311,Metropol,606,B,2026-04-25,0,6,931361.05,3,{}
EV-BUR-C01312,C01312,Metropol,833,A,2026-04-23,0,4,1887733.97,2,{}
EV-BUR-C01313,C01313,TransUnion,750,A,2026-04-24,0,3,1866341.44,1,{}
EV-BUR-C01314,C01314,CreditInfo,661,B,2026-04-25,1,1,2999441.50,3,{}
EV-BUR-C01315,C01315,CreditInfo,796,A,2026-04-20,0,6,1531609.33,0,{}
EV-BUR-C01316,C01316,CreditInfo,667,B,2026-04-20,0,7,148296.92,3,{}
EV-BUR-C01317,C01317,TransUnion,594,C,2026-04-23,2,4,1309025.40,1,{}
EV-BUR-C01318,C01318,TransUnion,844,A,2026-04-26,0,5,2225708.08,2,{}
EV-BUR-C01319,C01319,Metropol,382,E,2026-04-22,4,5,1953577.40,1,{}
EV-BUR-C01320,C01320,TransUnion,797,A,2026-04-24,2,3,3123822.32,2,{}
EV-BUR-C01321,C01321,CreditInfo,591,C,2026-04-21,1,7,3972729.23,2,{}
EV-BUR-C01322,C01322,Metropol,665,B,2026-04-20,1,3,1324231.25,2,{}
EV-BUR-C01323,C01323,CreditInfo,829,A,2026-04-20,1,1,1281675.93,3,{}
EV-BUR-C01324,C01324,Metropol,600,B,2026-04-26,2,4,1336571.36,2,{}
EV-BUR-C01325,C01325,TransUnion,559,C,2026-04-21,1,1,1214305.42,3,{}
EV-BUR-C01326,C01326,Metropol,783,A,2026-04-22,1,7,3230951.09,0,{}
EV-BUR-C01327,C01327,TransUnion,600,B,2026-04-20,2,3,3362454.95,4,{}
EV-BUR-C01328,C01328,Metropol,472,D,2026-04-24,8,6,3964893.98,4,{}
EV-BUR-C01329,C01329,Metropol,688,B,2026-04-25,1,2,3404129.07,4,{}
EV-BUR-C01330,C01330,CreditInfo,809,A,2026-04-26,2,2,2681225.86,4,{}
EV-BUR-C01331,C01331,TransUnion,740,A,2026-04-23,0,2,3415173.46,0,{}
EV-BUR-C01332,C01332,TransUnion,688,B,2026-04-24,2,4,726009.28,4,{}
EV-BUR-C01333,C01333,TransUnion,762,A,2026-04-25,2,4,536641.34,4,{}
EV-BUR-C01334,C01334,CreditInfo,728,A,2026-04-23,1,5,2392435.09,2,{}
EV-BUR-C01335,C01335,TransUnion,834,A,2026-04-22,2,1,3095240.39,0,{}
EV-BUR-C01336,C01336,Metropol,772,A,2026-04-20,2,5,1010891.14,4,{}
EV-BUR-C01337,C01337,Metropol,747,A,2026-04-21,1,7,2043172.36,2,{}
EV-BUR-C01338,C01338,Metropol,574,C,2026-04-24,1,6,2105815.56,3,{}
EV-BUR-C01339,C01339,CreditInfo,652,B,2026-04-22,1,3,712371.64,2,{}
EV-BUR-C01340,C01340,CreditInfo,647,B,2026-04-22,1,4,3864574.40,3,{}
EV-BUR-C01341,C01341,CreditInfo,850,A,2026-04-24,2,1,3729048.27,1,{}
EV-BUR-C01342,C01342,CreditInfo,789,A,2026-04-26,2,4,2523089.10,3,{}
EV-BUR-C01343,C01343,Metropol,818,A,2026-04-21,0,3,3423876.96,4,{}
EV-BUR-C01344,C01344,Metropol,664,B,2026-04-23,0,7,3933455.46,2,{}
EV-BUR-C01345,C01345,TransUnion,812,A,2026-04-23,0,3,2222279.99,2,{}
EV-BUR-C01346,C01346,CreditInfo,586,C,2026-04-25,2,5,3056517.71,4,{}
EV-BUR-C01347,C01347,CreditInfo,724,A,2026-04-21,2,6,2232972.34,4,{}
EV-BUR-C01348,C01348,TransUnion,446,D,2026-04-20,4,4,3300594.53,4,{}
EV-BUR-C01349,C01349,CreditInfo,584,C,2026-04-21,1,1,2681830.13,0,{}
EV-BUR-C01350,C01350,Metropol,638,B,2026-04-25,0,2,3498938.32,4,{}
EV-BUR-C01351,C01351,TransUnion,744,A,2026-04-24,1,6,2524624.67,4,{}
EV-BUR-C01352,C01352,Metropol,817,A,2026-04-26,2,6,1494985.53,2,{}
EV-BUR-C01353,C01353,Metropol,807,A,2026-04-21,1,5,936441.86,3,{}
EV-BUR-C01354,C01354,CreditInfo,806,A,2026-04-24,2,2,1020002.60,0,{}
EV-BUR-C01355,C01355,TransUnion,720,A,2026-04-24,0,5,3297152.12,0,{}
EV-BUR-C01356,C01356,TransUnion,771,A,2026-04-20,2,5,2821204.44,3,{}
EV-BUR-C01357,C01357,TransUnion,641,B,2026-04-22,2,1,3333238.60,4,{}
EV-BUR-C01358,C01358,Metropol,570,C,2026-04-20,0,5,2235679.76,3,{}
EV-BUR-C01359,C01359,CreditInfo,357,E,2026-04-21,3,2,1957268.14,0,{}
EV-BUR-C01360,C01360,TransUnion,715,B,2026-04-22,1,1,57308.56,4,{}
EV-BUR-C01361,C01361,CreditInfo,761,A,2026-04-24,1,2,3943372.92,3,{}
EV-BUR-C01362,C01362,CreditInfo,848,A,2026-04-26,2,5,797385.99,4,{}
EV-BUR-C01363,C01363,CreditInfo,654,B,2026-04-24,1,6,1886445.52,3,{}
EV-BUR-C01364,C01364,Metropol,733,A,2026-04-25,0,2,211711.67,1,{}
EV-BUR-C01365,C01365,Metropol,832,A,2026-04-23,0,3,3973120.52,1,{}
EV-BUR-C01366,C01366,TransUnion,714,B,2026-04-21,0,2,3450599.67,3,{}
EV-BUR-C01367,C01367,Metropol,659,B,2026-04-22,0,2,444946.28,3,{}
EV-BUR-C01368,C01368,Metropol,583,C,2026-04-21,2,6,2955703.82,0,{}
EV-BUR-C01369,C01369,TransUnion,388,E,2026-04-23,3,4,2203487.57,1,{}
EV-BUR-C01370,C01370,TransUnion,553,C,2026-04-26,2,3,2115229.42,1,{}
EV-BUR-C01371,C01371,CreditInfo,785,A,2026-04-20,2,4,3674359.74,1,{}
EV-BUR-C01372,C01372,TransUnion,646,B,2026-04-22,1,5,3524976.97,0,{}
EV-BUR-C01373,C01373,CreditInfo,778,A,2026-04-25,2,3,2140328.96,2,{}
EV-BUR-C01374,C01374,TransUnion,649,B,2026-04-26,2,2,955015.79,4,{}
EV-BUR-C01375,C01375,CreditInfo,629,B,2026-04-23,1,4,1096801.50,2,{}
EV-BUR-C01376,C01376,CreditInfo,825,A,2026-04-21,2,6,670212.13,0,{}
EV-BUR-C01377,C01377,Metropol,828,A,2026-04-20,2,2,2846401.12,4,{}
EV-BUR-C01378,C01378,Metropol,551,C,2026-04-21,2,4,3118725.29,1,{}
EV-BUR-C01379,C01379,Metropol,797,A,2026-04-25,1,1,2934913.90,2,{}
EV-BUR-C01380,C01380,CreditInfo,828,A,2026-04-25,2,5,3058099.11,4,{}
EV-BUR-C01381,C01381,TransUnion,565,C,2026-04-21,2,5,2745378.80,0,{}
EV-BUR-C01382,C01382,TransUnion,706,B,2026-04-22,0,1,2188351.61,2,{}
EV-BUR-C01383,C01383,Metropol,707,B,2026-04-20,0,2,2062880.41,1,{}
EV-BUR-C01384,C01384,TransUnion,681,B,2026-04-25,0,4,1957812.42,4,{}
EV-BUR-C01385,C01385,TransUnion,357,E,2026-04-22,7,3,1465905.07,2,{}
EV-BUR-C01386,C01386,Metropol,726,A,2026-04-23,2,7,626922.20,3,{}
EV-BUR-C01387,C01387,CreditInfo,763,A,2026-04-20,1,5,2571503.85,1,{}
EV-BUR-C01388,C01388,Metropol,713,B,2026-04-20,1,7,2699422.93,2,{}
EV-BUR-C01389,C01389,CreditInfo,730,A,2026-04-21,2,5,1651516.20,4,{}
EV-BUR-C01390,C01390,TransUnion,637,B,2026-04-23,0,2,1675228.70,4,{}
EV-BUR-C01391,C01391,CreditInfo,556,C,2026-04-26,2,1,1548570.20,4,{}
EV-BUR-C01392,C01392,TransUnion,654,B,2026-04-23,0,1,2730219.42,3,{}
EV-BUR-C01393,C01393,TransUnion,746,A,2026-04-26,2,6,1038276.73,1,{}
EV-BUR-C01394,C01394,CreditInfo,673,B,2026-04-21,2,5,1332405.09,2,{}
EV-BUR-C01395,C01395,CreditInfo,713,B,2026-04-21,0,7,1694110.97,4,{}
EV-BUR-C01396,C01396,TransUnion,764,A,2026-04-21,2,4,2298672.15,4,{}
EV-BUR-C01397,C01397,Metropol,616,B,2026-04-20,2,3,3784066.97,0,{}
EV-BUR-C01398,C01398,TransUnion,668,B,2026-04-26,1,5,445893.76,3,{}
EV-BUR-C01399,C01399,CreditInfo,654,B,2026-04-23,1,6,1315907.51,2,{}
EV-BUR-C01400,C01400,Metropol,768,A,2026-04-26,2,7,974692.04,4,{}
EV-BUR-C01401,C01401,Metropol,727,A,2026-04-25,1,7,1235400.38,1,{}
EV-BUR-C01402,C01402,CreditInfo,799,A,2026-04-21,0,6,2551166.48,4,{}
EV-BUR-C01403,C01403,Metropol,652,B,2026-04-22,0,1,3979753.50,1,{}
EV-BUR-C01404,C01404,TransUnion,743,A,2026-04-24,0,3,3792659.01,1,{}
EV-BUR-C01405,C01405,CreditInfo,839,A,2026-04-25,2,6,1977398.66,3,{}
EV-BUR-C01406,C01406,CreditInfo,845,A,2026-04-20,2,2,1664940.88,4,{}
EV-BUR-C01407,C01407,Metropol,749,A,2026-04-21,2,2,1513452.40,0,{}
EV-BUR-C01408,C01408,TransUnion,727,A,2026-04-20,1,1,2324398.28,0,{}
EV-BUR-C01409,C01409,TransUnion,823,A,2026-04-23,0,6,2116268.72,0,{}
EV-BUR-C01410,C01410,TransUnion,721,A,2026-04-23,2,4,1522448.69,3,{}
EV-BUR-C01411,C01411,TransUnion,565,C,2026-04-24,2,4,866722.30,2,{}
EV-BUR-C01412,C01412,CreditInfo,719,B,2026-04-25,1,7,3878264.52,3,{}
EV-BUR-C01413,C01413,Metropol,819,A,2026-04-23,2,6,1151847.80,3,{}
EV-BUR-C01414,C01414,Metropol,591,C,2026-04-26,1,5,2105744.19,1,{}
EV-BUR-C01415,C01415,CreditInfo,698,B,2026-04-20,0,5,1588310.33,2,{}
EV-BUR-C01416,C01416,TransUnion,725,A,2026-04-20,2,6,2801129.19,4,{}
EV-BUR-C01417,C01417,CreditInfo,540,C,2026-04-20,1,7,888662.17,2,{}
EV-BUR-C01418,C01418,CreditInfo,754,A,2026-04-23,1,5,3709018.56,1,{}
EV-BUR-C01419,C01419,Metropol,577,C,2026-04-23,0,7,2978743.27,4,{}
EV-BUR-C01420,C01420,TransUnion,768,A,2026-04-26,1,6,1605193.18,4,{}
EV-BUR-C01421,C01421,Metropol,787,A,2026-04-25,1,1,3437759.52,1,{}
EV-BUR-C01422,C01422,Metropol,817,A,2026-04-21,0,3,3197675.71,0,{}
EV-BUR-C01423,C01423,CreditInfo,755,A,2026-04-26,2,3,2684860.80,2,{}
EV-BUR-C01424,C01424,TransUnion,578,C,2026-04-22,2,1,2714923.77,0,{}
EV-BUR-C01425,C01425,Metropol,826,A,2026-04-21,2,4,2082092.49,3,{}
EV-BUR-C01426,C01426,CreditInfo,640,B,2026-04-24,0,5,3812834.78,0,{}
EV-BUR-C01427,C01427,TransUnion,640,B,2026-04-20,0,1,3942049.30,4,{}
EV-BUR-C01428,C01428,TransUnion,720,A,2026-04-25,0,4,2236378.34,4,{}
EV-BUR-C01429,C01429,Metropol,754,A,2026-04-23,0,7,1961722.73,4,{}
EV-BUR-C01430,C01430,Metropol,618,B,2026-04-20,2,7,1245486.90,4,{}
EV-BUR-C01431,C01431,Metropol,616,B,2026-04-25,0,4,1700876.56,4,{}
EV-BUR-C01432,C01432,Metropol,641,B,2026-04-23,1,6,3496497.53,3,{}
EV-BUR-C01433,C01433,CreditInfo,780,A,2026-04-26,2,6,1030658.66,0,{}
EV-BUR-C01434,C01434,TransUnion,816,A,2026-04-20,1,6,183703.48,2,{}
EV-BUR-C01435,C01435,TransUnion,679,B,2026-04-26,1,2,2690890.27,2,{}
EV-BUR-C01436,C01436,CreditInfo,789,A,2026-04-21,1,2,1462149.43,4,{}
EV-BUR-C01437,C01437,CreditInfo,620,B,2026-04-23,1,3,3522216.90,1,{}
EV-BUR-C01438,C01438,TransUnion,676,B,2026-04-23,2,3,2294475.85,4,{}
EV-BUR-C01439,C01439,TransUnion,801,A,2026-04-24,1,6,67237.20,1,{}
EV-BUR-C01440,C01440,Metropol,650,B,2026-04-25,1,3,3546351.71,2,{}
EV-BUR-C01441,C01441,TransUnion,655,B,2026-04-21,1,1,1039409.08,3,{}
EV-BUR-C01442,C01442,Metropol,741,A,2026-04-20,1,3,1783638.76,4,{}
EV-BUR-C01443,C01443,CreditInfo,711,B,2026-04-25,0,7,3111224.10,3,{}
EV-BUR-C01444,C01444,TransUnion,545,C,2026-04-24,2,2,2985124.90,4,{}
EV-BUR-C01445,C01445,Metropol,292,E,2026-04-21,5,7,887090.87,4,{}
EV-BUR-C01446,C01446,CreditInfo,639,B,2026-04-21,0,2,3702257.95,0,{}
EV-BUR-C01447,C01447,TransUnion,586,C,2026-04-24,0,5,3239271.17,1,{}
EV-BUR-C01448,C01448,CreditInfo,466,D,2026-04-22,6,4,1770452.87,3,{}
EV-BUR-C01449,C01449,TransUnion,677,B,2026-04-21,0,4,818883.19,4,{}
EV-BUR-C01450,C01450,Metropol,656,B,2026-04-24,0,5,363576.62,4,{}
EV-BUR-C01451,C01451,Metropol,628,B,2026-04-20,1,3,879407.71,3,{}
EV-BUR-C01452,C01452,TransUnion,789,A,2026-04-22,1,6,2925257.12,1,{}
EV-BUR-C01453,C01453,TransUnion,766,A,2026-04-21,0,5,3580712.91,3,{}
EV-BUR-C01454,C01454,Metropol,713,B,2026-04-23,2,6,671568.56,4,{}
EV-BUR-C01455,C01455,Metropol,801,A,2026-04-24,0,4,3991959.66,3,{}
EV-BUR-C01456,C01456,TransUnion,440,D,2026-04-21,9,4,1118322.72,0,{}
EV-BUR-C01457,C01457,CreditInfo,555,C,2026-04-23,0,4,2173801.32,0,{}
EV-BUR-C01458,C01458,Metropol,593,C,2026-04-25,2,7,1023101.41,3,{}
EV-BUR-C01459,C01459,Metropol,837,A,2026-04-23,1,7,244089.49,1,{}
EV-BUR-C01460,C01460,CreditInfo,784,A,2026-04-26,2,7,556575.98,4,{}
EV-BUR-C01461,C01461,Metropol,617,B,2026-04-20,0,7,596139.32,4,{}
EV-BUR-C01462,C01462,CreditInfo,709,B,2026-04-26,2,1,1048689.75,0,{}
EV-BUR-C01463,C01463,TransUnion,791,A,2026-04-20,1,2,2549740.30,2,{}
EV-BUR-C01464,C01464,TransUnion,643,B,2026-04-24,0,3,1689483.13,3,{}
EV-BUR-C01465,C01465,TransUnion,630,B,2026-04-20,1,3,1143082.80,4,{}
EV-BUR-C01466,C01466,Metropol,775,A,2026-04-23,1,5,2213369.60,0,{}
EV-BUR-C01467,C01467,CreditInfo,644,B,2026-04-23,0,5,3754523.38,3,{}
EV-BUR-C01468,C01468,Metropol,746,A,2026-04-23,1,2,1490645.69,0,{}
EV-BUR-C01469,C01469,TransUnion,720,A,2026-04-26,1,5,3730014.02,3,{}
EV-BUR-C01470,C01470,CreditInfo,748,A,2026-04-26,1,5,3196941.51,3,{}
EV-BUR-C01471,C01471,Metropol,680,B,2026-04-22,0,6,1213513.06,0,{}
EV-BUR-C01472,C01472,CreditInfo,730,A,2026-04-25,2,7,2649747.18,0,{}
EV-BUR-C01473,C01473,CreditInfo,559,C,2026-04-20,0,3,3169895.20,2,{}
EV-BUR-C01474,C01474,CreditInfo,548,C,2026-04-23,2,6,3690057.51,2,{}
EV-BUR-C01475,C01475,TransUnion,743,A,2026-04-21,0,5,2719064.48,2,{}
EV-BUR-C01476,C01476,Metropol,671,B,2026-04-20,0,4,550449.08,3,{}
EV-BUR-C01477,C01477,Metropol,655,B,2026-04-20,2,6,1470760.23,3,{}
EV-BUR-C01478,C01478,CreditInfo,666,B,2026-04-21,0,4,3830141.27,3,{}
EV-BUR-C01479,C01479,Metropol,582,C,2026-04-21,2,7,3313450.51,0,{}
EV-BUR-C01480,C01480,TransUnion,636,B,2026-04-21,0,3,2970179.94,1,{}
EV-BUR-C01481,C01481,CreditInfo,818,A,2026-04-21,2,2,2994821.96,3,{}
EV-BUR-C01482,C01482,Metropol,747,A,2026-04-21,0,7,2357048.96,0,{}
EV-BUR-C01483,C01483,TransUnion,688,B,2026-04-20,1,5,3320680.00,1,{}
EV-BUR-C01484,C01484,Metropol,692,B,2026-04-22,2,5,391784.52,1,{}
EV-BUR-C01485,C01485,TransUnion,723,A,2026-04-24,0,4,1534263.14,0,{}
EV-BUR-C01486,C01486,Metropol,779,A,2026-04-22,0,2,1861781.66,2,{}
EV-BUR-C01487,C01487,CreditInfo,678,B,2026-04-21,1,5,575614.64,3,{}
EV-BUR-C01488,C01488,TransUnion,561,C,2026-04-21,1,4,2443685.99,1,{}
EV-BUR-C01489,C01489,CreditInfo,652,B,2026-04-20,0,2,270606.32,1,{}
EV-BUR-C01490,C01490,CreditInfo,593,C,2026-04-24,1,6,1496413.26,0,{}
EV-BUR-C01491,C01491,Metropol,561,C,2026-04-22,1,1,2381909.47,2,{}
EV-BUR-C01492,C01492,CreditInfo,799,A,2026-04-24,2,4,505774.73,4,{}
EV-BUR-C01493,C01493,CreditInfo,641,B,2026-04-26,1,1,885464.53,2,{}
EV-BUR-C01494,C01494,Metropol,717,B,2026-04-23,0,7,3040662.26,3,{}
EV-BUR-C01495,C01495,Metropol,399,E,2026-04-25,8,7,2362150.94,0,{}
EV-BUR-C01496,C01496,TransUnion,504,C,2026-04-21,9,2,2883459.75,2,{}
EV-BUR-C01497,C01497,CreditInfo,757,A,2026-04-26,2,6,854556.46,3,{}
EV-BUR-C01498,C01498,CreditInfo,483,D,2026-04-22,8,7,3936606.14,3,{}
EV-BUR-C01499,C01499,Metropol,838,A,2026-04-23,0,3,3878715.10,2,{}
EV-BUR-C01500,C01500,Metropol,632,B,2026-04-22,2,2,1590883.10,2,{}
EV-BUR-C01501,C01501,TransUnion,608,B,2026-04-23,1,1,2813043.15,3,{}
EV-BUR-C01502,C01502,Metropol,548,C,2026-04-23,0,6,1674100.25,0,{}
EV-BUR-C01503,C01503,TransUnion,654,B,2026-04-21,2,1,3498296.43,3,{}
EV-BUR-C01504,C01504,Metropol,546,C,2026-04-22,0,6,3913814.43,4,{}
EV-BUR-C01505,C01505,CreditInfo,670,B,2026-04-25,0,6,2714742.27,0,{}
EV-BUR-C01506,C01506,Metropol,557,C,2026-04-25,0,4,248262.25,2,{}
EV-BUR-C01507,C01507,TransUnion,317,E,2026-04-26,6,2,3149367.45,2,{}
EV-BUR-C01508,C01508,TransUnion,696,B,2026-04-21,2,4,2929713.84,1,{}
EV-BUR-C01509,C01509,TransUnion,683,B,2026-04-24,2,5,3266438.55,0,{}
EV-BUR-C01510,C01510,Metropol,695,B,2026-04-25,2,6,3365333.11,3,{}
EV-BUR-C01511,C01511,Metropol,787,A,2026-04-21,0,5,3187494.33,3,{}
EV-BUR-C01512,C01512,TransUnion,734,A,2026-04-26,1,7,3103795.94,1,{}
EV-BUR-C01513,C01513,Metropol,561,C,2026-04-24,0,6,3934518.75,0,{}
EV-BUR-C01514,C01514,CreditInfo,568,C,2026-04-21,0,3,3586044.99,4,{}
EV-BUR-C01515,C01515,CreditInfo,624,B,2026-04-24,0,6,2431704.75,3,{}
EV-BUR-C01516,C01516,CreditInfo,593,C,2026-04-25,0,5,878396.71,2,{}
EV-BUR-C01517,C01517,Metropol,850,A,2026-04-21,2,4,2564928.41,0,{}
EV-BUR-C01518,C01518,Metropol,577,C,2026-04-26,0,1,2943963.20,2,{}
EV-BUR-C01519,C01519,TransUnion,629,B,2026-04-24,0,7,2311963.85,0,{}
EV-BUR-C01520,C01520,CreditInfo,616,B,2026-04-26,1,7,1909537.59,0,{}
EV-BUR-C01521,C01521,TransUnion,640,B,2026-04-22,0,2,2739395.97,3,{}
EV-BUR-C01522,C01522,CreditInfo,728,A,2026-04-23,1,1,2407225.58,0,{}
EV-BUR-C01523,C01523,Metropol,640,B,2026-04-24,1,3,1010022.46,4,{}
EV-BUR-C01524,C01524,Metropol,659,B,2026-04-26,0,5,1845998.89,2,{}
EV-BUR-C01525,C01525,TransUnion,746,A,2026-04-24,2,2,349144.47,0,{}
EV-BUR-C01526,C01526,CreditInfo,802,A,2026-04-26,2,5,1030039.93,0,{}
EV-BUR-C01527,C01527,Metropol,712,B,2026-04-20,1,5,3441143.21,4,{}
EV-BUR-C01528,C01528,TransUnion,803,A,2026-04-26,2,1,3139166.24,1,{}
EV-BUR-C01529,C01529,CreditInfo,607,B,2026-04-26,2,6,1449171.95,0,{}
EV-BUR-C01530,C01530,Metropol,766,A,2026-04-21,1,4,1796795.24,3,{}
EV-BUR-C01531,C01531,Metropol,593,C,2026-04-25,0,5,63500.73,0,{}
EV-BUR-C01532,C01532,TransUnion,582,C,2026-04-26,1,1,780317.51,4,{}
EV-BUR-C01533,C01533,TransUnion,422,D,2026-04-24,3,5,1106863.96,3,{}
EV-BUR-C01534,C01534,Metropol,542,C,2026-04-21,1,2,464035.51,2,{}
EV-BUR-C01535,C01535,TransUnion,785,A,2026-04-23,1,3,3775705.21,0,{}
EV-BUR-C01536,C01536,Metropol,781,A,2026-04-26,2,2,3367221.97,4,{}
EV-BUR-C01537,C01537,Metropol,750,A,2026-04-24,2,4,1384821.62,2,{}
EV-BUR-C01538,C01538,CreditInfo,602,B,2026-04-22,2,6,191351.34,4,{}
EV-BUR-C01539,C01539,TransUnion,575,C,2026-04-26,0,6,283187.00,0,{}
EV-BUR-C01540,C01540,TransUnion,429,D,2026-04-26,8,5,1783416.44,0,{}
EV-BUR-C01541,C01541,Metropol,687,B,2026-04-23,2,2,3234763.74,4,{}
EV-BUR-C01542,C01542,CreditInfo,633,B,2026-04-25,0,1,802222.34,2,{}
EV-BUR-C01543,C01543,TransUnion,815,A,2026-04-20,0,3,1764417.99,3,{}
EV-BUR-C01544,C01544,Metropol,661,B,2026-04-21,1,5,3450355.42,2,{}
EV-BUR-C01545,C01545,CreditInfo,728,A,2026-04-26,0,6,3843821.21,3,{}
EV-BUR-C01546,C01546,TransUnion,544,C,2026-04-20,2,5,3956836.00,0,{}
EV-BUR-C01547,C01547,TransUnion,547,C,2026-04-25,2,7,694824.38,3,{}
EV-BUR-C01548,C01548,TransUnion,657,B,2026-04-21,2,4,1393811.51,1,{}
EV-BUR-C01549,C01549,Metropol,593,C,2026-04-26,1,6,3475420.38,0,{}
EV-BUR-C01550,C01550,TransUnion,654,B,2026-04-20,0,3,3307302.07,2,{}
EV-BUR-C01551,C01551,Metropol,733,A,2026-04-22,1,2,3031693.21,4,{}
EV-BUR-C01552,C01552,TransUnion,627,B,2026-04-22,2,5,978594.38,2,{}
EV-BUR-C01553,C01553,TransUnion,554,C,2026-04-24,2,1,2293425.49,2,{}
EV-BUR-C01554,C01554,CreditInfo,826,A,2026-04-22,2,2,2855888.49,1,{}
EV-BUR-C01555,C01555,CreditInfo,736,A,2026-04-24,1,5,1246757.14,2,{}
EV-BUR-C01556,C01556,CreditInfo,546,C,2026-04-24,1,2,1633864.91,4,{}
EV-BUR-C01557,C01557,CreditInfo,632,B,2026-04-22,1,3,1110774.15,1,{}
EV-BUR-C01558,C01558,CreditInfo,827,A,2026-04-25,0,2,3258233.85,2,{}
EV-BUR-C01559,C01559,TransUnion,791,A,2026-04-25,0,5,2321556.86,2,{}
EV-BUR-C01560,C01560,CreditInfo,586,C,2026-04-20,2,2,3176209.05,2,{}
EV-BUR-C01561,C01561,TransUnion,811,A,2026-04-24,0,4,441894.75,0,{}
EV-BUR-C01562,C01562,CreditInfo,839,A,2026-04-20,0,2,3863028.14,4,{}
EV-BUR-C01563,C01563,CreditInfo,685,B,2026-04-23,0,1,2001677.03,3,{}
EV-BUR-C01564,C01564,CreditInfo,389,E,2026-04-25,9,4,1411115.88,0,{}
EV-BUR-C01565,C01565,Metropol,774,A,2026-04-20,2,4,927474.13,0,{}
EV-BUR-C01566,C01566,CreditInfo,667,B,2026-04-24,2,1,982696.30,3,{}
EV-BUR-C01567,C01567,CreditInfo,808,A,2026-04-26,1,5,3229468.87,0,{}
EV-BUR-C01568,C01568,Metropol,713,B,2026-04-23,0,3,3198218.72,4,{}
EV-BUR-C01569,C01569,Metropol,801,A,2026-04-24,2,6,838784.09,4,{}
EV-BUR-C01570,C01570,CreditInfo,828,A,2026-04-24,1,1,3610953.30,4,{}
EV-BUR-C01571,C01571,CreditInfo,751,A,2026-04-23,2,1,1076151.11,0,{}
EV-BUR-C01572,C01572,CreditInfo,413,D,2026-04-22,5,7,1221369.53,0,{}
EV-BUR-C01573,C01573,Metropol,836,A,2026-04-20,2,2,1638378.60,0,{}
EV-BUR-C01574,C01574,TransUnion,724,A,2026-04-21,2,6,1859534.87,3,{}
EV-BUR-C01575,C01575,Metropol,756,A,2026-04-25,2,2,2364234.27,2,{}
EV-BUR-C01576,C01576,CreditInfo,653,B,2026-04-24,2,3,1081804.66,0,{}
EV-BUR-C01577,C01577,TransUnion,570,C,2026-04-22,0,5,462646.10,1,{}
EV-BUR-C01578,C01578,Metropol,626,B,2026-04-22,0,3,93328.71,1,{}
EV-BUR-C01579,C01579,CreditInfo,605,B,2026-04-24,2,2,820033.39,1,{}
EV-BUR-C01580,C01580,TransUnion,815,A,2026-04-25,2,6,336145.75,2,{}
EV-BUR-C01581,C01581,CreditInfo,733,A,2026-04-22,1,4,3701026.91,4,{}
EV-BUR-C01582,C01582,TransUnion,850,A,2026-04-25,1,7,3128728.70,3,{}
EV-BUR-C01583,C01583,Metropol,846,A,2026-04-26,2,5,1760823.39,1,{}
EV-BUR-C01584,C01584,Metropol,582,C,2026-04-24,2,6,2415864.11,3,{}
EV-BUR-C01585,C01585,Metropol,779,A,2026-04-24,0,5,1751372.61,0,{}
EV-BUR-C01586,C01586,CreditInfo,365,E,2026-04-22,7,1,896780.00,1,{}
EV-BUR-C01587,C01587,CreditInfo,707,B,2026-04-22,0,6,3455511.31,1,{}
EV-BUR-C01588,C01588,CreditInfo,600,B,2026-04-23,1,6,1218126.14,3,{}
EV-BUR-C01589,C01589,Metropol,739,A,2026-04-21,2,6,611472.62,3,{}
EV-BUR-C01590,C01590,Metropol,787,A,2026-04-25,0,1,2418966.86,2,{}
EV-BUR-C01591,C01591,TransUnion,717,B,2026-04-24,1,6,3951699.00,3,{}
EV-BUR-C01592,C01592,TransUnion,516,C,2026-04-24,3,6,3717519.77,4,{}
EV-BUR-C01593,C01593,TransUnion,562,C,2026-04-21,0,4,1979389.55,0,{}
EV-BUR-C01594,C01594,CreditInfo,572,C,2026-04-22,1,2,1309009.04,1,{}
EV-BUR-C01595,C01595,Metropol,662,B,2026-04-20,1,5,1857843.49,0,{}
EV-BUR-C01596,C01596,CreditInfo,555,C,2026-04-26,0,2,2986510.29,0,{}
EV-BUR-C01597,C01597,TransUnion,333,E,2026-04-26,9,6,3406453.77,4,{}
EV-BUR-C01598,C01598,CreditInfo,834,A,2026-04-22,2,2,544009.89,1,{}
EV-BUR-C01599,C01599,CreditInfo,799,A,2026-04-23,0,6,2031515.69,0,{}
EV-BUR-C01600,C01600,Metropol,541,C,2026-04-25,1,4,3655507.56,2,{}
EV-BUR-C01601,C01601,TransUnion,751,A,2026-04-25,2,3,2820106.36,2,{}
EV-BUR-C01602,C01602,CreditInfo,791,A,2026-04-26,1,6,3150814.79,3,{}
EV-BUR-C01603,C01603,CreditInfo,660,B,2026-04-23,0,6,1173529.88,3,{}
EV-BUR-C01604,C01604,Metropol,709,B,2026-04-21,1,1,828336.84,0,{}
EV-BUR-C01605,C01605,Metropol,721,A,2026-04-20,2,7,1401595.36,4,{}
EV-BUR-C01606,C01606,CreditInfo,734,A,2026-04-20,1,2,2179359.25,0,{}
EV-BUR-C01607,C01607,CreditInfo,772,A,2026-04-25,0,2,3445916.77,3,{}
EV-BUR-C01608,C01608,CreditInfo,544,C,2026-04-22,1,4,3809229.75,3,{}
EV-BUR-C01609,C01609,Metropol,579,C,2026-04-23,2,4,3075728.27,2,{}
EV-BUR-C01610,C01610,CreditInfo,288,E,2026-04-20,5,4,3654623.16,3,{}
EV-BUR-C01611,C01611,CreditInfo,693,B,2026-04-26,2,4,503813.97,1,{}
EV-BUR-C01612,C01612,CreditInfo,632,B,2026-04-22,2,6,2587825.61,0,{}
EV-BUR-C01613,C01613,CreditInfo,747,A,2026-04-26,0,3,3651576.02,3,{}
EV-BUR-C01614,C01614,Metropol,747,A,2026-04-24,0,7,176137.06,2,{}
EV-BUR-C01615,C01615,Metropol,777,A,2026-04-22,0,1,784315.89,4,{}
EV-BUR-C01616,C01616,CreditInfo,729,A,2026-04-21,1,1,3121631.78,0,{}
EV-BUR-C01617,C01617,Metropol,602,B,2026-04-20,0,4,1154555.60,2,{}
EV-BUR-C01618,C01618,CreditInfo,722,A,2026-04-23,0,3,1216325.19,0,{}
EV-BUR-C01619,C01619,TransUnion,644,B,2026-04-26,0,2,1028878.80,2,{}
EV-BUR-C01620,C01620,Metropol,725,A,2026-04-23,0,2,2918497.17,4,{}
EV-BUR-C01621,C01621,Metropol,658,B,2026-04-20,1,5,2757747.34,0,{}
EV-BUR-C01622,C01622,CreditInfo,618,B,2026-04-20,1,5,435130.38,4,{}
EV-BUR-C01623,C01623,TransUnion,669,B,2026-04-23,0,1,900722.41,0,{}
EV-BUR-C01624,C01624,TransUnion,545,C,2026-04-25,0,1,810236.13,4,{}
EV-BUR-C01625,C01625,Metropol,790,A,2026-04-21,2,2,3729447.86,4,{}
EV-BUR-C01626,C01626,Metropol,659,B,2026-04-20,2,6,2036213.14,3,{}
EV-BUR-C01627,C01627,CreditInfo,635,B,2026-04-20,1,4,609562.76,4,{}
EV-BUR-C01628,C01628,CreditInfo,636,B,2026-04-23,2,6,241182.08,3,{}
EV-BUR-C01629,C01629,Metropol,802,A,2026-04-25,2,3,2988586.85,2,{}
EV-BUR-C01630,C01630,TransUnion,764,A,2026-04-20,2,7,1715811.86,2,{}
EV-BUR-C01631,C01631,Metropol,683,B,2026-04-23,0,3,377330.33,4,{}
EV-BUR-C01632,C01632,CreditInfo,783,A,2026-04-24,0,6,2096669.91,0,{}
EV-BUR-C01633,C01633,TransUnion,808,A,2026-04-25,2,6,1267227.84,0,{}
EV-BUR-C01634,C01634,CreditInfo,595,C,2026-04-21,2,1,1562508.39,2,{}
EV-BUR-C01635,C01635,CreditInfo,619,B,2026-04-21,2,6,2685249.28,2,{}
EV-BUR-C01636,C01636,CreditInfo,432,D,2026-04-23,3,3,893897.07,3,{}
EV-BUR-C01637,C01637,Metropol,583,C,2026-04-23,2,1,1382545.11,3,{}
EV-BUR-C01638,C01638,CreditInfo,843,A,2026-04-23,1,6,320878.82,4,{}
EV-BUR-C01639,C01639,Metropol,824,A,2026-04-22,1,7,2685949.03,2,{}
EV-BUR-C01640,C01640,Metropol,672,B,2026-04-25,2,2,3245635.36,3,{}
EV-BUR-C01641,C01641,TransUnion,551,C,2026-04-23,0,6,3536037.47,1,{}
EV-BUR-C01642,C01642,TransUnion,693,B,2026-04-25,2,7,945882.50,3,{}
EV-BUR-C01643,C01643,CreditInfo,698,B,2026-04-24,2,2,1228156.68,4,{}
EV-BUR-C01644,C01644,CreditInfo,756,A,2026-04-21,2,2,3752428.10,3,{}
EV-BUR-C01645,C01645,TransUnion,743,A,2026-04-22,1,6,3852411.76,3,{}
EV-BUR-C01646,C01646,CreditInfo,655,B,2026-04-25,1,6,3434372.81,0,{}
EV-BUR-C01647,C01647,Metropol,772,A,2026-04-20,0,4,2201727.57,1,{}
EV-BUR-C01648,C01648,CreditInfo,549,C,2026-04-26,2,4,54858.22,3,{}
EV-BUR-C01649,C01649,TransUnion,843,A,2026-04-25,1,7,3419960.94,3,{}
EV-BUR-C01650,C01650,CreditInfo,813,A,2026-04-21,2,4,3293071.25,0,{}
EV-BUR-C01651,C01651,TransUnion,742,A,2026-04-21,1,1,230109.56,3,{}
EV-BUR-C01652,C01652,Metropol,752,A,2026-04-20,0,3,3968539.85,0,{}
EV-BUR-C01653,C01653,TransUnion,582,C,2026-04-22,2,3,1874515.82,2,{}
EV-BUR-C01654,C01654,CreditInfo,667,B,2026-04-25,0,1,1210512.41,3,{}
EV-BUR-C01655,C01655,Metropol,713,B,2026-04-26,1,2,1557602.14,2,{}
EV-BUR-C01656,C01656,CreditInfo,586,C,2026-04-21,1,7,1296016.71,3,{}
EV-BUR-C01657,C01657,Metropol,645,B,2026-04-21,2,3,3251498.31,2,{}
EV-BUR-C01658,C01658,CreditInfo,559,C,2026-04-21,2,6,648111.12,0,{}
EV-BUR-C01659,C01659,Metropol,702,B,2026-04-24,2,1,2147789.65,1,{}
EV-BUR-C01660,C01660,Metropol,591,C,2026-04-24,1,3,493260.54,3,{}
EV-BUR-C01661,C01661,CreditInfo,720,A,2026-04-25,2,7,3541373.85,2,{}
EV-BUR-C01662,C01662,TransUnion,618,B,2026-04-24,0,3,3562186.10,3,{}
EV-BUR-C01663,C01663,Metropol,608,B,2026-04-20,0,7,153955.42,0,{}
EV-BUR-C01664,C01664,CreditInfo,819,A,2026-04-22,0,1,1618837.93,4,{}
EV-BUR-C01665,C01665,Metropol,543,C,2026-04-26,0,4,3113282.59,2,{}
EV-BUR-C01666,C01666,CreditInfo,563,C,2026-04-26,1,4,1483310.81,4,{}
EV-BUR-C01667,C01667,CreditInfo,702,B,2026-04-23,1,5,1516815.67,2,{}
EV-BUR-C01668,C01668,TransUnion,616,B,2026-04-21,2,3,2848098.94,4,{}
EV-BUR-C01669,C01669,CreditInfo,831,A,2026-04-21,1,5,1669520.73,0,{}
EV-BUR-C01670,C01670,CreditInfo,756,A,2026-04-20,1,2,341616.97,4,{}
EV-BUR-C01671,C01671,CreditInfo,802,A,2026-04-20,0,7,2654821.19,1,{}
EV-BUR-C01672,C01672,Metropol,702,B,2026-04-22,2,3,1660232.91,1,{}
EV-BUR-C01673,C01673,CreditInfo,727,A,2026-04-20,2,5,229783.23,2,{}
EV-BUR-C01674,C01674,Metropol,361,E,2026-04-23,8,1,2531595.20,2,{}
EV-BUR-C01675,C01675,Metropol,719,B,2026-04-22,2,6,3975512.83,4,{}
EV-BUR-C01676,C01676,CreditInfo,765,A,2026-04-20,0,2,1019005.91,1,{}
EV-BUR-C01677,C01677,TransUnion,481,D,2026-04-21,5,6,1740595.22,2,{}
EV-BUR-C01678,C01678,Metropol,592,C,2026-04-20,0,3,2939192.29,1,{}
EV-BUR-C01679,C01679,CreditInfo,572,C,2026-04-22,2,5,2546755.02,0,{}
EV-BUR-C01680,C01680,CreditInfo,285,E,2026-04-26,8,2,2322499.33,0,{}
EV-BUR-C01681,C01681,TransUnion,787,A,2026-04-22,1,4,3827564.84,0,{}
EV-BUR-C01682,C01682,CreditInfo,564,C,2026-04-23,0,2,509510.19,2,{}
EV-BUR-C01683,C01683,CreditInfo,842,A,2026-04-23,0,2,287267.64,3,{}
EV-BUR-C01684,C01684,TransUnion,622,B,2026-04-22,1,3,2996040.93,1,{}
EV-BUR-C01685,C01685,CreditInfo,707,B,2026-04-25,1,2,3405149.22,0,{}
EV-BUR-C01686,C01686,Metropol,844,A,2026-04-24,0,3,97966.47,0,{}
EV-BUR-C01687,C01687,TransUnion,785,A,2026-04-20,1,4,2504072.18,4,{}
EV-BUR-C01688,C01688,TransUnion,760,A,2026-04-25,0,6,3364638.02,3,{}
EV-BUR-C01689,C01689,Metropol,805,A,2026-04-22,2,7,3772584.77,3,{}
EV-BUR-C01690,C01690,TransUnion,725,A,2026-04-22,1,2,543901.04,3,{}
EV-BUR-C01691,C01691,Metropol,767,A,2026-04-20,0,1,2822382.08,2,{}
EV-BUR-C01692,C01692,TransUnion,758,A,2026-04-25,0,3,1363200.69,2,{}
EV-BUR-C01693,C01693,Metropol,651,B,2026-04-25,0,5,189982.02,4,{}
EV-BUR-C01694,C01694,CreditInfo,646,B,2026-04-23,2,2,3200571.08,0,{}
EV-BUR-C01695,C01695,TransUnion,673,B,2026-04-22,2,2,1795007.00,2,{}
EV-BUR-C01696,C01696,TransUnion,594,C,2026-04-20,2,3,2360805.81,3,{}
EV-BUR-C01697,C01697,CreditInfo,698,B,2026-04-25,1,3,2959503.16,3,{}
EV-BUR-C01698,C01698,Metropol,571,C,2026-04-25,0,5,1870306.46,1,{}
EV-BUR-C01699,C01699,Metropol,623,B,2026-04-23,0,6,2206989.58,4,{}
EV-BUR-C01700,C01700,CreditInfo,812,A,2026-04-20,0,6,3432919.77,0,{}
EV-BUR-C01701,C01701,Metropol,811,A,2026-04-24,0,2,1452213.36,2,{}
EV-BUR-C01702,C01702,TransUnion,554,C,2026-04-23,2,2,2762878.87,0,{}
EV-BUR-C01703,C01703,Metropol,641,B,2026-04-22,2,6,339378.05,1,{}
EV-BUR-C01704,C01704,Metropol,577,C,2026-04-24,1,7,665027.47,3,{}
EV-BUR-C01705,C01705,CreditInfo,750,A,2026-04-22,2,2,3398218.43,4,{}
EV-BUR-C01706,C01706,TransUnion,609,B,2026-04-26,0,5,1811455.95,3,{}
EV-BUR-C01707,C01707,Metropol,689,B,2026-04-20,0,4,1747186.45,2,{}
EV-BUR-C01708,C01708,CreditInfo,565,C,2026-04-24,0,6,1999916.59,2,{}
EV-BUR-C01709,C01709,CreditInfo,677,B,2026-04-22,2,1,2139535.29,4,{}
EV-BUR-C01710,C01710,TransUnion,559,C,2026-04-26,1,6,304879.33,1,{}
EV-BUR-C01711,C01711,TransUnion,753,A,2026-04-24,0,1,2498677.66,0,{}
EV-BUR-C01712,C01712,Metropol,749,A,2026-04-25,0,6,848228.05,4,{}
EV-BUR-C01713,C01713,TransUnion,801,A,2026-04-23,0,2,3623534.18,0,{}
EV-BUR-C01714,C01714,Metropol,711,B,2026-04-21,0,6,374274.30,2,{}
EV-BUR-C01715,C01715,Metropol,684,B,2026-04-23,0,5,2671814.99,1,{}
EV-BUR-C01716,C01716,Metropol,590,C,2026-04-24,0,3,2124829.97,1,{}
EV-BUR-C01717,C01717,CreditInfo,691,B,2026-04-26,2,7,3651837.95,0,{}
EV-BUR-C01718,C01718,TransUnion,728,A,2026-04-23,2,7,2625192.09,3,{}
EV-BUR-C01719,C01719,TransUnion,699,B,2026-04-26,2,4,2212773.25,4,{}
EV-BUR-C01720,C01720,Metropol,640,B,2026-04-20,1,5,2220553.94,2,{}
EV-BUR-C01721,C01721,Metropol,748,A,2026-04-26,1,2,1058087.46,1,{}
EV-BUR-C01722,C01722,Metropol,573,C,2026-04-26,2,2,2675098.51,4,{}
EV-BUR-C01723,C01723,Metropol,352,E,2026-04-25,3,4,2953901.80,1,{}
EV-BUR-C01724,C01724,Metropol,567,C,2026-04-24,1,7,1724840.40,3,{}
EV-BUR-C01725,C01725,TransUnion,762,A,2026-04-24,1,3,356369.88,2,{}
EV-BUR-C01726,C01726,Metropol,776,A,2026-04-26,2,7,1383414.33,3,{}
EV-BUR-C01727,C01727,CreditInfo,574,C,2026-04-21,0,7,519353.67,0,{}
EV-BUR-C01728,C01728,Metropol,793,A,2026-04-21,2,1,3446954.12,4,{}
EV-BUR-C01729,C01729,TransUnion,658,B,2026-04-22,0,7,957994.85,1,{}
EV-BUR-C01730,C01730,TransUnion,701,B,2026-04-22,0,5,355582.42,4,{}
EV-BUR-C01731,C01731,CreditInfo,791,A,2026-04-24,2,7,2859667.57,2,{}
EV-BUR-C01732,C01732,TransUnion,624,B,2026-04-20,2,3,189524.07,1,{}
EV-BUR-C01733,C01733,CreditInfo,826,A,2026-04-25,0,7,2233535.82,4,{}
EV-BUR-C01734,C01734,TransUnion,624,B,2026-04-25,0,5,894348.62,1,{}
EV-BUR-C01735,C01735,CreditInfo,630,B,2026-04-23,2,1,2821055.05,0,{}
EV-BUR-C01736,C01736,CreditInfo,772,A,2026-04-20,0,2,1685509.78,0,{}
EV-BUR-C01737,C01737,CreditInfo,792,A,2026-04-25,1,6,1393633.59,1,{}
EV-BUR-C01738,C01738,TransUnion,549,C,2026-04-22,0,5,3215082.00,2,{}
EV-BUR-C01739,C01739,TransUnion,720,A,2026-04-21,1,7,3614354.79,1,{}
EV-BUR-C01740,C01740,TransUnion,640,B,2026-04-22,0,2,2530652.48,3,{}
EV-BUR-C01741,C01741,CreditInfo,663,B,2026-04-26,0,7,2553265.13,3,{}
EV-BUR-C01742,C01742,Metropol,686,B,2026-04-25,2,1,2237643.56,0,{}
EV-BUR-C01743,C01743,TransUnion,802,A,2026-04-23,0,3,59078.37,3,{}
EV-BUR-C01744,C01744,Metropol,712,B,2026-04-23,1,6,1474495.01,2,{}
EV-BUR-C01745,C01745,Metropol,773,A,2026-04-21,1,4,1921702.91,0,{}
EV-BUR-C01746,C01746,TransUnion,764,A,2026-04-23,2,3,595501.50,3,{}
EV-BUR-C01747,C01747,CreditInfo,830,A,2026-04-21,0,5,2198898.77,0,{}
EV-BUR-C01748,C01748,Metropol,676,B,2026-04-22,1,5,1001958.03,4,{}
EV-BUR-C01749,C01749,TransUnion,615,B,2026-04-24,1,1,159630.64,1,{}
EV-BUR-C01750,C01750,TransUnion,667,B,2026-04-26,1,7,134574.10,1,{}
EV-BUR-C01751,C01751,TransUnion,553,C,2026-04-25,2,1,2607362.35,0,{}
EV-BUR-C01752,C01752,CreditInfo,621,B,2026-04-23,1,3,2219515.39,3,{}
EV-BUR-C01753,C01753,TransUnion,325,E,2026-04-26,3,1,287483.11,3,{}
EV-BUR-C01754,C01754,CreditInfo,544,C,2026-04-22,1,6,261857.01,1,{}
EV-BUR-C01755,C01755,TransUnion,619,B,2026-04-26,2,4,1247796.74,0,{}
EV-BUR-C01756,C01756,TransUnion,771,A,2026-04-20,2,1,3190881.93,2,{}
EV-BUR-C01757,C01757,CreditInfo,727,A,2026-04-25,2,2,2635227.25,3,{}
EV-BUR-C01758,C01758,CreditInfo,754,A,2026-04-22,1,7,538280.35,3,{}
EV-BUR-C01759,C01759,TransUnion,564,C,2026-04-24,1,1,3079076.10,0,{}
EV-BUR-C01760,C01760,Metropol,830,A,2026-04-20,2,3,1948913.14,1,{}
EV-BUR-C01761,C01761,TransUnion,662,B,2026-04-25,0,1,469711.90,3,{}
EV-BUR-C01762,C01762,TransUnion,569,C,2026-04-22,1,1,2573893.39,4,{}
EV-BUR-C01763,C01763,Metropol,576,C,2026-04-21,1,6,611615.96,3,{}
EV-BUR-C01764,C01764,CreditInfo,801,A,2026-04-20,0,7,2807613.03,2,{}
EV-BUR-C01765,C01765,TransUnion,850,A,2026-04-26,1,1,1754550.08,4,{}
EV-BUR-C01766,C01766,CreditInfo,601,B,2026-04-21,0,5,3016030.14,0,{}
EV-BUR-C01767,C01767,Metropol,704,B,2026-04-26,1,6,2913899.89,4,{}
EV-BUR-C01768,C01768,TransUnion,618,B,2026-04-20,0,1,2244219.96,2,{}
EV-BUR-C01769,C01769,CreditInfo,819,A,2026-04-26,2,7,2916136.79,0,{}
EV-BUR-C01770,C01770,TransUnion,698,B,2026-04-23,0,7,1966109.22,2,{}
EV-BUR-C01771,C01771,Metropol,803,A,2026-04-26,0,5,3176636.57,3,{}
EV-BUR-C01772,C01772,TransUnion,718,B,2026-04-25,0,6,968727.83,4,{}
EV-BUR-C01773,C01773,CreditInfo,815,A,2026-04-20,0,1,1521794.90,0,{}
EV-BUR-C01774,C01774,TransUnion,640,B,2026-04-22,1,6,3377655.70,4,{}
EV-BUR-C01775,C01775,Metropol,688,B,2026-04-26,2,5,1978997.30,3,{}
EV-BUR-C01776,C01776,TransUnion,406,D,2026-04-24,5,2,3041213.86,1,{}
EV-BUR-C01777,C01777,TransUnion,828,A,2026-04-23,2,7,2620881.27,4,{}
EV-BUR-C01778,C01778,CreditInfo,774,A,2026-04-20,2,1,2644067.53,1,{}
EV-BUR-C01779,C01779,Metropol,592,C,2026-04-20,0,3,1827187.89,4,{}
EV-BUR-C01780,C01780,Metropol,842,A,2026-04-20,1,1,950759.02,4,{}
EV-BUR-C01781,C01781,TransUnion,397,E,2026-04-20,7,4,3026399.36,0,{}
EV-BUR-C01782,C01782,TransUnion,540,C,2026-04-22,0,2,3119073.82,2,{}
EV-BUR-C01783,C01783,CreditInfo,831,A,2026-04-20,2,7,1442843.64,3,{}
EV-BUR-C01784,C01784,TransUnion,743,A,2026-04-26,0,2,1496644.39,2,{}
EV-BUR-C01785,C01785,CreditInfo,464,D,2026-04-26,4,7,3719647.15,4,{}
EV-BUR-C01786,C01786,CreditInfo,803,A,2026-04-24,2,3,2978177.38,4,{}
EV-BUR-C01787,C01787,Metropol,547,C,2026-04-21,0,7,2918051.60,4,{}
EV-BUR-C01788,C01788,CreditInfo,594,C,2026-04-21,1,6,2904490.86,3,{}
EV-BUR-C01789,C01789,Metropol,801,A,2026-04-26,2,7,3615219.56,3,{}
EV-BUR-C01790,C01790,Metropol,558,C,2026-04-21,1,5,1238571.42,3,{}
EV-BUR-C01791,C01791,CreditInfo,849,A,2026-04-24,0,7,3424982.69,1,{}
EV-BUR-C01792,C01792,Metropol,627,B,2026-04-26,2,4,3503067.88,3,{}
EV-BUR-C01793,C01793,Metropol,793,A,2026-04-21,1,7,2039220.66,2,{}
EV-BUR-C01794,C01794,Metropol,739,A,2026-04-24,2,5,2672232.09,0,{}
EV-BUR-C01795,C01795,TransUnion,608,B,2026-04-20,0,2,2375855.83,0,{}
EV-BUR-C01796,C01796,TransUnion,631,B,2026-04-22,0,7,192683.47,2,{}
EV-BUR-C01797,C01797,Metropol,812,A,2026-04-26,2,5,851291.44,1,{}
EV-BUR-C01798,C01798,Metropol,592,C,2026-04-26,0,3,3588623.55,1,{}
EV-BUR-C01799,C01799,CreditInfo,683,B,2026-04-23,0,3,302555.21,1,{}
EV-BUR-C01800,C01800,Metropol,584,C,2026-04-26,0,4,2734991.80,2,{}
EV-BUR-C01801,C01801,CreditInfo,734,A,2026-04-25,1,2,195787.47,1,{}
EV-BUR-C01802,C01802,TransUnion,586,C,2026-04-25,1,7,3349354.07,0,{}
EV-BUR-C01803,C01803,TransUnion,627,B,2026-04-21,0,7,2703742.05,4,{}
EV-BUR-C01804,C01804,Metropol,596,C,2026-04-20,0,1,3456339.47,2,{}
EV-BUR-C01805,C01805,TransUnion,575,C,2026-04-23,2,4,1539453.49,2,{}
EV-BUR-C01806,C01806,TransUnion,802,A,2026-04-23,0,3,3481805.97,2,{}
EV-BUR-C01807,C01807,CreditInfo,551,C,2026-04-23,1,1,1773024.04,4,{}
EV-BUR-C01808,C01808,TransUnion,626,B,2026-04-25,2,7,1651321.80,2,{}
EV-BUR-C01809,C01809,TransUnion,540,C,2026-04-22,0,1,3013641.57,4,{}
EV-BUR-C01810,C01810,TransUnion,788,A,2026-04-22,2,7,3213255.88,1,{}
EV-BUR-C01811,C01811,Metropol,766,A,2026-04-22,1,4,1180799.00,3,{}
EV-BUR-C01812,C01812,CreditInfo,595,C,2026-04-25,2,2,3994574.76,0,{}
EV-BUR-C01813,C01813,CreditInfo,676,B,2026-04-22,2,5,990099.43,4,{}
EV-BUR-C01814,C01814,TransUnion,752,A,2026-04-23,2,1,1845567.27,3,{}
EV-BUR-C01815,C01815,Metropol,762,A,2026-04-20,2,7,1802827.87,3,{}
EV-BUR-C01816,C01816,CreditInfo,285,E,2026-04-26,8,4,1669960.71,1,{}
EV-BUR-C01817,C01817,Metropol,837,A,2026-04-26,0,6,1700204.03,2,{}
EV-BUR-C01818,C01818,TransUnion,382,E,2026-04-23,3,1,2905155.61,4,{}
EV-BUR-C01819,C01819,CreditInfo,601,B,2026-04-23,2,1,1897994.43,3,{}
EV-BUR-C01820,C01820,CreditInfo,803,A,2026-04-23,2,7,2427074.38,1,{}
EV-BUR-C01821,C01821,Metropol,785,A,2026-04-23,2,6,1351647.37,0,{}
EV-BUR-C01822,C01822,TransUnion,799,A,2026-04-21,1,3,554050.26,2,{}
EV-BUR-C01823,C01823,Metropol,434,D,2026-04-21,7,1,3571071.94,3,{}
EV-BUR-C01824,C01824,TransUnion,812,A,2026-04-25,1,3,3161532.92,2,{}
EV-BUR-C01825,C01825,Metropol,660,B,2026-04-24,2,5,3739626.91,1,{}
EV-BUR-C01826,C01826,CreditInfo,723,A,2026-04-20,1,5,1566335.86,1,{}
EV-BUR-C01827,C01827,TransUnion,737,A,2026-04-26,2,5,1585213.65,4,{}
EV-BUR-C01828,C01828,Metropol,762,A,2026-04-22,0,1,695821.16,3,{}
EV-BUR-C01829,C01829,TransUnion,694,B,2026-04-20,0,1,3401028.14,3,{}
EV-BUR-C01830,C01830,CreditInfo,827,A,2026-04-24,0,2,2949106.27,2,{}
EV-BUR-C01831,C01831,Metropol,661,B,2026-04-24,1,6,1264007.55,3,{}
EV-BUR-C01832,C01832,CreditInfo,622,B,2026-04-24,2,5,2772942.67,3,{}
EV-BUR-C01833,C01833,TransUnion,751,A,2026-04-23,0,5,803700.11,0,{}
EV-BUR-C01834,C01834,CreditInfo,733,A,2026-04-26,1,1,3705726.34,0,{}
EV-BUR-C01835,C01835,CreditInfo,706,B,2026-04-20,1,6,3777729.71,0,{}
EV-BUR-C01836,C01836,TransUnion,748,A,2026-04-24,1,7,594582.40,4,{}
EV-BUR-C01837,C01837,CreditInfo,361,E,2026-04-23,7,1,1307320.12,1,{}
EV-BUR-C01838,C01838,TransUnion,579,C,2026-04-20,2,1,3943697.61,1,{}
EV-BUR-C01839,C01839,CreditInfo,699,B,2026-04-21,0,6,2827502.30,3,{}
EV-BUR-C01840,C01840,CreditInfo,603,B,2026-04-26,1,1,733535.02,0,{}
EV-BUR-C01841,C01841,Metropol,651,B,2026-04-25,1,6,3783479.87,2,{}
EV-BUR-C01842,C01842,CreditInfo,591,C,2026-04-23,1,1,1326414.34,2,{}
EV-BUR-C01843,C01843,Metropol,617,B,2026-04-24,2,5,998649.59,3,{}
EV-BUR-C01844,C01844,TransUnion,497,D,2026-04-21,4,4,608698.99,0,{}
EV-BUR-C01845,C01845,TransUnion,639,B,2026-04-21,1,3,2837149.32,3,{}
EV-BUR-C01846,C01846,Metropol,650,B,2026-04-21,1,7,749306.59,4,{}
EV-BUR-C01847,C01847,Metropol,814,A,2026-04-24,0,1,3391607.14,3,{}
EV-BUR-C01848,C01848,Metropol,675,B,2026-04-22,1,2,2600474.16,3,{}
EV-BUR-C01849,C01849,Metropol,758,A,2026-04-25,2,1,680741.64,3,{}
EV-BUR-C01850,C01850,Metropol,621,B,2026-04-24,1,3,2083549.55,0,{}
EV-BUR-C01851,C01851,Metropol,628,B,2026-04-26,2,7,1729786.29,4,{}
EV-BUR-C01852,C01852,Metropol,758,A,2026-04-25,0,2,1551392.06,4,{}
EV-BUR-C01853,C01853,CreditInfo,788,A,2026-04-21,1,2,1860056.59,2,{}
EV-BUR-C01854,C01854,TransUnion,700,B,2026-04-24,0,7,2344888.77,2,{}
EV-BUR-C01855,C01855,Metropol,687,B,2026-04-25,2,7,2220756.36,1,{}
EV-BUR-C01856,C01856,CreditInfo,547,C,2026-04-26,2,5,1962059.93,2,{}
EV-BUR-C01857,C01857,TransUnion,623,B,2026-04-21,0,3,333385.19,1,{}
EV-BUR-C01858,C01858,Metropol,555,C,2026-04-23,2,1,293516.04,0,{}
EV-BUR-C01859,C01859,TransUnion,721,A,2026-04-21,1,6,2304118.83,3,{}
EV-BUR-C01860,C01860,TransUnion,799,A,2026-04-26,0,2,1644535.03,1,{}
EV-BUR-C01861,C01861,TransUnion,568,C,2026-04-26,0,4,484301.20,4,{}
EV-BUR-C01862,C01862,TransUnion,811,A,2026-04-25,1,7,2952881.36,3,{}
EV-BUR-C01863,C01863,TransUnion,599,C,2026-04-24,0,7,2174089.73,3,{}
EV-BUR-C01864,C01864,Metropol,826,A,2026-04-21,0,3,559547.14,4,{}
EV-BUR-C01865,C01865,TransUnion,713,B,2026-04-24,1,3,2709280.54,1,{}
EV-BUR-C01866,C01866,Metropol,745,A,2026-04-22,0,4,2626041.84,0,{}
EV-BUR-C01867,C01867,CreditInfo,442,D,2026-04-24,4,6,2402078.60,3,{}
EV-BUR-C01868,C01868,Metropol,651,B,2026-04-25,1,2,2135911.46,2,{}
EV-BUR-C01869,C01869,CreditInfo,337,E,2026-04-20,8,1,2532894.26,1,{}
EV-BUR-C01870,C01870,CreditInfo,708,B,2026-04-24,2,5,3754000.72,0,{}
EV-BUR-C01871,C01871,CreditInfo,609,B,2026-04-26,0,7,3754852.65,0,{}
EV-BUR-C01872,C01872,CreditInfo,760,A,2026-04-23,0,1,3533155.98,3,{}
EV-BUR-C01873,C01873,CreditInfo,636,B,2026-04-22,0,3,3462656.34,0,{}
EV-BUR-C01874,C01874,Metropol,817,A,2026-04-22,1,5,3577303.94,0,{}
EV-BUR-C01875,C01875,CreditInfo,560,C,2026-04-20,0,7,563388.78,1,{}
EV-BUR-C01876,C01876,Metropol,644,B,2026-04-26,2,3,354768.71,0,{}
EV-BUR-C01877,C01877,TransUnion,428,D,2026-04-23,3,1,2272676.66,1,{}
EV-BUR-C01878,C01878,TransUnion,595,C,2026-04-25,2,7,1718962.75,2,{}
EV-BUR-C01879,C01879,TransUnion,654,B,2026-04-20,1,5,483524.69,2,{}
EV-BUR-C01880,C01880,CreditInfo,831,A,2026-04-24,1,7,706258.18,4,{}
EV-BUR-C01881,C01881,TransUnion,640,B,2026-04-21,0,3,2600700.23,2,{}
EV-BUR-C01882,C01882,Metropol,564,C,2026-04-22,0,5,2613603.93,3,{}
EV-BUR-C01883,C01883,Metropol,661,B,2026-04-21,1,7,1199672.29,3,{}
EV-BUR-C01884,C01884,CreditInfo,542,C,2026-04-22,1,5,3408633.86,1,{}
EV-BUR-C01885,C01885,TransUnion,452,D,2026-04-20,7,7,2260092.85,1,{}
EV-BUR-C01886,C01886,TransUnion,282,E,2026-04-24,7,4,3478086.86,2,{}
EV-BUR-C01887,C01887,Metropol,666,B,2026-04-20,2,3,684329.25,0,{}
EV-BUR-C01888,C01888,Metropol,573,C,2026-04-25,2,7,2355217.25,1,{}
EV-BUR-C01889,C01889,Metropol,839,A,2026-04-24,0,7,1790448.33,0,{}
EV-BUR-C01890,C01890,CreditInfo,795,A,2026-04-26,1,6,3666603.31,1,{}
EV-BUR-C01891,C01891,Metropol,631,B,2026-04-23,1,4,3102617.18,4,{}
EV-BUR-C01892,C01892,TransUnion,719,B,2026-04-22,1,4,320417.03,3,{}
EV-BUR-C01893,C01893,Metropol,781,A,2026-04-25,1,3,1424617.80,3,{}
EV-BUR-C01894,C01894,CreditInfo,755,A,2026-04-23,1,3,2404153.96,4,{}
EV-BUR-C01895,C01895,TransUnion,639,B,2026-04-26,1,6,1947808.54,1,{}
EV-BUR-C01896,C01896,CreditInfo,733,A,2026-04-25,0,2,3285588.03,0,{}
EV-BUR-C01897,C01897,Metropol,822,A,2026-04-25,2,4,82412.03,2,{}
EV-BUR-C01898,C01898,Metropol,671,B,2026-04-23,0,2,446650.07,3,{}
EV-BUR-C01899,C01899,Metropol,640,B,2026-04-23,2,2,3527322.21,3,{}
EV-BUR-C01900,C01900,TransUnion,493,D,2026-04-24,3,2,3962940.70,4,{}
EV-BUR-C01901,C01901,TransUnion,846,A,2026-04-25,0,2,1366799.43,3,{}
EV-BUR-C01902,C01902,Metropol,673,B,2026-04-21,0,3,3562148.09,2,{}
EV-BUR-C01903,C01903,Metropol,423,D,2026-04-21,9,5,3358332.81,0,{}
EV-BUR-C01904,C01904,TransUnion,712,B,2026-04-21,2,3,370922.82,1,{}
EV-BUR-C01905,C01905,Metropol,642,B,2026-04-25,2,6,3816243.11,3,{}
EV-BUR-C01906,C01906,Metropol,827,A,2026-04-23,1,1,2959444.55,4,{}
EV-BUR-C01907,C01907,Metropol,815,A,2026-04-26,2,5,2387153.19,0,{}
EV-BUR-C01908,C01908,TransUnion,674,B,2026-04-25,0,6,3678582.26,0,{}
EV-BUR-C01909,C01909,Metropol,633,B,2026-04-21,2,6,2239167.81,0,{}
EV-BUR-C01910,C01910,TransUnion,590,C,2026-04-24,0,2,2014590.30,1,{}
EV-BUR-C01911,C01911,CreditInfo,632,B,2026-04-20,2,7,2172632.52,3,{}
EV-BUR-C01912,C01912,TransUnion,840,A,2026-04-23,2,5,3082737.51,3,{}
EV-BUR-C01913,C01913,CreditInfo,701,B,2026-04-22,0,7,1282144.05,0,{}
EV-BUR-C01914,C01914,TransUnion,782,A,2026-04-22,0,7,1147792.66,2,{}
EV-BUR-C01915,C01915,Metropol,647,B,2026-04-22,1,2,553500.38,1,{}
EV-BUR-C01916,C01916,Metropol,605,B,2026-04-20,2,5,2701349.20,1,{}
EV-BUR-C01917,C01917,Metropol,686,B,2026-04-22,0,5,3467789.89,2,{}
EV-BUR-C01918,C01918,CreditInfo,603,B,2026-04-23,0,7,2886848.17,0,{}
EV-BUR-C01919,C01919,CreditInfo,751,A,2026-04-20,0,3,2182299.87,3,{}
EV-BUR-C01920,C01920,Metropol,796,A,2026-04-21,1,3,1905647.25,2,{}
EV-BUR-C01921,C01921,CreditInfo,374,E,2026-04-25,6,1,2832944.11,4,{}
EV-BUR-C01922,C01922,TransUnion,767,A,2026-04-21,2,1,1853701.03,0,{}
EV-BUR-C01923,C01923,TransUnion,649,B,2026-04-23,0,2,2016678.22,0,{}
EV-BUR-C01924,C01924,TransUnion,626,B,2026-04-20,1,1,164031.38,4,{}
EV-BUR-C01925,C01925,TransUnion,602,B,2026-04-23,0,5,3750791.67,4,{}
EV-BUR-C01926,C01926,TransUnion,423,D,2026-04-21,7,1,752055.68,3,{}
EV-BUR-C01927,C01927,CreditInfo,849,A,2026-04-21,2,5,804398.85,2,{}
EV-BUR-C01928,C01928,TransUnion,847,A,2026-04-26,1,4,1359786.04,0,{}
EV-BUR-C01929,C01929,Metropol,557,C,2026-04-24,1,4,563271.52,2,{}
EV-BUR-C01930,C01930,Metropol,736,A,2026-04-21,1,3,384216.74,4,{}
EV-BUR-C01931,C01931,Metropol,728,A,2026-04-20,0,4,247209.23,4,{}
EV-BUR-C01932,C01932,CreditInfo,730,A,2026-04-21,1,5,213522.98,3,{}
EV-BUR-C01933,C01933,CreditInfo,699,B,2026-04-22,2,5,626975.64,4,{}
EV-BUR-C01934,C01934,CreditInfo,822,A,2026-04-26,1,4,1465864.76,0,{}
EV-BUR-C01935,C01935,CreditInfo,765,A,2026-04-23,2,2,2459489.90,3,{}
EV-BUR-C01936,C01936,CreditInfo,783,A,2026-04-21,0,5,3269816.81,4,{}
EV-BUR-C01937,C01937,TransUnion,648,B,2026-04-21,1,5,2707041.51,4,{}
EV-BUR-C01938,C01938,TransUnion,766,A,2026-04-23,1,2,2862554.27,0,{}
EV-BUR-C01939,C01939,CreditInfo,666,B,2026-04-20,2,7,3621148.32,3,{}
EV-BUR-C01940,C01940,Metropol,597,C,2026-04-26,2,5,678182.28,1,{}
EV-BUR-C01941,C01941,TransUnion,552,C,2026-04-20,1,6,3349590.89,0,{}
EV-BUR-C01942,C01942,TransUnion,815,A,2026-04-24,1,5,1465041.14,2,{}
EV-BUR-C01943,C01943,TransUnion,549,C,2026-04-22,2,6,2515513.10,0,{}
EV-BUR-C01944,C01944,TransUnion,748,A,2026-04-25,1,1,1890075.21,0,{}
EV-BUR-C01945,C01945,Metropol,620,B,2026-04-23,0,5,3119133.37,2,{}
EV-BUR-C01946,C01946,TransUnion,598,C,2026-04-20,2,2,3731188.87,3,{}
EV-BUR-C01947,C01947,CreditInfo,793,A,2026-04-23,0,5,396628.80,2,{}
EV-BUR-C01948,C01948,CreditInfo,691,B,2026-04-25,0,7,3858360.71,2,{}
EV-BUR-C01949,C01949,CreditInfo,746,A,2026-04-22,0,5,3876825.25,2,{}
EV-BUR-C01950,C01950,Metropol,704,B,2026-04-26,1,6,126609.64,4,{}
EV-BUR-C01951,C01951,TransUnion,721,A,2026-04-23,1,7,3566071.67,0,{}
EV-BUR-C01952,C01952,TransUnion,561,C,2026-04-23,1,2,3848222.77,2,{}
EV-BUR-C01953,C01953,CreditInfo,741,A,2026-04-24,1,3,266202.93,1,{}
EV-BUR-C01954,C01954,TransUnion,712,B,2026-04-20,2,5,2377137.50,2,{}
EV-BUR-C01955,C01955,TransUnion,830,A,2026-04-24,0,2,2796829.00,4,{}
EV-BUR-C01956,C01956,CreditInfo,311,E,2026-04-25,6,6,124511.05,0,{}
EV-BUR-C01957,C01957,Metropol,644,B,2026-04-24,2,6,378706.53,1,{}
EV-BUR-C01958,C01958,Metropol,631,B,2026-04-26,1,5,2790032.53,0,{}
EV-BUR-C01959,C01959,CreditInfo,764,A,2026-04-25,1,5,434835.71,2,{}
EV-BUR-C01960,C01960,CreditInfo,701,B,2026-04-25,2,2,3067761.42,1,{}
EV-BUR-C01961,C01961,TransUnion,627,B,2026-04-20,1,6,2358939.26,1,{}
EV-BUR-C01962,C01962,TransUnion,721,A,2026-04-22,0,5,2437679.99,2,{}
EV-BUR-C01963,C01963,TransUnion,759,A,2026-04-20,0,1,238291.12,3,{}
EV-BUR-C01964,C01964,Metropol,577,C,2026-04-20,2,2,1676062.22,4,{}
EV-BUR-C01965,C01965,CreditInfo,553,C,2026-04-25,0,1,2990867.60,3,{}
EV-BUR-C01966,C01966,Metropol,663,B,2026-04-26,1,3,1406666.51,1,{}
EV-BUR-C01967,C01967,TransUnion,846,A,2026-04-20,0,5,3051640.87,0,{}
EV-BUR-C01968,C01968,TransUnion,637,B,2026-04-25,2,1,3641809.08,1,{}
EV-BUR-C01969,C01969,TransUnion,675,B,2026-04-20,0,6,1137847.67,3,{}
EV-BUR-C01970,C01970,Metropol,804,A,2026-04-23,0,1,3935900.51,1,{}
EV-BUR-C01971,C01971,CreditInfo,720,A,2026-04-20,1,5,479103.93,3,{}
EV-BUR-C01972,C01972,CreditInfo,801,A,2026-04-22,2,1,1758714.30,0,{}
EV-BUR-C01973,C01973,TransUnion,841,A,2026-04-22,0,4,1163172.54,0,{}
EV-BUR-C01974,C01974,Metropol,764,A,2026-04-24,2,7,1138873.83,4,{}
EV-BUR-C01975,C01975,CreditInfo,796,A,2026-04-26,1,6,3303904.84,0,{}
EV-BUR-C01976,C01976,CreditInfo,546,C,2026-04-24,0,3,1627128.50,2,{}
EV-BUR-C01977,C01977,Metropol,394,E,2026-04-26,7,5,436196.33,1,{}
EV-BUR-C01978,C01978,TransUnion,595,C,2026-04-20,0,7,246489.85,4,{}
EV-BUR-C01979,C01979,TransUnion,672,B,2026-04-22,1,1,3515261.33,4,{}
EV-BUR-C01980,C01980,Metropol,464,D,2026-04-20,3,3,410689.18,1,{}
EV-BUR-C01981,C01981,Metropol,658,B,2026-04-20,2,5,1893936.88,2,{}
EV-BUR-C01982,C01982,Metropol,828,A,2026-04-26,1,5,2599813.96,0,{}
EV-BUR-C01983,C01983,Metropol,833,A,2026-04-22,1,4,330626.33,1,{}
EV-BUR-C01984,C01984,Metropol,541,C,2026-04-23,0,4,3281349.47,4,{}
EV-BUR-C01985,C01985,TransUnion,742,A,2026-04-20,1,1,3430226.40,4,{}
EV-BUR-C01986,C01986,CreditInfo,593,C,2026-04-25,1,3,3262507.86,0,{}
EV-BUR-C01987,C01987,Metropol,828,A,2026-04-26,0,7,207051.98,0,{}
EV-BUR-C01988,C01988,TransUnion,320,E,2026-04-23,4,1,3106158.77,0,{}
EV-BUR-C01989,C01989,CreditInfo,716,B,2026-04-25,2,1,184309.77,2,{}
EV-BUR-C01990,C01990,CreditInfo,849,A,2026-04-26,1,7,3304478.97,2,{}
EV-BUR-C01991,C01991,TransUnion,773,A,2026-04-23,0,5,1072123.55,3,{}
EV-BUR-C01992,C01992,CreditInfo,819,A,2026-04-21,1,1,3518185.03,1,{}
EV-BUR-C01993,C01993,CreditInfo,625,B,2026-04-25,0,3,1985152.56,0,{}
EV-BUR-C01994,C01994,CreditInfo,839,A,2026-04-25,1,1,2470692.49,0,{}
EV-BUR-C01995,C01995,TransUnion,828,A,2026-04-23,2,2,3695374.85,0,{}
EV-BUR-C01996,C01996,Metropol,679,B,2026-04-26,1,7,1840022.57,1,{}
EV-BUR-C01997,C01997,CreditInfo,790,A,2026-04-23,2,4,2488095.31,4,{}
EV-BUR-C01998,C01998,CreditInfo,563,C,2026-04-26,0,4,2442755.01,4,{}
EV-BUR-C01999,C01999,Metropol,727,A,2026-04-20,0,7,2855625.26,3,{}
EV-BUR-C02000,C02000,TransUnion,750,A,2026-04-22,1,7,1933770.79,1,{}
EV-BUR-C02001,C02001,CreditInfo,820,A,2026-04-23,1,1,1602735.26,3,{}
EV-BUR-C02002,C02002,TransUnion,482,D,2026-04-22,4,4,3358160.26,0,{}
EV-BUR-C02003,C02003,CreditInfo,629,B,2026-04-22,1,2,1010280.76,1,{}
EV-BUR-C02004,C02004,CreditInfo,842,A,2026-04-22,0,1,308870.72,3,{}
EV-BUR-C02005,C02005,CreditInfo,849,A,2026-04-24,0,4,1737153.84,0,{}
EV-BUR-C02006,C02006,CreditInfo,620,B,2026-04-20,1,5,3261997.55,0,{}
EV-BUR-C02007,C02007,TransUnion,625,B,2026-04-22,0,1,329260.21,3,{}
EV-BUR-C02008,C02008,CreditInfo,798,A,2026-04-22,2,7,1615361.46,3,{}
EV-BUR-C02009,C02009,Metropol,776,A,2026-04-20,0,6,3754912.71,2,{}
EV-BUR-C02010,C02010,Metropol,787,A,2026-04-20,0,6,1395676.28,2,{}
EV-BUR-C02011,C02011,Metropol,665,B,2026-04-23,0,7,432604.62,3,{}
EV-BUR-C02012,C02012,CreditInfo,812,A,2026-04-26,0,4,3833382.66,1,{}
EV-BUR-C02013,C02013,CreditInfo,662,B,2026-04-20,2,4,3096513.29,4,{}
EV-BUR-C02014,C02014,CreditInfo,697,B,2026-04-20,0,3,1517346.97,1,{}
EV-BUR-C02015,C02015,TransUnion,346,E,2026-04-21,8,4,3227890.97,2,{}
EV-BUR-C02016,C02016,CreditInfo,639,B,2026-04-21,0,3,327288.93,2,{}
EV-BUR-C02017,C02017,Metropol,645,B,2026-04-23,0,3,2310337.06,4,{}
EV-BUR-C02018,C02018,CreditInfo,626,B,2026-04-26,0,7,653939.45,3,{}
EV-BUR-C02019,C02019,Metropol,689,B,2026-04-25,2,1,3997834.13,1,{}
EV-BUR-C02020,C02020,CreditInfo,789,A,2026-04-22,1,3,1449628.51,3,{}
EV-BUR-C02021,C02021,CreditInfo,570,C,2026-04-20,1,7,311270.73,1,{}
EV-BUR-C02022,C02022,TransUnion,805,A,2026-04-23,1,3,1790341.60,4,{}
EV-BUR-C02023,C02023,TransUnion,682,B,2026-04-21,0,7,2399020.78,2,{}
EV-BUR-C02024,C02024,Metropol,849,A,2026-04-26,1,5,3131385.93,3,{}
EV-BUR-C02025,C02025,Metropol,360,E,2026-04-20,9,6,2064261.22,3,{}
EV-BUR-C02026,C02026,CreditInfo,819,A,2026-04-24,1,2,3104149.98,4,{}
EV-BUR-C02027,C02027,Metropol,706,B,2026-04-24,1,6,3452165.76,0,{}
EV-BUR-C02028,C02028,CreditInfo,635,B,2026-04-24,2,1,2895575.90,3,{}
EV-BUR-C02029,C02029,TransUnion,669,B,2026-04-21,2,7,3411717.88,2,{}
EV-BUR-C02030,C02030,CreditInfo,676,B,2026-04-25,1,6,91054.38,0,{}
EV-BUR-C02031,C02031,CreditInfo,675,B,2026-04-21,1,6,698670.66,2,{}
EV-BUR-C02032,C02032,CreditInfo,726,A,2026-04-24,0,6,2107920.38,0,{}
EV-BUR-C02033,C02033,Metropol,383,E,2026-04-24,6,5,3938316.64,0,{}
EV-BUR-C02034,C02034,CreditInfo,543,C,2026-04-25,1,6,2616592.36,4,{}
EV-BUR-C02035,C02035,Metropol,735,A,2026-04-23,1,3,2455121.27,4,{}
EV-BUR-C02036,C02036,Metropol,642,B,2026-04-24,2,1,3086912.15,0,{}
EV-BUR-C02037,C02037,TransUnion,679,B,2026-04-23,2,4,3599775.05,4,{}
EV-BUR-C02038,C02038,CreditInfo,645,B,2026-04-20,1,4,3486237.62,4,{}
EV-BUR-C02039,C02039,Metropol,625,B,2026-04-23,2,3,3388839.12,4,{}
EV-BUR-C02040,C02040,CreditInfo,560,C,2026-04-23,0,2,3812783.03,2,{}
EV-BUR-C02041,C02041,CreditInfo,577,C,2026-04-25,1,1,2990855.72,0,{}
EV-BUR-C02042,C02042,CreditInfo,583,C,2026-04-21,2,5,1184720.12,0,{}
EV-BUR-C02043,C02043,TransUnion,722,A,2026-04-23,1,4,1026266.98,0,{}
EV-BUR-C02044,C02044,CreditInfo,736,A,2026-04-23,2,2,2961552.04,3,{}
EV-BUR-C02045,C02045,Metropol,753,A,2026-04-25,2,5,2916948.36,0,{}
EV-BUR-C02046,C02046,CreditInfo,844,A,2026-04-21,1,5,1336011.43,3,{}
EV-BUR-C02047,C02047,TransUnion,655,B,2026-04-24,2,3,154240.97,4,{}
EV-BUR-C02048,C02048,TransUnion,730,A,2026-04-25,0,4,2248539.48,4,{}
EV-BUR-C02049,C02049,TransUnion,358,E,2026-04-25,5,7,2791415.30,0,{}
EV-BUR-C02050,C02050,Metropol,295,E,2026-04-21,7,2,237616.52,3,{}
EV-BUR-C02051,C02051,TransUnion,719,B,2026-04-25,1,4,1889183.26,0,{}
EV-BUR-C02052,C02052,CreditInfo,838,A,2026-04-21,1,2,1250602.39,2,{}
EV-BUR-C02053,C02053,TransUnion,618,B,2026-04-21,2,7,1735192.03,1,{}
EV-BUR-C02054,C02054,Metropol,740,A,2026-04-24,2,7,3547399.07,0,{}
EV-BUR-C02055,C02055,TransUnion,665,B,2026-04-24,0,3,3865362.31,3,{}
EV-BUR-C02056,C02056,CreditInfo,750,A,2026-04-20,0,1,3578637.31,3,{}
EV-BUR-C02057,C02057,Metropol,600,B,2026-04-24,2,1,1003991.09,4,{}
EV-BUR-C02058,C02058,Metropol,675,B,2026-04-21,2,5,2686997.10,3,{}
EV-BUR-C02059,C02059,TransUnion,823,A,2026-04-21,0,3,3060301.34,3,{}
EV-BUR-C02060,C02060,TransUnion,442,D,2026-04-20,3,4,688995.82,2,{}
EV-BUR-C02061,C02061,CreditInfo,659,B,2026-04-20,1,4,2583710.13,1,{}
EV-BUR-C02062,C02062,Metropol,591,C,2026-04-21,1,3,2948829.39,2,{}
EV-BUR-C02063,C02063,CreditInfo,651,B,2026-04-25,2,5,2744760.95,2,{}
EV-BUR-C02064,C02064,Metropol,670,B,2026-04-26,2,1,3553290.32,1,{}
EV-BUR-C02065,C02065,CreditInfo,434,D,2026-04-25,7,7,1304600.82,4,{}
EV-BUR-C02066,C02066,TransUnion,546,C,2026-04-26,1,3,2349137.10,4,{}
EV-BUR-C02067,C02067,CreditInfo,545,C,2026-04-22,1,1,2558807.00,3,{}
EV-BUR-C02068,C02068,Metropol,760,A,2026-04-21,1,4,662635.23,4,{}
EV-BUR-C02069,C02069,CreditInfo,824,A,2026-04-21,1,7,3856710.11,4,{}
EV-BUR-C02070,C02070,CreditInfo,619,B,2026-04-21,2,4,769782.68,1,{}
EV-BUR-C02071,C02071,CreditInfo,774,A,2026-04-26,1,1,2835294.80,1,{}
EV-BUR-C02072,C02072,CreditInfo,757,A,2026-04-21,1,2,1932574.20,3,{}
EV-BUR-C02073,C02073,CreditInfo,559,C,2026-04-25,0,4,1166306.50,4,{}
EV-BUR-C02074,C02074,CreditInfo,801,A,2026-04-22,2,5,1951216.08,4,{}
EV-BUR-C02075,C02075,TransUnion,684,B,2026-04-25,2,5,1588868.29,2,{}
EV-BUR-C02076,C02076,Metropol,615,B,2026-04-21,1,4,2738871.19,2,{}
EV-BUR-C02077,C02077,CreditInfo,767,A,2026-04-22,2,2,1662655.62,1,{}
EV-BUR-C02078,C02078,CreditInfo,609,B,2026-04-22,2,6,1870375.33,4,{}
EV-BUR-C02079,C02079,Metropol,600,B,2026-04-26,0,3,2581255.66,2,{}
EV-BUR-C02080,C02080,CreditInfo,747,A,2026-04-25,2,7,2138776.61,0,{}
EV-BUR-C02081,C02081,TransUnion,741,A,2026-04-22,1,7,3430862.00,3,{}
EV-BUR-C02082,C02082,TransUnion,598,C,2026-04-26,0,4,929121.41,2,{}
EV-BUR-C02083,C02083,CreditInfo,699,B,2026-04-25,1,5,2373514.01,0,{}
EV-BUR-C02084,C02084,CreditInfo,726,A,2026-04-20,2,4,2736499.42,2,{}
EV-BUR-C02085,C02085,CreditInfo,732,A,2026-04-25,2,1,2637300.27,3,{}
EV-BUR-C02086,C02086,Metropol,783,A,2026-04-22,1,3,2574236.80,4,{}
EV-BUR-C02087,C02087,TransUnion,608,B,2026-04-23,2,1,2455507.73,0,{}
EV-BUR-C02088,C02088,CreditInfo,741,A,2026-04-20,2,1,3988925.60,1,{}
EV-BUR-C02089,C02089,CreditInfo,590,C,2026-04-26,0,7,3975594.89,0,{}
EV-BUR-C02090,C02090,CreditInfo,668,B,2026-04-22,2,3,672984.39,1,{}
EV-BUR-C02091,C02091,TransUnion,634,B,2026-04-25,1,5,1266136.72,2,{}
EV-BUR-C02092,C02092,TransUnion,457,D,2026-04-20,3,3,1043612.16,2,{}
EV-BUR-C02093,C02093,Metropol,554,C,2026-04-20,1,6,3785916.99,2,{}
EV-BUR-C02094,C02094,Metropol,595,C,2026-04-21,1,5,2941122.06,1,{}
EV-BUR-C02095,C02095,TransUnion,625,B,2026-04-21,0,5,905196.70,4,{}
EV-BUR-C02096,C02096,CreditInfo,617,B,2026-04-24,1,1,1932675.08,3,{}
EV-BUR-C02097,C02097,Metropol,639,B,2026-04-20,2,6,3954023.25,4,{}
EV-BUR-C02098,C02098,Metropol,757,A,2026-04-21,0,1,664892.96,1,{}
EV-BUR-C02099,C02099,CreditInfo,826,A,2026-04-22,0,5,1560064.77,2,{}
EV-BUR-C02100,C02100,TransUnion,751,A,2026-04-23,1,7,3325520.19,2,{}
EV-BUR-C02101,C02101,Metropol,823,A,2026-04-26,2,7,3616961.86,3,{}
EV-BUR-C02102,C02102,CreditInfo,775,A,2026-04-26,0,6,1302744.89,0,{}
EV-BUR-C02103,C02103,Metropol,599,C,2026-04-20,2,3,980398.32,3,{}
EV-BUR-C02104,C02104,Metropol,554,C,2026-04-23,1,4,1519756.32,4,{}
EV-BUR-C02105,C02105,TransUnion,555,C,2026-04-23,2,7,3438807.14,2,{}
EV-BUR-C02106,C02106,CreditInfo,697,B,2026-04-22,1,5,1455487.08,0,{}
EV-BUR-C02107,C02107,Metropol,657,B,2026-04-23,0,4,1009944.03,4,{}
EV-BUR-C02108,C02108,Metropol,705,B,2026-04-22,2,6,2883185.70,4,{}
EV-BUR-C02109,C02109,Metropol,617,B,2026-04-23,0,1,2917092.01,3,{}
EV-BUR-C02110,C02110,CreditInfo,729,A,2026-04-21,1,3,3348866.40,1,{}
EV-BUR-C02111,C02111,CreditInfo,615,B,2026-04-21,0,6,1448987.27,4,{}
EV-BUR-C02112,C02112,TransUnion,565,C,2026-04-24,2,7,1001980.35,2,{}
EV-BUR-C02113,C02113,CreditInfo,669,B,2026-04-24,2,2,3476550.17,1,{}
EV-BUR-C02114,C02114,Metropol,741,A,2026-04-22,1,1,699978.17,3,{}
EV-BUR-C02115,C02115,CreditInfo,560,C,2026-04-20,1,5,2156300.18,0,{}
EV-BUR-C02116,C02116,TransUnion,593,C,2026-04-23,1,2,1144390.32,1,{}
EV-BUR-C02117,C02117,TransUnion,649,B,2026-04-22,2,7,3518237.51,3,{}
EV-BUR-C02118,C02118,TransUnion,461,D,2026-04-24,4,2,3663730.72,4,{}
EV-BUR-C02119,C02119,CreditInfo,819,A,2026-04-26,2,7,2246203.50,1,{}
EV-BUR-C02120,C02120,Metropol,641,B,2026-04-24,0,6,1242600.12,3,{}
EV-BUR-C02121,C02121,CreditInfo,814,A,2026-04-22,1,6,2326271.79,0,{}
EV-BUR-C02122,C02122,Metropol,661,B,2026-04-24,0,5,2265845.11,0,{}
EV-BUR-C02123,C02123,CreditInfo,640,B,2026-04-23,0,6,1444027.07,2,{}
EV-BUR-C02124,C02124,Metropol,547,C,2026-04-25,0,6,1525664.39,0,{}
EV-BUR-C02125,C02125,TransUnion,841,A,2026-04-21,0,7,1650784.91,4,{}
EV-BUR-C02126,C02126,Metropol,658,B,2026-04-20,1,4,2041812.26,3,{}
EV-BUR-C02127,C02127,TransUnion,795,A,2026-04-20,1,7,3363982.55,0,{}
EV-BUR-C02128,C02128,TransUnion,571,C,2026-04-25,1,2,1921335.68,0,{}
EV-BUR-C02129,C02129,CreditInfo,839,A,2026-04-26,2,4,2121523.98,4,{}
EV-BUR-C02130,C02130,Metropol,625,B,2026-04-26,2,6,193618.15,1,{}
EV-BUR-C02131,C02131,CreditInfo,446,D,2026-04-25,5,6,2592396.62,4,{}
EV-BUR-C02132,C02132,TransUnion,680,B,2026-04-22,1,5,2541282.34,1,{}
EV-BUR-C02133,C02133,Metropol,705,B,2026-04-23,0,6,89729.87,3,{}
EV-BUR-C02134,C02134,CreditInfo,822,A,2026-04-26,2,7,870731.37,4,{}
EV-BUR-C02135,C02135,TransUnion,836,A,2026-04-23,2,3,302353.60,3,{}
EV-BUR-C02136,C02136,TransUnion,674,B,2026-04-21,2,3,1811695.42,4,{}
EV-BUR-C02137,C02137,CreditInfo,836,A,2026-04-25,1,6,1426060.23,0,{}
EV-BUR-C02138,C02138,TransUnion,639,B,2026-04-26,1,4,1411001.28,0,{}
EV-BUR-C02139,C02139,Metropol,583,C,2026-04-21,2,3,173667.54,1,{}
EV-BUR-C02140,C02140,CreditInfo,564,C,2026-04-25,2,2,827710.81,4,{}
EV-BUR-C02141,C02141,Metropol,650,B,2026-04-23,0,6,408114.58,3,{}
EV-BUR-C02142,C02142,CreditInfo,651,B,2026-04-25,0,2,169160.32,4,{}
EV-BUR-C02143,C02143,TransUnion,751,A,2026-04-25,1,6,3591392.13,3,{}
EV-BUR-C02144,C02144,Metropol,785,A,2026-04-21,2,4,2904697.25,2,{}
EV-BUR-C02145,C02145,TransUnion,792,A,2026-04-22,1,6,615270.79,0,{}
EV-BUR-C02146,C02146,TransUnion,684,B,2026-04-22,2,5,543473.57,4,{}
EV-BUR-C02147,C02147,Metropol,667,B,2026-04-21,0,7,1112045.34,3,{}
EV-BUR-C02148,C02148,TransUnion,687,B,2026-04-26,0,2,602551.32,4,{}
EV-BUR-C02149,C02149,TransUnion,806,A,2026-04-21,0,4,3905605.76,1,{}
EV-BUR-C02150,C02150,CreditInfo,656,B,2026-04-25,1,2,1887148.83,1,{}
EV-BUR-C02151,C02151,CreditInfo,644,B,2026-04-24,2,4,701028.25,0,{}
EV-BUR-C02152,C02152,Metropol,626,B,2026-04-26,1,4,1956889.13,4,{}
EV-BUR-C02153,C02153,TransUnion,672,B,2026-04-25,0,6,1832309.67,1,{}
EV-BUR-C02154,C02154,CreditInfo,610,B,2026-04-20,2,2,2587140.88,4,{}
EV-BUR-C02155,C02155,TransUnion,720,A,2026-04-26,1,2,1702819.70,3,{}
EV-BUR-C02156,C02156,Metropol,674,B,2026-04-23,2,1,2084212.58,1,{}
EV-BUR-C02157,C02157,TransUnion,392,E,2026-04-26,7,4,911428.19,2,{}
EV-BUR-C02158,C02158,TransUnion,754,A,2026-04-21,0,3,418876.50,1,{}
EV-BUR-C02159,C02159,TransUnion,836,A,2026-04-20,1,5,2488279.76,0,{}
EV-BUR-C02160,C02160,Metropol,414,D,2026-04-23,3,5,2932428.19,1,{}
EV-BUR-C02161,C02161,CreditInfo,767,A,2026-04-24,2,1,2082563.71,1,{}
EV-BUR-C02162,C02162,CreditInfo,553,C,2026-04-25,2,1,2607980.94,3,{}
EV-BUR-C02163,C02163,Metropol,647,B,2026-04-24,1,1,259616.86,2,{}
EV-BUR-C02164,C02164,TransUnion,583,C,2026-04-22,1,5,362328.22,1,{}
EV-BUR-C02165,C02165,Metropol,707,B,2026-04-23,1,7,509683.73,2,{}
EV-BUR-C02166,C02166,Metropol,813,A,2026-04-20,2,5,131245.60,1,{}
EV-BUR-C02167,C02167,TransUnion,450,D,2026-04-20,6,7,2143531.78,3,{}
EV-BUR-C02168,C02168,TransUnion,592,C,2026-04-21,0,6,1354617.61,2,{}
EV-BUR-C02169,C02169,CreditInfo,588,C,2026-04-22,1,7,2207036.36,4,{}
EV-BUR-C02170,C02170,Metropol,618,B,2026-04-26,1,6,1202206.94,4,{}
EV-BUR-C02171,C02171,TransUnion,617,B,2026-04-25,2,3,1161830.88,2,{}
EV-BUR-C02172,C02172,Metropol,839,A,2026-04-22,0,3,3277614.23,0,{}
EV-BUR-C02173,C02173,Metropol,615,B,2026-04-25,0,2,980590.08,3,{}
EV-BUR-C02174,C02174,TransUnion,605,B,2026-04-21,0,2,2132913.67,2,{}
EV-BUR-C02175,C02175,Metropol,658,B,2026-04-20,1,7,454331.89,4,{}
EV-BUR-C02176,C02176,CreditInfo,828,A,2026-04-25,1,2,2273820.52,2,{}
EV-BUR-C02177,C02177,CreditInfo,460,D,2026-04-22,5,2,1739279.57,2,{}
EV-BUR-C02178,C02178,CreditInfo,842,A,2026-04-20,1,3,3622336.79,4,{}
EV-BUR-C02179,C02179,TransUnion,746,A,2026-04-23,1,7,815341.01,0,{}
EV-BUR-C02180,C02180,CreditInfo,694,B,2026-04-21,0,4,694526.40,0,{}
EV-BUR-C02181,C02181,CreditInfo,727,A,2026-04-23,0,7,3683630.10,4,{}
EV-BUR-C02182,C02182,TransUnion,611,B,2026-04-20,0,1,2337077.51,2,{}
EV-BUR-C02183,C02183,Metropol,406,D,2026-04-22,3,1,1196193.82,0,{}
EV-BUR-C02184,C02184,TransUnion,577,C,2026-04-24,2,5,934942.36,2,{}
EV-BUR-C02185,C02185,TransUnion,641,B,2026-04-21,0,1,3447458.87,2,{}
EV-BUR-C02186,C02186,CreditInfo,729,A,2026-04-23,1,2,2597176.49,4,{}
EV-BUR-C02187,C02187,CreditInfo,618,B,2026-04-26,1,1,1292011.91,0,{}
EV-BUR-C02188,C02188,TransUnion,595,C,2026-04-21,0,1,3562989.11,4,{}
EV-BUR-C02189,C02189,TransUnion,602,B,2026-04-25,0,2,1308227.09,3,{}
EV-BUR-C02190,C02190,Metropol,662,B,2026-04-26,1,1,2087026.52,4,{}
EV-BUR-C02191,C02191,Metropol,803,A,2026-04-23,1,2,2850464.46,2,{}
EV-BUR-C02192,C02192,CreditInfo,831,A,2026-04-22,0,6,2097377.16,3,{}
EV-BUR-C02193,C02193,Metropol,749,A,2026-04-22,0,1,549888.55,4,{}
EV-BUR-C02194,C02194,Metropol,546,C,2026-04-23,2,5,3575454.55,0,{}
EV-BUR-C02195,C02195,TransUnion,693,B,2026-04-26,0,3,3689605.72,0,{}
EV-BUR-C02196,C02196,CreditInfo,701,B,2026-04-23,0,4,2884716.13,2,{}
EV-BUR-C02197,C02197,TransUnion,592,C,2026-04-21,1,2,3378052.03,3,{}
EV-BUR-C02198,C02198,TransUnion,615,B,2026-04-24,2,5,3031974.84,3,{}
EV-BUR-C02199,C02199,Metropol,658,B,2026-04-23,1,1,2631766.11,1,{}
EV-BUR-C02200,C02200,Metropol,829,A,2026-04-24,2,6,1420845.50,2,{}
EV-BUR-C02201,C02201,Metropol,551,C,2026-04-26,0,4,2189112.19,2,{}
EV-BUR-C02202,C02202,CreditInfo,706,B,2026-04-23,0,1,2284259.15,3,{}
EV-BUR-C02203,C02203,Metropol,560,C,2026-04-22,2,2,3286023.37,0,{}
EV-BUR-C02204,C02204,CreditInfo,552,C,2026-04-24,2,4,2801297.68,2,{}
EV-BUR-C02205,C02205,TransUnion,830,A,2026-04-22,0,5,1994937.03,3,{}
EV-BUR-C02206,C02206,TransUnion,813,A,2026-04-25,1,6,962323.45,2,{}
EV-BUR-C02207,C02207,Metropol,728,A,2026-04-20,1,7,3957202.07,4,{}
EV-BUR-C02208,C02208,TransUnion,656,B,2026-04-24,2,3,842183.42,0,{}
EV-BUR-C02209,C02209,Metropol,790,A,2026-04-26,0,2,715139.15,3,{}
EV-BUR-C02210,C02210,Metropol,821,A,2026-04-22,2,7,3720079.39,2,{}
EV-BUR-C02211,C02211,TransUnion,659,B,2026-04-24,1,2,185425.80,2,{}
EV-BUR-C02212,C02212,Metropol,804,A,2026-04-20,0,3,3332863.97,4,{}
EV-BUR-C02213,C02213,CreditInfo,438,D,2026-04-24,9,7,2742499.55,4,{}
EV-BUR-C02214,C02214,TransUnion,638,B,2026-04-26,0,6,922904.64,0,{}
EV-BUR-C02215,C02215,Metropol,652,B,2026-04-20,0,1,1311078.29,4,{}
EV-BUR-C02216,C02216,TransUnion,667,B,2026-04-23,0,1,3084799.80,0,{}
EV-BUR-C02217,C02217,CreditInfo,828,A,2026-04-26,0,3,3483465.18,0,{}
EV-BUR-C02218,C02218,Metropol,420,D,2026-04-22,3,5,1087178.38,4,{}
EV-BUR-C02219,C02219,TransUnion,762,A,2026-04-24,1,7,2825281.28,4,{}
EV-BUR-C02220,C02220,TransUnion,799,A,2026-04-25,1,6,351487.15,3,{}
EV-BUR-C02221,C02221,Metropol,654,B,2026-04-20,0,3,2215422.32,4,{}
EV-BUR-C02222,C02222,Metropol,668,B,2026-04-22,1,2,2380578.80,1,{}
EV-BUR-C02223,C02223,CreditInfo,804,A,2026-04-21,0,2,1657250.62,3,{}
EV-BUR-C02224,C02224,CreditInfo,634,B,2026-04-26,2,5,2603145.42,4,{}
EV-BUR-C02225,C02225,TransUnion,544,C,2026-04-22,2,2,2884962.66,3,{}
EV-BUR-C02226,C02226,TransUnion,809,A,2026-04-23,0,2,3737714.11,2,{}
EV-BUR-C02227,C02227,Metropol,732,A,2026-04-22,1,1,1487857.01,4,{}
EV-BUR-C02228,C02228,TransUnion,757,A,2026-04-24,2,6,2386009.29,3,{}
EV-BUR-C02229,C02229,TransUnion,549,C,2026-04-25,0,4,1687603.09,4,{}
EV-BUR-C02230,C02230,CreditInfo,572,C,2026-04-25,2,4,3391890.94,1,{}
EV-BUR-C02231,C02231,CreditInfo,843,A,2026-04-23,2,5,3005051.90,0,{}
EV-BUR-C02232,C02232,TransUnion,591,C,2026-04-24,2,7,2859220.61,3,{}
EV-BUR-C02233,C02233,Metropol,739,A,2026-04-21,0,3,3940707.19,0,{}
EV-BUR-C02234,C02234,TransUnion,777,A,2026-04-22,1,6,2368606.20,2,{}
EV-BUR-C02235,C02235,CreditInfo,741,A,2026-04-22,2,6,1913106.31,2,{}
EV-BUR-C02236,C02236,Metropol,777,A,2026-04-25,0,5,3302129.39,2,{}
EV-BUR-C02237,C02237,Metropol,617,B,2026-04-22,1,1,1515284.89,2,{}
EV-BUR-C02238,C02238,CreditInfo,548,C,2026-04-22,2,6,2054323.13,0,{}
EV-BUR-C02239,C02239,CreditInfo,837,A,2026-04-20,0,5,1702491.96,1,{}
EV-BUR-C02240,C02240,Metropol,477,D,2026-04-24,9,1,912888.21,2,{}
EV-BUR-C02241,C02241,CreditInfo,557,C,2026-04-26,0,5,979020.63,4,{}
EV-BUR-C02242,C02242,Metropol,555,C,2026-04-24,2,7,1456769.73,4,{}
EV-BUR-C02243,C02243,CreditInfo,840,A,2026-04-26,1,3,3888716.91,1,{}
EV-BUR-C02244,C02244,TransUnion,608,B,2026-04-24,0,7,962868.46,2,{}
EV-BUR-C02245,C02245,TransUnion,832,A,2026-04-25,1,3,1242020.65,3,{}
EV-BUR-C02246,C02246,CreditInfo,623,B,2026-04-26,2,7,120578.25,1,{}
EV-BUR-C02247,C02247,Metropol,733,A,2026-04-23,0,5,1252190.63,3,{}
EV-BUR-C02248,C02248,CreditInfo,616,B,2026-04-24,0,7,253231.11,2,{}
EV-BUR-C02249,C02249,Metropol,583,C,2026-04-22,1,2,496367.02,2,{}
EV-BUR-C02250,C02250,TransUnion,770,A,2026-04-20,1,7,3193566.04,3,{}
EV-BUR-C02251,C02251,TransUnion,705,B,2026-04-23,1,2,2963174.69,1,{}
EV-BUR-C02252,C02252,Metropol,541,C,2026-04-20,0,5,204274.54,3,{}
EV-BUR-C02253,C02253,TransUnion,574,C,2026-04-20,1,1,2687812.68,3,{}
EV-BUR-C02254,C02254,CreditInfo,817,A,2026-04-26,2,7,3944585.68,4,{}
EV-BUR-C02255,C02255,Metropol,584,C,2026-04-23,2,4,2685894.93,1,{}
EV-BUR-C02256,C02256,Metropol,567,C,2026-04-20,1,4,2289344.05,2,{}
EV-BUR-C02257,C02257,TransUnion,834,A,2026-04-20,1,2,3700039.60,2,{}
EV-BUR-C02258,C02258,TransUnion,802,A,2026-04-20,2,1,3196798.18,1,{}
EV-BUR-C02259,C02259,Metropol,733,A,2026-04-25,0,3,3494714.55,0,{}
EV-BUR-C02260,C02260,Metropol,658,B,2026-04-21,1,3,2346535.78,2,{}
EV-BUR-C02261,C02261,TransUnion,632,B,2026-04-20,1,5,3632889.28,0,{}
EV-BUR-C02262,C02262,CreditInfo,722,A,2026-04-21,0,4,73967.56,3,{}
EV-BUR-C02263,C02263,TransUnion,559,C,2026-04-25,2,4,3458033.15,0,{}
EV-BUR-C02264,C02264,TransUnion,482,D,2026-04-21,3,2,2010259.49,2,{}
EV-BUR-C02265,C02265,Metropol,795,A,2026-04-21,1,3,1903184.68,4,{}
EV-BUR-C02266,C02266,TransUnion,593,C,2026-04-24,2,3,2606488.17,4,{}
EV-BUR-C02267,C02267,Metropol,660,B,2026-04-26,2,5,566107.54,2,{}
EV-BUR-C02268,C02268,Metropol,543,C,2026-04-24,0,1,3185161.31,2,{}
EV-BUR-C02269,C02269,Metropol,518,C,2026-04-21,8,1,2479716.57,4,{}
EV-BUR-C02270,C02270,CreditInfo,743,A,2026-04-22,1,4,126437.28,2,{}
EV-BUR-C02271,C02271,Metropol,541,C,2026-04-23,0,6,2675409.81,1,{}
EV-BUR-C02272,C02272,Metropol,807,A,2026-04-25,0,3,3789282.44,0,{}
EV-BUR-C02273,C02273,CreditInfo,774,A,2026-04-25,2,6,829680.64,0,{}
EV-BUR-C02274,C02274,Metropol,689,B,2026-04-23,0,7,2354489.59,0,{}
EV-BUR-C02275,C02275,Metropol,496,D,2026-04-23,6,4,3528926.17,3,{}
EV-BUR-C02276,C02276,CreditInfo,567,C,2026-04-23,0,6,454224.45,3,{}
EV-BUR-C02277,C02277,Metropol,732,A,2026-04-26,2,1,1429254.05,1,{}
EV-BUR-C02278,C02278,TransUnion,634,B,2026-04-26,1,5,3541849.26,1,{}
EV-BUR-C02279,C02279,TransUnion,597,C,2026-04-25,2,4,3150835.78,3,{}
EV-BUR-C02280,C02280,TransUnion,738,A,2026-04-21,1,7,2506511.99,4,{}
EV-BUR-C02281,C02281,Metropol,593,C,2026-04-23,1,5,3904785.17,2,{}
EV-BUR-C02282,C02282,CreditInfo,709,B,2026-04-21,1,5,2051657.10,1,{}
EV-BUR-C02283,C02283,TransUnion,598,C,2026-04-26,1,4,3736603.47,0,{}
EV-BUR-C02284,C02284,Metropol,714,B,2026-04-22,1,1,1562743.75,1,{}
EV-BUR-C02285,C02285,Metropol,671,B,2026-04-22,2,6,590405.37,4,{}
EV-BUR-C02286,C02286,CreditInfo,685,B,2026-04-26,1,6,131913.36,2,{}
EV-BUR-C02287,C02287,Metropol,731,A,2026-04-22,0,5,3206791.95,1,{}
EV-BUR-C02288,C02288,Metropol,623,B,2026-04-26,2,3,1510007.40,1,{}
EV-BUR-C02289,C02289,TransUnion,427,D,2026-04-23,8,6,3286913.30,4,{}
EV-BUR-C02290,C02290,CreditInfo,690,B,2026-04-21,0,1,3459675.83,0,{}
EV-BUR-C02291,C02291,CreditInfo,827,A,2026-04-24,1,6,3420484.92,3,{}
EV-BUR-C02292,C02292,Metropol,800,A,2026-04-22,0,6,866858.63,2,{}
EV-BUR-C02293,C02293,TransUnion,546,C,2026-04-21,2,4,3865787.94,2,{}
EV-BUR-C02294,C02294,Metropol,790,A,2026-04-25,2,3,2632761.05,3,{}
EV-BUR-C02295,C02295,TransUnion,708,B,2026-04-24,0,6,1369837.99,2,{}
EV-BUR-C02296,C02296,Metropol,594,C,2026-04-22,1,1,215142.56,0,{}
EV-BUR-C02297,C02297,Metropol,581,C,2026-04-23,0,5,2228886.14,2,{}
EV-BUR-C02298,C02298,Metropol,618,B,2026-04-22,2,1,2691941.19,3,{}
EV-BUR-C02299,C02299,TransUnion,564,C,2026-04-24,1,4,1047145.26,1,{}
EV-BUR-C02300,C02300,TransUnion,841,A,2026-04-22,0,5,2309811.40,0,{}
EV-BUR-C02301,C02301,Metropol,802,A,2026-04-22,2,6,856373.68,4,{}
EV-BUR-C02302,C02302,CreditInfo,579,C,2026-04-24,0,1,2726574.81,2,{}
EV-BUR-C02303,C02303,CreditInfo,761,A,2026-04-25,1,2,2622081.60,1,{}
EV-BUR-C02304,C02304,CreditInfo,665,B,2026-04-25,1,2,2015941.35,1,{}
EV-BUR-C02305,C02305,CreditInfo,823,A,2026-04-20,2,3,3015708.69,4,{}
EV-BUR-C02306,C02306,Metropol,817,A,2026-04-20,0,4,2799216.86,1,{}
EV-BUR-C02307,C02307,CreditInfo,790,A,2026-04-22,2,1,632517.60,3,{}
EV-BUR-C02308,C02308,CreditInfo,719,B,2026-04-21,1,4,804200.07,2,{}
EV-BUR-C02309,C02309,TransUnion,699,B,2026-04-21,2,5,635538.63,1,{}
EV-BUR-C02310,C02310,CreditInfo,759,A,2026-04-23,2,4,168052.91,4,{}
EV-BUR-C02311,C02311,Metropol,684,B,2026-04-22,2,1,2791220.92,2,{}
EV-BUR-C02312,C02312,Metropol,552,C,2026-04-25,0,1,1285064.69,3,{}
EV-BUR-C02313,C02313,Metropol,803,A,2026-04-26,2,5,2895556.37,4,{}
EV-BUR-C02314,C02314,TransUnion,828,A,2026-04-24,0,7,1989627.52,4,{}
EV-BUR-C02315,C02315,TransUnion,615,B,2026-04-22,0,1,1914464.07,0,{}
EV-BUR-C02316,C02316,TransUnion,754,A,2026-04-21,1,5,786501.01,4,{}
EV-BUR-C02317,C02317,CreditInfo,720,A,2026-04-21,0,7,3633534.79,3,{}
EV-BUR-C02318,C02318,Metropol,592,C,2026-04-21,1,7,167772.67,0,{}
EV-BUR-C02319,C02319,TransUnion,745,A,2026-04-26,1,7,575104.21,0,{}
EV-BUR-C02320,C02320,TransUnion,428,D,2026-04-21,4,7,3573195.76,1,{}
EV-BUR-C02321,C02321,CreditInfo,417,D,2026-04-25,5,6,2375015.15,1,{}
EV-BUR-C02322,C02322,TransUnion,640,B,2026-04-25,0,3,1360684.00,4,{}
EV-BUR-C02323,C02323,TransUnion,426,D,2026-04-26,9,5,2964020.78,3,{}
EV-BUR-C02324,C02324,CreditInfo,776,A,2026-04-21,2,5,3083349.81,1,{}
EV-BUR-C02325,C02325,CreditInfo,692,B,2026-04-20,2,4,2038271.17,3,{}
EV-BUR-C02326,C02326,Metropol,634,B,2026-04-24,0,6,1241306.45,2,{}
EV-BUR-C02327,C02327,CreditInfo,618,B,2026-04-26,1,5,2618576.28,2,{}
EV-BUR-C02328,C02328,Metropol,748,A,2026-04-26,1,3,3714847.60,0,{}
EV-BUR-C02329,C02329,Metropol,721,A,2026-04-20,0,6,2550065.09,0,{}
EV-BUR-C02330,C02330,CreditInfo,647,B,2026-04-20,1,3,3520490.89,0,{}
EV-BUR-C02331,C02331,CreditInfo,669,B,2026-04-22,0,7,3493728.32,1,{}
EV-BUR-C02332,C02332,CreditInfo,761,A,2026-04-20,2,6,3433908.72,2,{}
EV-BUR-C02333,C02333,TransUnion,616,B,2026-04-25,1,2,84260.50,1,{}
EV-BUR-C02334,C02334,CreditInfo,830,A,2026-04-20,2,2,697803.30,2,{}
EV-BUR-C02335,C02335,TransUnion,560,C,2026-04-21,0,7,3422175.50,0,{}
EV-BUR-C02336,C02336,CreditInfo,702,B,2026-04-26,1,7,3933772.59,4,{}
EV-BUR-C02337,C02337,TransUnion,547,C,2026-04-21,0,3,1611651.37,2,{}
EV-BUR-C02338,C02338,Metropol,794,A,2026-04-26,2,2,436076.81,3,{}
EV-BUR-C02339,C02339,Metropol,651,B,2026-04-26,1,7,2103681.57,3,{}
EV-BUR-C02340,C02340,TransUnion,557,C,2026-04-25,0,2,2245433.83,4,{}
EV-BUR-C02341,C02341,Metropol,794,A,2026-04-26,0,6,2449556.83,2,{}
EV-BUR-C02342,C02342,CreditInfo,586,C,2026-04-21,2,4,3833406.02,1,{}
EV-BUR-C02343,C02343,Metropol,692,B,2026-04-22,0,6,808224.29,1,{}
EV-BUR-C02344,C02344,TransUnion,755,A,2026-04-21,0,3,568230.21,3,{}
EV-BUR-C02345,C02345,TransUnion,794,A,2026-04-20,0,2,3968944.34,1,{}
EV-BUR-C02346,C02346,CreditInfo,644,B,2026-04-25,0,1,2156228.75,1,{}
EV-BUR-C02347,C02347,TransUnion,748,A,2026-04-23,2,2,553823.48,0,{}
EV-BUR-C02348,C02348,CreditInfo,779,A,2026-04-22,2,4,3650626.97,1,{}
EV-BUR-C02349,C02349,Metropol,459,D,2026-04-22,9,7,206097.20,4,{}
EV-BUR-C02350,C02350,TransUnion,747,A,2026-04-24,0,7,3658574.59,0,{}
EV-BUR-C02351,C02351,CreditInfo,730,A,2026-04-24,1,4,323274.62,0,{}
EV-BUR-C02352,C02352,Metropol,843,A,2026-04-21,2,6,3843248.44,2,{}
EV-BUR-C02353,C02353,Metropol,750,A,2026-04-26,0,2,932589.27,3,{}
EV-BUR-C02354,C02354,TransUnion,791,A,2026-04-23,1,1,2884684.65,4,{}
EV-BUR-C02355,C02355,CreditInfo,814,A,2026-04-25,0,4,3264562.08,2,{}
EV-BUR-C02356,C02356,CreditInfo,781,A,2026-04-21,2,5,1241571.89,4,{}
EV-BUR-C02357,C02357,Metropol,654,B,2026-04-24,0,4,3086313.13,0,{}
EV-BUR-C02358,C02358,Metropol,554,C,2026-04-22,0,5,1219178.93,1,{}
EV-BUR-C02359,C02359,CreditInfo,798,A,2026-04-25,0,7,1130129.73,2,{}
EV-BUR-C02360,C02360,TransUnion,671,B,2026-04-26,0,7,2689001.58,2,{}
EV-BUR-C02361,C02361,TransUnion,682,B,2026-04-24,1,1,3256440.74,4,{}
EV-BUR-C02362,C02362,Metropol,616,B,2026-04-20,0,1,3953413.18,3,{}
EV-BUR-C02363,C02363,CreditInfo,698,B,2026-04-21,0,1,2258637.34,1,{}
EV-BUR-C02364,C02364,Metropol,605,B,2026-04-22,2,3,1088395.78,0,{}
EV-BUR-C02365,C02365,Metropol,622,B,2026-04-24,1,1,3715789.79,2,{}
EV-BUR-C02366,C02366,Metropol,617,B,2026-04-26,2,3,1175613.98,2,{}
EV-BUR-C02367,C02367,TransUnion,835,A,2026-04-25,2,4,3189234.85,3,{}
EV-BUR-C02368,C02368,TransUnion,722,A,2026-04-21,0,4,1979951.08,3,{}
EV-BUR-C02369,C02369,Metropol,663,B,2026-04-26,0,7,3733909.00,1,{}
EV-BUR-C02370,C02370,TransUnion,602,B,2026-04-23,1,7,3043969.74,3,{}
EV-BUR-C02371,C02371,CreditInfo,703,B,2026-04-22,1,4,1006120.11,1,{}
EV-BUR-C02372,C02372,CreditInfo,561,C,2026-04-24,1,4,253542.80,2,{}
EV-BUR-C02373,C02373,Metropol,603,B,2026-04-26,1,1,2885099.73,3,{}
EV-BUR-C02374,C02374,CreditInfo,654,B,2026-04-20,1,6,3076177.09,3,{}
EV-BUR-C02375,C02375,Metropol,795,A,2026-04-25,1,1,153210.88,4,{}
EV-BUR-C02376,C02376,TransUnion,682,B,2026-04-26,1,5,3777720.14,4,{}
EV-BUR-C02377,C02377,Metropol,723,A,2026-04-25,2,6,3132563.41,4,{}
EV-BUR-C02378,C02378,Metropol,791,A,2026-04-26,0,3,760850.23,1,{}
EV-BUR-C02379,C02379,TransUnion,805,A,2026-04-21,1,5,1970926.96,0,{}
EV-BUR-C02380,C02380,CreditInfo,628,B,2026-04-26,0,3,2422483.10,0,{}
EV-BUR-C02381,C02381,TransUnion,844,A,2026-04-23,0,7,3140847.63,3,{}
EV-BUR-C02382,C02382,TransUnion,559,C,2026-04-20,1,3,2157384.07,2,{}
EV-BUR-C02383,C02383,CreditInfo,665,B,2026-04-21,1,3,1042711.48,0,{}
EV-BUR-C02384,C02384,Metropol,779,A,2026-04-24,1,5,3100529.79,2,{}
EV-BUR-C02385,C02385,CreditInfo,579,C,2026-04-26,0,3,2386800.93,2,{}
EV-BUR-C02386,C02386,Metropol,613,B,2026-04-22,1,1,2956946.98,1,{}
EV-BUR-C02387,C02387,Metropol,733,A,2026-04-22,2,6,1209317.20,2,{}
EV-BUR-C02388,C02388,CreditInfo,755,A,2026-04-21,2,6,3622861.55,0,{}
EV-BUR-C02389,C02389,CreditInfo,702,B,2026-04-23,2,1,817487.05,4,{}
EV-BUR-C02390,C02390,CreditInfo,842,A,2026-04-21,1,7,3408594.90,0,{}
EV-BUR-C02391,C02391,TransUnion,546,C,2026-04-20,0,1,2822158.43,4,{}
EV-BUR-C02392,C02392,CreditInfo,622,B,2026-04-22,2,6,1066445.99,0,{}
EV-BUR-C02393,C02393,TransUnion,748,A,2026-04-22,0,4,2246431.84,1,{}
EV-BUR-C02394,C02394,Metropol,608,B,2026-04-24,0,7,1049107.57,3,{}
EV-BUR-C02395,C02395,TransUnion,779,A,2026-04-23,1,2,2794759.81,1,{}
EV-BUR-C02396,C02396,TransUnion,758,A,2026-04-20,2,4,1337402.56,2,{}
EV-BUR-C02397,C02397,CreditInfo,297,E,2026-04-22,7,3,1706166.88,1,{}
EV-BUR-C02398,C02398,TransUnion,615,B,2026-04-23,2,5,778984.63,0,{}
EV-BUR-C02399,C02399,CreditInfo,812,A,2026-04-20,2,3,778538.06,0,{}
EV-BUR-C02400,C02400,CreditInfo,671,B,2026-04-25,2,6,3815055.93,2,{}
EV-BUR-C02401,C02401,TransUnion,714,B,2026-04-24,2,2,907327.41,3,{}
EV-BUR-C02402,C02402,CreditInfo,640,B,2026-04-20,1,6,3331870.49,4,{}
EV-BUR-C02403,C02403,TransUnion,679,B,2026-04-23,0,4,3011097.93,2,{}
EV-BUR-C02404,C02404,Metropol,591,C,2026-04-25,2,6,1829015.43,3,{}
EV-BUR-C02405,C02405,Metropol,663,B,2026-04-20,2,6,2961765.95,3,{}
EV-BUR-C02406,C02406,CreditInfo,576,C,2026-04-20,2,3,548862.36,3,{}
EV-BUR-C02407,C02407,Metropol,585,C,2026-04-21,2,6,235480.43,3,{}
EV-BUR-C02408,C02408,CreditInfo,632,B,2026-04-22,2,7,204593.67,0,{}
EV-BUR-C02409,C02409,Metropol,558,C,2026-04-26,1,1,2504322.77,2,{}
EV-BUR-C02410,C02410,Metropol,600,B,2026-04-21,1,1,2821719.45,3,{}
EV-BUR-C02411,C02411,Metropol,677,B,2026-04-22,0,6,3317318.88,3,{}
EV-BUR-C02412,C02412,Metropol,790,A,2026-04-23,0,2,1549745.40,0,{}
EV-BUR-C02413,C02413,Metropol,743,A,2026-04-20,1,1,425253.12,4,{}
EV-BUR-C02414,C02414,Metropol,847,A,2026-04-24,1,5,217837.48,4,{}
EV-BUR-C02415,C02415,TransUnion,770,A,2026-04-26,1,2,2522814.64,1,{}
EV-BUR-C02416,C02416,CreditInfo,572,C,2026-04-20,2,2,919441.63,3,{}
EV-BUR-C02417,C02417,CreditInfo,829,A,2026-04-24,1,2,2635047.73,1,{}
EV-BUR-C02418,C02418,Metropol,825,A,2026-04-21,2,7,2444447.15,1,{}
EV-BUR-C02419,C02419,Metropol,821,A,2026-04-24,1,5,658687.72,1,{}
EV-BUR-C02420,C02420,CreditInfo,791,A,2026-04-26,2,5,1620495.27,4,{}
EV-BUR-C02421,C02421,TransUnion,805,A,2026-04-26,2,6,72653.81,3,{}
EV-BUR-C02422,C02422,TransUnion,734,A,2026-04-22,1,4,655555.41,2,{}
EV-BUR-C02423,C02423,TransUnion,836,A,2026-04-26,0,1,560587.43,2,{}
EV-BUR-C02424,C02424,TransUnion,602,B,2026-04-25,0,6,2424752.07,1,{}
EV-BUR-C02425,C02425,CreditInfo,791,A,2026-04-21,0,6,1861168.95,0,{}
EV-BUR-C02426,C02426,TransUnion,618,B,2026-04-23,1,1,963117.21,2,{}
EV-BUR-C02427,C02427,Metropol,838,A,2026-04-21,0,3,2643996.05,2,{}
EV-BUR-C02428,C02428,TransUnion,710,B,2026-04-23,0,1,1594900.93,4,{}
EV-BUR-C02429,C02429,TransUnion,285,E,2026-04-25,7,5,1992712.58,2,{}
EV-BUR-C02430,C02430,TransUnion,566,C,2026-04-25,2,6,3414556.77,0,{}
EV-BUR-C02431,C02431,Metropol,612,B,2026-04-25,1,7,3264177.58,1,{}
EV-BUR-C02432,C02432,CreditInfo,828,A,2026-04-22,0,1,2721097.19,4,{}
EV-BUR-C02433,C02433,Metropol,654,B,2026-04-20,0,6,489213.22,2,{}
EV-BUR-C02434,C02434,Metropol,671,B,2026-04-20,1,5,1387448.53,2,{}
EV-BUR-C02435,C02435,CreditInfo,648,B,2026-04-25,1,3,480404.61,4,{}
EV-BUR-C02436,C02436,Metropol,806,A,2026-04-24,0,4,3232282.82,0,{}
EV-BUR-C02437,C02437,CreditInfo,822,A,2026-04-21,1,6,3604374.59,2,{}
EV-BUR-C02438,C02438,CreditInfo,645,B,2026-04-22,0,3,3197291.85,2,{}
EV-BUR-C02439,C02439,TransUnion,566,C,2026-04-21,1,2,547879.58,1,{}
EV-BUR-C02440,C02440,Metropol,641,B,2026-04-25,2,7,1938097.27,1,{}
EV-BUR-C02441,C02441,CreditInfo,592,C,2026-04-23,1,6,1272581.79,1,{}
EV-BUR-C02442,C02442,Metropol,562,C,2026-04-22,1,2,1923445.34,0,{}
EV-BUR-C02443,C02443,CreditInfo,587,C,2026-04-23,0,5,3755027.16,1,{}
EV-BUR-C02444,C02444,TransUnion,624,B,2026-04-26,1,5,2864374.77,4,{}
EV-BUR-C02445,C02445,Metropol,760,A,2026-04-24,2,5,3151427.70,1,{}
EV-BUR-C02446,C02446,TransUnion,588,C,2026-04-24,0,4,792645.05,4,{}
EV-BUR-C02447,C02447,Metropol,586,C,2026-04-22,1,2,2558469.71,2,{}
EV-BUR-C02448,C02448,TransUnion,284,E,2026-04-23,5,5,2559994.19,2,{}
EV-BUR-C02449,C02449,CreditInfo,674,B,2026-04-24,2,4,426907.92,1,{}
EV-BUR-C02450,C02450,Metropol,845,A,2026-04-20,2,4,405451.39,2,{}
EV-BUR-C02451,C02451,TransUnion,685,B,2026-04-25,1,7,1146620.94,2,{}
EV-BUR-C02452,C02452,TransUnion,588,C,2026-04-21,1,6,2889421.38,1,{}
EV-BUR-C02453,C02453,Metropol,568,C,2026-04-26,1,3,331604.64,2,{}
EV-BUR-C02454,C02454,TransUnion,734,A,2026-04-22,2,7,2162045.38,0,{}
EV-BUR-C02455,C02455,CreditInfo,849,A,2026-04-26,1,3,2852204.56,0,{}
EV-BUR-C02456,C02456,TransUnion,576,C,2026-04-23,2,4,1952992.96,2,{}
EV-BUR-C02457,C02457,TransUnion,763,A,2026-04-26,1,5,726516.29,0,{}
EV-BUR-C02458,C02458,TransUnion,431,D,2026-04-21,7,2,3621005.80,1,{}
EV-BUR-C02459,C02459,TransUnion,792,A,2026-04-21,0,3,2624632.39,2,{}
EV-BUR-C02460,C02460,TransUnion,747,A,2026-04-23,1,6,957919.89,0,{}
EV-BUR-C02461,C02461,CreditInfo,846,A,2026-04-26,0,2,1404630.57,0,{}
EV-BUR-C02462,C02462,CreditInfo,727,A,2026-04-23,2,6,1098656.62,4,{}
EV-BUR-C02463,C02463,CreditInfo,553,C,2026-04-21,0,1,1144762.84,4,{}
EV-BUR-C02464,C02464,Metropol,644,B,2026-04-25,2,2,3687733.00,2,{}
EV-BUR-C02465,C02465,CreditInfo,596,C,2026-04-26,0,3,792872.16,1,{}
EV-BUR-C02466,C02466,CreditInfo,841,A,2026-04-22,1,3,3950329.44,1,{}
EV-BUR-C02467,C02467,CreditInfo,845,A,2026-04-25,0,7,1809198.18,2,{}
EV-BUR-C02468,C02468,TransUnion,547,C,2026-04-21,2,5,1190994.84,0,{}
EV-BUR-C02469,C02469,Metropol,780,A,2026-04-23,2,2,3349701.10,4,{}
EV-BUR-C02470,C02470,TransUnion,609,B,2026-04-21,2,7,2096093.09,0,{}
EV-BUR-C02471,C02471,TransUnion,831,A,2026-04-21,1,2,1223456.40,4,{}
EV-BUR-C02472,C02472,Metropol,692,B,2026-04-25,1,6,1000298.75,0,{}
EV-BUR-C02473,C02473,TransUnion,772,A,2026-04-26,0,7,2130147.22,3,{}
EV-BUR-C02474,C02474,TransUnion,695,B,2026-04-26,1,4,2472104.19,3,{}
EV-BUR-C02475,C02475,CreditInfo,628,B,2026-04-24,2,3,887479.18,3,{}
EV-BUR-C02476,C02476,TransUnion,638,B,2026-04-24,1,5,3929056.15,4,{}
EV-BUR-C02477,C02477,CreditInfo,847,A,2026-04-26,1,2,607678.63,3,{}
EV-BUR-C02478,C02478,Metropol,592,C,2026-04-21,2,6,3861705.91,0,{}
EV-BUR-C02479,C02479,CreditInfo,750,A,2026-04-25,2,6,706181.51,1,{}
EV-BUR-C02480,C02480,CreditInfo,357,E,2026-04-24,3,1,1429767.90,4,{}
EV-BUR-C02481,C02481,Metropol,683,B,2026-04-21,0,7,1244561.18,3,{}
EV-BUR-C02482,C02482,CreditInfo,745,A,2026-04-24,0,5,2515447.91,2,{}
EV-BUR-C02483,C02483,CreditInfo,723,A,2026-04-24,0,5,2918653.25,4,{}
EV-BUR-C02484,C02484,CreditInfo,816,A,2026-04-25,1,3,1520456.39,4,{}
EV-BUR-C02485,C02485,CreditInfo,606,B,2026-04-24,1,5,3453398.96,1,{}
EV-BUR-C02486,C02486,CreditInfo,774,A,2026-04-21,0,7,155236.47,4,{}
EV-BUR-C02487,C02487,Metropol,627,B,2026-04-22,1,2,3485022.92,4,{}
EV-BUR-C02488,C02488,TransUnion,616,B,2026-04-24,2,6,2726984.28,1,{}
EV-BUR-C02489,C02489,TransUnion,668,B,2026-04-23,0,4,3189972.44,2,{}
EV-BUR-C02490,C02490,TransUnion,642,B,2026-04-21,1,3,3082312.04,1,{}
EV-BUR-C02491,C02491,TransUnion,740,A,2026-04-23,0,5,207363.65,4,{}
EV-BUR-C02492,C02492,CreditInfo,710,B,2026-04-26,2,7,2603239.66,1,{}
EV-BUR-C02493,C02493,CreditInfo,555,C,2026-04-22,0,4,2300384.68,4,{}
EV-BUR-C02494,C02494,TransUnion,339,E,2026-04-21,6,1,558734.83,0,{}
EV-BUR-C02495,C02495,CreditInfo,667,B,2026-04-25,1,1,2805229.92,2,{}
EV-BUR-C02496,C02496,Metropol,589,C,2026-04-21,1,4,2430064.66,3,{}
EV-BUR-C02497,C02497,Metropol,685,B,2026-04-25,0,5,1727495.78,0,{}
EV-BUR-C02498,C02498,Metropol,613,B,2026-04-25,2,2,3118989.04,0,{}
EV-BUR-C02499,C02499,Metropol,634,B,2026-04-24,2,5,443099.44,3,{}
EV-BUR-C02500,C02500,Metropol,812,A,2026-04-23,2,2,707736.35,0,{}
EV-BUR-C02501,C02501,TransUnion,673,B,2026-04-21,1,2,2042461.15,3,{}
EV-BUR-C02502,C02502,CreditInfo,736,A,2026-04-20,0,2,3773782.16,0,{}
EV-BUR-C02503,C02503,CreditInfo,681,B,2026-04-26,2,6,3840868.04,1,{}
EV-BUR-C02504,C02504,TransUnion,808,A,2026-04-22,1,1,1025832.14,4,{}
EV-BUR-C02505,C02505,Metropol,597,C,2026-04-22,0,3,1007371.34,2,{}
EV-BUR-C02506,C02506,TransUnion,820,A,2026-04-20,2,5,2465130.48,4,{}
EV-BUR-C02507,C02507,TransUnion,771,A,2026-04-22,1,4,272218.01,3,{}
EV-BUR-C02508,C02508,CreditInfo,727,A,2026-04-20,2,2,122229.64,0,{}
EV-BUR-C02509,C02509,Metropol,742,A,2026-04-22,2,3,3987792.63,4,{}
EV-BUR-C02510,C02510,CreditInfo,318,E,2026-04-23,6,2,3626251.47,0,{}
EV-BUR-C02511,C02511,TransUnion,628,B,2026-04-23,1,5,1946668.90,0,{}
EV-BUR-C02512,C02512,TransUnion,571,C,2026-04-21,1,1,2242033.81,2,{}
EV-BUR-C02513,C02513,TransUnion,584,C,2026-04-26,0,4,3179455.35,4,{}
EV-BUR-C02514,C02514,Metropol,625,B,2026-04-26,0,3,1865930.26,4,{}
EV-BUR-C02515,C02515,TransUnion,671,B,2026-04-20,1,7,3497809.67,0,{}
EV-BUR-C02516,C02516,TransUnion,680,B,2026-04-26,0,3,2621355.26,2,{}
EV-BUR-C02517,C02517,Metropol,759,A,2026-04-23,0,3,2830786.77,1,{}
EV-BUR-C02518,C02518,CreditInfo,672,B,2026-04-24,0,7,1960845.61,4,{}
EV-BUR-C02519,C02519,Metropol,817,A,2026-04-22,0,7,1460783.64,2,{}
EV-BUR-C02520,C02520,Metropol,844,A,2026-04-22,0,2,3966237.34,1,{}
EV-BUR-C02521,C02521,Metropol,663,B,2026-04-24,0,5,2741301.66,3,{}
EV-BUR-C02522,C02522,Metropol,715,B,2026-04-23,0,2,2995531.03,0,{}
EV-BUR-C02523,C02523,Metropol,649,B,2026-04-21,1,6,3314590.49,2,{}
EV-BUR-C02524,C02524,TransUnion,676,B,2026-04-26,2,6,3019943.26,1,{}
EV-BUR-C02525,C02525,TransUnion,694,B,2026-04-20,2,2,2909062.61,3,{}
EV-BUR-C02526,C02526,Metropol,750,A,2026-04-21,1,7,2680119.76,1,{}
EV-BUR-C02527,C02527,Metropol,572,C,2026-04-23,2,6,1040227.64,4,{}
EV-BUR-C02528,C02528,Metropol,710,B,2026-04-23,0,5,3598711.25,4,{}
EV-BUR-C02529,C02529,Metropol,753,A,2026-04-20,1,5,721162.29,4,{}
EV-BUR-C02530,C02530,Metropol,625,B,2026-04-23,1,5,737233.39,4,{}
EV-BUR-C02531,C02531,Metropol,606,B,2026-04-20,0,5,118695.60,1,{}
EV-BUR-C02532,C02532,CreditInfo,736,A,2026-04-24,2,7,1700042.46,4,{}
EV-BUR-C02533,C02533,CreditInfo,380,E,2026-04-26,8,4,457509.05,2,{}
EV-BUR-C02534,C02534,TransUnion,602,B,2026-04-21,2,1,2355593.24,2,{}
EV-BUR-C02535,C02535,Metropol,808,A,2026-04-20,0,3,3673663.78,1,{}
EV-BUR-C02536,C02536,Metropol,389,E,2026-04-26,8,2,2721236.90,3,{}
EV-BUR-C02537,C02537,CreditInfo,735,A,2026-04-22,2,6,1609461.31,0,{}
EV-BUR-C02538,C02538,CreditInfo,750,A,2026-04-25,1,3,247555.79,0,{}
EV-BUR-C02539,C02539,TransUnion,713,B,2026-04-25,0,3,480011.50,2,{}
EV-BUR-C02540,C02540,TransUnion,816,A,2026-04-26,1,5,3337299.75,0,{}
EV-BUR-C02541,C02541,Metropol,769,A,2026-04-20,1,5,806618.22,1,{}
EV-BUR-C02542,C02542,CreditInfo,615,B,2026-04-23,1,5,2428832.41,2,{}
EV-BUR-C02543,C02543,Metropol,790,A,2026-04-26,2,2,2719850.68,2,{}
EV-BUR-C02544,C02544,Metropol,581,C,2026-04-20,2,2,1632324.08,0,{}
EV-BUR-C02545,C02545,Metropol,679,B,2026-04-22,2,2,3374624.39,1,{}
EV-BUR-C02546,C02546,TransUnion,640,B,2026-04-22,1,7,2559902.02,4,{}
EV-BUR-C02547,C02547,Metropol,576,C,2026-04-26,0,6,2563126.13,1,{}
EV-BUR-C02548,C02548,CreditInfo,676,B,2026-04-25,1,3,933278.02,1,{}
EV-BUR-C02549,C02549,CreditInfo,711,B,2026-04-20,1,3,463799.26,1,{}
EV-BUR-C02550,C02550,TransUnion,835,A,2026-04-22,2,3,2461454.45,1,{}
EV-BUR-C02551,C02551,TransUnion,731,A,2026-04-21,2,6,642505.45,4,{}
EV-BUR-C02552,C02552,CreditInfo,812,A,2026-04-20,1,7,3085695.84,2,{}
EV-BUR-C02553,C02553,TransUnion,753,A,2026-04-26,2,3,157792.06,0,{}
EV-BUR-C02554,C02554,CreditInfo,632,B,2026-04-26,0,3,3164632.65,4,{}
EV-BUR-C02555,C02555,CreditInfo,801,A,2026-04-21,0,7,1164445.32,4,{}
EV-BUR-C02556,C02556,CreditInfo,826,A,2026-04-20,0,2,3116566.79,4,{}
EV-BUR-C02557,C02557,Metropol,733,A,2026-04-25,1,2,2192202.49,3,{}
EV-BUR-C02558,C02558,TransUnion,849,A,2026-04-25,0,7,1804503.33,3,{}
EV-BUR-C02559,C02559,Metropol,672,B,2026-04-20,0,1,2930089.34,1,{}
EV-BUR-C02560,C02560,Metropol,592,C,2026-04-22,2,6,265028.90,4,{}
EV-BUR-C02561,C02561,Metropol,541,C,2026-04-23,0,7,3956255.09,3,{}
EV-BUR-C02562,C02562,Metropol,647,B,2026-04-23,0,3,1138797.71,1,{}
EV-BUR-C02563,C02563,Metropol,612,B,2026-04-20,1,1,160233.07,3,{}
EV-BUR-C02564,C02564,CreditInfo,803,A,2026-04-24,0,1,638435.46,4,{}
EV-BUR-C02565,C02565,TransUnion,801,A,2026-04-23,2,3,428070.84,1,{}
EV-BUR-C02566,C02566,Metropol,736,A,2026-04-21,0,2,2629192.35,3,{}
EV-BUR-C02567,C02567,CreditInfo,835,A,2026-04-20,2,4,1267947.32,4,{}
EV-BUR-C02568,C02568,CreditInfo,563,C,2026-04-24,1,1,3401754.59,3,{}
EV-BUR-C02569,C02569,CreditInfo,783,A,2026-04-25,1,7,2095193.60,4,{}
EV-BUR-C02570,C02570,Metropol,695,B,2026-04-24,0,3,2057407.54,4,{}
EV-BUR-C02571,C02571,TransUnion,608,B,2026-04-25,1,6,2155529.35,2,{}
EV-BUR-C02572,C02572,Metropol,637,B,2026-04-22,2,2,475148.25,4,{}
EV-BUR-C02573,C02573,Metropol,758,A,2026-04-25,1,4,3754961.10,0,{}
EV-BUR-C02574,C02574,TransUnion,719,B,2026-04-20,2,5,3269147.39,3,{}
EV-BUR-C02575,C02575,TransUnion,748,A,2026-04-20,0,7,3515133.69,2,{}
EV-BUR-C02576,C02576,CreditInfo,678,B,2026-04-22,2,2,2188613.11,2,{}
EV-BUR-C02577,C02577,TransUnion,743,A,2026-04-20,1,7,506358.18,1,{}
EV-BUR-C02578,C02578,Metropol,760,A,2026-04-23,0,7,2994495.38,3,{}
EV-BUR-C02579,C02579,CreditInfo,621,B,2026-04-23,1,5,3208453.64,3,{}
EV-BUR-C02580,C02580,CreditInfo,574,C,2026-04-22,2,2,3047578.41,1,{}
EV-BUR-C02581,C02581,CreditInfo,558,C,2026-04-25,2,5,1924599.75,4,{}
EV-BUR-C02582,C02582,TransUnion,558,C,2026-04-24,2,1,1441214.98,2,{}
EV-BUR-C02583,C02583,CreditInfo,778,A,2026-04-23,2,7,1346096.54,0,{}
EV-BUR-C02584,C02584,Metropol,546,C,2026-04-24,2,5,3956330.65,3,{}
EV-BUR-C02585,C02585,CreditInfo,793,A,2026-04-20,2,7,2224085.73,4,{}
EV-BUR-C02586,C02586,CreditInfo,425,D,2026-04-25,8,2,3752648.25,3,{}
EV-BUR-C02587,C02587,Metropol,799,A,2026-04-24,2,5,1221440.72,1,{}
EV-BUR-C02588,C02588,TransUnion,520,C,2026-04-20,7,5,664010.64,2,{}
EV-BUR-C02589,C02589,TransUnion,423,D,2026-04-21,6,3,985270.17,1,{}
EV-BUR-C02590,C02590,CreditInfo,635,B,2026-04-20,2,4,3878384.79,3,{}
EV-BUR-C02591,C02591,CreditInfo,684,B,2026-04-23,0,5,1386314.96,0,{}
EV-BUR-C02592,C02592,CreditInfo,778,A,2026-04-23,0,3,3368418.63,3,{}
EV-BUR-C02593,C02593,CreditInfo,732,A,2026-04-21,2,3,414013.07,1,{}
EV-BUR-C02594,C02594,Metropol,708,B,2026-04-20,0,3,1346574.12,0,{}
EV-BUR-C02595,C02595,TransUnion,680,B,2026-04-22,0,2,3791863.45,3,{}
EV-BUR-C02596,C02596,Metropol,726,A,2026-04-24,1,4,3721433.70,3,{}
EV-BUR-C02597,C02597,Metropol,445,D,2026-04-24,3,2,50652.37,3,{}
EV-BUR-C02598,C02598,CreditInfo,573,C,2026-04-23,0,1,1238875.95,2,{}
EV-BUR-C02599,C02599,Metropol,547,C,2026-04-24,1,2,3018533.15,4,{}
EV-BUR-C02600,C02600,Metropol,752,A,2026-04-21,2,2,834562.84,0,{}
EV-BUR-C02601,C02601,CreditInfo,706,B,2026-04-22,2,5,3989369.57,3,{}
EV-BUR-C02602,C02602,Metropol,834,A,2026-04-26,1,6,1881445.53,1,{}
EV-BUR-C02603,C02603,CreditInfo,679,B,2026-04-21,2,7,2910443.38,1,{}
EV-BUR-C02604,C02604,CreditInfo,659,B,2026-04-21,1,5,1913691.22,0,{}
EV-BUR-C02605,C02605,TransUnion,711,B,2026-04-23,1,7,1007773.41,0,{}
EV-BUR-C02606,C02606,TransUnion,700,B,2026-04-25,0,2,1075414.07,4,{}
EV-BUR-C02607,C02607,CreditInfo,657,B,2026-04-26,1,5,2730046.45,3,{}
EV-BUR-C02608,C02608,Metropol,662,B,2026-04-22,1,3,3437489.04,4,{}
EV-BUR-C02609,C02609,Metropol,568,C,2026-04-26,0,5,2038504.31,4,{}
EV-BUR-C02610,C02610,CreditInfo,823,A,2026-04-26,0,7,3692196.00,2,{}
EV-BUR-C02611,C02611,TransUnion,752,A,2026-04-25,2,7,2814176.32,0,{}
EV-BUR-C02612,C02612,Metropol,579,C,2026-04-21,2,7,1075538.61,0,{}
EV-BUR-C02613,C02613,TransUnion,599,C,2026-04-26,2,1,976135.06,2,{}
EV-BUR-C02614,C02614,TransUnion,655,B,2026-04-26,1,1,662571.22,3,{}
EV-BUR-C02615,C02615,CreditInfo,682,B,2026-04-23,0,4,1566477.61,2,{}
EV-BUR-C02616,C02616,CreditInfo,752,A,2026-04-22,0,7,1723460.53,4,{}
EV-BUR-C02617,C02617,CreditInfo,685,B,2026-04-20,0,5,882790.27,2,{}
EV-BUR-C02618,C02618,CreditInfo,657,B,2026-04-23,1,6,2645163.97,2,{}
EV-BUR-C02619,C02619,CreditInfo,669,B,2026-04-22,0,2,3732052.00,1,{}
EV-BUR-C02620,C02620,Metropol,550,C,2026-04-23,1,1,1341703.94,0,{}
EV-BUR-C02621,C02621,Metropol,719,B,2026-04-23,0,4,1545026.82,2,{}
EV-BUR-C02622,C02622,TransUnion,645,B,2026-04-24,1,5,1326905.76,3,{}
EV-BUR-C02623,C02623,Metropol,597,C,2026-04-21,0,5,2373644.59,3,{}
EV-BUR-C02624,C02624,TransUnion,849,A,2026-04-24,2,7,2512132.34,4,{}
EV-BUR-C02625,C02625,Metropol,845,A,2026-04-24,2,2,3798150.04,1,{}
EV-BUR-C02626,C02626,CreditInfo,776,A,2026-04-26,1,1,1757198.63,0,{}
EV-BUR-C02627,C02627,Metropol,396,E,2026-04-25,7,3,2741188.33,1,{}
EV-BUR-C02628,C02628,Metropol,844,A,2026-04-22,2,6,1486782.98,2,{}
EV-BUR-C02629,C02629,Metropol,589,C,2026-04-22,0,7,2402143.93,2,{}
EV-BUR-C02630,C02630,TransUnion,770,A,2026-04-23,1,7,1803910.02,1,{}
EV-BUR-C02631,C02631,CreditInfo,726,A,2026-04-21,2,7,1466074.97,3,{}
EV-BUR-C02632,C02632,CreditInfo,649,B,2026-04-25,2,3,300119.10,0,{}
EV-BUR-C02633,C02633,TransUnion,635,B,2026-04-20,2,4,3267133.17,2,{}
EV-BUR-C02634,C02634,CreditInfo,347,E,2026-04-21,5,6,1758493.74,3,{}
EV-BUR-C02635,C02635,TransUnion,710,B,2026-04-22,1,2,1506003.39,3,{}
EV-BUR-C02636,C02636,TransUnion,757,A,2026-04-21,0,7,692721.26,1,{}
EV-BUR-C02637,C02637,CreditInfo,615,B,2026-04-23,0,3,3429913.01,4,{}
EV-BUR-C02638,C02638,TransUnion,705,B,2026-04-21,1,2,710272.52,1,{}
EV-BUR-C02639,C02639,CreditInfo,765,A,2026-04-25,2,1,1002477.33,4,{}
EV-BUR-C02640,C02640,CreditInfo,575,C,2026-04-26,2,5,3351164.66,0,{}
EV-BUR-C02641,C02641,Metropol,762,A,2026-04-26,0,6,2626923.67,2,{}
EV-BUR-C02642,C02642,Metropol,723,A,2026-04-22,1,7,2526966.41,4,{}
EV-BUR-C02643,C02643,Metropol,846,A,2026-04-24,1,7,73599.38,2,{}
EV-BUR-C02644,C02644,CreditInfo,794,A,2026-04-24,1,6,3485116.45,1,{}
EV-BUR-C02645,C02645,TransUnion,809,A,2026-04-26,0,5,1244054.23,0,{}
EV-BUR-C02646,C02646,CreditInfo,681,B,2026-04-23,2,1,2395210.90,4,{}
EV-BUR-C02647,C02647,Metropol,661,B,2026-04-20,0,5,2363815.94,4,{}
EV-BUR-C02648,C02648,CreditInfo,840,A,2026-04-24,2,4,231908.47,1,{}
EV-BUR-C02649,C02649,TransUnion,348,E,2026-04-23,4,1,1605542.04,3,{}
EV-BUR-C02650,C02650,CreditInfo,798,A,2026-04-21,0,1,1262061.82,4,{}
EV-BUR-C02651,C02651,Metropol,763,A,2026-04-24,2,2,1250249.77,4,{}
EV-BUR-C02652,C02652,CreditInfo,546,C,2026-04-24,0,4,234231.74,4,{}
EV-BUR-C02653,C02653,TransUnion,569,C,2026-04-26,2,4,3729339.37,1,{}
EV-BUR-C02654,C02654,Metropol,722,A,2026-04-21,1,5,2206433.50,4,{}
EV-BUR-C02655,C02655,CreditInfo,705,B,2026-04-23,2,2,56175.17,0,{}
EV-BUR-C02656,C02656,TransUnion,553,C,2026-04-25,1,7,2167528.81,1,{}
EV-BUR-C02657,C02657,TransUnion,850,A,2026-04-25,0,3,3351432.49,3,{}
EV-BUR-C02658,C02658,TransUnion,638,B,2026-04-26,0,3,865155.74,4,{}
EV-BUR-C02659,C02659,Metropol,821,A,2026-04-24,2,7,1873976.61,0,{}
EV-BUR-C02660,C02660,Metropol,754,A,2026-04-20,2,6,2597783.27,4,{}
EV-BUR-C02661,C02661,CreditInfo,816,A,2026-04-24,0,4,288315.35,3,{}
EV-BUR-C02662,C02662,TransUnion,771,A,2026-04-25,2,2,1548218.52,0,{}
EV-BUR-C02663,C02663,Metropol,414,D,2026-04-20,3,3,3323915.01,4,{}
EV-BUR-C02664,C02664,TransUnion,722,A,2026-04-21,1,4,408680.67,0,{}
EV-BUR-C02665,C02665,CreditInfo,822,A,2026-04-24,1,6,1077582.61,4,{}
EV-BUR-C02666,C02666,Metropol,645,B,2026-04-21,0,5,3433464.59,2,{}
EV-BUR-C02667,C02667,CreditInfo,623,B,2026-04-20,2,4,2252078.91,2,{}
EV-BUR-C02668,C02668,Metropol,683,B,2026-04-23,2,4,413153.85,4,{}
EV-BUR-C02669,C02669,CreditInfo,838,A,2026-04-22,1,1,1283393.08,0,{}
EV-BUR-C02670,C02670,CreditInfo,545,C,2026-04-25,1,4,795977.59,0,{}
EV-BUR-C02671,C02671,CreditInfo,847,A,2026-04-23,1,6,3807448.69,3,{}
EV-BUR-C02672,C02672,TransUnion,385,E,2026-04-22,7,2,2896177.00,0,{}
EV-BUR-C02673,C02673,CreditInfo,832,A,2026-04-26,2,1,3820204.62,4,{}
EV-BUR-C02674,C02674,CreditInfo,636,B,2026-04-26,0,5,615264.78,3,{}
EV-BUR-C02675,C02675,CreditInfo,479,D,2026-04-24,3,3,852840.33,3,{}
EV-BUR-C02676,C02676,Metropol,469,D,2026-04-20,9,2,3565515.92,1,{}
EV-BUR-C02677,C02677,CreditInfo,809,A,2026-04-21,0,5,2796791.87,0,{}
EV-BUR-C02678,C02678,Metropol,736,A,2026-04-23,1,4,485191.65,3,{}
EV-BUR-C02679,C02679,TransUnion,675,B,2026-04-26,1,2,1845129.20,0,{}
EV-BUR-C02680,C02680,Metropol,838,A,2026-04-26,0,5,1158138.69,1,{}
EV-BUR-C02681,C02681,CreditInfo,675,B,2026-04-21,0,7,2564550.98,4,{}
EV-BUR-C02682,C02682,CreditInfo,618,B,2026-04-20,1,2,1781906.92,1,{}
EV-BUR-C02683,C02683,Metropol,681,B,2026-04-22,2,5,3146601.07,2,{}
EV-BUR-C02684,C02684,TransUnion,631,B,2026-04-22,0,6,2334652.23,0,{}
EV-BUR-C02685,C02685,Metropol,560,C,2026-04-22,1,5,189566.31,3,{}
EV-BUR-C02686,C02686,Metropol,819,A,2026-04-20,0,6,1070270.05,3,{}
EV-BUR-C02687,C02687,Metropol,736,A,2026-04-24,2,6,1812978.01,1,{}
EV-BUR-C02688,C02688,Metropol,815,A,2026-04-20,0,3,1013381.33,3,{}
EV-BUR-C02689,C02689,CreditInfo,728,A,2026-04-26,0,7,3494448.48,3,{}
EV-BUR-C02690,C02690,CreditInfo,775,A,2026-04-26,1,1,3473984.76,3,{}
EV-BUR-C02691,C02691,TransUnion,668,B,2026-04-22,0,2,1151073.58,4,{}
EV-BUR-C02692,C02692,TransUnion,775,A,2026-04-24,1,5,2570401.09,0,{}
EV-BUR-C02693,C02693,TransUnion,723,A,2026-04-25,2,6,3140546.93,2,{}
EV-BUR-C02694,C02694,CreditInfo,549,C,2026-04-26,1,2,2039639.88,2,{}
EV-BUR-C02695,C02695,TransUnion,606,B,2026-04-24,0,7,2456664.16,2,{}
EV-BUR-C02696,C02696,TransUnion,763,A,2026-04-24,0,4,132553.11,4,{}
EV-BUR-C02697,C02697,Metropol,810,A,2026-04-22,2,6,2944981.77,0,{}
EV-BUR-C02698,C02698,Metropol,667,B,2026-04-20,1,3,1768252.95,4,{}
EV-BUR-C02699,C02699,Metropol,584,C,2026-04-21,2,2,1802683.04,2,{}
EV-BUR-C02700,C02700,CreditInfo,592,C,2026-04-25,2,2,1097993.36,0,{}
EV-BUR-C02701,C02701,TransUnion,793,A,2026-04-24,1,2,2707893.00,4,{}
EV-BUR-C02702,C02702,Metropol,655,B,2026-04-21,1,1,3914113.23,2,{}
EV-BUR-C02703,C02703,CreditInfo,710,B,2026-04-22,2,2,3245925.45,3,{}
EV-BUR-C02704,C02704,TransUnion,574,C,2026-04-25,2,2,1215248.55,1,{}
EV-BUR-C02705,C02705,CreditInfo,562,C,2026-04-21,2,6,3676589.11,3,{}
EV-BUR-C02706,C02706,Metropol,645,B,2026-04-21,0,5,64652.02,4,{}
EV-BUR-C02707,C02707,CreditInfo,281,E,2026-04-20,8,7,3965988.46,1,{}
EV-BUR-C02708,C02708,CreditInfo,732,A,2026-04-25,2,1,2803095.77,1,{}
EV-BUR-C02709,C02709,TransUnion,699,B,2026-04-21,1,7,222505.35,2,{}
EV-BUR-C02710,C02710,TransUnion,615,B,2026-04-21,2,6,3711665.71,0,{}
EV-BUR-C02711,C02711,CreditInfo,574,C,2026-04-25,0,7,3030997.06,2,{}
EV-BUR-C02712,C02712,Metropol,413,D,2026-04-26,8,7,503468.65,4,{}
EV-BUR-C02713,C02713,TransUnion,657,B,2026-04-26,2,2,858123.03,1,{}
EV-BUR-C02714,C02714,Metropol,573,C,2026-04-21,2,2,799393.21,2,{}
EV-BUR-C02715,C02715,Metropol,581,C,2026-04-24,0,2,1717556.60,0,{}
EV-BUR-C02716,C02716,Metropol,681,B,2026-04-20,2,6,2419990.59,0,{}
EV-BUR-C02717,C02717,TransUnion,699,B,2026-04-20,0,6,1129067.56,2,{}
EV-BUR-C02718,C02718,CreditInfo,606,B,2026-04-25,0,3,1611847.77,0,{}
EV-BUR-C02719,C02719,CreditInfo,850,A,2026-04-24,2,3,3504068.95,4,{}
EV-BUR-C02720,C02720,TransUnion,794,A,2026-04-26,0,2,3430016.71,2,{}
EV-BUR-C02721,C02721,CreditInfo,608,B,2026-04-23,0,6,3212396.00,3,{}
EV-BUR-C02722,C02722,Metropol,733,A,2026-04-20,2,6,1956280.19,3,{}
EV-BUR-C02723,C02723,Metropol,783,A,2026-04-22,1,1,1487708.23,4,{}
EV-BUR-C02724,C02724,Metropol,326,E,2026-04-25,3,3,1371071.04,0,{}
EV-BUR-C02725,C02725,CreditInfo,614,B,2026-04-22,0,6,2379865.33,2,{}
EV-BUR-C02726,C02726,TransUnion,472,D,2026-04-23,8,2,1784122.61,0,{}
EV-BUR-C02727,C02727,CreditInfo,822,A,2026-04-21,1,1,451214.96,3,{}
EV-BUR-C02728,C02728,CreditInfo,779,A,2026-04-22,1,5,2513637.45,1,{}
EV-BUR-C02729,C02729,CreditInfo,564,C,2026-04-21,2,7,2195211.45,4,{}
EV-BUR-C02730,C02730,TransUnion,621,B,2026-04-20,0,4,1447902.99,0,{}
EV-BUR-C02731,C02731,CreditInfo,632,B,2026-04-21,2,2,2874448.72,0,{}
EV-BUR-C02732,C02732,CreditInfo,638,B,2026-04-21,1,5,65527.43,2,{}
EV-BUR-C02733,C02733,Metropol,773,A,2026-04-24,0,4,3542599.85,0,{}
EV-BUR-C02734,C02734,CreditInfo,626,B,2026-04-24,1,4,1631150.35,3,{}
EV-BUR-C02735,C02735,Metropol,846,A,2026-04-21,0,7,2477617.13,0,{}
EV-BUR-C02736,C02736,CreditInfo,666,B,2026-04-21,1,6,1190015.07,1,{}
EV-BUR-C02737,C02737,CreditInfo,842,A,2026-04-25,2,1,2265026.66,3,{}
EV-BUR-C02738,C02738,TransUnion,663,B,2026-04-25,0,3,308897.33,2,{}
EV-BUR-C02739,C02739,CreditInfo,835,A,2026-04-24,2,7,3628666.79,3,{}
EV-BUR-C02740,C02740,CreditInfo,585,C,2026-04-24,1,5,526184.31,3,{}
EV-BUR-C02741,C02741,TransUnion,725,A,2026-04-25,2,5,911257.65,1,{}
EV-BUR-C02742,C02742,CreditInfo,704,B,2026-04-22,1,6,3558161.97,1,{}
EV-BUR-C02743,C02743,TransUnion,477,D,2026-04-25,6,3,749365.40,1,{}
EV-BUR-C02744,C02744,Metropol,656,B,2026-04-21,0,6,2279740.81,3,{}
EV-BUR-C02745,C02745,TransUnion,793,A,2026-04-26,1,4,1050631.91,4,{}
EV-BUR-C02746,C02746,CreditInfo,771,A,2026-04-26,0,7,718587.18,4,{}
EV-BUR-C02747,C02747,Metropol,823,A,2026-04-23,2,4,1370880.47,0,{}
EV-BUR-C02748,C02748,Metropol,503,C,2026-04-21,4,3,2597295.55,4,{}
EV-BUR-C02749,C02749,CreditInfo,704,B,2026-04-21,0,2,3515795.79,2,{}
EV-BUR-C02750,C02750,CreditInfo,681,B,2026-04-22,1,1,1186316.90,3,{}
EV-BUR-C02751,C02751,Metropol,778,A,2026-04-26,1,1,3608409.39,3,{}
EV-BUR-C02752,C02752,CreditInfo,703,B,2026-04-26,1,1,2967123.76,4,{}
EV-BUR-C02753,C02753,Metropol,720,A,2026-04-20,0,5,742847.76,4,{}
EV-BUR-C02754,C02754,Metropol,300,E,2026-04-20,4,5,1484979.96,0,{}
EV-BUR-C02755,C02755,Metropol,590,C,2026-04-20,0,6,242499.69,0,{}
EV-BUR-C02756,C02756,TransUnion,774,A,2026-04-20,1,6,2117594.93,3,{}
EV-BUR-C02757,C02757,CreditInfo,571,C,2026-04-22,2,1,2085683.76,1,{}
EV-BUR-C02758,C02758,Metropol,547,C,2026-04-20,1,4,2089792.53,0,{}
EV-BUR-C02759,C02759,TransUnion,578,C,2026-04-22,2,4,1608323.60,2,{}
EV-BUR-C02760,C02760,Metropol,728,A,2026-04-22,2,6,2082416.58,0,{}
EV-BUR-C02761,C02761,Metropol,774,A,2026-04-22,2,1,2047445.67,3,{}
EV-BUR-C02762,C02762,Metropol,848,A,2026-04-20,0,4,2173278.48,1,{}
EV-BUR-C02763,C02763,CreditInfo,628,B,2026-04-25,1,2,401067.06,3,{}
EV-BUR-C02764,C02764,CreditInfo,646,B,2026-04-26,1,5,2055640.59,3,{}
EV-BUR-C02765,C02765,CreditInfo,435,D,2026-04-22,8,6,3227969.13,3,{}
EV-BUR-C02766,C02766,TransUnion,591,C,2026-04-21,1,7,2129592.12,0,{}
EV-BUR-C02767,C02767,TransUnion,758,A,2026-04-25,0,1,1616580.77,3,{}
EV-BUR-C02768,C02768,Metropol,679,B,2026-04-21,2,1,3122320.41,3,{}
EV-BUR-C02769,C02769,CreditInfo,734,A,2026-04-26,2,5,1592712.14,2,{}
EV-BUR-C02770,C02770,TransUnion,756,A,2026-04-26,2,3,315451.53,2,{}
EV-BUR-C02771,C02771,CreditInfo,719,B,2026-04-21,0,7,706532.65,2,{}
EV-BUR-C02772,C02772,TransUnion,620,B,2026-04-20,2,5,1406493.54,2,{}
EV-BUR-C02773,C02773,Metropol,718,B,2026-04-24,2,3,1551429.79,2,{}
EV-BUR-C02774,C02774,CreditInfo,599,C,2026-04-24,2,6,556637.53,4,{}
EV-BUR-C02775,C02775,CreditInfo,758,A,2026-04-23,2,3,3081700.57,3,{}
EV-BUR-C02776,C02776,TransUnion,842,A,2026-04-22,0,6,1548793.37,3,{}
EV-BUR-C02777,C02777,CreditInfo,695,B,2026-04-24,1,5,815302.41,3,{}
EV-BUR-C02778,C02778,TransUnion,554,C,2026-04-26,0,7,1261890.33,1,{}
EV-BUR-C02779,C02779,Metropol,765,A,2026-04-20,1,2,448194.33,0,{}
EV-BUR-C02780,C02780,Metropol,743,A,2026-04-24,2,6,3196153.22,1,{}
EV-BUR-C02781,C02781,Metropol,636,B,2026-04-22,0,5,2739610.65,1,{}
EV-BUR-C02782,C02782,Metropol,545,C,2026-04-22,1,7,2082814.15,3,{}
EV-BUR-C02783,C02783,Metropol,608,B,2026-04-20,1,5,2362196.15,0,{}
EV-BUR-C02784,C02784,TransUnion,640,B,2026-04-25,2,5,3258449.12,2,{}
EV-BUR-C02785,C02785,CreditInfo,553,C,2026-04-23,1,3,1164626.20,0,{}
EV-BUR-C02786,C02786,TransUnion,342,E,2026-04-26,9,2,1011810.14,4,{}
EV-BUR-C02787,C02787,CreditInfo,640,B,2026-04-22,2,5,186250.68,4,{}
EV-BUR-C02788,C02788,Metropol,825,A,2026-04-22,0,7,2479678.90,4,{}
EV-BUR-C02789,C02789,Metropol,669,B,2026-04-23,1,5,2077357.14,1,{}
EV-BUR-C02790,C02790,Metropol,658,B,2026-04-21,2,1,2261924.19,4,{}
EV-BUR-C02791,C02791,CreditInfo,737,A,2026-04-26,0,1,2334246.98,0,{}
EV-BUR-C02792,C02792,TransUnion,836,A,2026-04-26,1,3,2529819.33,3,{}
EV-BUR-C02793,C02793,CreditInfo,738,A,2026-04-20,0,5,605784.23,0,{}
EV-BUR-C02794,C02794,CreditInfo,512,C,2026-04-21,5,2,64364.42,1,{}
EV-BUR-C02795,C02795,TransUnion,466,D,2026-04-20,6,5,2080408.92,4,{}
EV-BUR-C02796,C02796,TransUnion,650,B,2026-04-26,0,1,2797603.90,3,{}
EV-BUR-C02797,C02797,CreditInfo,819,A,2026-04-25,1,2,2232363.86,3,{}
EV-BUR-C02798,C02798,TransUnion,465,D,2026-04-20,6,2,3895262.44,0,{}
EV-BUR-C02799,C02799,Metropol,744,A,2026-04-21,2,3,2740755.80,3,{}
EV-BUR-C02800,C02800,Metropol,431,D,2026-04-24,6,1,57066.71,4,{}
EV-BUR-C02801,C02801,Metropol,584,C,2026-04-25,1,6,1514750.99,0,{}
EV-BUR-C02802,C02802,TransUnion,638,B,2026-04-21,1,7,3615629.37,1,{}
EV-BUR-C02803,C02803,CreditInfo,451,D,2026-04-23,4,4,3163129.16,4,{}
EV-BUR-C02804,C02804,CreditInfo,398,E,2026-04-24,7,4,203966.95,4,{}
EV-BUR-C02805,C02805,Metropol,641,B,2026-04-22,2,2,2020130.70,3,{}
EV-BUR-C02806,C02806,TransUnion,596,C,2026-04-25,0,6,3730822.89,2,{}
EV-BUR-C02807,C02807,CreditInfo,641,B,2026-04-21,0,2,247883.30,4,{}
EV-BUR-C02808,C02808,CreditInfo,303,E,2026-04-25,9,3,2774946.00,0,{}
EV-BUR-C02809,C02809,Metropol,611,B,2026-04-23,0,6,2871126.70,0,{}
EV-BUR-C02810,C02810,CreditInfo,663,B,2026-04-21,0,1,3543712.56,0,{}
EV-BUR-C02811,C02811,CreditInfo,774,A,2026-04-25,2,6,1011653.40,1,{}
EV-BUR-C02812,C02812,CreditInfo,738,A,2026-04-22,2,3,2849108.70,4,{}
EV-BUR-C02813,C02813,Metropol,581,C,2026-04-21,1,7,3518075.24,0,{}
EV-BUR-C02814,C02814,TransUnion,554,C,2026-04-24,2,3,3111538.29,2,{}
EV-BUR-C02815,C02815,TransUnion,556,C,2026-04-20,2,2,3445886.28,4,{}
EV-BUR-C02816,C02816,TransUnion,729,A,2026-04-26,1,4,3895232.27,1,{}
EV-BUR-C02817,C02817,CreditInfo,542,C,2026-04-26,2,1,1114477.42,3,{}
EV-BUR-C02818,C02818,CreditInfo,585,C,2026-04-25,2,1,1519537.68,0,{}
EV-BUR-C02819,C02819,CreditInfo,703,B,2026-04-25,1,4,2606367.33,2,{}
EV-BUR-C02820,C02820,CreditInfo,583,C,2026-04-26,1,7,1704027.99,1,{}
EV-BUR-C02821,C02821,TransUnion,659,B,2026-04-20,2,1,1911085.10,2,{}
EV-BUR-C02822,C02822,Metropol,707,B,2026-04-24,0,5,2692197.64,1,{}
EV-BUR-C02823,C02823,CreditInfo,636,B,2026-04-21,1,4,935820.99,2,{}
EV-BUR-C02824,C02824,CreditInfo,800,A,2026-04-24,2,1,98695.02,0,{}
EV-BUR-C02825,C02825,Metropol,816,A,2026-04-22,1,5,1639985.98,1,{}
EV-BUR-C02826,C02826,CreditInfo,574,C,2026-04-23,2,6,2464073.78,4,{}
EV-BUR-C02827,C02827,CreditInfo,441,D,2026-04-21,7,3,3829658.05,3,{}
EV-BUR-C02828,C02828,TransUnion,822,A,2026-04-26,2,4,2520631.53,3,{}
EV-BUR-C02829,C02829,Metropol,680,B,2026-04-23,0,5,2303330.65,0,{}
EV-BUR-C02830,C02830,CreditInfo,647,B,2026-04-25,1,6,3350918.55,4,{}
EV-BUR-C02831,C02831,TransUnion,799,A,2026-04-25,2,7,2377765.06,1,{}
EV-BUR-C02832,C02832,Metropol,570,C,2026-04-26,1,5,295173.34,3,{}
EV-BUR-C02833,C02833,TransUnion,498,D,2026-04-24,7,5,3106672.88,4,{}
EV-BUR-C02834,C02834,Metropol,819,A,2026-04-25,1,2,3061447.58,1,{}
EV-BUR-C02835,C02835,CreditInfo,742,A,2026-04-26,0,6,1021651.02,4,{}
EV-BUR-C02836,C02836,TransUnion,602,B,2026-04-25,2,7,331233.72,1,{}
EV-BUR-C02837,C02837,CreditInfo,711,B,2026-04-26,0,5,1660325.26,0,{}
EV-BUR-C02838,C02838,TransUnion,696,B,2026-04-24,1,5,999022.48,0,{}
EV-BUR-C02839,C02839,Metropol,656,B,2026-04-22,1,6,1249640.48,1,{}
EV-BUR-C02840,C02840,CreditInfo,812,A,2026-04-22,1,1,2615189.11,2,{}
EV-BUR-C02841,C02841,CreditInfo,642,B,2026-04-20,0,2,2644755.88,0,{}
EV-BUR-C02842,C02842,TransUnion,592,C,2026-04-20,0,5,3968259.32,3,{}
EV-BUR-C02843,C02843,Metropol,605,B,2026-04-22,1,7,2510812.82,0,{}
EV-BUR-C02844,C02844,CreditInfo,621,B,2026-04-20,2,2,1417024.49,4,{}
EV-BUR-C02845,C02845,TransUnion,785,A,2026-04-20,2,1,3668447.38,2,{}
EV-BUR-C02846,C02846,CreditInfo,781,A,2026-04-22,2,2,972378.19,1,{}
EV-BUR-C02847,C02847,TransUnion,558,C,2026-04-24,1,1,1269872.79,4,{}
EV-BUR-C02848,C02848,TransUnion,632,B,2026-04-22,2,3,3442567.01,1,{}
EV-BUR-C02849,C02849,CreditInfo,686,B,2026-04-24,2,4,1106904.50,4,{}
EV-BUR-C02850,C02850,CreditInfo,776,A,2026-04-23,0,2,2272411.07,1,{}
EV-BUR-C02851,C02851,Metropol,618,B,2026-04-26,1,6,3857891.76,2,{}
EV-BUR-C02852,C02852,Metropol,575,C,2026-04-23,1,2,3100209.04,1,{}
EV-BUR-C02853,C02853,CreditInfo,782,A,2026-04-24,2,4,1065174.15,4,{}
EV-BUR-C02854,C02854,TransUnion,844,A,2026-04-21,0,2,2160134.58,0,{}
EV-BUR-C02855,C02855,CreditInfo,802,A,2026-04-21,1,5,1523314.98,3,{}
EV-BUR-C02856,C02856,Metropol,825,A,2026-04-24,1,6,2880595.83,4,{}
EV-BUR-C02857,C02857,CreditInfo,743,A,2026-04-25,2,2,541141.02,0,{}
EV-BUR-C02858,C02858,TransUnion,755,A,2026-04-23,2,2,1886486.77,0,{}
EV-BUR-C02859,C02859,Metropol,815,A,2026-04-25,2,4,2258948.41,2,{}
EV-BUR-C02860,C02860,TransUnion,717,B,2026-04-20,2,5,916483.71,1,{}
EV-BUR-C02861,C02861,TransUnion,843,A,2026-04-20,2,3,3653074.82,3,{}
EV-BUR-C02862,C02862,TransUnion,772,A,2026-04-20,1,1,77481.38,3,{}
EV-BUR-C02863,C02863,CreditInfo,656,B,2026-04-23,1,7,339993.13,2,{}
EV-BUR-C02864,C02864,Metropol,838,A,2026-04-23,2,4,3823551.82,1,{}
EV-BUR-C02865,C02865,CreditInfo,656,B,2026-04-22,2,2,116655.80,3,{}
EV-BUR-C02866,C02866,TransUnion,548,C,2026-04-24,1,3,645158.13,1,{}
EV-BUR-C02867,C02867,Metropol,724,A,2026-04-25,1,5,443281.38,1,{}
EV-BUR-C02868,C02868,Metropol,341,E,2026-04-22,3,6,760921.46,1,{}
EV-BUR-C02869,C02869,Metropol,611,B,2026-04-24,0,2,2193867.50,3,{}
EV-BUR-C02870,C02870,Metropol,658,B,2026-04-22,2,6,312336.22,2,{}
EV-BUR-C02871,C02871,CreditInfo,839,A,2026-04-24,0,7,372883.37,1,{}
EV-BUR-C02872,C02872,CreditInfo,620,B,2026-04-22,0,2,1821756.38,1,{}
EV-BUR-C02873,C02873,Metropol,719,B,2026-04-21,1,3,2044216.21,1,{}
EV-BUR-C02874,C02874,TransUnion,592,C,2026-04-25,1,5,166876.52,3,{}
EV-BUR-C02875,C02875,CreditInfo,697,B,2026-04-22,2,3,3687436.98,1,{}
EV-BUR-C02876,C02876,CreditInfo,652,B,2026-04-20,0,4,3715003.26,4,{}
EV-BUR-C02877,C02877,Metropol,672,B,2026-04-24,2,4,3954190.27,0,{}
EV-BUR-C02878,C02878,CreditInfo,735,A,2026-04-24,0,3,2856346.63,2,{}
EV-BUR-C02879,C02879,TransUnion,592,C,2026-04-23,2,2,337128.65,4,{}
EV-BUR-C02880,C02880,Metropol,841,A,2026-04-21,2,6,2195235.18,1,{}
EV-BUR-C02881,C02881,TransUnion,699,B,2026-04-24,1,1,924577.59,2,{}
EV-BUR-C02882,C02882,CreditInfo,624,B,2026-04-25,2,3,2277396.56,1,{}
EV-BUR-C02883,C02883,TransUnion,541,C,2026-04-25,0,4,2120203.71,3,{}
EV-BUR-C02884,C02884,TransUnion,741,A,2026-04-24,0,1,2828954.21,4,{}
EV-BUR-C02885,C02885,Metropol,845,A,2026-04-26,2,1,2098152.74,3,{}
EV-BUR-C02886,C02886,CreditInfo,720,A,2026-04-26,2,6,324774.80,3,{}
EV-BUR-C02887,C02887,CreditInfo,825,A,2026-04-26,1,7,889550.35,4,{}
EV-BUR-C02888,C02888,TransUnion,799,A,2026-04-21,1,6,1722442.71,4,{}
EV-BUR-C02889,C02889,TransUnion,437,D,2026-04-24,8,5,115247.38,1,{}
EV-BUR-C02890,C02890,CreditInfo,600,B,2026-04-23,0,1,2160045.43,2,{}
EV-BUR-C02891,C02891,TransUnion,650,B,2026-04-26,1,6,1868203.72,4,{}
EV-BUR-C02892,C02892,CreditInfo,587,C,2026-04-26,1,5,3485717.80,2,{}
EV-BUR-C02893,C02893,CreditInfo,716,B,2026-04-26,2,6,1232755.09,1,{}
EV-BUR-C02894,C02894,Metropol,756,A,2026-04-24,1,4,1053184.10,0,{}
EV-BUR-C02895,C02895,Metropol,678,B,2026-04-23,2,1,1137421.30,1,{}
EV-BUR-C02896,C02896,TransUnion,827,A,2026-04-24,2,2,1116270.52,4,{}
EV-BUR-C02897,C02897,TransUnion,673,B,2026-04-23,0,7,3096254.93,1,{}
EV-BUR-C02898,C02898,CreditInfo,616,B,2026-04-25,0,7,1208929.97,0,{}
EV-BUR-C02899,C02899,Metropol,812,A,2026-04-22,2,7,440203.13,1,{}
EV-BUR-C02900,C02900,Metropol,778,A,2026-04-21,0,4,2272041.53,1,{}
EV-BUR-C02901,C02901,TransUnion,735,A,2026-04-21,0,3,1734440.41,4,{}
EV-BUR-C02902,C02902,CreditInfo,811,A,2026-04-21,2,2,1617533.47,4,{}
EV-BUR-C02903,C02903,TransUnion,403,D,2026-04-25,6,4,3972187.12,0,{}
EV-BUR-C02904,C02904,Metropol,596,C,2026-04-20,0,7,145623.10,1,{}
EV-BUR-C02905,C02905,TransUnion,766,A,2026-04-25,0,7,833061.04,1,{}
EV-BUR-C02906,C02906,TransUnion,844,A,2026-04-24,1,6,3709939.17,3,{}
EV-BUR-C02907,C02907,Metropol,621,B,2026-04-22,0,1,1673436.32,1,{}
EV-BUR-C02908,C02908,TransUnion,692,B,2026-04-21,2,2,1345897.58,3,{}
EV-BUR-C02909,C02909,TransUnion,739,A,2026-04-25,1,7,2896767.20,3,{}
EV-BUR-C02910,C02910,CreditInfo,754,A,2026-04-26,0,7,1223706.08,3,{}
EV-BUR-C02911,C02911,Metropol,615,B,2026-04-24,1,2,1856719.80,0,{}
EV-BUR-C02912,C02912,CreditInfo,759,A,2026-04-25,0,3,3163706.56,0,{}
EV-BUR-C02913,C02913,Metropol,596,C,2026-04-24,2,6,726634.99,2,{}
EV-BUR-C02914,C02914,TransUnion,693,B,2026-04-25,1,6,241220.42,1,{}
EV-BUR-C02915,C02915,TransUnion,557,C,2026-04-24,0,7,3293684.56,3,{}
EV-BUR-C02916,C02916,TransUnion,565,C,2026-04-20,2,3,2823611.25,4,{}
EV-BUR-C02917,C02917,Metropol,642,B,2026-04-22,2,7,1408581.00,1,{}
EV-BUR-C02918,C02918,CreditInfo,754,A,2026-04-25,0,1,3261820.50,3,{}
EV-BUR-C02919,C02919,TransUnion,620,B,2026-04-20,1,2,3892270.44,1,{}
EV-BUR-C02920,C02920,CreditInfo,784,A,2026-04-20,2,3,2900277.29,3,{}
EV-BUR-C02921,C02921,TransUnion,598,C,2026-04-25,1,4,3666425.25,3,{}
EV-BUR-C02922,C02922,TransUnion,548,C,2026-04-26,0,5,2528921.67,2,{}
EV-BUR-C02923,C02923,Metropol,597,C,2026-04-21,2,7,2601429.67,3,{}
EV-BUR-C02924,C02924,CreditInfo,730,A,2026-04-22,1,7,2282666.42,4,{}
EV-BUR-C02925,C02925,CreditInfo,600,B,2026-04-20,2,1,2015866.76,3,{}
EV-BUR-C02926,C02926,TransUnion,516,C,2026-04-22,3,6,1153544.95,1,{}
EV-BUR-C02927,C02927,Metropol,626,B,2026-04-25,2,1,1312697.78,4,{}
EV-BUR-C02928,C02928,TransUnion,652,B,2026-04-26,2,5,1682302.62,0,{}
EV-BUR-C02929,C02929,TransUnion,762,A,2026-04-21,1,1,3544544.72,1,{}
EV-BUR-C02930,C02930,Metropol,825,A,2026-04-24,1,7,3986331.32,3,{}
EV-BUR-C02931,C02931,CreditInfo,665,B,2026-04-23,2,1,2044378.54,3,{}
EV-BUR-C02932,C02932,TransUnion,664,B,2026-04-24,1,3,2481423.98,3,{}
EV-BUR-C02933,C02933,CreditInfo,550,C,2026-04-22,2,4,76779.16,0,{}
EV-BUR-C02934,C02934,Metropol,558,C,2026-04-22,0,3,3884116.34,2,{}
EV-BUR-C02935,C02935,TransUnion,580,C,2026-04-22,0,5,2926372.56,4,{}
EV-BUR-C02936,C02936,TransUnion,776,A,2026-04-21,2,1,2500747.78,1,{}
EV-BUR-C02937,C02937,CreditInfo,691,B,2026-04-22,1,7,886213.34,3,{}
EV-BUR-C02938,C02938,Metropol,823,A,2026-04-22,2,5,1191475.94,3,{}
EV-BUR-C02939,C02939,Metropol,623,B,2026-04-24,1,6,433982.23,4,{}
EV-BUR-C02940,C02940,CreditInfo,602,B,2026-04-22,2,4,1757871.46,0,{}
EV-BUR-C02941,C02941,CreditInfo,793,A,2026-04-20,1,1,61577.75,0,{}
EV-BUR-C02942,C02942,CreditInfo,657,B,2026-04-21,1,5,3906564.26,2,{}
EV-BUR-C02943,C02943,TransUnion,572,C,2026-04-20,2,4,869690.25,2,{}
EV-BUR-C02944,C02944,Metropol,635,B,2026-04-26,2,2,2255556.50,3,{}
EV-BUR-C02945,C02945,CreditInfo,671,B,2026-04-20,2,7,1277665.53,0,{}
EV-BUR-C02946,C02946,CreditInfo,754,A,2026-04-23,0,5,2000827.23,4,{}
EV-BUR-C02947,C02947,CreditInfo,612,B,2026-04-24,2,3,1689159.01,2,{}
EV-BUR-C02948,C02948,CreditInfo,611,B,2026-04-21,1,6,355827.61,4,{}
EV-BUR-C02949,C02949,CreditInfo,735,A,2026-04-22,2,4,1697206.23,3,{}
EV-BUR-C02950,C02950,TransUnion,790,A,2026-04-24,0,6,2812953.03,3,{}
EV-BUR-C02951,C02951,CreditInfo,615,B,2026-04-21,1,5,3635148.25,2,{}
EV-BUR-C02952,C02952,TransUnion,592,C,2026-04-25,0,7,3274797.47,2,{}
EV-BUR-C02953,C02953,TransUnion,793,A,2026-04-23,2,7,273559.12,0,{}
EV-BUR-C02954,C02954,Metropol,750,A,2026-04-23,0,6,823320.64,4,{}
EV-BUR-C02955,C02955,Metropol,785,A,2026-04-22,1,3,2843957.35,2,{}
EV-BUR-C02956,C02956,TransUnion,840,A,2026-04-24,2,5,533536.81,0,{}
EV-BUR-C02957,C02957,TransUnion,647,B,2026-04-26,0,5,473787.16,4,{}
EV-BUR-C02958,C02958,Metropol,655,B,2026-04-26,2,7,2844342.41,4,{}
EV-BUR-C02959,C02959,TransUnion,647,B,2026-04-26,0,4,1661154.32,3,{}
EV-BUR-C02960,C02960,CreditInfo,657,B,2026-04-20,0,1,467260.81,2,{}
EV-BUR-C02961,C02961,CreditInfo,686,B,2026-04-26,2,6,2347942.52,0,{}
EV-BUR-C02962,C02962,Metropol,847,A,2026-04-25,0,4,3480961.69,1,{}
EV-BUR-C02963,C02963,Metropol,692,B,2026-04-26,1,7,3743139.82,0,{}
EV-BUR-C02964,C02964,CreditInfo,678,B,2026-04-23,1,2,661051.03,2,{}
EV-BUR-C02965,C02965,CreditInfo,766,A,2026-04-25,2,6,2343197.88,4,{}
EV-BUR-C02966,C02966,Metropol,827,A,2026-04-23,0,3,865377.82,2,{}
EV-BUR-C02967,C02967,Metropol,738,A,2026-04-24,1,4,1578839.92,4,{}
EV-BUR-C02968,C02968,TransUnion,816,A,2026-04-25,2,7,2555661.75,4,{}
EV-BUR-C02969,C02969,Metropol,560,C,2026-04-23,2,6,2671119.46,4,{}
EV-BUR-C02970,C02970,TransUnion,719,B,2026-04-20,0,4,336355.68,4,{}
EV-BUR-C02971,C02971,Metropol,576,C,2026-04-23,0,7,742969.93,2,{}
EV-BUR-C02972,C02972,CreditInfo,620,B,2026-04-23,1,4,1503272.68,2,{}
EV-BUR-C02973,C02973,Metropol,821,A,2026-04-24,1,2,642513.63,0,{}
EV-BUR-C02974,C02974,CreditInfo,674,B,2026-04-25,0,1,2684260.81,4,{}
EV-BUR-C02975,C02975,CreditInfo,761,A,2026-04-20,0,6,971380.69,2,{}
EV-BUR-C02976,C02976,Metropol,749,A,2026-04-26,0,4,2959231.89,1,{}
EV-BUR-C02977,C02977,TransUnion,808,A,2026-04-22,0,7,3079193.19,3,{}
EV-BUR-C02978,C02978,CreditInfo,546,C,2026-04-21,2,7,977040.79,4,{}
EV-BUR-C02979,C02979,CreditInfo,842,A,2026-04-20,0,1,2987157.69,3,{}
EV-BUR-C02980,C02980,Metropol,749,A,2026-04-26,1,4,879021.90,1,{}
EV-BUR-C02981,C02981,TransUnion,587,C,2026-04-22,1,5,3222187.91,1,{}
EV-BUR-C02982,C02982,Metropol,707,B,2026-04-23,1,7,1536944.48,2,{}
EV-BUR-C02983,C02983,Metropol,735,A,2026-04-25,0,1,2401738.60,2,{}
EV-BUR-C02984,C02984,CreditInfo,583,C,2026-04-22,0,1,411682.34,3,{}
EV-BUR-C02985,C02985,Metropol,737,A,2026-04-20,1,2,1962162.84,2,{}
EV-BUR-C02986,C02986,TransUnion,789,A,2026-04-26,0,5,1929259.21,0,{}
EV-BUR-C02987,C02987,Metropol,610,B,2026-04-23,2,2,126288.65,4,{}
EV-BUR-C02988,C02988,TransUnion,780,A,2026-04-20,1,3,1275643.17,0,{}
EV-BUR-C02989,C02989,CreditInfo,672,B,2026-04-22,2,3,3950135.84,0,{}
EV-BUR-C02990,C02990,TransUnion,743,A,2026-04-21,1,3,918442.08,3,{}
EV-BUR-C02991,C02991,CreditInfo,696,B,2026-04-25,0,2,2516087.56,1,{}
EV-BUR-C02992,C02992,TransUnion,672,B,2026-04-26,1,5,1928740.54,1,{}
EV-BUR-C02993,C02993,TransUnion,654,B,2026-04-25,1,1,3666792.52,3,{}
EV-BUR-C02994,C02994,TransUnion,630,B,2026-04-23,0,6,1853890.58,0,{}
EV-BUR-C02995,C02995,TransUnion,792,A,2026-04-26,2,5,3145531.29,3,{}
EV-BUR-C02996,C02996,CreditInfo,556,C,2026-04-25,1,7,1263264.14,1,{}
EV-BUR-C02997,C02997,Metropol,693,B,2026-04-21,0,2,1404978.50,4,{}
EV-BUR-C02998,C02998,Metropol,627,B,2026-04-26,2,6,1249143.54,3,{}
EV-BUR-C02999,C02999,TransUnion,586,C,2026-04-24,0,6,760406.13,1,{}
EV-BUR-C03000,C03000,Metropol,598,C,2026-04-21,1,3,1190279.49,1,{}
EV-BUR-C03001,C03001,Metropol,651,B,2026-04-21,2,7,540251.18,1,{}
EV-BUR-C03002,C03002,TransUnion,665,B,2026-04-24,2,7,866074.19,4,{}
EV-BUR-C03003,C03003,CreditInfo,652,B,2026-04-22,0,1,2746194.78,4,{}
EV-BUR-C03004,C03004,CreditInfo,741,A,2026-04-22,0,1,3536000.12,4,{}
EV-BUR-C03005,C03005,TransUnion,591,C,2026-04-23,0,6,3552597.06,2,{}
EV-BUR-C03006,C03006,TransUnion,669,B,2026-04-22,2,2,3451668.49,1,{}
EV-BUR-C03007,C03007,CreditInfo,324,E,2026-04-25,5,5,3929289.16,4,{}
EV-BUR-C03008,C03008,TransUnion,794,A,2026-04-26,1,1,1021609.00,0,{}
EV-BUR-C03009,C03009,CreditInfo,614,B,2026-04-24,1,7,3194631.86,0,{}
EV-BUR-C03010,C03010,Metropol,702,B,2026-04-22,2,6,311074.20,0,{}
EV-BUR-C03011,C03011,CreditInfo,569,C,2026-04-20,0,7,3758742.45,2,{}
EV-BUR-C03012,C03012,TransUnion,725,A,2026-04-22,0,2,1486140.04,1,{}
EV-BUR-C03013,C03013,TransUnion,733,A,2026-04-23,0,6,1452076.32,2,{}
EV-BUR-C03014,C03014,Metropol,654,B,2026-04-20,1,5,1512953.32,0,{}
EV-BUR-C03015,C03015,TransUnion,767,A,2026-04-22,0,3,1010734.93,1,{}
EV-BUR-C03016,C03016,CreditInfo,673,B,2026-04-20,2,6,641204.60,1,{}
EV-BUR-C03017,C03017,Metropol,772,A,2026-04-21,0,7,185935.81,4,{}
EV-BUR-C03018,C03018,CreditInfo,698,B,2026-04-24,0,3,1319954.06,0,{}
EV-BUR-C03019,C03019,Metropol,620,B,2026-04-22,2,5,102373.84,1,{}
EV-BUR-C03020,C03020,CreditInfo,755,A,2026-04-25,2,4,755280.17,4,{}
EV-BUR-C03021,C03021,TransUnion,848,A,2026-04-25,2,4,3843956.89,2,{}
EV-BUR-C03022,C03022,Metropol,722,A,2026-04-24,1,7,2418727.70,0,{}
EV-BUR-C03023,C03023,Metropol,713,B,2026-04-23,2,4,3172492.17,3,{}
EV-BUR-C03024,C03024,CreditInfo,374,E,2026-04-22,9,6,185517.53,0,{}
EV-BUR-C03025,C03025,TransUnion,794,A,2026-04-20,1,4,3819972.70,3,{}
EV-BUR-C03026,C03026,TransUnion,603,B,2026-04-21,2,4,3142802.72,0,{}
EV-BUR-C03027,C03027,Metropol,774,A,2026-04-20,2,2,2322481.14,2,{}
EV-BUR-C03028,C03028,Metropol,783,A,2026-04-22,2,2,2920198.95,2,{}
EV-BUR-C03029,C03029,TransUnion,615,B,2026-04-23,0,2,3347886.36,1,{}
EV-BUR-C03030,C03030,TransUnion,760,A,2026-04-20,0,6,2370715.62,3,{}
EV-BUR-C03031,C03031,CreditInfo,850,A,2026-04-20,1,2,551499.18,3,{}
EV-BUR-C03032,C03032,CreditInfo,704,B,2026-04-26,1,2,2833483.08,4,{}
EV-BUR-C03033,C03033,Metropol,794,A,2026-04-26,0,4,3583564.78,2,{}
EV-BUR-C03034,C03034,Metropol,356,E,2026-04-26,8,1,2128042.21,2,{}
EV-BUR-C03035,C03035,CreditInfo,658,B,2026-04-25,1,7,3172966.11,1,{}
EV-BUR-C03036,C03036,CreditInfo,572,C,2026-04-26,0,7,3971062.03,0,{}
EV-BUR-C03037,C03037,TransUnion,294,E,2026-04-25,4,5,1053449.28,3,{}
EV-BUR-C03038,C03038,TransUnion,690,B,2026-04-24,0,6,1435266.65,3,{}
EV-BUR-C03039,C03039,TransUnion,548,C,2026-04-21,2,6,3836446.77,0,{}
EV-BUR-C03040,C03040,CreditInfo,574,C,2026-04-25,0,1,2066682.92,1,{}
EV-BUR-C03041,C03041,CreditInfo,705,B,2026-04-26,0,3,109035.07,1,{}
EV-BUR-C03042,C03042,TransUnion,801,A,2026-04-26,0,6,3916531.78,4,{}
EV-BUR-C03043,C03043,Metropol,613,B,2026-04-20,1,6,2759336.95,4,{}
EV-BUR-C03044,C03044,CreditInfo,788,A,2026-04-23,1,4,3490430.23,2,{}
EV-BUR-C03045,C03045,Metropol,624,B,2026-04-20,0,4,1908317.38,1,{}
EV-BUR-C03046,C03046,Metropol,601,B,2026-04-26,2,2,3853228.76,4,{}
EV-BUR-C03047,C03047,CreditInfo,796,A,2026-04-25,0,4,1169182.78,2,{}
EV-BUR-C03048,C03048,TransUnion,786,A,2026-04-21,0,6,372371.80,4,{}
EV-BUR-C03049,C03049,CreditInfo,757,A,2026-04-25,2,4,2506341.83,3,{}
EV-BUR-C03050,C03050,CreditInfo,770,A,2026-04-26,1,6,2087089.07,4,{}
EV-BUR-C03051,C03051,Metropol,810,A,2026-04-24,2,5,1579416.53,1,{}
EV-BUR-C03052,C03052,TransUnion,716,B,2026-04-26,2,6,3273398.59,2,{}
EV-BUR-C03053,C03053,CreditInfo,732,A,2026-04-23,2,6,3673020.14,1,{}
EV-BUR-C03054,C03054,CreditInfo,780,A,2026-04-20,0,4,3865998.96,2,{}
EV-BUR-C03055,C03055,TransUnion,546,C,2026-04-25,1,6,1038126.05,0,{}
EV-BUR-C03056,C03056,Metropol,790,A,2026-04-24,0,3,2224644.98,4,{}
EV-BUR-C03057,C03057,TransUnion,566,C,2026-04-20,0,6,2341637.75,3,{}
EV-BUR-C03058,C03058,TransUnion,686,B,2026-04-25,1,6,1332597.90,0,{}
EV-BUR-C03059,C03059,CreditInfo,766,A,2026-04-23,1,7,3356711.23,4,{}
EV-BUR-C03060,C03060,Metropol,818,A,2026-04-24,2,3,3260462.74,2,{}
EV-BUR-C03061,C03061,Metropol,796,A,2026-04-20,1,4,812651.66,2,{}
EV-BUR-C03062,C03062,CreditInfo,798,A,2026-04-23,1,4,2858543.89,1,{}
EV-BUR-C03063,C03063,TransUnion,598,C,2026-04-21,0,2,1501305.76,3,{}
EV-BUR-C03064,C03064,TransUnion,662,B,2026-04-20,1,1,2759301.77,1,{}
EV-BUR-C03065,C03065,CreditInfo,827,A,2026-04-22,0,5,1204806.99,4,{}
EV-BUR-C03066,C03066,CreditInfo,720,A,2026-04-26,1,6,3236525.63,1,{}
EV-BUR-C03067,C03067,Metropol,611,B,2026-04-26,0,7,3430167.97,3,{}
EV-BUR-C03068,C03068,TransUnion,581,C,2026-04-21,2,6,2176663.04,0,{}
EV-BUR-C03069,C03069,TransUnion,563,C,2026-04-25,1,2,1323519.49,3,{}
EV-BUR-C03070,C03070,CreditInfo,710,B,2026-04-26,2,4,2011700.12,4,{}
EV-BUR-C03071,C03071,TransUnion,647,B,2026-04-21,0,6,2243668.71,0,{}
EV-BUR-C03072,C03072,TransUnion,822,A,2026-04-24,1,6,2264298.65,2,{}
EV-BUR-C03073,C03073,TransUnion,464,D,2026-04-22,8,5,229974.81,4,{}
EV-BUR-C03074,C03074,TransUnion,587,C,2026-04-21,0,2,248802.82,4,{}
EV-BUR-C03075,C03075,TransUnion,817,A,2026-04-25,1,3,624738.27,4,{}
EV-BUR-C03076,C03076,TransUnion,766,A,2026-04-21,2,6,3436989.93,3,{}
EV-BUR-C03077,C03077,Metropol,651,B,2026-04-22,2,2,436764.91,0,{}
EV-BUR-C03078,C03078,CreditInfo,619,B,2026-04-25,2,5,229565.09,4,{}
EV-BUR-C03079,C03079,CreditInfo,586,C,2026-04-26,2,5,3363574.96,4,{}
EV-BUR-C03080,C03080,TransUnion,734,A,2026-04-26,1,1,1384165.62,3,{}
EV-BUR-C03081,C03081,CreditInfo,769,A,2026-04-24,2,5,104483.75,3,{}
EV-BUR-C03082,C03082,CreditInfo,624,B,2026-04-20,2,4,3071361.06,3,{}
EV-BUR-C03083,C03083,TransUnion,756,A,2026-04-25,0,5,960294.51,0,{}
EV-BUR-C03084,C03084,TransUnion,553,C,2026-04-24,1,5,95278.57,4,{}
EV-BUR-C03085,C03085,Metropol,800,A,2026-04-23,2,1,1210897.51,2,{}
EV-BUR-C03086,C03086,CreditInfo,471,D,2026-04-26,9,5,1629039.40,0,{}
EV-BUR-C03087,C03087,Metropol,829,A,2026-04-25,1,3,1420281.81,4,{}
EV-BUR-C03088,C03088,Metropol,645,B,2026-04-24,2,1,340017.15,0,{}
EV-BUR-C03089,C03089,TransUnion,472,D,2026-04-20,7,3,3870453.39,2,{}
EV-BUR-C03090,C03090,TransUnion,832,A,2026-04-20,0,2,2124765.96,3,{}
EV-BUR-C03091,C03091,Metropol,754,A,2026-04-25,1,6,2438492.05,3,{}
EV-BUR-C03092,C03092,TransUnion,608,B,2026-04-24,2,7,481256.91,4,{}
EV-BUR-C03093,C03093,TransUnion,790,A,2026-04-21,2,2,3823083.63,3,{}
EV-BUR-C03094,C03094,TransUnion,612,B,2026-04-20,2,4,399684.89,1,{}
EV-BUR-C03095,C03095,CreditInfo,544,C,2026-04-20,2,7,3067282.16,1,{}
EV-BUR-C03096,C03096,CreditInfo,668,B,2026-04-22,0,2,3534586.28,4,{}
EV-BUR-C03097,C03097,CreditInfo,841,A,2026-04-21,0,7,2409983.68,2,{}
EV-BUR-C03098,C03098,CreditInfo,563,C,2026-04-21,1,3,673042.65,2,{}
EV-BUR-C03099,C03099,Metropol,771,A,2026-04-25,0,6,673467.83,1,{}
EV-BUR-C03100,C03100,TransUnion,618,B,2026-04-23,2,1,1819524.26,1,{}
EV-BUR-C03101,C03101,TransUnion,599,C,2026-04-23,1,2,560383.18,4,{}
EV-BUR-C03102,C03102,Metropol,823,A,2026-04-22,0,4,1093308.51,1,{}
EV-BUR-C03103,C03103,Metropol,325,E,2026-04-20,9,6,2526095.81,4,{}
EV-BUR-C03104,C03104,Metropol,680,B,2026-04-20,0,4,1518762.82,4,{}
EV-BUR-C03105,C03105,CreditInfo,812,A,2026-04-23,0,3,1907376.41,4,{}
EV-BUR-C03106,C03106,TransUnion,836,A,2026-04-24,0,3,179224.09,2,{}
EV-BUR-C03107,C03107,CreditInfo,487,D,2026-04-26,7,2,3130765.57,3,{}
EV-BUR-C03108,C03108,CreditInfo,828,A,2026-04-20,0,1,1640571.06,4,{}
EV-BUR-C03109,C03109,Metropol,637,B,2026-04-20,1,7,1457096.36,2,{}
EV-BUR-C03110,C03110,CreditInfo,565,C,2026-04-21,0,1,243289.72,2,{}
EV-BUR-C03111,C03111,Metropol,726,A,2026-04-22,0,1,2813354.47,0,{}
EV-BUR-C03112,C03112,TransUnion,822,A,2026-04-20,1,5,1119503.57,0,{}
EV-BUR-C03113,C03113,Metropol,722,A,2026-04-23,1,3,1674166.25,2,{}
EV-BUR-C03114,C03114,TransUnion,792,A,2026-04-23,1,2,1239286.84,0,{}
EV-BUR-C03115,C03115,Metropol,704,B,2026-04-25,0,2,602866.60,4,{}
EV-BUR-C03116,C03116,Metropol,589,C,2026-04-22,2,3,2717881.66,0,{}
EV-BUR-C03117,C03117,TransUnion,773,A,2026-04-20,0,1,2442995.63,3,{}
EV-BUR-C03118,C03118,CreditInfo,609,B,2026-04-20,1,6,1837981.03,4,{}
EV-BUR-C03119,C03119,TransUnion,571,C,2026-04-22,2,2,2815945.59,1,{}
EV-BUR-C03120,C03120,TransUnion,652,B,2026-04-26,2,1,3059773.19,2,{}
EV-BUR-C03121,C03121,TransUnion,670,B,2026-04-22,2,1,133850.97,2,{}
EV-BUR-C03122,C03122,TransUnion,691,B,2026-04-21,2,1,3924122.61,1,{}
EV-BUR-C03123,C03123,CreditInfo,674,B,2026-04-21,0,5,2289706.13,3,{}
EV-BUR-C03124,C03124,TransUnion,845,A,2026-04-23,0,6,1994300.85,4,{}
EV-BUR-C03125,C03125,CreditInfo,645,B,2026-04-22,1,1,3364432.03,2,{}
EV-BUR-C03126,C03126,TransUnion,558,C,2026-04-23,1,2,2606005.56,4,{}
EV-BUR-C03127,C03127,Metropol,837,A,2026-04-20,2,5,1995106.89,4,{}
EV-BUR-C03128,C03128,CreditInfo,693,B,2026-04-20,2,4,1310796.72,1,{}
EV-BUR-C03129,C03129,CreditInfo,783,A,2026-04-22,1,4,3280563.48,3,{}
EV-BUR-C03130,C03130,TransUnion,543,C,2026-04-20,0,7,1983222.42,1,{}
EV-BUR-C03131,C03131,TransUnion,807,A,2026-04-26,2,7,471467.45,2,{}
EV-BUR-C03132,C03132,Metropol,452,D,2026-04-26,8,2,1641909.05,0,{}
EV-BUR-C03133,C03133,CreditInfo,815,A,2026-04-20,0,5,3955852.59,1,{}
EV-BUR-C03134,C03134,Metropol,608,B,2026-04-23,2,1,2354752.26,4,{}
EV-BUR-C03135,C03135,Metropol,830,A,2026-04-26,0,4,1095101.63,2,{}
EV-BUR-C03136,C03136,TransUnion,836,A,2026-04-23,2,4,3732312.08,0,{}
EV-BUR-C03137,C03137,CreditInfo,713,B,2026-04-22,0,2,2055594.81,4,{}
EV-BUR-C03138,C03138,CreditInfo,789,A,2026-04-26,2,1,3477746.74,2,{}
EV-BUR-C03139,C03139,CreditInfo,686,B,2026-04-20,2,3,1726371.24,4,{}
EV-BUR-C03140,C03140,TransUnion,763,A,2026-04-21,1,1,959800.18,1,{}
EV-BUR-C03141,C03141,TransUnion,557,C,2026-04-22,0,5,2076312.92,2,{}
EV-BUR-C03142,C03142,TransUnion,617,B,2026-04-24,1,1,1157578.65,2,{}
EV-BUR-C03143,C03143,TransUnion,804,A,2026-04-25,2,3,2359723.90,0,{}
EV-BUR-C03144,C03144,Metropol,726,A,2026-04-26,2,4,3191485.62,2,{}
EV-BUR-C03145,C03145,CreditInfo,836,A,2026-04-23,2,3,818262.54,2,{}
EV-BUR-C03146,C03146,TransUnion,741,A,2026-04-22,2,1,1773089.51,2,{}
EV-BUR-C03147,C03147,Metropol,296,E,2026-04-22,5,3,348729.45,2,{}
EV-BUR-C03148,C03148,Metropol,773,A,2026-04-22,1,2,3210301.82,2,{}
EV-BUR-C03149,C03149,TransUnion,604,B,2026-04-25,2,1,1527503.88,2,{}
EV-BUR-C03150,C03150,TransUnion,676,B,2026-04-26,1,7,3652571.27,0,{}
EV-BUR-C03151,C03151,Metropol,828,A,2026-04-21,0,7,3019884.25,0,{}
EV-BUR-C03152,C03152,CreditInfo,824,A,2026-04-25,2,1,2786150.16,3,{}
EV-BUR-C03153,C03153,CreditInfo,576,C,2026-04-21,2,1,3851086.32,3,{}
EV-BUR-C03154,C03154,TransUnion,788,A,2026-04-25,1,4,152281.94,3,{}
EV-BUR-C03155,C03155,Metropol,583,C,2026-04-25,2,1,1476160.59,3,{}
EV-BUR-C03156,C03156,CreditInfo,542,C,2026-04-25,0,2,3845021.81,4,{}
EV-BUR-C03157,C03157,CreditInfo,809,A,2026-04-25,1,2,3056071.62,2,{}
EV-BUR-C03158,C03158,CreditInfo,577,C,2026-04-21,1,4,3369244.79,0,{}
EV-BUR-C03159,C03159,TransUnion,625,B,2026-04-23,1,1,58836.43,4,{}
EV-BUR-C03160,C03160,CreditInfo,769,A,2026-04-23,1,3,3337740.97,2,{}
EV-BUR-C03161,C03161,Metropol,667,B,2026-04-23,1,7,3049852.23,4,{}
EV-BUR-C03162,C03162,TransUnion,823,A,2026-04-25,2,6,2211416.06,0,{}
EV-BUR-C03163,C03163,CreditInfo,716,B,2026-04-20,1,6,3892492.02,0,{}
EV-BUR-C03164,C03164,CreditInfo,734,A,2026-04-26,2,2,2000025.42,4,{}
EV-BUR-C03165,C03165,TransUnion,779,A,2026-04-23,0,1,1926274.01,4,{}
EV-BUR-C03166,C03166,Metropol,788,A,2026-04-21,0,7,2827409.08,1,{}
EV-BUR-C03167,C03167,TransUnion,772,A,2026-04-20,1,6,1392489.17,0,{}
EV-BUR-C03168,C03168,TransUnion,516,C,2026-04-22,5,7,1407096.02,1,{}
EV-BUR-C03169,C03169,CreditInfo,798,A,2026-04-22,1,3,3532565.12,3,{}
EV-BUR-C03170,C03170,Metropol,630,B,2026-04-20,1,7,793576.98,0,{}
EV-BUR-C03171,C03171,TransUnion,840,A,2026-04-20,0,5,518698.45,1,{}
EV-BUR-C03172,C03172,CreditInfo,755,A,2026-04-25,2,7,2014173.32,1,{}
EV-BUR-C03173,C03173,TransUnion,613,B,2026-04-25,0,6,966205.77,0,{}
EV-BUR-C03174,C03174,Metropol,779,A,2026-04-23,2,2,3572964.62,3,{}
EV-BUR-C03175,C03175,CreditInfo,803,A,2026-04-24,2,5,2940869.89,4,{}
EV-BUR-C03176,C03176,Metropol,759,A,2026-04-25,1,3,3386566.57,1,{}
EV-BUR-C03177,C03177,TransUnion,805,A,2026-04-21,0,3,1778331.98,3,{}
EV-BUR-C03178,C03178,TransUnion,654,B,2026-04-23,1,3,1833567.53,1,{}
EV-BUR-C03179,C03179,TransUnion,831,A,2026-04-22,1,5,1734780.22,1,{}
EV-BUR-C03180,C03180,CreditInfo,496,D,2026-04-24,5,4,2585661.95,1,{}
EV-BUR-C03181,C03181,TransUnion,812,A,2026-04-20,1,2,2152851.26,3,{}
EV-BUR-C03182,C03182,CreditInfo,799,A,2026-04-23,0,7,1453065.12,0,{}
EV-BUR-C03183,C03183,TransUnion,549,C,2026-04-20,2,3,442091.72,2,{}
EV-BUR-C03184,C03184,Metropol,640,B,2026-04-21,2,7,2384214.43,2,{}
EV-BUR-C03185,C03185,CreditInfo,706,B,2026-04-23,0,3,520174.28,1,{}
EV-BUR-C03186,C03186,TransUnion,578,C,2026-04-23,0,2,3065456.25,0,{}
EV-BUR-C03187,C03187,TransUnion,798,A,2026-04-25,0,4,704239.18,0,{}
EV-BUR-C03188,C03188,CreditInfo,824,A,2026-04-22,2,1,3392726.84,2,{}
EV-BUR-C03189,C03189,TransUnion,683,B,2026-04-26,0,4,932288.04,0,{}
EV-BUR-C03190,C03190,TransUnion,642,B,2026-04-21,1,4,1534061.08,0,{}
EV-BUR-C03191,C03191,CreditInfo,692,B,2026-04-24,2,7,2099961.09,1,{}
EV-BUR-C03192,C03192,TransUnion,666,B,2026-04-22,2,6,922163.18,4,{}
EV-BUR-C03193,C03193,Metropol,307,E,2026-04-22,7,4,1507289.87,3,{}
EV-BUR-C03194,C03194,TransUnion,736,A,2026-04-25,0,3,1093308.86,2,{}
EV-BUR-C03195,C03195,TransUnion,614,B,2026-04-24,1,7,3610787.62,3,{}
EV-BUR-C03196,C03196,TransUnion,540,C,2026-04-20,2,1,2343293.27,4,{}
EV-BUR-C03197,C03197,Metropol,587,C,2026-04-20,1,1,2998251.50,1,{}
EV-BUR-C03198,C03198,CreditInfo,727,A,2026-04-25,0,4,3554968.75,1,{}
EV-BUR-C03199,C03199,Metropol,833,A,2026-04-24,2,3,1035194.62,2,{}
EV-BUR-C03200,C03200,CreditInfo,701,B,2026-04-23,0,1,3558313.37,0,{}
EV-BUR-C03201,C03201,CreditInfo,732,A,2026-04-21,2,6,3473474.99,2,{}
EV-BUR-C03202,C03202,TransUnion,640,B,2026-04-20,1,2,159539.49,2,{}
EV-BUR-C03203,C03203,CreditInfo,779,A,2026-04-26,1,3,934611.31,0,{}
EV-BUR-C03204,C03204,Metropol,737,A,2026-04-22,1,4,2740848.84,3,{}
EV-BUR-C03205,C03205,CreditInfo,664,B,2026-04-24,0,6,3134128.49,4,{}
EV-BUR-C03206,C03206,TransUnion,779,A,2026-04-23,1,3,595599.60,1,{}
EV-BUR-C03207,C03207,Metropol,807,A,2026-04-26,2,6,2808974.85,3,{}
EV-BUR-C03208,C03208,CreditInfo,806,A,2026-04-26,1,3,3303150.51,2,{}
EV-BUR-C03209,C03209,CreditInfo,585,C,2026-04-25,1,1,2778487.82,2,{}
EV-BUR-C03210,C03210,Metropol,818,A,2026-04-24,0,1,339213.04,4,{}
EV-BUR-C03211,C03211,CreditInfo,828,A,2026-04-22,2,2,635188.77,4,{}
EV-BUR-C03212,C03212,TransUnion,599,C,2026-04-23,1,2,2618883.82,2,{}
EV-BUR-C03213,C03213,CreditInfo,679,B,2026-04-23,2,5,3864100.63,1,{}
EV-BUR-C03214,C03214,Metropol,845,A,2026-04-25,1,7,1564267.17,4,{}
EV-BUR-C03215,C03215,CreditInfo,686,B,2026-04-21,2,7,962500.83,4,{}
EV-BUR-C03216,C03216,TransUnion,624,B,2026-04-24,2,2,1806032.78,1,{}
EV-BUR-C03217,C03217,Metropol,639,B,2026-04-20,1,1,253993.55,0,{}
EV-BUR-C03218,C03218,CreditInfo,786,A,2026-04-20,1,5,3648944.18,3,{}
EV-BUR-C03219,C03219,Metropol,623,B,2026-04-21,0,7,2387435.15,0,{}
EV-BUR-C03220,C03220,TransUnion,710,B,2026-04-24,0,3,2611753.16,0,{}
EV-BUR-C03221,C03221,Metropol,799,A,2026-04-25,0,7,2092077.91,1,{}
EV-BUR-C03222,C03222,Metropol,671,B,2026-04-22,1,2,2257884.54,3,{}
EV-BUR-C03223,C03223,TransUnion,609,B,2026-04-25,1,3,1479979.87,1,{}
EV-BUR-C03224,C03224,Metropol,650,B,2026-04-24,2,4,1279425.23,0,{}
EV-BUR-C03225,C03225,CreditInfo,741,A,2026-04-26,0,6,3712020.88,0,{}
EV-BUR-C03226,C03226,CreditInfo,798,A,2026-04-25,1,6,3139677.31,1,{}
EV-BUR-C03227,C03227,CreditInfo,850,A,2026-04-22,0,4,1793386.63,4,{}
EV-BUR-C03228,C03228,CreditInfo,613,B,2026-04-21,1,7,1710584.38,0,{}
EV-BUR-C03229,C03229,TransUnion,741,A,2026-04-20,0,2,2029922.78,1,{}
EV-BUR-C03230,C03230,TransUnion,355,E,2026-04-23,5,2,981691.89,4,{}
EV-BUR-C03231,C03231,TransUnion,790,A,2026-04-25,0,4,2036680.92,1,{}
EV-BUR-C03232,C03232,TransUnion,677,B,2026-04-20,2,5,3002299.70,2,{}
EV-BUR-C03233,C03233,CreditInfo,615,B,2026-04-23,2,1,641582.83,0,{}
EV-BUR-C03234,C03234,CreditInfo,798,A,2026-04-21,2,1,2350877.03,4,{}
EV-BUR-C03235,C03235,TransUnion,357,E,2026-04-20,3,4,2365544.35,0,{}
EV-BUR-C03236,C03236,TransUnion,583,C,2026-04-24,1,4,1435058.13,4,{}
EV-BUR-C03237,C03237,Metropol,706,B,2026-04-22,2,2,3138410.17,4,{}
EV-BUR-C03238,C03238,CreditInfo,459,D,2026-04-26,6,1,1360542.64,4,{}
EV-BUR-C03239,C03239,Metropol,795,A,2026-04-26,2,6,1548528.81,1,{}
EV-BUR-C03240,C03240,CreditInfo,656,B,2026-04-26,2,4,3100284.47,1,{}
EV-BUR-C03241,C03241,Metropol,718,B,2026-04-20,2,5,193616.90,3,{}
EV-BUR-C03242,C03242,Metropol,841,A,2026-04-24,2,4,1531546.68,3,{}
EV-BUR-C03243,C03243,Metropol,609,B,2026-04-21,0,5,625014.05,4,{}
EV-BUR-C03244,C03244,TransUnion,794,A,2026-04-21,0,7,3132589.32,3,{}
EV-BUR-C03245,C03245,TransUnion,663,B,2026-04-21,2,2,3076043.82,2,{}
EV-BUR-C03246,C03246,CreditInfo,611,B,2026-04-26,0,5,2542158.60,2,{}
EV-BUR-C03247,C03247,Metropol,735,A,2026-04-20,1,4,3626673.64,4,{}
EV-BUR-C03248,C03248,CreditInfo,813,A,2026-04-20,1,5,2344936.22,3,{}
EV-BUR-C03249,C03249,CreditInfo,541,C,2026-04-26,1,6,1655475.71,0,{}
EV-BUR-C03250,C03250,TransUnion,614,B,2026-04-22,0,5,1056784.67,2,{}
EV-BUR-C03251,C03251,CreditInfo,633,B,2026-04-22,2,1,175981.73,2,{}
EV-BUR-C03252,C03252,Metropol,844,A,2026-04-23,0,5,2208092.10,2,{}
EV-BUR-C03253,C03253,Metropol,845,A,2026-04-26,1,6,2258652.55,2,{}
EV-BUR-C03254,C03254,CreditInfo,736,A,2026-04-20,2,4,3278968.25,4,{}
EV-BUR-C03255,C03255,TransUnion,636,B,2026-04-22,1,4,434718.58,1,{}
EV-BUR-C03256,C03256,TransUnion,541,C,2026-04-22,0,1,411132.13,0,{}
EV-BUR-C03257,C03257,CreditInfo,558,C,2026-04-24,2,2,2229985.51,4,{}
EV-BUR-C03258,C03258,TransUnion,747,A,2026-04-24,2,4,823961.13,3,{}
EV-BUR-C03259,C03259,TransUnion,795,A,2026-04-24,2,2,3996425.79,0,{}
EV-BUR-C03260,C03260,Metropol,703,B,2026-04-20,2,3,1454586.39,4,{}
EV-BUR-C03261,C03261,CreditInfo,732,A,2026-04-21,2,2,2016897.62,1,{}
EV-BUR-C03262,C03262,CreditInfo,741,A,2026-04-21,1,5,2682880.26,1,{}
EV-BUR-C03263,C03263,Metropol,549,C,2026-04-24,0,5,2903229.02,0,{}
EV-BUR-C03264,C03264,Metropol,675,B,2026-04-25,0,5,2497160.35,0,{}
EV-BUR-C03265,C03265,Metropol,555,C,2026-04-21,0,2,3016548.64,2,{}
EV-BUR-C03266,C03266,Metropol,835,A,2026-04-23,0,4,2440802.85,1,{}
EV-BUR-C03267,C03267,CreditInfo,699,B,2026-04-20,1,3,1937624.07,3,{}
EV-BUR-C03268,C03268,TransUnion,841,A,2026-04-26,0,5,1245531.39,2,{}
EV-BUR-C03269,C03269,CreditInfo,687,B,2026-04-20,2,4,2767677.89,2,{}
EV-BUR-C03270,C03270,CreditInfo,782,A,2026-04-20,2,7,1225057.34,3,{}
EV-BUR-C03271,C03271,TransUnion,792,A,2026-04-22,0,4,1741925.96,0,{}
EV-BUR-C03272,C03272,Metropol,837,A,2026-04-20,1,4,545016.97,4,{}
EV-BUR-C03273,C03273,TransUnion,793,A,2026-04-21,0,1,423027.68,0,{}
EV-BUR-C03274,C03274,CreditInfo,698,B,2026-04-24,2,1,1525161.77,1,{}
EV-BUR-C03275,C03275,CreditInfo,816,A,2026-04-21,0,1,2623400.79,1,{}
EV-BUR-C03276,C03276,TransUnion,559,C,2026-04-20,0,6,1241951.56,0,{}
EV-BUR-C03277,C03277,Metropol,650,B,2026-04-24,2,6,1098432.83,0,{}
EV-BUR-C03278,C03278,CreditInfo,640,B,2026-04-26,1,3,2550910.74,1,{}
EV-BUR-C03279,C03279,Metropol,599,C,2026-04-23,0,2,2472095.79,0,{}
EV-BUR-C03280,C03280,Metropol,599,C,2026-04-20,0,1,3004239.72,2,{}
EV-BUR-C03281,C03281,CreditInfo,686,B,2026-04-21,1,3,2714903.67,4,{}
EV-BUR-C03282,C03282,CreditInfo,836,A,2026-04-24,1,2,464704.84,2,{}
EV-BUR-C03283,C03283,Metropol,719,B,2026-04-20,0,6,2105314.52,0,{}
EV-BUR-C03284,C03284,TransUnion,717,B,2026-04-20,0,2,3655549.87,2,{}
EV-BUR-C03285,C03285,TransUnion,787,A,2026-04-22,1,2,50526.53,3,{}
EV-BUR-C03286,C03286,TransUnion,609,B,2026-04-22,2,5,3452275.28,1,{}
EV-BUR-C03287,C03287,Metropol,811,A,2026-04-22,2,3,1413737.09,2,{}
EV-BUR-C03288,C03288,Metropol,631,B,2026-04-25,1,3,735179.61,1,{}
EV-BUR-C03289,C03289,CreditInfo,715,B,2026-04-24,1,7,2662366.52,2,{}
EV-BUR-C03290,C03290,Metropol,833,A,2026-04-22,1,3,2433062.98,1,{}
EV-BUR-C03291,C03291,CreditInfo,668,B,2026-04-21,0,2,1768929.20,0,{}
EV-BUR-C03292,C03292,Metropol,843,A,2026-04-22,2,3,1175293.06,2,{}
EV-BUR-C03293,C03293,Metropol,744,A,2026-04-25,0,4,2953869.63,4,{}
EV-BUR-C03294,C03294,CreditInfo,544,C,2026-04-23,1,5,2900321.04,0,{}
EV-BUR-C03295,C03295,TransUnion,616,B,2026-04-24,2,2,2753321.03,4,{}
EV-BUR-C03296,C03296,Metropol,625,B,2026-04-23,2,5,3148493.29,4,{}
EV-BUR-C03297,C03297,TransUnion,808,A,2026-04-25,2,3,2561104.08,3,{}
EV-BUR-C03298,C03298,TransUnion,736,A,2026-04-20,1,4,428120.40,0,{}
EV-BUR-C03299,C03299,Metropol,778,A,2026-04-24,1,3,3239823.55,2,{}
EV-BUR-C03300,C03300,TransUnion,830,A,2026-04-21,0,5,3239339.81,2,{}
EV-BUR-C03301,C03301,TransUnion,838,A,2026-04-24,0,3,2431035.73,2,{}
EV-BUR-C03302,C03302,TransUnion,733,A,2026-04-25,0,6,662337.55,4,{}
EV-BUR-C03303,C03303,Metropol,580,C,2026-04-24,0,5,3143040.94,3,{}
EV-BUR-C03304,C03304,Metropol,563,C,2026-04-23,2,6,1324027.26,4,{}
EV-BUR-C03305,C03305,CreditInfo,755,A,2026-04-26,1,1,254447.70,3,{}
EV-BUR-C03306,C03306,Metropol,651,B,2026-04-22,2,4,3815421.64,1,{}
EV-BUR-C03307,C03307,CreditInfo,726,A,2026-04-26,1,1,2908327.79,0,{}
EV-BUR-C03308,C03308,Metropol,633,B,2026-04-24,0,3,1013885.28,1,{}
EV-BUR-C03309,C03309,CreditInfo,572,C,2026-04-23,0,5,681728.89,3,{}
EV-BUR-C03310,C03310,TransUnion,750,A,2026-04-24,2,7,3399957.22,2,{}
EV-BUR-C03311,C03311,TransUnion,563,C,2026-04-23,2,2,2972516.17,3,{}
EV-BUR-C03312,C03312,CreditInfo,681,B,2026-04-22,2,7,3899700.34,2,{}
EV-BUR-C03313,C03313,Metropol,612,B,2026-04-20,1,7,3298616.60,3,{}
EV-BUR-C03314,C03314,Metropol,706,B,2026-04-22,0,1,1037177.51,2,{}
EV-BUR-C03315,C03315,CreditInfo,633,B,2026-04-25,2,2,2741757.97,4,{}
EV-BUR-C03316,C03316,Metropol,763,A,2026-04-23,2,1,2109944.32,0,{}
EV-BUR-C03317,C03317,TransUnion,654,B,2026-04-21,2,7,950153.34,0,{}
EV-BUR-C03318,C03318,TransUnion,551,C,2026-04-23,1,7,2037108.10,1,{}
EV-BUR-C03319,C03319,Metropol,707,B,2026-04-22,1,7,873553.95,3,{}
EV-BUR-C03320,C03320,CreditInfo,597,C,2026-04-20,2,5,668220.02,2,{}
EV-BUR-C03321,C03321,Metropol,816,A,2026-04-26,0,2,413017.81,1,{}
EV-BUR-C03322,C03322,Metropol,801,A,2026-04-22,2,7,2959779.72,3,{}
EV-BUR-C03323,C03323,CreditInfo,794,A,2026-04-25,0,3,3987182.26,1,{}
EV-BUR-C03324,C03324,TransUnion,601,B,2026-04-24,1,4,3342976.44,2,{}
EV-BUR-C03325,C03325,Metropol,687,B,2026-04-21,1,5,3287646.79,3,{}
EV-BUR-C03326,C03326,Metropol,581,C,2026-04-25,2,1,2062426.26,2,{}
EV-BUR-C03327,C03327,CreditInfo,569,C,2026-04-21,0,6,3695690.07,2,{}
EV-BUR-C03328,C03328,Metropol,750,A,2026-04-26,2,6,3999574.92,2,{}
EV-BUR-C03329,C03329,CreditInfo,711,B,2026-04-21,2,2,153149.20,2,{}
EV-BUR-C03330,C03330,CreditInfo,829,A,2026-04-23,2,1,2146793.87,4,{}
EV-BUR-C03331,C03331,CreditInfo,842,A,2026-04-26,0,7,2552172.70,2,{}
EV-BUR-C03332,C03332,TransUnion,733,A,2026-04-25,1,7,3243588.98,2,{}
EV-BUR-C03333,C03333,Metropol,299,E,2026-04-23,9,5,2758911.29,2,{}
EV-BUR-C03334,C03334,CreditInfo,783,A,2026-04-26,0,3,1655351.58,1,{}
EV-BUR-C03335,C03335,CreditInfo,622,B,2026-04-20,2,6,557699.08,1,{}
EV-BUR-C03336,C03336,TransUnion,814,A,2026-04-25,1,2,569732.27,2,{}
EV-BUR-C03337,C03337,CreditInfo,724,A,2026-04-23,1,6,1177559.54,0,{}
EV-BUR-C03338,C03338,TransUnion,672,B,2026-04-24,1,7,2186739.67,4,{}
EV-BUR-C03339,C03339,Metropol,594,C,2026-04-22,0,6,307679.71,3,{}
EV-BUR-C03340,C03340,Metropol,542,C,2026-04-23,0,4,2879199.71,2,{}
EV-BUR-C03341,C03341,Metropol,717,B,2026-04-21,2,7,175626.27,2,{}
EV-BUR-C03342,C03342,TransUnion,552,C,2026-04-24,2,1,1154493.17,1,{}
EV-BUR-C03343,C03343,Metropol,732,A,2026-04-23,0,5,2038709.68,0,{}
EV-BUR-C03344,C03344,Metropol,576,C,2026-04-20,2,5,1892137.48,0,{}
EV-BUR-C03345,C03345,Metropol,825,A,2026-04-24,1,3,3833556.37,0,{}
EV-BUR-C03346,C03346,CreditInfo,610,B,2026-04-22,0,1,1687301.65,3,{}
EV-BUR-C03347,C03347,Metropol,758,A,2026-04-23,0,2,3637942.29,0,{}
EV-BUR-C03348,C03348,Metropol,748,A,2026-04-24,0,5,1380134.77,0,{}
EV-BUR-C03349,C03349,TransUnion,815,A,2026-04-23,1,5,3562915.09,3,{}
EV-BUR-C03350,C03350,Metropol,697,B,2026-04-26,0,3,2750025.69,1,{}
EV-BUR-C03351,C03351,TransUnion,662,B,2026-04-26,2,6,1389630.27,1,{}
EV-BUR-C03352,C03352,Metropol,749,A,2026-04-20,2,3,1016616.49,0,{}
EV-BUR-C03353,C03353,TransUnion,710,B,2026-04-21,1,7,3780220.09,4,{}
EV-BUR-C03354,C03354,Metropol,653,B,2026-04-24,0,3,1736937.09,4,{}
EV-BUR-C03355,C03355,CreditInfo,816,A,2026-04-26,0,1,2045784.21,4,{}
EV-BUR-C03356,C03356,Metropol,792,A,2026-04-20,2,7,2701753.69,1,{}
EV-BUR-C03357,C03357,CreditInfo,785,A,2026-04-25,1,7,3698689.92,1,{}
EV-BUR-C03358,C03358,CreditInfo,756,A,2026-04-22,1,2,2633130.16,0,{}
EV-BUR-C03359,C03359,Metropol,655,B,2026-04-21,0,6,2467491.15,4,{}
EV-BUR-C03360,C03360,CreditInfo,620,B,2026-04-24,1,5,3095653.70,0,{}
EV-BUR-C03361,C03361,CreditInfo,330,E,2026-04-20,6,5,533393.03,3,{}
EV-BUR-C03362,C03362,Metropol,799,A,2026-04-22,2,4,1648544.34,0,{}
EV-BUR-C03363,C03363,TransUnion,385,E,2026-04-23,4,1,2153841.95,2,{}
EV-BUR-C03364,C03364,Metropol,800,A,2026-04-25,2,6,684393.27,0,{}
EV-BUR-C03365,C03365,CreditInfo,837,A,2026-04-25,2,2,1255436.22,1,{}
EV-BUR-C03366,C03366,Metropol,786,A,2026-04-26,2,6,2674873.24,4,{}
EV-BUR-C03367,C03367,TransUnion,556,C,2026-04-20,2,5,451640.36,2,{}
EV-BUR-C03368,C03368,TransUnion,822,A,2026-04-20,2,4,1005415.84,4,{}
EV-BUR-C03369,C03369,Metropol,676,B,2026-04-25,2,1,3640965.83,1,{}
EV-BUR-C03370,C03370,TransUnion,780,A,2026-04-25,2,1,2267862.50,3,{}
EV-BUR-C03371,C03371,CreditInfo,674,B,2026-04-24,2,7,647057.51,2,{}
EV-BUR-C03372,C03372,CreditInfo,705,B,2026-04-23,1,1,2051044.09,1,{}
EV-BUR-C03373,C03373,TransUnion,601,B,2026-04-21,1,5,2975100.92,0,{}
EV-BUR-C03374,C03374,TransUnion,780,A,2026-04-25,0,4,3804563.19,2,{}
EV-BUR-C03375,C03375,CreditInfo,706,B,2026-04-21,0,5,567188.73,0,{}
EV-BUR-C03376,C03376,TransUnion,757,A,2026-04-25,0,3,231487.89,1,{}
EV-BUR-C03377,C03377,CreditInfo,620,B,2026-04-25,2,6,2151738.45,1,{}
EV-BUR-C03378,C03378,TransUnion,519,C,2026-04-24,5,2,616733.40,3,{}
EV-BUR-C03379,C03379,Metropol,633,B,2026-04-23,2,7,330935.30,0,{}
EV-BUR-C03380,C03380,Metropol,836,A,2026-04-22,0,7,875407.78,0,{}
EV-BUR-C03381,C03381,TransUnion,837,A,2026-04-23,2,4,478805.25,3,{}
EV-BUR-C03382,C03382,TransUnion,665,B,2026-04-26,1,2,1735884.68,3,{}
EV-BUR-C03383,C03383,Metropol,800,A,2026-04-23,2,3,2066404.41,3,{}
EV-BUR-C03384,C03384,CreditInfo,547,C,2026-04-26,1,5,2732358.78,2,{}
EV-BUR-C03385,C03385,Metropol,697,B,2026-04-22,0,6,379424.94,0,{}
EV-BUR-C03386,C03386,Metropol,683,B,2026-04-23,2,6,98246.98,4,{}
EV-BUR-C03387,C03387,Metropol,809,A,2026-04-20,1,2,684953.60,4,{}
EV-BUR-C03388,C03388,TransUnion,589,C,2026-04-21,0,3,3706282.21,2,{}
EV-BUR-C03389,C03389,Metropol,804,A,2026-04-26,2,2,2011976.80,3,{}
EV-BUR-C03390,C03390,Metropol,562,C,2026-04-21,2,1,2033740.45,2,{}
EV-BUR-C03391,C03391,TransUnion,847,A,2026-04-26,0,4,596756.62,3,{}
EV-BUR-C03392,C03392,CreditInfo,687,B,2026-04-23,2,2,3149948.33,4,{}
EV-BUR-C03393,C03393,Metropol,717,B,2026-04-22,0,7,3182039.33,2,{}
EV-BUR-C03394,C03394,TransUnion,764,A,2026-04-21,1,3,1707246.66,1,{}
EV-BUR-C03395,C03395,TransUnion,471,D,2026-04-24,3,4,1603420.68,3,{}
EV-BUR-C03396,C03396,CreditInfo,621,B,2026-04-23,2,7,107085.02,0,{}
EV-BUR-C03397,C03397,TransUnion,715,B,2026-04-23,2,5,436156.64,4,{}
EV-BUR-C03398,C03398,TransUnion,637,B,2026-04-21,2,2,2986576.84,3,{}
EV-BUR-C03399,C03399,Metropol,553,C,2026-04-23,0,3,346521.94,4,{}
EV-BUR-C03400,C03400,TransUnion,806,A,2026-04-25,0,5,687565.71,0,{}
EV-BUR-C03401,C03401,CreditInfo,751,A,2026-04-26,2,7,3798766.81,1,{}
EV-BUR-C03402,C03402,TransUnion,622,B,2026-04-22,0,6,1200263.27,3,{}
EV-BUR-C03403,C03403,CreditInfo,824,A,2026-04-22,2,7,160045.40,3,{}
EV-BUR-C03404,C03404,CreditInfo,564,C,2026-04-22,1,6,2384306.44,4,{}
EV-BUR-C03405,C03405,Metropol,791,A,2026-04-20,0,1,3076112.38,4,{}
EV-BUR-C03406,C03406,TransUnion,662,B,2026-04-23,0,6,774493.45,3,{}
EV-BUR-C03407,C03407,Metropol,616,B,2026-04-20,0,2,2395243.60,1,{}
EV-BUR-C03408,C03408,CreditInfo,839,A,2026-04-20,2,4,236282.79,1,{}
EV-BUR-C03409,C03409,Metropol,644,B,2026-04-24,0,6,1525429.51,2,{}
EV-BUR-C03410,C03410,TransUnion,774,A,2026-04-22,0,3,3525558.62,3,{}
EV-BUR-C03411,C03411,CreditInfo,501,C,2026-04-25,9,3,288918.67,1,{}
EV-BUR-C03412,C03412,TransUnion,738,A,2026-04-23,0,4,3846964.83,2,{}
EV-BUR-C03413,C03413,TransUnion,702,B,2026-04-23,1,3,1658264.03,0,{}
EV-BUR-C03414,C03414,CreditInfo,650,B,2026-04-26,2,7,2759680.29,3,{}
EV-BUR-C03415,C03415,TransUnion,561,C,2026-04-25,2,2,660615.00,4,{}
EV-BUR-C03416,C03416,Metropol,504,C,2026-04-23,8,7,3094104.96,1,{}
EV-BUR-C03417,C03417,TransUnion,718,B,2026-04-20,0,4,3082555.36,3,{}
EV-BUR-C03418,C03418,Metropol,765,A,2026-04-21,1,5,368199.88,4,{}
EV-BUR-C03419,C03419,Metropol,691,B,2026-04-26,1,2,2951593.35,0,{}
EV-BUR-C03420,C03420,Metropol,803,A,2026-04-23,2,7,3221020.83,3,{}
EV-BUR-C03421,C03421,CreditInfo,720,A,2026-04-26,0,2,1262032.49,4,{}
EV-BUR-C03422,C03422,TransUnion,722,A,2026-04-21,0,1,372563.10,2,{}
EV-BUR-C03423,C03423,TransUnion,779,A,2026-04-22,2,4,1726127.59,0,{}
EV-BUR-C03424,C03424,TransUnion,844,A,2026-04-20,1,5,2026974.11,3,{}
EV-BUR-C03425,C03425,Metropol,710,B,2026-04-25,0,3,117275.32,1,{}
EV-BUR-C03426,C03426,CreditInfo,404,D,2026-04-20,7,2,3063944.39,3,{}
EV-BUR-C03427,C03427,TransUnion,615,B,2026-04-23,1,3,3952946.06,0,{}
EV-BUR-C03428,C03428,CreditInfo,637,B,2026-04-20,2,6,1030503.72,1,{}
EV-BUR-C03429,C03429,CreditInfo,838,A,2026-04-22,0,4,2026526.04,4,{}
EV-BUR-C03430,C03430,CreditInfo,731,A,2026-04-20,0,7,2080756.23,2,{}
EV-BUR-C03431,C03431,Metropol,785,A,2026-04-26,1,4,1808127.11,0,{}
EV-BUR-C03432,C03432,CreditInfo,756,A,2026-04-22,1,4,460333.63,3,{}
EV-BUR-C03433,C03433,TransUnion,812,A,2026-04-22,2,6,1879751.40,0,{}
EV-BUR-C03434,C03434,TransUnion,641,B,2026-04-25,0,1,3009194.27,0,{}
EV-BUR-C03435,C03435,Metropol,648,B,2026-04-21,0,6,557843.19,1,{}
EV-BUR-C03436,C03436,CreditInfo,591,C,2026-04-21,2,3,1131677.29,0,{}
EV-BUR-C03437,C03437,CreditInfo,743,A,2026-04-26,1,7,1977557.66,4,{}
EV-BUR-C03438,C03438,Metropol,842,A,2026-04-22,1,5,163599.23,4,{}
EV-BUR-C03439,C03439,TransUnion,756,A,2026-04-22,2,2,1098945.57,0,{}
EV-BUR-C03440,C03440,CreditInfo,366,E,2026-04-24,8,1,3346531.95,0,{}
EV-BUR-C03441,C03441,CreditInfo,731,A,2026-04-25,2,4,100438.58,1,{}
EV-BUR-C03442,C03442,CreditInfo,724,A,2026-04-25,0,4,2225933.76,3,{}
EV-BUR-C03443,C03443,CreditInfo,594,C,2026-04-20,1,5,1193544.47,0,{}
EV-BUR-C03444,C03444,Metropol,817,A,2026-04-25,0,7,563965.85,0,{}
EV-BUR-C03445,C03445,TransUnion,749,A,2026-04-20,0,4,2641199.80,1,{}
EV-BUR-C03446,C03446,CreditInfo,736,A,2026-04-21,2,6,2133358.62,4,{}
EV-BUR-C03447,C03447,CreditInfo,697,B,2026-04-26,0,3,1768430.86,2,{}
EV-BUR-C03448,C03448,CreditInfo,548,C,2026-04-26,2,3,1115433.98,2,{}
EV-BUR-C03449,C03449,CreditInfo,832,A,2026-04-20,2,5,2959662.00,1,{}
EV-BUR-C03450,C03450,CreditInfo,467,D,2026-04-25,5,5,2626283.12,2,{}
EV-BUR-C03451,C03451,CreditInfo,563,C,2026-04-20,2,5,2353496.91,4,{}
EV-BUR-C03452,C03452,CreditInfo,794,A,2026-04-26,2,3,2372604.08,4,{}
EV-BUR-C03453,C03453,CreditInfo,758,A,2026-04-24,2,5,1281992.15,3,{}
EV-BUR-C03454,C03454,CreditInfo,786,A,2026-04-23,2,5,656800.07,3,{}
EV-BUR-C03455,C03455,TransUnion,842,A,2026-04-25,2,4,3373059.78,3,{}
EV-BUR-C03456,C03456,Metropol,688,B,2026-04-21,1,1,2835394.63,1,{}
EV-BUR-C03457,C03457,CreditInfo,757,A,2026-04-20,1,7,1626748.75,2,{}
EV-BUR-C03458,C03458,TransUnion,624,B,2026-04-20,2,7,3542517.73,3,{}
EV-BUR-C03459,C03459,Metropol,771,A,2026-04-23,0,3,1419583.29,1,{}
EV-BUR-C03460,C03460,Metropol,723,A,2026-04-21,1,7,376803.90,4,{}
EV-BUR-C03461,C03461,CreditInfo,783,A,2026-04-23,2,7,3920030.24,0,{}
EV-BUR-C03462,C03462,Metropol,304,E,2026-04-22,8,2,1313628.66,4,{}
EV-BUR-C03463,C03463,CreditInfo,839,A,2026-04-26,0,2,2991783.65,3,{}
EV-BUR-C03464,C03464,Metropol,294,E,2026-04-25,4,7,1216565.49,2,{}
EV-BUR-C03465,C03465,CreditInfo,841,A,2026-04-24,0,3,3183646.51,1,{}
EV-BUR-C03466,C03466,CreditInfo,716,B,2026-04-22,0,3,3923637.60,1,{}
EV-BUR-C03467,C03467,CreditInfo,626,B,2026-04-25,0,3,898448.18,0,{}
EV-BUR-C03468,C03468,Metropol,583,C,2026-04-25,0,6,2723040.46,1,{}
EV-BUR-C03469,C03469,Metropol,789,A,2026-04-25,0,4,1599903.82,4,{}
EV-BUR-C03470,C03470,TransUnion,590,C,2026-04-26,0,2,2204383.74,1,{}
EV-BUR-C03471,C03471,CreditInfo,768,A,2026-04-21,1,1,2816044.59,4,{}
EV-BUR-C03472,C03472,Metropol,847,A,2026-04-22,0,4,1850312.16,3,{}
EV-BUR-C03473,C03473,Metropol,654,B,2026-04-23,1,7,2340645.63,0,{}
EV-BUR-C03474,C03474,CreditInfo,706,B,2026-04-23,0,4,2806903.18,4,{}
EV-BUR-C03475,C03475,TransUnion,543,C,2026-04-26,0,1,676478.86,3,{}
EV-BUR-C03476,C03476,TransUnion,786,A,2026-04-23,1,3,2923739.85,0,{}
EV-BUR-C03477,C03477,Metropol,595,C,2026-04-26,0,5,1208470.14,3,{}
EV-BUR-C03478,C03478,Metropol,588,C,2026-04-23,1,1,3235664.70,0,{}
EV-BUR-C03479,C03479,TransUnion,714,B,2026-04-26,2,5,2751209.00,0,{}
EV-BUR-C03480,C03480,CreditInfo,802,A,2026-04-24,2,2,485602.04,3,{}
EV-BUR-C03481,C03481,Metropol,803,A,2026-04-21,0,6,2502391.48,3,{}
EV-BUR-C03482,C03482,Metropol,665,B,2026-04-21,1,7,1004181.74,0,{}
EV-BUR-C03483,C03483,Metropol,689,B,2026-04-22,1,5,2136569.49,2,{}
EV-BUR-C03484,C03484,CreditInfo,830,A,2026-04-20,0,5,3746317.03,3,{}
EV-BUR-C03485,C03485,CreditInfo,689,B,2026-04-23,0,7,2969084.95,0,{}
EV-BUR-C03486,C03486,CreditInfo,780,A,2026-04-21,0,7,1805932.04,3,{}
EV-BUR-C03487,C03487,TransUnion,824,A,2026-04-20,0,2,1686473.43,0,{}
EV-BUR-C03488,C03488,Metropol,655,B,2026-04-26,0,6,3377177.75,1,{}
EV-BUR-C03489,C03489,TransUnion,683,B,2026-04-25,0,4,1198657.44,2,{}
EV-BUR-C03490,C03490,Metropol,780,A,2026-04-25,0,5,2496085.23,2,{}
EV-BUR-C03491,C03491,TransUnion,827,A,2026-04-25,0,6,2480234.16,2,{}
EV-BUR-C03492,C03492,TransUnion,838,A,2026-04-25,1,6,1886689.53,4,{}
EV-BUR-C03493,C03493,TransUnion,772,A,2026-04-26,1,5,1483910.41,0,{}
EV-BUR-C03494,C03494,Metropol,640,B,2026-04-25,0,6,3937872.74,2,{}
EV-BUR-C03495,C03495,TransUnion,585,C,2026-04-25,1,4,2766341.19,2,{}
EV-BUR-C03496,C03496,Metropol,318,E,2026-04-26,5,3,1632660.77,3,{}
EV-BUR-C03497,C03497,TransUnion,763,A,2026-04-24,2,6,1332643.65,1,{}
EV-BUR-C03498,C03498,TransUnion,668,B,2026-04-21,1,3,453660.57,3,{}
EV-BUR-C03499,C03499,Metropol,843,A,2026-04-20,0,2,3019375.55,3,{}
EV-BUR-C03500,C03500,Metropol,555,C,2026-04-21,2,6,2145316.28,4,{}
EV-BUR-C03501,C03501,CreditInfo,684,B,2026-04-24,1,6,3674129.71,3,{}
EV-BUR-C03502,C03502,Metropol,598,C,2026-04-25,0,1,2617713.92,2,{}
EV-BUR-C03503,C03503,TransUnion,848,A,2026-04-26,2,3,1945781.73,2,{}
EV-BUR-C03504,C03504,TransUnion,597,C,2026-04-23,2,1,3384165.54,3,{}
EV-BUR-C03505,C03505,Metropol,604,B,2026-04-23,2,6,2410343.85,2,{}
EV-BUR-C03506,C03506,CreditInfo,717,B,2026-04-24,2,3,3449778.78,4,{}
EV-BUR-C03507,C03507,TransUnion,800,A,2026-04-21,2,1,2499937.98,4,{}
EV-BUR-C03508,C03508,CreditInfo,490,D,2026-04-24,7,2,3009070.60,2,{}
EV-BUR-C03509,C03509,TransUnion,695,B,2026-04-26,2,3,1644076.52,0,{}
EV-BUR-C03510,C03510,Metropol,750,A,2026-04-25,2,3,2655204.39,2,{}
EV-BUR-C03511,C03511,Metropol,677,B,2026-04-20,2,6,1887045.65,1,{}
EV-BUR-C03512,C03512,Metropol,825,A,2026-04-23,2,1,629307.68,0,{}
EV-BUR-C03513,C03513,CreditInfo,846,A,2026-04-26,1,2,803768.64,1,{}
EV-BUR-C03514,C03514,Metropol,685,B,2026-04-22,2,3,2812380.78,1,{}
EV-BUR-C03515,C03515,Metropol,701,B,2026-04-23,1,1,436434.33,3,{}
EV-BUR-C03516,C03516,TransUnion,285,E,2026-04-25,8,1,1084935.94,2,{}
EV-BUR-C03517,C03517,CreditInfo,653,B,2026-04-22,2,4,207784.12,3,{}
EV-BUR-C03518,C03518,CreditInfo,703,B,2026-04-24,1,7,1625050.90,3,{}
EV-BUR-C03519,C03519,Metropol,831,A,2026-04-23,2,7,3261205.99,1,{}
EV-BUR-C03520,C03520,CreditInfo,281,E,2026-04-22,4,4,3040480.36,1,{}
EV-BUR-C03521,C03521,TransUnion,837,A,2026-04-22,0,4,1917944.48,1,{}
EV-BUR-C03522,C03522,TransUnion,544,C,2026-04-23,0,1,728367.15,4,{}
EV-BUR-C03523,C03523,TransUnion,610,B,2026-04-20,2,4,1159506.07,4,{}
EV-BUR-C03524,C03524,TransUnion,726,A,2026-04-24,1,1,2063209.06,1,{}
EV-BUR-C03525,C03525,Metropol,779,A,2026-04-22,0,4,1249212.32,4,{}
EV-BUR-C03526,C03526,TransUnion,457,D,2026-04-26,8,5,2413067.06,1,{}
EV-BUR-C03527,C03527,Metropol,599,C,2026-04-20,0,4,1466137.47,0,{}
EV-BUR-C03528,C03528,TransUnion,575,C,2026-04-21,1,6,2371870.53,4,{}
EV-BUR-C03529,C03529,CreditInfo,798,A,2026-04-21,2,3,224497.95,2,{}
EV-BUR-C03530,C03530,CreditInfo,793,A,2026-04-20,2,3,1924520.69,2,{}
EV-BUR-C03531,C03531,Metropol,694,B,2026-04-26,2,1,1302278.94,1,{}
EV-BUR-C03532,C03532,Metropol,597,C,2026-04-21,1,5,2459704.44,2,{}
EV-BUR-C03533,C03533,CreditInfo,754,A,2026-04-20,2,5,1348687.94,4,{}
EV-BUR-C03534,C03534,Metropol,619,B,2026-04-20,2,2,3122313.91,0,{}
EV-BUR-C03535,C03535,CreditInfo,637,B,2026-04-25,0,3,2363031.96,1,{}
EV-BUR-C03536,C03536,Metropol,577,C,2026-04-21,2,5,1556214.94,1,{}
EV-BUR-C03537,C03537,Metropol,809,A,2026-04-23,1,7,1442960.76,1,{}
EV-BUR-C03538,C03538,Metropol,802,A,2026-04-26,0,6,1355884.47,1,{}
EV-BUR-C03539,C03539,TransUnion,830,A,2026-04-22,0,2,564684.55,2,{}
EV-BUR-C03540,C03540,TransUnion,689,B,2026-04-22,1,5,1114570.02,0,{}
EV-BUR-C03541,C03541,CreditInfo,409,D,2026-04-21,8,1,591928.01,2,{}
EV-BUR-C03542,C03542,Metropol,556,C,2026-04-26,2,3,3270041.75,4,{}
EV-BUR-C03543,C03543,CreditInfo,773,A,2026-04-24,2,1,1836148.11,0,{}
EV-BUR-C03544,C03544,Metropol,839,A,2026-04-23,2,2,1357620.74,0,{}
EV-BUR-C03545,C03545,Metropol,649,B,2026-04-24,0,1,3900915.44,3,{}
EV-BUR-C03546,C03546,Metropol,590,C,2026-04-23,2,3,1116320.04,1,{}
EV-BUR-C03547,C03547,Metropol,618,B,2026-04-20,1,3,3836545.51,1,{}
EV-BUR-C03548,C03548,TransUnion,517,C,2026-04-23,4,2,3559884.01,1,{}
EV-BUR-C03549,C03549,Metropol,599,C,2026-04-26,2,4,725406.49,2,{}
EV-BUR-C03550,C03550,CreditInfo,646,B,2026-04-21,0,3,199046.01,2,{}
EV-BUR-C03551,C03551,CreditInfo,638,B,2026-04-23,0,7,2361991.15,4,{}
EV-BUR-C03552,C03552,CreditInfo,703,B,2026-04-26,1,1,3274069.92,4,{}
EV-BUR-C03553,C03553,TransUnion,782,A,2026-04-20,0,7,2491881.90,1,{}
EV-BUR-C03554,C03554,Metropol,544,C,2026-04-23,1,7,3813620.97,3,{}
EV-BUR-C03555,C03555,CreditInfo,805,A,2026-04-25,1,6,2545634.78,4,{}
EV-BUR-C03556,C03556,CreditInfo,771,A,2026-04-22,1,2,2413668.86,3,{}
EV-BUR-C03557,C03557,TransUnion,616,B,2026-04-25,0,7,1681032.90,0,{}
EV-BUR-C03558,C03558,TransUnion,695,B,2026-04-25,0,2,2421493.82,4,{}
EV-BUR-C03559,C03559,Metropol,797,A,2026-04-22,1,7,3347346.68,3,{}
EV-BUR-C03560,C03560,Metropol,378,E,2026-04-26,6,2,1356728.47,2,{}
EV-BUR-C03561,C03561,CreditInfo,782,A,2026-04-25,2,7,2247431.91,3,{}
EV-BUR-C03562,C03562,Metropol,601,B,2026-04-23,1,6,1802725.68,3,{}
EV-BUR-C03563,C03563,TransUnion,732,A,2026-04-26,2,6,946858.29,3,{}
EV-BUR-C03564,C03564,CreditInfo,817,A,2026-04-21,0,5,2574538.29,0,{}
EV-BUR-C03565,C03565,CreditInfo,764,A,2026-04-25,2,3,3745972.32,3,{}
EV-BUR-C03566,C03566,Metropol,836,A,2026-04-26,0,7,3796451.02,1,{}
EV-BUR-C03567,C03567,CreditInfo,773,A,2026-04-20,0,4,1182196.00,3,{}
EV-BUR-C03568,C03568,TransUnion,711,B,2026-04-22,1,3,2889971.41,2,{}
EV-BUR-C03569,C03569,Metropol,695,B,2026-04-21,2,7,3798104.91,4,{}
EV-BUR-C03570,C03570,Metropol,601,B,2026-04-21,2,2,2346855.08,4,{}
EV-BUR-C03571,C03571,TransUnion,735,A,2026-04-21,1,6,916603.26,1,{}
EV-BUR-C03572,C03572,TransUnion,677,B,2026-04-23,1,4,736550.62,2,{}
EV-BUR-C03573,C03573,TransUnion,784,A,2026-04-22,2,1,2523666.28,4,{}
EV-BUR-C03574,C03574,Metropol,592,C,2026-04-23,1,4,955628.65,2,{}
EV-BUR-C03575,C03575,CreditInfo,366,E,2026-04-24,5,3,1876946.60,2,{}
EV-BUR-C03576,C03576,CreditInfo,814,A,2026-04-24,2,1,899953.95,1,{}
EV-BUR-C03577,C03577,CreditInfo,645,B,2026-04-20,0,1,3214346.35,3,{}
EV-BUR-C03578,C03578,TransUnion,548,C,2026-04-20,0,3,2937479.96,4,{}
EV-BUR-C03579,C03579,TransUnion,820,A,2026-04-21,2,5,798971.14,4,{}
EV-BUR-C03580,C03580,TransUnion,338,E,2026-04-21,7,3,3211737.63,4,{}
EV-BUR-C03581,C03581,Metropol,704,B,2026-04-21,1,4,164082.39,1,{}
EV-BUR-C03582,C03582,Metropol,737,A,2026-04-25,0,5,3938756.31,2,{}
EV-BUR-C03583,C03583,CreditInfo,841,A,2026-04-23,1,3,2230658.11,3,{}
EV-BUR-C03584,C03584,TransUnion,789,A,2026-04-23,0,4,3813539.41,3,{}
EV-BUR-C03585,C03585,CreditInfo,665,B,2026-04-22,0,4,2500384.01,2,{}
EV-BUR-C03586,C03586,TransUnion,701,B,2026-04-25,0,3,1812369.80,4,{}
EV-BUR-C03587,C03587,CreditInfo,555,C,2026-04-20,2,1,2493308.01,1,{}
EV-BUR-C03588,C03588,CreditInfo,596,C,2026-04-22,0,2,2903651.87,4,{}
EV-BUR-C03589,C03589,CreditInfo,831,A,2026-04-20,0,6,1273959.08,1,{}
EV-BUR-C03590,C03590,Metropol,777,A,2026-04-25,1,4,1291237.17,2,{}
EV-BUR-C03591,C03591,TransUnion,849,A,2026-04-22,2,4,1427888.69,0,{}
EV-BUR-C03592,C03592,Metropol,757,A,2026-04-24,1,7,1757155.28,4,{}
EV-BUR-C03593,C03593,CreditInfo,733,A,2026-04-25,0,4,3651382.88,0,{}
EV-BUR-C03594,C03594,CreditInfo,819,A,2026-04-25,2,1,1572604.98,0,{}
EV-BUR-C03595,C03595,TransUnion,719,B,2026-04-24,0,2,3815296.77,0,{}
EV-BUR-C03596,C03596,CreditInfo,780,A,2026-04-22,1,5,743492.30,3,{}
EV-BUR-C03597,C03597,Metropol,850,A,2026-04-20,2,2,2754547.21,1,{}
EV-BUR-C03598,C03598,CreditInfo,662,B,2026-04-23,2,4,3922060.71,1,{}
EV-BUR-C03599,C03599,CreditInfo,740,A,2026-04-24,2,3,2103395.98,3,{}
EV-BUR-C03600,C03600,TransUnion,768,A,2026-04-20,0,2,2082319.96,3,{}
EV-BUR-C03601,C03601,Metropol,756,A,2026-04-26,1,3,1471502.51,4,{}
EV-BUR-C03602,C03602,CreditInfo,635,B,2026-04-24,0,5,2691168.10,1,{}
EV-BUR-C03603,C03603,TransUnion,774,A,2026-04-25,0,5,2835146.61,3,{}
EV-BUR-C03604,C03604,Metropol,756,A,2026-04-23,1,3,976145.91,4,{}
EV-BUR-C03605,C03605,Metropol,808,A,2026-04-24,1,4,2017823.76,4,{}
EV-BUR-C03606,C03606,CreditInfo,673,B,2026-04-25,1,2,3252136.55,1,{}
EV-BUR-C03607,C03607,TransUnion,450,D,2026-04-24,5,3,832997.22,1,{}
EV-BUR-C03608,C03608,CreditInfo,713,B,2026-04-20,1,7,3193821.81,3,{}
EV-BUR-C03609,C03609,Metropol,803,A,2026-04-25,1,3,817237.26,0,{}
EV-BUR-C03610,C03610,Metropol,563,C,2026-04-22,2,5,1576630.01,1,{}
EV-BUR-C03611,C03611,TransUnion,403,D,2026-04-26,4,7,3853249.39,4,{}
EV-BUR-C03612,C03612,Metropol,575,C,2026-04-22,0,3,691153.11,3,{}
EV-BUR-C03613,C03613,TransUnion,788,A,2026-04-21,2,4,3336872.73,2,{}
EV-BUR-C03614,C03614,CreditInfo,671,B,2026-04-22,1,3,1738616.53,2,{}
EV-BUR-C03615,C03615,CreditInfo,823,A,2026-04-22,1,2,1701158.10,1,{}
EV-BUR-C03616,C03616,CreditInfo,670,B,2026-04-21,0,3,3690292.21,2,{}
EV-BUR-C03617,C03617,TransUnion,660,B,2026-04-22,1,6,2307449.22,4,{}
EV-BUR-C03618,C03618,CreditInfo,704,B,2026-04-25,1,1,3355050.35,4,{}
EV-BUR-C03619,C03619,TransUnion,580,C,2026-04-26,1,4,2139166.94,3,{}
EV-BUR-C03620,C03620,TransUnion,550,C,2026-04-22,0,4,1806196.46,0,{}
EV-BUR-C03621,C03621,TransUnion,810,A,2026-04-20,0,6,900474.04,3,{}
EV-BUR-C03622,C03622,TransUnion,596,C,2026-04-20,0,3,2543580.24,2,{}
EV-BUR-C03623,C03623,Metropol,317,E,2026-04-21,3,4,732115.66,3,{}
EV-BUR-C03624,C03624,TransUnion,640,B,2026-04-24,1,3,464785.31,0,{}
EV-BUR-C03625,C03625,TransUnion,825,A,2026-04-20,2,4,2868400.08,3,{}
EV-BUR-C03626,C03626,Metropol,591,C,2026-04-21,0,2,874955.22,2,{}
EV-BUR-C03627,C03627,CreditInfo,652,B,2026-04-20,1,7,3205093.21,3,{}
EV-BUR-C03628,C03628,TransUnion,602,B,2026-04-22,0,7,3857993.39,0,{}
EV-BUR-C03629,C03629,TransUnion,686,B,2026-04-21,0,2,3861058.51,3,{}
EV-BUR-C03630,C03630,CreditInfo,378,E,2026-04-21,5,7,94232.29,4,{}
EV-BUR-C03631,C03631,CreditInfo,572,C,2026-04-25,1,5,2684751.17,3,{}
EV-BUR-C03632,C03632,Metropol,661,B,2026-04-26,1,4,1565903.70,2,{}
EV-BUR-C03633,C03633,TransUnion,670,B,2026-04-21,1,5,3966692.56,1,{}
EV-BUR-C03634,C03634,Metropol,464,D,2026-04-24,9,7,2883264.78,0,{}
EV-BUR-C03635,C03635,CreditInfo,703,B,2026-04-26,0,1,2660745.20,1,{}
EV-BUR-C03636,C03636,CreditInfo,623,B,2026-04-20,1,4,222722.34,3,{}
EV-BUR-C03637,C03637,Metropol,720,A,2026-04-22,0,5,294477.88,4,{}
EV-BUR-C03638,C03638,Metropol,625,B,2026-04-21,2,4,3539945.46,1,{}
EV-BUR-C03639,C03639,CreditInfo,602,B,2026-04-25,2,2,3993892.99,2,{}
EV-BUR-C03640,C03640,Metropol,714,B,2026-04-21,1,4,690225.55,3,{}
EV-BUR-C03641,C03641,TransUnion,726,A,2026-04-24,1,3,1351981.62,1,{}
EV-BUR-C03642,C03642,CreditInfo,709,B,2026-04-20,2,1,2105103.43,1,{}
EV-BUR-C03643,C03643,TransUnion,571,C,2026-04-24,1,7,2215591.99,1,{}
EV-BUR-C03644,C03644,TransUnion,613,B,2026-04-23,2,2,3730033.61,3,{}
EV-BUR-C03645,C03645,Metropol,548,C,2026-04-20,2,1,2223297.71,2,{}
EV-BUR-C03646,C03646,TransUnion,741,A,2026-04-23,0,1,2428062.87,1,{}
EV-BUR-C03647,C03647,Metropol,731,A,2026-04-22,0,6,3874919.25,3,{}
EV-BUR-C03648,C03648,Metropol,707,B,2026-04-20,0,6,1212387.82,0,{}
EV-BUR-C03649,C03649,TransUnion,664,B,2026-04-20,1,6,1043261.47,1,{}
EV-BUR-C03650,C03650,Metropol,476,D,2026-04-24,5,4,1021363.51,0,{}
EV-BUR-C03651,C03651,TransUnion,840,A,2026-04-22,0,5,853258.98,1,{}
EV-BUR-C03652,C03652,Metropol,668,B,2026-04-22,2,6,999051.29,2,{}
EV-BUR-C03653,C03653,Metropol,729,A,2026-04-21,2,7,487994.86,2,{}
EV-BUR-C03654,C03654,CreditInfo,778,A,2026-04-25,0,3,2515695.74,0,{}
EV-BUR-C03655,C03655,CreditInfo,767,A,2026-04-20,1,7,1415886.38,0,{}
EV-BUR-C03656,C03656,Metropol,725,A,2026-04-26,0,1,1590602.15,1,{}
EV-BUR-C03657,C03657,Metropol,733,A,2026-04-26,2,5,1543780.81,4,{}
EV-BUR-C03658,C03658,Metropol,650,B,2026-04-23,2,4,1838628.16,4,{}
EV-BUR-C03659,C03659,Metropol,617,B,2026-04-23,1,6,3998705.16,2,{}
EV-BUR-C03660,C03660,CreditInfo,546,C,2026-04-24,2,6,3043112.64,2,{}
EV-BUR-C03661,C03661,CreditInfo,552,C,2026-04-24,0,4,611431.40,4,{}
EV-BUR-C03662,C03662,CreditInfo,666,B,2026-04-25,1,3,335122.18,2,{}
EV-BUR-C03663,C03663,CreditInfo,779,A,2026-04-22,2,3,3782681.60,3,{}
EV-BUR-C03664,C03664,CreditInfo,672,B,2026-04-26,0,6,1723807.25,2,{}
EV-BUR-C03665,C03665,CreditInfo,583,C,2026-04-23,1,4,2233653.98,1,{}
EV-BUR-C03666,C03666,TransUnion,434,D,2026-04-21,9,1,3414246.65,2,{}
EV-BUR-C03667,C03667,CreditInfo,832,A,2026-04-26,0,7,3800407.27,4,{}
EV-BUR-C03668,C03668,TransUnion,559,C,2026-04-21,0,1,2048834.62,1,{}
EV-BUR-C03669,C03669,CreditInfo,658,B,2026-04-22,1,1,318952.06,1,{}
EV-BUR-C03670,C03670,Metropol,716,B,2026-04-21,0,5,1379818.35,3,{}
EV-BUR-C03671,C03671,TransUnion,753,A,2026-04-21,0,2,3287468.82,1,{}
EV-BUR-C03672,C03672,CreditInfo,628,B,2026-04-22,2,1,2992557.73,3,{}
EV-BUR-C03673,C03673,Metropol,804,A,2026-04-23,0,1,2564608.79,3,{}
EV-BUR-C03674,C03674,CreditInfo,714,B,2026-04-22,1,7,1041072.02,4,{}
EV-BUR-C03675,C03675,TransUnion,836,A,2026-04-23,2,2,2153920.07,3,{}
EV-BUR-C03676,C03676,Metropol,576,C,2026-04-26,2,1,1059371.68,4,{}
EV-BUR-C03677,C03677,TransUnion,686,B,2026-04-20,1,7,1149301.19,4,{}
EV-BUR-C03678,C03678,CreditInfo,775,A,2026-04-24,0,7,3348731.60,0,{}
EV-BUR-C03679,C03679,Metropol,591,C,2026-04-22,2,1,1708973.75,2,{}
EV-BUR-C03680,C03680,Metropol,779,A,2026-04-24,2,4,2309826.38,2,{}
EV-BUR-C03681,C03681,TransUnion,609,B,2026-04-21,2,5,3608687.21,1,{}
EV-BUR-C03682,C03682,TransUnion,593,C,2026-04-20,2,1,296581.68,3,{}
EV-BUR-C03683,C03683,CreditInfo,675,B,2026-04-22,0,7,1364094.95,3,{}
EV-BUR-C03684,C03684,Metropol,751,A,2026-04-21,1,3,1196030.10,0,{}
EV-BUR-C03685,C03685,CreditInfo,700,B,2026-04-20,2,6,881723.75,3,{}
EV-BUR-C03686,C03686,TransUnion,744,A,2026-04-24,1,3,2396048.31,1,{}
EV-BUR-C03687,C03687,CreditInfo,469,D,2026-04-20,8,6,3531306.19,0,{}
EV-BUR-C03688,C03688,TransUnion,590,C,2026-04-23,2,2,3999181.15,0,{}
EV-BUR-C03689,C03689,TransUnion,574,C,2026-04-26,0,7,1868140.21,4,{}
EV-BUR-C03690,C03690,CreditInfo,435,D,2026-04-21,8,7,3232964.49,1,{}
EV-BUR-C03691,C03691,CreditInfo,658,B,2026-04-23,2,1,1017899.79,4,{}
EV-BUR-C03692,C03692,CreditInfo,549,C,2026-04-22,1,7,2717624.44,1,{}
EV-BUR-C03693,C03693,CreditInfo,658,B,2026-04-21,0,1,1016468.93,2,{}
EV-BUR-C03694,C03694,TransUnion,587,C,2026-04-26,1,2,2011141.54,0,{}
EV-BUR-C03695,C03695,Metropol,688,B,2026-04-23,1,7,2953588.48,3,{}
EV-BUR-C03696,C03696,Metropol,749,A,2026-04-21,2,4,722463.48,3,{}
EV-BUR-C03697,C03697,CreditInfo,571,C,2026-04-21,1,4,2307774.95,1,{}
EV-BUR-C03698,C03698,Metropol,823,A,2026-04-24,1,5,1096430.09,1,{}
EV-BUR-C03699,C03699,TransUnion,670,B,2026-04-23,1,7,3866920.93,0,{}
EV-BUR-C03700,C03700,CreditInfo,580,C,2026-04-20,1,4,1729867.78,0,{}
EV-BUR-C03701,C03701,TransUnion,626,B,2026-04-23,2,3,567427.64,4,{}
EV-BUR-C03702,C03702,TransUnion,764,A,2026-04-22,2,3,3607242.95,1,{}
EV-BUR-C03703,C03703,CreditInfo,774,A,2026-04-25,1,4,3813590.06,0,{}
EV-BUR-C03704,C03704,TransUnion,816,A,2026-04-25,2,7,1041703.57,3,{}
EV-BUR-C03705,C03705,CreditInfo,631,B,2026-04-26,0,7,1044967.31,2,{}
EV-BUR-C03706,C03706,TransUnion,807,A,2026-04-22,1,3,2003172.79,1,{}
EV-BUR-C03707,C03707,CreditInfo,687,B,2026-04-20,1,3,56571.62,1,{}
EV-BUR-C03708,C03708,TransUnion,748,A,2026-04-22,1,7,1931154.68,4,{}
EV-BUR-C03709,C03709,CreditInfo,620,B,2026-04-22,0,5,514085.49,4,{}
EV-BUR-C03710,C03710,TransUnion,601,B,2026-04-25,1,1,2556312.68,4,{}
EV-BUR-C03711,C03711,TransUnion,817,A,2026-04-25,1,2,3603412.44,1,{}
EV-BUR-C03712,C03712,TransUnion,722,A,2026-04-20,2,4,3817300.52,2,{}
EV-BUR-C03713,C03713,Metropol,675,B,2026-04-25,2,4,3703934.21,4,{}
EV-BUR-C03714,C03714,TransUnion,634,B,2026-04-21,1,6,3394313.67,2,{}
EV-BUR-C03715,C03715,Metropol,564,C,2026-04-22,2,7,2446692.01,2,{}
EV-BUR-C03716,C03716,TransUnion,588,C,2026-04-25,2,3,3528727.11,1,{}
EV-BUR-C03717,C03717,CreditInfo,660,B,2026-04-25,0,7,3692507.57,3,{}
EV-BUR-C03718,C03718,CreditInfo,645,B,2026-04-20,0,2,213858.10,1,{}
EV-BUR-C03719,C03719,Metropol,704,B,2026-04-20,0,2,2130635.87,0,{}
EV-BUR-C03720,C03720,Metropol,560,C,2026-04-21,2,5,2233219.14,1,{}
EV-BUR-C03721,C03721,TransUnion,684,B,2026-04-24,0,4,722799.19,4,{}
EV-BUR-C03722,C03722,Metropol,798,A,2026-04-22,0,1,3924047.37,0,{}
EV-BUR-C03723,C03723,TransUnion,701,B,2026-04-24,2,2,3987816.56,4,{}
EV-BUR-C03724,C03724,CreditInfo,793,A,2026-04-24,1,3,2163286.85,1,{}
EV-BUR-C03725,C03725,Metropol,699,B,2026-04-24,2,6,1474056.21,1,{}
EV-BUR-C03726,C03726,TransUnion,784,A,2026-04-21,1,5,373810.15,3,{}
EV-BUR-C03727,C03727,CreditInfo,614,B,2026-04-21,2,1,3168398.93,3,{}
EV-BUR-C03728,C03728,CreditInfo,789,A,2026-04-23,1,1,3873098.44,1,{}
EV-BUR-C03729,C03729,TransUnion,680,B,2026-04-23,0,6,2541956.82,0,{}
EV-BUR-C03730,C03730,Metropol,692,B,2026-04-20,2,4,2866355.66,3,{}
EV-BUR-C03731,C03731,TransUnion,591,C,2026-04-22,2,7,2544900.68,1,{}
EV-BUR-C03732,C03732,Metropol,447,D,2026-04-20,9,1,1598889.98,1,{}
EV-BUR-C03733,C03733,TransUnion,345,E,2026-04-23,6,5,3272736.12,0,{}
EV-BUR-C03734,C03734,CreditInfo,844,A,2026-04-21,1,2,472281.38,2,{}
EV-BUR-C03735,C03735,Metropol,546,C,2026-04-23,0,1,989337.26,0,{}
EV-BUR-C03736,C03736,CreditInfo,797,A,2026-04-24,1,2,3135335.91,4,{}
EV-BUR-C03737,C03737,Metropol,761,A,2026-04-20,2,5,144773.73,2,{}
EV-BUR-C03738,C03738,Metropol,847,A,2026-04-25,0,1,1985698.51,3,{}
EV-BUR-C03739,C03739,Metropol,675,B,2026-04-25,0,6,3870838.94,0,{}
EV-BUR-C03740,C03740,Metropol,820,A,2026-04-26,0,4,793589.18,3,{}
EV-BUR-C03741,C03741,Metropol,772,A,2026-04-21,2,4,89445.50,0,{}
EV-BUR-C03742,C03742,TransUnion,787,A,2026-04-21,0,2,3209747.34,2,{}
EV-BUR-C03743,C03743,Metropol,569,C,2026-04-20,2,5,2897869.68,1,{}
EV-BUR-C03744,C03744,Metropol,637,B,2026-04-24,0,2,1897096.05,1,{}
EV-BUR-C03745,C03745,CreditInfo,849,A,2026-04-26,1,2,525656.17,1,{}
EV-BUR-C03746,C03746,TransUnion,706,B,2026-04-26,1,2,98252.81,3,{}
EV-BUR-C03747,C03747,CreditInfo,690,B,2026-04-22,2,4,169232.47,3,{}
EV-BUR-C03748,C03748,CreditInfo,706,B,2026-04-23,1,5,3140541.42,2,{}
EV-BUR-C03749,C03749,Metropol,747,A,2026-04-24,1,1,201268.53,4,{}
EV-BUR-C03750,C03750,TransUnion,623,B,2026-04-23,1,5,3216069.26,4,{}
EV-BUR-C03751,C03751,Metropol,844,A,2026-04-24,2,6,2170403.87,4,{}
EV-BUR-C03752,C03752,Metropol,667,B,2026-04-21,2,1,2161781.28,1,{}
EV-BUR-C03753,C03753,CreditInfo,571,C,2026-04-21,0,6,977753.87,0,{}
EV-BUR-C03754,C03754,TransUnion,588,C,2026-04-22,0,1,3410614.91,2,{}
EV-BUR-C03755,C03755,Metropol,728,A,2026-04-20,1,5,712249.23,3,{}
EV-BUR-C03756,C03756,TransUnion,848,A,2026-04-24,1,3,3046507.34,1,{}
EV-BUR-C03757,C03757,CreditInfo,647,B,2026-04-26,2,2,2577899.44,1,{}
EV-BUR-C03758,C03758,CreditInfo,797,A,2026-04-26,1,3,1100869.45,0,{}
EV-BUR-C03759,C03759,Metropol,592,C,2026-04-25,2,3,2227695.01,4,{}
EV-BUR-C03760,C03760,CreditInfo,563,C,2026-04-26,0,6,195561.28,3,{}
EV-BUR-C03761,C03761,TransUnion,751,A,2026-04-20,1,3,2482479.22,2,{}
EV-BUR-C03762,C03762,CreditInfo,561,C,2026-04-26,0,7,1419093.82,0,{}
EV-BUR-C03763,C03763,TransUnion,778,A,2026-04-23,2,5,2717726.48,2,{}
EV-BUR-C03764,C03764,Metropol,676,B,2026-04-20,1,5,264898.56,4,{}
EV-BUR-C03765,C03765,Metropol,832,A,2026-04-26,0,2,1964334.21,4,{}
EV-BUR-C03766,C03766,TransUnion,579,C,2026-04-23,0,3,3479708.63,4,{}
EV-BUR-C03767,C03767,Metropol,783,A,2026-04-25,0,7,2935828.49,4,{}
EV-BUR-C03768,C03768,TransUnion,673,B,2026-04-25,0,7,1790044.67,0,{}
EV-BUR-C03769,C03769,TransUnion,384,E,2026-04-21,4,2,1854952.16,1,{}
EV-BUR-C03770,C03770,TransUnion,713,B,2026-04-26,2,5,3349114.00,3,{}
EV-BUR-C03771,C03771,TransUnion,819,A,2026-04-22,2,4,3765476.35,1,{}
EV-BUR-C03772,C03772,CreditInfo,666,B,2026-04-23,2,5,3164422.23,4,{}
EV-BUR-C03773,C03773,Metropol,717,B,2026-04-20,2,3,3840810.38,2,{}
EV-BUR-C03774,C03774,Metropol,614,B,2026-04-22,2,3,1868608.30,4,{}
EV-BUR-C03775,C03775,Metropol,842,A,2026-04-21,2,3,1864578.65,4,{}
EV-BUR-C03776,C03776,TransUnion,728,A,2026-04-26,0,3,2248419.14,3,{}
EV-BUR-C03777,C03777,CreditInfo,621,B,2026-04-22,0,5,746666.45,3,{}
EV-BUR-C03778,C03778,CreditInfo,321,E,2026-04-22,6,1,274179.56,0,{}
EV-BUR-C03779,C03779,TransUnion,724,A,2026-04-22,0,2,3456702.47,0,{}
EV-BUR-C03780,C03780,CreditInfo,599,C,2026-04-20,1,3,2390684.89,2,{}
EV-BUR-C03781,C03781,TransUnion,847,A,2026-04-24,0,7,3598792.81,2,{}
EV-BUR-C03782,C03782,TransUnion,588,C,2026-04-23,1,7,2952444.08,0,{}
EV-BUR-C03783,C03783,TransUnion,820,A,2026-04-24,1,4,818853.90,1,{}
EV-BUR-C03784,C03784,TransUnion,328,E,2026-04-20,5,7,1895045.83,4,{}
EV-BUR-C03785,C03785,Metropol,641,B,2026-04-23,2,4,3371105.83,4,{}
EV-BUR-C03786,C03786,Metropol,406,D,2026-04-20,5,7,1336670.75,2,{}
EV-BUR-C03787,C03787,Metropol,627,B,2026-04-21,2,2,2132510.51,0,{}
EV-BUR-C03788,C03788,TransUnion,760,A,2026-04-23,2,2,1866987.29,3,{}
EV-BUR-C03789,C03789,Metropol,841,A,2026-04-26,2,1,1038755.87,0,{}
EV-BUR-C03790,C03790,Metropol,572,C,2026-04-25,2,3,97899.36,3,{}
EV-BUR-C03791,C03791,Metropol,580,C,2026-04-21,2,6,2201971.70,1,{}
EV-BUR-C03792,C03792,CreditInfo,731,A,2026-04-24,2,6,2586489.15,4,{}
EV-BUR-C03793,C03793,Metropol,558,C,2026-04-21,1,1,3523666.83,1,{}
EV-BUR-C03794,C03794,TransUnion,718,B,2026-04-26,1,1,2355581.73,0,{}
EV-BUR-C03795,C03795,CreditInfo,602,B,2026-04-26,0,2,3012592.63,3,{}
EV-BUR-C03796,C03796,Metropol,573,C,2026-04-24,2,5,2766597.91,2,{}
EV-BUR-C03797,C03797,TransUnion,555,C,2026-04-24,1,2,3287288.99,2,{}
EV-BUR-C03798,C03798,CreditInfo,800,A,2026-04-25,1,2,3351112.01,3,{}
EV-BUR-C03799,C03799,TransUnion,809,A,2026-04-21,0,2,3629517.47,3,{}
EV-BUR-C03800,C03800,TransUnion,499,D,2026-04-24,4,6,3850131.24,3,{}
EV-BUR-C03801,C03801,Metropol,484,D,2026-04-26,7,7,2923395.67,3,{}
EV-BUR-C03802,C03802,Metropol,733,A,2026-04-25,0,1,2486412.60,0,{}
EV-BUR-C03803,C03803,CreditInfo,592,C,2026-04-26,2,4,1668904.73,4,{}
EV-BUR-C03804,C03804,Metropol,842,A,2026-04-22,0,1,2342785.10,0,{}
EV-BUR-C03805,C03805,CreditInfo,820,A,2026-04-22,0,6,3650447.27,2,{}
EV-BUR-C03806,C03806,CreditInfo,728,A,2026-04-24,2,5,2768354.55,3,{}
EV-BUR-C03807,C03807,TransUnion,594,C,2026-04-20,1,2,2431241.12,3,{}
EV-BUR-C03808,C03808,Metropol,678,B,2026-04-25,1,6,1311764.51,0,{}
EV-BUR-C03809,C03809,TransUnion,685,B,2026-04-25,0,1,2469348.37,4,{}
EV-BUR-C03810,C03810,Metropol,595,C,2026-04-25,1,3,1777938.63,3,{}
EV-BUR-C03811,C03811,TransUnion,808,A,2026-04-21,2,7,3014444.52,0,{}
EV-BUR-C03812,C03812,Metropol,596,C,2026-04-21,1,2,3728376.85,0,{}
EV-BUR-C03813,C03813,TransUnion,560,C,2026-04-26,2,4,2590850.32,3,{}
EV-BUR-C03814,C03814,TransUnion,548,C,2026-04-26,0,4,2066140.61,4,{}
EV-BUR-C03815,C03815,Metropol,683,B,2026-04-20,2,3,2603921.69,0,{}
EV-BUR-C03816,C03816,Metropol,586,C,2026-04-23,0,6,2590033.23,1,{}
EV-BUR-C03817,C03817,Metropol,658,B,2026-04-20,2,7,113491.07,0,{}
EV-BUR-C03818,C03818,CreditInfo,620,B,2026-04-20,2,5,3292708.15,1,{}
EV-BUR-C03819,C03819,CreditInfo,598,C,2026-04-21,1,1,2903659.52,4,{}
EV-BUR-C03820,C03820,CreditInfo,631,B,2026-04-23,0,6,1351492.49,3,{}
EV-BUR-C03821,C03821,TransUnion,716,B,2026-04-23,2,6,2886535.30,2,{}
EV-BUR-C03822,C03822,Metropol,589,C,2026-04-23,2,3,2761157.26,0,{}
EV-BUR-C03823,C03823,Metropol,687,B,2026-04-21,1,7,2373936.85,3,{}
EV-BUR-C03824,C03824,CreditInfo,580,C,2026-04-22,2,6,843985.57,3,{}
EV-BUR-C03825,C03825,TransUnion,827,A,2026-04-22,0,2,3005427.63,4,{}
EV-BUR-C03826,C03826,TransUnion,550,C,2026-04-20,1,4,97650.98,4,{}
EV-BUR-C03827,C03827,CreditInfo,826,A,2026-04-21,0,4,3845925.80,0,{}
EV-BUR-C03828,C03828,CreditInfo,556,C,2026-04-24,2,1,1925339.36,0,{}
EV-BUR-C03829,C03829,Metropol,677,B,2026-04-20,0,3,2267507.01,4,{}
EV-BUR-C03830,C03830,TransUnion,695,B,2026-04-26,2,2,2143416.64,1,{}
EV-BUR-C03831,C03831,TransUnion,570,C,2026-04-22,2,3,3430290.39,1,{}
EV-BUR-C03832,C03832,TransUnion,670,B,2026-04-25,0,6,2854846.38,0,{}
EV-BUR-C03833,C03833,Metropol,354,E,2026-04-26,9,1,841408.20,2,{}
EV-BUR-C03834,C03834,TransUnion,751,A,2026-04-22,0,5,198909.79,0,{}
EV-BUR-C03835,C03835,Metropol,793,A,2026-04-25,2,7,3215733.83,3,{}
EV-BUR-C03836,C03836,CreditInfo,601,B,2026-04-25,1,6,1881538.11,3,{}
EV-BUR-C03837,C03837,Metropol,563,C,2026-04-23,1,6,1259605.80,3,{}
EV-BUR-C03838,C03838,Metropol,779,A,2026-04-22,2,6,1343245.24,0,{}
EV-BUR-C03839,C03839,TransUnion,673,B,2026-04-21,1,6,1952207.05,2,{}
EV-BUR-C03840,C03840,CreditInfo,685,B,2026-04-20,1,3,3014549.38,0,{}
EV-BUR-C03841,C03841,Metropol,608,B,2026-04-20,2,4,242902.19,4,{}
EV-BUR-C03842,C03842,Metropol,740,A,2026-04-24,1,1,1474670.96,0,{}
EV-BUR-C03843,C03843,Metropol,376,E,2026-04-26,3,2,949957.36,1,{}
EV-BUR-C03844,C03844,CreditInfo,671,B,2026-04-21,2,4,2631787.72,0,{}
EV-BUR-C03845,C03845,CreditInfo,776,A,2026-04-20,1,6,3492613.14,4,{}
EV-BUR-C03846,C03846,Metropol,699,B,2026-04-20,1,5,865993.71,3,{}
EV-BUR-C03847,C03847,Metropol,818,A,2026-04-23,2,6,3429233.25,1,{}
EV-BUR-C03848,C03848,CreditInfo,634,B,2026-04-20,1,3,1193655.81,0,{}
EV-BUR-C03849,C03849,TransUnion,556,C,2026-04-21,2,4,2821919.61,3,{}
EV-BUR-C03850,C03850,CreditInfo,796,A,2026-04-20,2,6,2264614.17,4,{}
EV-BUR-C03851,C03851,CreditInfo,560,C,2026-04-25,2,7,629998.02,0,{}
EV-BUR-C03852,C03852,TransUnion,788,A,2026-04-26,1,4,583730.73,3,{}
EV-BUR-C03853,C03853,TransUnion,691,B,2026-04-20,2,4,840376.43,2,{}
EV-BUR-C03854,C03854,TransUnion,687,B,2026-04-25,2,1,1437286.71,4,{}
EV-BUR-C03855,C03855,CreditInfo,636,B,2026-04-20,2,2,1381965.94,2,{}
EV-BUR-C03856,C03856,CreditInfo,670,B,2026-04-23,0,5,2217917.36,4,{}
EV-BUR-C03857,C03857,Metropol,676,B,2026-04-23,1,5,1979499.92,2,{}
EV-BUR-C03858,C03858,TransUnion,773,A,2026-04-23,2,7,3422323.79,2,{}
EV-BUR-C03859,C03859,TransUnion,626,B,2026-04-26,1,7,1215909.44,4,{}
EV-BUR-C03860,C03860,Metropol,330,E,2026-04-21,8,7,456382.10,0,{}
EV-BUR-C03861,C03861,Metropol,760,A,2026-04-21,2,1,2368456.34,0,{}
EV-BUR-C03862,C03862,Metropol,720,A,2026-04-22,1,6,426217.65,3,{}
EV-BUR-C03863,C03863,Metropol,626,B,2026-04-20,0,4,1758409.08,2,{}
EV-BUR-C03864,C03864,CreditInfo,823,A,2026-04-25,2,3,183783.86,4,{}
EV-BUR-C03865,C03865,TransUnion,578,C,2026-04-24,1,2,2635451.82,1,{}
EV-BUR-C03866,C03866,TransUnion,558,C,2026-04-24,0,7,893227.50,0,{}
EV-BUR-C03867,C03867,Metropol,731,A,2026-04-23,2,1,866556.67,1,{}
EV-BUR-C03868,C03868,CreditInfo,541,C,2026-04-20,0,3,1708817.37,2,{}
EV-BUR-C03869,C03869,TransUnion,807,A,2026-04-24,0,3,1864353.98,0,{}
EV-BUR-C03870,C03870,TransUnion,565,C,2026-04-26,0,2,1980434.88,3,{}
EV-BUR-C03871,C03871,CreditInfo,727,A,2026-04-22,0,6,542921.69,0,{}
EV-BUR-C03872,C03872,TransUnion,735,A,2026-04-23,2,6,2464991.14,1,{}
EV-BUR-C03873,C03873,Metropol,570,C,2026-04-25,1,1,1242411.85,1,{}
EV-BUR-C03874,C03874,TransUnion,674,B,2026-04-20,2,1,781921.21,3,{}
EV-BUR-C03875,C03875,TransUnion,672,B,2026-04-22,1,1,225010.84,4,{}
EV-BUR-C03876,C03876,CreditInfo,753,A,2026-04-25,0,3,3468196.21,3,{}
EV-BUR-C03877,C03877,Metropol,713,B,2026-04-20,2,7,2575049.51,0,{}
EV-BUR-C03878,C03878,CreditInfo,809,A,2026-04-25,2,7,1572632.43,1,{}
EV-BUR-C03879,C03879,TransUnion,582,C,2026-04-22,2,5,729675.11,1,{}
EV-BUR-C03880,C03880,TransUnion,844,A,2026-04-26,0,1,885480.07,0,{}
EV-BUR-C03881,C03881,CreditInfo,742,A,2026-04-21,1,1,3938231.34,2,{}
EV-BUR-C03882,C03882,Metropol,763,A,2026-04-21,0,6,2025723.83,1,{}
EV-BUR-C03883,C03883,CreditInfo,723,A,2026-04-22,1,1,2015435.35,4,{}
EV-BUR-C03884,C03884,Metropol,809,A,2026-04-24,0,1,1771020.08,2,{}
EV-BUR-C03885,C03885,Metropol,554,C,2026-04-20,1,1,3110121.74,4,{}
EV-BUR-C03886,C03886,Metropol,705,B,2026-04-22,1,3,3399607.11,2,{}
EV-BUR-C03887,C03887,Metropol,837,A,2026-04-26,1,5,2891217.64,4,{}
EV-BUR-C03888,C03888,CreditInfo,723,A,2026-04-24,2,4,1430238.66,0,{}
EV-BUR-C03889,C03889,CreditInfo,605,B,2026-04-26,2,4,211819.98,2,{}
EV-BUR-C03890,C03890,CreditInfo,661,B,2026-04-26,0,3,3130951.27,1,{}
EV-BUR-C03891,C03891,Metropol,718,B,2026-04-20,2,3,1950943.07,3,{}
EV-BUR-C03892,C03892,TransUnion,582,C,2026-04-24,2,4,2433958.78,2,{}
EV-BUR-C03893,C03893,Metropol,744,A,2026-04-23,0,5,2164395.95,1,{}
EV-BUR-C03894,C03894,TransUnion,682,B,2026-04-24,2,7,1671107.56,0,{}
EV-BUR-C03895,C03895,CreditInfo,794,A,2026-04-23,2,6,793620.60,0,{}
EV-BUR-C03896,C03896,Metropol,776,A,2026-04-21,1,6,1407887.12,4,{}
EV-BUR-C03897,C03897,TransUnion,555,C,2026-04-23,1,5,1547058.19,1,{}
EV-BUR-C03898,C03898,Metropol,843,A,2026-04-21,0,3,1015204.00,3,{}
EV-BUR-C03899,C03899,TransUnion,820,A,2026-04-21,1,3,1464260.60,0,{}
EV-BUR-C03900,C03900,CreditInfo,831,A,2026-04-24,0,4,3979436.51,3,{}
EV-BUR-C03901,C03901,TransUnion,672,B,2026-04-24,2,1,243678.26,1,{}
EV-BUR-C03902,C03902,TransUnion,814,A,2026-04-25,0,7,2841425.34,3,{}
EV-BUR-C03903,C03903,TransUnion,629,B,2026-04-23,0,3,1499750.71,3,{}
EV-BUR-C03904,C03904,TransUnion,814,A,2026-04-20,2,7,888631.51,4,{}
EV-BUR-C03905,C03905,Metropol,729,A,2026-04-21,2,1,733987.60,1,{}
EV-BUR-C03906,C03906,Metropol,636,B,2026-04-21,0,4,3752577.81,2,{}
EV-BUR-C03907,C03907,TransUnion,638,B,2026-04-26,2,1,2250737.47,0,{}
EV-BUR-C03908,C03908,CreditInfo,762,A,2026-04-26,2,7,64142.70,0,{}
EV-BUR-C03909,C03909,CreditInfo,767,A,2026-04-23,1,2,2451299.35,0,{}
EV-BUR-C03910,C03910,TransUnion,594,C,2026-04-22,2,4,3465831.48,2,{}
EV-BUR-C03911,C03911,Metropol,768,A,2026-04-26,1,6,495828.29,3,{}
EV-BUR-C03912,C03912,Metropol,558,C,2026-04-26,1,1,2887331.16,2,{}
EV-BUR-C03913,C03913,TransUnion,826,A,2026-04-24,0,4,3061889.39,1,{}
EV-BUR-C03914,C03914,Metropol,571,C,2026-04-22,2,5,343937.58,1,{}
EV-BUR-C03915,C03915,Metropol,814,A,2026-04-24,0,3,2022392.04,1,{}
EV-BUR-C03916,C03916,TransUnion,456,D,2026-04-26,3,3,3358340.29,2,{}
EV-BUR-C03917,C03917,Metropol,676,B,2026-04-23,0,4,3368196.02,2,{}
EV-BUR-C03918,C03918,CreditInfo,607,B,2026-04-26,1,2,1044343.12,0,{}
EV-BUR-C03919,C03919,Metropol,709,B,2026-04-22,2,3,1629497.10,2,{}
EV-BUR-C03920,C03920,Metropol,662,B,2026-04-22,0,7,1815739.04,0,{}
EV-BUR-C03921,C03921,CreditInfo,584,C,2026-04-20,0,5,559986.77,0,{}
EV-BUR-C03922,C03922,CreditInfo,769,A,2026-04-21,2,2,2660567.09,4,{}
EV-BUR-C03923,C03923,TransUnion,590,C,2026-04-20,1,3,2849452.01,3,{}
EV-BUR-C03924,C03924,CreditInfo,745,A,2026-04-24,1,1,761251.99,1,{}
EV-BUR-C03925,C03925,CreditInfo,563,C,2026-04-20,2,5,2087192.00,2,{}
EV-BUR-C03926,C03926,TransUnion,621,B,2026-04-26,0,4,954122.64,0,{}
EV-BUR-C03927,C03927,TransUnion,732,A,2026-04-26,2,2,2352333.39,1,{}
EV-BUR-C03928,C03928,CreditInfo,777,A,2026-04-21,2,3,2381136.54,2,{}
EV-BUR-C03929,C03929,Metropol,585,C,2026-04-24,1,4,657709.82,2,{}
EV-BUR-C03930,C03930,Metropol,712,B,2026-04-21,2,2,2259187.65,3,{}
EV-BUR-C03931,C03931,Metropol,599,C,2026-04-26,2,6,1862295.65,3,{}
EV-BUR-C03932,C03932,Metropol,758,A,2026-04-21,0,4,3122117.89,3,{}
EV-BUR-C03933,C03933,CreditInfo,595,C,2026-04-24,1,7,3538974.43,4,{}
EV-BUR-C03934,C03934,TransUnion,698,B,2026-04-22,2,5,1807530.59,4,{}
EV-BUR-C03935,C03935,TransUnion,739,A,2026-04-26,1,5,614408.66,0,{}
EV-BUR-C03936,C03936,TransUnion,546,C,2026-04-23,1,5,2972887.56,3,{}
EV-BUR-C03937,C03937,Metropol,681,B,2026-04-24,1,7,2374140.79,1,{}
EV-BUR-C03938,C03938,TransUnion,660,B,2026-04-26,2,4,3698118.66,1,{}
EV-BUR-C03939,C03939,CreditInfo,763,A,2026-04-26,0,7,809647.99,1,{}
EV-BUR-C03940,C03940,CreditInfo,758,A,2026-04-25,0,4,113275.58,3,{}
EV-BUR-C03941,C03941,CreditInfo,850,A,2026-04-21,1,1,3217834.77,0,{}
EV-BUR-C03942,C03942,Metropol,712,B,2026-04-23,1,1,1979112.09,0,{}
EV-BUR-C03943,C03943,Metropol,849,A,2026-04-23,1,2,1641107.64,2,{}
EV-BUR-C03944,C03944,Metropol,774,A,2026-04-24,2,4,1321465.60,3,{}
EV-BUR-C03945,C03945,CreditInfo,739,A,2026-04-23,1,6,734017.56,4,{}
EV-BUR-C03946,C03946,CreditInfo,715,B,2026-04-26,2,2,443311.29,0,{}
EV-BUR-C03947,C03947,Metropol,604,B,2026-04-23,1,4,847819.50,0,{}
EV-BUR-C03948,C03948,Metropol,759,A,2026-04-23,0,7,1808192.44,4,{}
EV-BUR-C03949,C03949,CreditInfo,557,C,2026-04-24,2,1,1598104.86,3,{}
EV-BUR-C03950,C03950,CreditInfo,541,C,2026-04-25,2,6,1026056.51,2,{}
EV-BUR-C03951,C03951,Metropol,549,C,2026-04-21,2,2,278710.24,2,{}
EV-BUR-C03952,C03952,CreditInfo,645,B,2026-04-21,2,3,1234933.62,2,{}
EV-BUR-C03953,C03953,CreditInfo,572,C,2026-04-23,0,1,3861660.58,1,{}
EV-BUR-C03954,C03954,Metropol,678,B,2026-04-24,1,1,754507.82,2,{}
EV-BUR-C03955,C03955,TransUnion,636,B,2026-04-22,0,3,3906399.26,1,{}
EV-BUR-C03956,C03956,TransUnion,822,A,2026-04-20,2,2,2043603.29,1,{}
EV-BUR-C03957,C03957,CreditInfo,814,A,2026-04-26,1,1,2700976.60,0,{}
EV-BUR-C03958,C03958,Metropol,791,A,2026-04-22,0,5,780588.46,1,{}
EV-BUR-C03959,C03959,Metropol,686,B,2026-04-23,0,2,552975.26,1,{}
EV-BUR-C03960,C03960,TransUnion,540,C,2026-04-21,2,4,3825699.38,0,{}
EV-BUR-C03961,C03961,TransUnion,846,A,2026-04-22,1,5,1726707.02,2,{}
EV-BUR-C03962,C03962,Metropol,557,C,2026-04-20,0,1,414003.64,3,{}
EV-BUR-C03963,C03963,TransUnion,577,C,2026-04-20,0,5,1900923.64,3,{}
EV-BUR-C03964,C03964,TransUnion,640,B,2026-04-21,1,1,2472617.00,0,{}
EV-BUR-C03965,C03965,CreditInfo,453,D,2026-04-22,6,7,1023419.87,3,{}
EV-BUR-C03966,C03966,TransUnion,504,C,2026-04-23,3,5,3814352.28,1,{}
EV-BUR-C03967,C03967,Metropol,792,A,2026-04-21,1,1,2016223.34,0,{}
EV-BUR-C03968,C03968,TransUnion,394,E,2026-04-21,8,5,2757569.82,4,{}
EV-BUR-C03969,C03969,CreditInfo,703,B,2026-04-22,2,1,2566677.95,4,{}
EV-BUR-C03970,C03970,TransUnion,604,B,2026-04-23,1,6,2436959.18,2,{}
EV-BUR-C03971,C03971,TransUnion,648,B,2026-04-23,1,7,2011918.80,0,{}
EV-BUR-C03972,C03972,Metropol,571,C,2026-04-23,1,2,1867482.11,2,{}
EV-BUR-C03973,C03973,CreditInfo,841,A,2026-04-24,1,2,3062659.76,0,{}
EV-BUR-C03974,C03974,TransUnion,577,C,2026-04-23,0,3,1368215.21,4,{}
EV-BUR-C03975,C03975,TransUnion,741,A,2026-04-24,2,7,3522522.30,0,{}
EV-BUR-C03976,C03976,TransUnion,605,B,2026-04-23,1,6,1011316.03,0,{}
EV-BUR-C03977,C03977,Metropol,599,C,2026-04-26,2,6,3348447.59,4,{}
EV-BUR-C03978,C03978,CreditInfo,826,A,2026-04-26,0,4,3547604.47,1,{}
EV-BUR-C03979,C03979,CreditInfo,661,B,2026-04-20,0,2,1461213.48,0,{}
EV-BUR-C03980,C03980,CreditInfo,366,E,2026-04-26,6,6,754425.23,4,{}
EV-BUR-C03981,C03981,Metropol,652,B,2026-04-22,0,3,3423516.39,1,{}
EV-BUR-C03982,C03982,TransUnion,761,A,2026-04-21,1,3,2149942.02,0,{}
EV-BUR-C03983,C03983,Metropol,834,A,2026-04-20,1,7,1132584.17,4,{}
EV-BUR-C03984,C03984,TransUnion,841,A,2026-04-25,0,6,2302117.88,1,{}
EV-BUR-C03985,C03985,TransUnion,821,A,2026-04-24,1,2,1863187.78,4,{}
EV-BUR-C03986,C03986,CreditInfo,744,A,2026-04-20,2,1,3340605.75,2,{}
EV-BUR-C03987,C03987,CreditInfo,408,D,2026-04-21,3,4,3463648.13,2,{}
EV-BUR-C03988,C03988,CreditInfo,680,B,2026-04-26,2,6,562290.32,1,{}
EV-BUR-C03989,C03989,Metropol,312,E,2026-04-21,8,5,1071502.61,1,{}
EV-BUR-C03990,C03990,CreditInfo,618,B,2026-04-20,0,7,2001690.02,1,{}
EV-BUR-C03991,C03991,CreditInfo,592,C,2026-04-20,1,1,1147657.03,0,{}
EV-BUR-C03992,C03992,TransUnion,683,B,2026-04-21,2,4,3734891.66,1,{}
EV-BUR-C03993,C03993,Metropol,620,B,2026-04-21,2,6,2942089.27,0,{}
EV-BUR-C03994,C03994,TransUnion,805,A,2026-04-24,1,6,572472.02,2,{}
EV-BUR-C03995,C03995,TransUnion,736,A,2026-04-24,2,4,140861.17,4,{}
EV-BUR-C03996,C03996,TransUnion,814,A,2026-04-23,2,5,1333072.39,3,{}
EV-BUR-C03997,C03997,CreditInfo,631,B,2026-04-21,1,7,2487432.21,3,{}
EV-BUR-C03998,C03998,TransUnion,751,A,2026-04-20,0,7,1343217.38,3,{}
EV-BUR-C03999,C03999,TransUnion,594,C,2026-04-21,2,4,2770424.01,3,{}
EV-BUR-C04000,C04000,TransUnion,592,C,2026-04-20,0,2,3866305.55,0,{}
EV-BUR-C04001,C04001,TransUnion,444,D,2026-04-22,8,1,358428.10,1,{}
EV-BUR-C04002,C04002,TransUnion,818,A,2026-04-26,2,4,518257.61,2,{}
EV-BUR-C04003,C04003,TransUnion,567,C,2026-04-21,1,2,2390563.99,0,{}
EV-BUR-C04004,C04004,TransUnion,734,A,2026-04-21,2,1,2327786.40,4,{}
EV-BUR-C04005,C04005,CreditInfo,721,A,2026-04-21,0,5,3331283.19,4,{}
EV-BUR-C04006,C04006,TransUnion,788,A,2026-04-24,1,7,1142553.01,2,{}
EV-BUR-C04007,C04007,Metropol,560,C,2026-04-21,2,6,3851272.59,2,{}
EV-BUR-C04008,C04008,TransUnion,545,C,2026-04-26,1,2,3604512.04,4,{}
EV-BUR-C04009,C04009,CreditInfo,648,B,2026-04-23,0,5,2660218.11,0,{}
EV-BUR-C04010,C04010,Metropol,699,B,2026-04-21,1,6,2384195.91,2,{}
EV-BUR-C04011,C04011,CreditInfo,288,E,2026-04-21,6,1,3909441.01,2,{}
EV-BUR-C04012,C04012,Metropol,410,D,2026-04-26,6,3,461643.47,0,{}
EV-BUR-C04013,C04013,CreditInfo,714,B,2026-04-26,2,4,1929645.48,4,{}
EV-BUR-C04014,C04014,CreditInfo,312,E,2026-04-23,5,2,216948.10,2,{}
EV-BUR-C04015,C04015,TransUnion,669,B,2026-04-22,1,4,456001.58,3,{}
EV-BUR-C04016,C04016,Metropol,617,B,2026-04-26,2,4,3039936.71,1,{}
EV-BUR-C04017,C04017,TransUnion,630,B,2026-04-21,2,2,1971671.84,3,{}
EV-BUR-C04018,C04018,CreditInfo,845,A,2026-04-20,2,3,688533.32,1,{}
EV-BUR-C04019,C04019,Metropol,520,C,2026-04-21,7,1,1236230.16,4,{}
EV-BUR-C04020,C04020,TransUnion,553,C,2026-04-25,2,7,683247.59,2,{}
EV-BUR-C04021,C04021,Metropol,703,B,2026-04-25,0,3,2522412.95,0,{}
EV-BUR-C04022,C04022,Metropol,792,A,2026-04-25,0,3,1129296.34,4,{}
EV-BUR-C04023,C04023,TransUnion,602,B,2026-04-24,2,7,1280244.79,1,{}
EV-BUR-C04024,C04024,CreditInfo,635,B,2026-04-25,1,4,3200147.28,2,{}
EV-BUR-C04025,C04025,Metropol,820,A,2026-04-25,1,1,1093150.14,4,{}
EV-BUR-C04026,C04026,Metropol,576,C,2026-04-24,0,1,3549765.37,0,{}
EV-BUR-C04027,C04027,CreditInfo,653,B,2026-04-23,1,2,1729686.51,3,{}
EV-BUR-C04028,C04028,Metropol,547,C,2026-04-21,1,7,2631596.59,2,{}
EV-BUR-C04029,C04029,CreditInfo,623,B,2026-04-20,0,6,3075146.48,0,{}
EV-BUR-C04030,C04030,Metropol,595,C,2026-04-22,2,3,3200648.31,1,{}
EV-BUR-C04031,C04031,CreditInfo,740,A,2026-04-24,1,1,286953.43,0,{}
EV-BUR-C04032,C04032,CreditInfo,816,A,2026-04-24,0,5,2806177.46,2,{}
EV-BUR-C04033,C04033,Metropol,682,B,2026-04-23,0,1,2119435.71,1,{}
EV-BUR-C04034,C04034,Metropol,549,C,2026-04-22,1,6,3977900.80,0,{}
EV-BUR-C04035,C04035,CreditInfo,674,B,2026-04-26,2,5,1092075.47,4,{}
EV-BUR-C04036,C04036,TransUnion,599,C,2026-04-20,2,7,2861033.24,3,{}
EV-BUR-C04037,C04037,TransUnion,841,A,2026-04-23,2,5,679407.72,1,{}
EV-BUR-C04038,C04038,Metropol,628,B,2026-04-21,1,5,1871442.24,4,{}
EV-BUR-C04039,C04039,TransUnion,752,A,2026-04-24,1,2,2568015.48,2,{}
EV-BUR-C04040,C04040,CreditInfo,596,C,2026-04-23,0,1,1683085.75,0,{}
EV-BUR-C04041,C04041,TransUnion,799,A,2026-04-21,2,1,3095003.96,1,{}
EV-BUR-C04042,C04042,TransUnion,680,B,2026-04-23,1,3,2919808.03,0,{}
EV-BUR-C04043,C04043,CreditInfo,671,B,2026-04-22,2,4,1052673.32,0,{}
EV-BUR-C04044,C04044,TransUnion,754,A,2026-04-23,2,5,3257860.16,1,{}
EV-BUR-C04045,C04045,CreditInfo,804,A,2026-04-25,1,1,3746607.65,2,{}
EV-BUR-C04046,C04046,Metropol,587,C,2026-04-26,0,2,3424505.79,0,{}
EV-BUR-C04047,C04047,TransUnion,603,B,2026-04-26,0,6,1544842.54,2,{}
EV-BUR-C04048,C04048,CreditInfo,733,A,2026-04-20,0,6,55527.33,3,{}
EV-BUR-C04049,C04049,CreditInfo,579,C,2026-04-24,0,1,629263.94,1,{}
EV-BUR-C04050,C04050,Metropol,773,A,2026-04-20,0,4,3152408.24,0,{}
EV-BUR-C04051,C04051,Metropol,848,A,2026-04-24,0,4,105609.34,1,{}
EV-BUR-C04052,C04052,TransUnion,551,C,2026-04-24,1,2,3071565.51,2,{}
EV-BUR-C04053,C04053,Metropol,647,B,2026-04-23,2,7,3371962.73,4,{}
EV-BUR-C04054,C04054,Metropol,818,A,2026-04-22,2,4,1554118.85,1,{}
EV-BUR-C04055,C04055,Metropol,836,A,2026-04-25,0,3,3989252.38,0,{}
EV-BUR-C04056,C04056,CreditInfo,608,B,2026-04-23,0,4,2053355.55,3,{}
EV-BUR-C04057,C04057,CreditInfo,673,B,2026-04-23,0,3,2467502.50,1,{}
EV-BUR-C04058,C04058,CreditInfo,842,A,2026-04-24,2,2,1123489.22,3,{}
EV-BUR-C04059,C04059,CreditInfo,747,A,2026-04-24,2,7,3834591.45,1,{}
EV-BUR-C04060,C04060,Metropol,675,B,2026-04-20,0,6,2303707.83,2,{}
EV-BUR-C04061,C04061,TransUnion,577,C,2026-04-22,1,7,691464.17,3,{}
EV-BUR-C04062,C04062,TransUnion,559,C,2026-04-23,1,7,2627475.64,3,{}
EV-BUR-C04063,C04063,Metropol,709,B,2026-04-20,1,2,1833768.32,1,{}
EV-BUR-C04064,C04064,TransUnion,590,C,2026-04-23,2,1,2354313.84,1,{}
EV-BUR-C04065,C04065,TransUnion,724,A,2026-04-20,1,1,3034212.38,4,{}
EV-BUR-C04066,C04066,CreditInfo,660,B,2026-04-20,2,2,1812003.81,2,{}
EV-BUR-C04067,C04067,Metropol,823,A,2026-04-26,1,1,1279073.61,0,{}
EV-BUR-C04068,C04068,Metropol,719,B,2026-04-21,1,6,3958658.51,3,{}
EV-BUR-C04069,C04069,TransUnion,677,B,2026-04-21,1,6,1725947.20,1,{}
EV-BUR-C04070,C04070,TransUnion,429,D,2026-04-20,4,1,2067641.28,3,{}
EV-BUR-C04071,C04071,CreditInfo,838,A,2026-04-25,1,7,2952242.11,4,{}
EV-BUR-C04072,C04072,TransUnion,608,B,2026-04-23,0,5,2907748.33,2,{}
EV-BUR-C04073,C04073,CreditInfo,828,A,2026-04-21,2,1,1639861.40,1,{}
EV-BUR-C04074,C04074,CreditInfo,557,C,2026-04-26,0,5,1195779.35,1,{}
EV-BUR-C04075,C04075,TransUnion,661,B,2026-04-25,2,7,1331313.84,3,{}
EV-BUR-C04076,C04076,CreditInfo,408,D,2026-04-22,3,1,2600774.47,3,{}
EV-BUR-C04077,C04077,Metropol,621,B,2026-04-25,1,7,1973998.79,4,{}
EV-BUR-C04078,C04078,CreditInfo,345,E,2026-04-26,9,2,2402313.17,1,{}
EV-BUR-C04079,C04079,TransUnion,656,B,2026-04-23,0,2,3877506.00,0,{}
EV-BUR-C04080,C04080,TransUnion,824,A,2026-04-25,1,3,2953644.59,2,{}
EV-BUR-C04081,C04081,CreditInfo,561,C,2026-04-25,0,4,2630352.01,3,{}
EV-BUR-C04082,C04082,TransUnion,560,C,2026-04-24,2,7,145927.84,4,{}
EV-BUR-C04083,C04083,TransUnion,743,A,2026-04-23,0,4,1150648.08,3,{}
EV-BUR-C04084,C04084,TransUnion,697,B,2026-04-20,0,3,1730079.67,1,{}
EV-BUR-C04085,C04085,TransUnion,648,B,2026-04-22,2,1,996334.98,2,{}
EV-BUR-C04086,C04086,TransUnion,597,C,2026-04-23,0,7,1802104.09,3,{}
EV-BUR-C04087,C04087,CreditInfo,645,B,2026-04-22,1,1,516616.74,2,{}
EV-BUR-C04088,C04088,Metropol,698,B,2026-04-25,2,3,2095608.88,4,{}
EV-BUR-C04089,C04089,TransUnion,819,A,2026-04-22,2,3,273221.69,3,{}
EV-BUR-C04090,C04090,TransUnion,837,A,2026-04-21,1,4,2341639.43,0,{}
EV-BUR-C04091,C04091,Metropol,806,A,2026-04-26,0,4,3397341.66,1,{}
EV-BUR-C04092,C04092,Metropol,819,A,2026-04-22,0,6,3296475.27,0,{}
EV-BUR-C04093,C04093,Metropol,650,B,2026-04-25,2,2,2808280.36,3,{}
EV-BUR-C04094,C04094,CreditInfo,544,C,2026-04-23,0,5,3602197.47,4,{}
EV-BUR-C04095,C04095,Metropol,556,C,2026-04-20,0,7,77833.56,3,{}
EV-BUR-C04096,C04096,TransUnion,643,B,2026-04-25,0,1,1316578.13,0,{}
EV-BUR-C04097,C04097,TransUnion,697,B,2026-04-26,0,5,905551.71,3,{}
EV-BUR-C04098,C04098,Metropol,626,B,2026-04-21,1,6,1287565.58,2,{}
EV-BUR-C04099,C04099,CreditInfo,631,B,2026-04-26,1,4,2819481.00,2,{}
EV-BUR-C04100,C04100,TransUnion,805,A,2026-04-21,1,7,3501354.14,2,{}
EV-BUR-C04101,C04101,Metropol,654,B,2026-04-20,0,1,2428574.50,4,{}
EV-BUR-C04102,C04102,Metropol,686,B,2026-04-24,0,2,3242098.84,3,{}
EV-BUR-C04103,C04103,TransUnion,751,A,2026-04-21,0,3,1709881.69,3,{}
EV-BUR-C04104,C04104,Metropol,566,C,2026-04-26,0,3,2039094.35,3,{}
EV-BUR-C04105,C04105,TransUnion,823,A,2026-04-26,2,4,3420139.80,0,{}
EV-BUR-C04106,C04106,CreditInfo,780,A,2026-04-22,2,1,3633490.27,3,{}
EV-BUR-C04107,C04107,TransUnion,552,C,2026-04-22,2,4,3824008.14,3,{}
EV-BUR-C04108,C04108,Metropol,666,B,2026-04-24,1,7,3811431.59,0,{}
EV-BUR-C04109,C04109,Metropol,725,A,2026-04-22,0,1,718013.73,2,{}
EV-BUR-C04110,C04110,CreditInfo,542,C,2026-04-21,0,6,1911709.78,3,{}
EV-BUR-C04111,C04111,Metropol,808,A,2026-04-21,0,3,1498018.61,2,{}
EV-BUR-C04112,C04112,CreditInfo,838,A,2026-04-22,1,1,1865860.83,4,{}
EV-BUR-C04113,C04113,Metropol,677,B,2026-04-22,2,2,2046535.97,0,{}
EV-BUR-C04114,C04114,TransUnion,665,B,2026-04-25,1,3,3825859.47,4,{}
EV-BUR-C04115,C04115,CreditInfo,765,A,2026-04-21,2,2,217895.34,0,{}
EV-BUR-C04116,C04116,Metropol,758,A,2026-04-25,2,7,724910.94,1,{}
EV-BUR-C04117,C04117,Metropol,829,A,2026-04-22,0,4,1927566.05,4,{}
EV-BUR-C04118,C04118,CreditInfo,758,A,2026-04-24,1,6,1512980.81,2,{}
EV-BUR-C04119,C04119,CreditInfo,750,A,2026-04-22,2,5,1676785.85,0,{}
EV-BUR-C04120,C04120,Metropol,578,C,2026-04-23,2,5,3292270.73,2,{}
EV-BUR-C04121,C04121,Metropol,662,B,2026-04-23,1,2,796367.31,0,{}
EV-BUR-C04122,C04122,CreditInfo,834,A,2026-04-23,2,7,2846155.71,3,{}
EV-BUR-C04123,C04123,TransUnion,555,C,2026-04-22,1,7,2359117.33,3,{}
EV-BUR-C04124,C04124,CreditInfo,735,A,2026-04-25,1,4,1108071.04,4,{}
EV-BUR-C04125,C04125,CreditInfo,729,A,2026-04-23,2,1,1369746.11,4,{}
EV-BUR-C04126,C04126,TransUnion,772,A,2026-04-20,0,1,3488684.36,3,{}
EV-BUR-C04127,C04127,CreditInfo,644,B,2026-04-24,2,2,2466997.92,1,{}
EV-BUR-C04128,C04128,Metropol,832,A,2026-04-20,0,2,2899302.72,4,{}
EV-BUR-C04129,C04129,Metropol,558,C,2026-04-25,2,2,915601.35,0,{}
EV-BUR-C04130,C04130,Metropol,844,A,2026-04-20,0,1,3010896.11,4,{}
EV-BUR-C04131,C04131,CreditInfo,608,B,2026-04-20,0,6,869654.95,4,{}
EV-BUR-C04132,C04132,Metropol,814,A,2026-04-24,1,4,1196365.39,1,{}
EV-BUR-C04133,C04133,Metropol,776,A,2026-04-23,0,4,1334804.28,1,{}
EV-BUR-C04134,C04134,CreditInfo,631,B,2026-04-22,0,2,2322738.58,0,{}
EV-BUR-C04135,C04135,TransUnion,828,A,2026-04-23,0,7,519358.99,0,{}
EV-BUR-C04136,C04136,Metropol,570,C,2026-04-21,0,6,1401515.41,3,{}
EV-BUR-C04137,C04137,Metropol,838,A,2026-04-22,0,7,3674040.20,1,{}
EV-BUR-C04138,C04138,Metropol,715,B,2026-04-24,2,1,631524.34,2,{}
EV-BUR-C04139,C04139,CreditInfo,595,C,2026-04-24,2,5,2356696.60,3,{}
EV-BUR-C04140,C04140,CreditInfo,578,C,2026-04-22,0,6,544693.47,3,{}
EV-BUR-C04141,C04141,Metropol,568,C,2026-04-25,0,5,121869.23,3,{}
EV-BUR-C04142,C04142,CreditInfo,674,B,2026-04-23,1,4,2530017.82,1,{}
EV-BUR-C04143,C04143,TransUnion,803,A,2026-04-20,2,2,2885139.66,4,{}
EV-BUR-C04144,C04144,CreditInfo,683,B,2026-04-21,1,1,2421017.31,4,{}
EV-BUR-C04145,C04145,Metropol,827,A,2026-04-23,1,4,2107049.15,0,{}
EV-BUR-C04146,C04146,TransUnion,760,A,2026-04-26,0,4,1372477.83,3,{}
EV-BUR-C04147,C04147,TransUnion,578,C,2026-04-21,2,1,1371381.50,4,{}
EV-BUR-C04148,C04148,TransUnion,779,A,2026-04-25,1,2,3419798.05,4,{}
EV-BUR-C04149,C04149,CreditInfo,630,B,2026-04-25,1,7,1692935.73,1,{}
EV-BUR-C04150,C04150,TransUnion,786,A,2026-04-25,1,5,1316454.42,1,{}
EV-BUR-C04151,C04151,TransUnion,625,B,2026-04-26,1,2,108647.56,0,{}
EV-BUR-C04152,C04152,TransUnion,510,C,2026-04-21,4,3,3774522.34,1,{}
EV-BUR-C04153,C04153,CreditInfo,543,C,2026-04-25,2,2,1005804.75,2,{}
EV-BUR-C04154,C04154,TransUnion,557,C,2026-04-23,0,6,1483531.32,3,{}
EV-BUR-C04155,C04155,CreditInfo,840,A,2026-04-26,1,7,2589351.37,1,{}
EV-BUR-C04156,C04156,TransUnion,586,C,2026-04-20,2,6,3951502.78,3,{}
EV-BUR-C04157,C04157,TransUnion,585,C,2026-04-23,2,5,3488270.47,2,{}
EV-BUR-C04158,C04158,Metropol,600,B,2026-04-25,0,2,3590863.95,4,{}
EV-BUR-C04159,C04159,CreditInfo,845,A,2026-04-20,0,5,3936304.44,0,{}
EV-BUR-C04160,C04160,TransUnion,559,C,2026-04-22,1,5,2075838.75,3,{}
EV-BUR-C04161,C04161,TransUnion,664,B,2026-04-24,0,6,3278422.30,3,{}
EV-BUR-C04162,C04162,Metropol,844,A,2026-04-22,2,3,100568.94,1,{}
EV-BUR-C04163,C04163,Metropol,679,B,2026-04-21,2,7,2288172.40,0,{}
EV-BUR-C04164,C04164,TransUnion,630,B,2026-04-22,2,6,1907527.72,2,{}
EV-BUR-C04165,C04165,TransUnion,726,A,2026-04-20,0,7,3393482.27,1,{}
EV-BUR-C04166,C04166,TransUnion,813,A,2026-04-25,2,7,2436019.39,3,{}
EV-BUR-C04167,C04167,Metropol,741,A,2026-04-20,1,5,1881124.83,2,{}
EV-BUR-C04168,C04168,CreditInfo,757,A,2026-04-23,2,6,3438811.46,1,{}
EV-BUR-C04169,C04169,Metropol,727,A,2026-04-25,0,7,2527556.96,1,{}
EV-BUR-C04170,C04170,CreditInfo,838,A,2026-04-22,1,2,2868012.85,1,{}
EV-BUR-C04171,C04171,TransUnion,781,A,2026-04-24,0,6,2365583.77,0,{}
EV-BUR-C04172,C04172,CreditInfo,611,B,2026-04-22,1,2,3300108.93,1,{}
EV-BUR-C04173,C04173,TransUnion,635,B,2026-04-21,0,3,310796.67,1,{}
EV-BUR-C04174,C04174,TransUnion,735,A,2026-04-24,1,6,2310234.34,4,{}
EV-BUR-C04175,C04175,TransUnion,684,B,2026-04-25,1,1,2041769.23,1,{}
EV-BUR-C04176,C04176,TransUnion,705,B,2026-04-24,1,6,798662.45,1,{}
EV-BUR-C04177,C04177,CreditInfo,805,A,2026-04-24,1,1,450376.00,2,{}
EV-BUR-C04178,C04178,TransUnion,803,A,2026-04-22,2,4,3843407.92,1,{}
EV-BUR-C04179,C04179,TransUnion,735,A,2026-04-26,2,4,835847.89,1,{}
EV-BUR-C04180,C04180,CreditInfo,816,A,2026-04-25,0,7,2205620.60,3,{}
EV-BUR-C04181,C04181,CreditInfo,311,E,2026-04-20,6,4,2013179.03,1,{}
EV-BUR-C04182,C04182,CreditInfo,670,B,2026-04-25,1,6,3762596.93,2,{}
EV-BUR-C04183,C04183,Metropol,657,B,2026-04-26,1,6,3942986.45,2,{}
EV-BUR-C04184,C04184,CreditInfo,387,E,2026-04-26,3,1,407743.48,0,{}
EV-BUR-C04185,C04185,CreditInfo,437,D,2026-04-23,3,7,1518323.79,0,{}
EV-BUR-C04186,C04186,TransUnion,834,A,2026-04-24,2,6,1090996.01,2,{}
EV-BUR-C04187,C04187,CreditInfo,719,B,2026-04-25,0,4,3215062.60,3,{}
EV-BUR-C04188,C04188,Metropol,653,B,2026-04-23,2,7,3105086.96,2,{}
EV-BUR-C04189,C04189,TransUnion,750,A,2026-04-22,0,5,1614877.23,0,{}
EV-BUR-C04190,C04190,Metropol,794,A,2026-04-23,2,5,3702679.40,2,{}
EV-BUR-C04191,C04191,TransUnion,739,A,2026-04-25,2,7,1323584.43,3,{}
EV-BUR-C04192,C04192,Metropol,752,A,2026-04-24,2,7,3610082.50,3,{}
EV-BUR-C04193,C04193,TransUnion,640,B,2026-04-20,2,4,2487626.73,0,{}
EV-BUR-C04194,C04194,CreditInfo,843,A,2026-04-23,0,5,2779598.25,4,{}
EV-BUR-C04195,C04195,CreditInfo,665,B,2026-04-21,0,6,371796.50,1,{}
EV-BUR-C04196,C04196,Metropol,781,A,2026-04-23,2,1,3881331.78,3,{}
EV-BUR-C04197,C04197,CreditInfo,555,C,2026-04-24,1,4,1749522.85,2,{}
EV-BUR-C04198,C04198,CreditInfo,572,C,2026-04-23,0,5,640968.43,2,{}
EV-BUR-C04199,C04199,Metropol,741,A,2026-04-21,2,4,2202358.09,4,{}
EV-BUR-C04200,C04200,Metropol,633,B,2026-04-26,1,5,379585.39,2,{}
EV-BUR-C04201,C04201,Metropol,830,A,2026-04-26,1,6,479813.63,2,{}
EV-BUR-C04202,C04202,CreditInfo,818,A,2026-04-26,1,6,941551.09,1,{}
EV-BUR-C04203,C04203,TransUnion,832,A,2026-04-23,1,3,1051236.95,0,{}
EV-BUR-C04204,C04204,CreditInfo,669,B,2026-04-20,1,7,467629.02,0,{}
EV-BUR-C04205,C04205,Metropol,609,B,2026-04-23,2,4,2417410.15,1,{}
EV-BUR-C04206,C04206,Metropol,698,B,2026-04-21,0,5,3372201.28,0,{}
EV-BUR-C04207,C04207,Metropol,783,A,2026-04-21,1,4,3750839.40,4,{}
EV-BUR-C04208,C04208,Metropol,743,A,2026-04-20,0,7,3929074.85,2,{}
EV-BUR-C04209,C04209,Metropol,813,A,2026-04-26,1,3,2428924.69,1,{}
EV-BUR-C04210,C04210,CreditInfo,733,A,2026-04-23,2,3,3763585.04,0,{}
EV-BUR-C04211,C04211,TransUnion,763,A,2026-04-26,2,5,3275164.48,4,{}
EV-BUR-C04212,C04212,Metropol,645,B,2026-04-26,2,6,220025.71,4,{}
EV-BUR-C04213,C04213,TransUnion,745,A,2026-04-20,0,3,261228.67,4,{}
EV-BUR-C04214,C04214,Metropol,812,A,2026-04-21,1,6,2290281.76,1,{}
EV-BUR-C04215,C04215,TransUnion,659,B,2026-04-22,1,6,265959.58,1,{}
EV-BUR-C04216,C04216,Metropol,701,B,2026-04-21,0,3,436830.35,4,{}
EV-BUR-C04217,C04217,CreditInfo,829,A,2026-04-25,2,2,2087068.45,2,{}
EV-BUR-C04218,C04218,Metropol,738,A,2026-04-26,1,2,2835469.43,3,{}
EV-BUR-C04219,C04219,TransUnion,762,A,2026-04-24,2,2,1028640.12,0,{}
EV-BUR-C04220,C04220,TransUnion,631,B,2026-04-25,1,2,3146810.46,2,{}
EV-BUR-C04221,C04221,CreditInfo,462,D,2026-04-20,5,3,1628733.56,2,{}
EV-BUR-C04222,C04222,CreditInfo,740,A,2026-04-20,0,2,3055613.08,0,{}
EV-BUR-C04223,C04223,Metropol,643,B,2026-04-24,2,4,1818250.33,2,{}
EV-BUR-C04224,C04224,TransUnion,848,A,2026-04-20,0,3,3631563.69,0,{}
EV-BUR-C04225,C04225,Metropol,676,B,2026-04-26,1,5,3712717.39,2,{}
EV-BUR-C04226,C04226,CreditInfo,840,A,2026-04-22,1,4,1998825.84,4,{}
EV-BUR-C04227,C04227,CreditInfo,766,A,2026-04-21,0,6,82249.54,1,{}
EV-BUR-C04228,C04228,CreditInfo,737,A,2026-04-24,1,1,2767564.62,4,{}
EV-BUR-C04229,C04229,CreditInfo,785,A,2026-04-25,2,7,2695853.46,4,{}
EV-BUR-C04230,C04230,TransUnion,613,B,2026-04-25,2,3,3016713.57,4,{}
EV-BUR-C04231,C04231,CreditInfo,665,B,2026-04-20,2,1,2420378.49,1,{}
EV-BUR-C04232,C04232,TransUnion,553,C,2026-04-23,1,4,1229324.72,2,{}
EV-BUR-C04233,C04233,TransUnion,675,B,2026-04-26,1,6,2844476.84,3,{}
EV-BUR-C04234,C04234,TransUnion,549,C,2026-04-22,1,3,2545814.00,4,{}
EV-BUR-C04235,C04235,TransUnion,626,B,2026-04-20,0,4,2664967.48,3,{}
EV-BUR-C04236,C04236,TransUnion,807,A,2026-04-21,1,7,95221.89,2,{}
EV-BUR-C04237,C04237,CreditInfo,827,A,2026-04-24,2,4,3194371.49,3,{}
EV-BUR-C04238,C04238,TransUnion,675,B,2026-04-20,1,2,3879173.39,1,{}
EV-BUR-C04239,C04239,Metropol,787,A,2026-04-20,0,3,950045.18,2,{}
EV-BUR-C04240,C04240,Metropol,597,C,2026-04-20,2,3,767641.34,4,{}
EV-BUR-C04241,C04241,Metropol,788,A,2026-04-25,2,2,3613217.40,3,{}
EV-BUR-C04242,C04242,TransUnion,699,B,2026-04-20,2,6,614321.11,0,{}
EV-BUR-C04243,C04243,Metropol,714,B,2026-04-22,1,3,2066772.91,4,{}
EV-BUR-C04244,C04244,CreditInfo,693,B,2026-04-20,0,1,2124498.95,3,{}
EV-BUR-C04245,C04245,Metropol,485,D,2026-04-23,3,7,1617555.54,0,{}
EV-BUR-C04246,C04246,Metropol,585,C,2026-04-26,2,2,2423914.88,3,{}
EV-BUR-C04247,C04247,CreditInfo,694,B,2026-04-21,0,3,2144616.89,4,{}
EV-BUR-C04248,C04248,CreditInfo,335,E,2026-04-24,5,5,574254.21,4,{}
EV-BUR-C04249,C04249,Metropol,639,B,2026-04-23,0,7,1360273.93,1,{}
EV-BUR-C04250,C04250,TransUnion,562,C,2026-04-25,2,5,1306751.31,1,{}
EV-BUR-C04251,C04251,TransUnion,571,C,2026-04-20,0,2,3170798.47,4,{}
EV-BUR-C04252,C04252,Metropol,848,A,2026-04-20,2,3,2138834.78,1,{}
EV-BUR-C04253,C04253,Metropol,698,B,2026-04-21,0,6,1815806.48,3,{}
EV-BUR-C04254,C04254,CreditInfo,581,C,2026-04-24,1,6,1857609.41,4,{}
EV-BUR-C04255,C04255,TransUnion,596,C,2026-04-25,2,7,1631086.66,3,{}
EV-BUR-C04256,C04256,TransUnion,802,A,2026-04-23,0,6,2378189.30,4,{}
EV-BUR-C04257,C04257,CreditInfo,552,C,2026-04-24,0,3,3832936.20,0,{}
EV-BUR-C04258,C04258,CreditInfo,566,C,2026-04-26,0,1,2947306.76,2,{}
EV-BUR-C04259,C04259,Metropol,748,A,2026-04-26,2,6,2586425.74,0,{}
EV-BUR-C04260,C04260,CreditInfo,667,B,2026-04-23,0,7,349136.88,3,{}
EV-BUR-C04261,C04261,CreditInfo,699,B,2026-04-20,0,4,974995.02,2,{}
EV-BUR-C04262,C04262,TransUnion,515,C,2026-04-22,9,7,2865058.33,0,{}
EV-BUR-C04263,C04263,CreditInfo,736,A,2026-04-20,1,3,3304503.00,1,{}
EV-BUR-C04264,C04264,Metropol,748,A,2026-04-21,1,6,1587838.65,1,{}
EV-BUR-C04265,C04265,Metropol,731,A,2026-04-21,0,2,2080196.53,3,{}
EV-BUR-C04266,C04266,Metropol,804,A,2026-04-25,1,3,1820240.01,2,{}
EV-BUR-C04267,C04267,TransUnion,656,B,2026-04-25,0,3,1590767.64,4,{}
EV-BUR-C04268,C04268,CreditInfo,774,A,2026-04-24,1,1,848504.96,4,{}
EV-BUR-C04269,C04269,TransUnion,760,A,2026-04-22,2,1,2423394.29,4,{}
EV-BUR-C04270,C04270,TransUnion,562,C,2026-04-22,1,1,1668628.85,2,{}
EV-BUR-C04271,C04271,TransUnion,799,A,2026-04-25,2,3,182356.92,1,{}
EV-BUR-C04272,C04272,CreditInfo,670,B,2026-04-20,0,7,1551461.71,4,{}
EV-BUR-C04273,C04273,TransUnion,591,C,2026-04-24,0,3,2637512.75,4,{}
EV-BUR-C04274,C04274,CreditInfo,474,D,2026-04-26,9,5,1473806.17,4,{}
EV-BUR-C04275,C04275,CreditInfo,822,A,2026-04-23,2,6,484707.32,2,{}
EV-BUR-C04276,C04276,Metropol,651,B,2026-04-25,1,1,370741.26,4,{}
EV-BUR-C04277,C04277,Metropol,567,C,2026-04-23,2,4,3277068.64,2,{}
EV-BUR-C04278,C04278,Metropol,816,A,2026-04-24,0,2,830807.49,4,{}
EV-BUR-C04279,C04279,CreditInfo,412,D,2026-04-21,4,5,163922.82,0,{}
EV-BUR-C04280,C04280,Metropol,774,A,2026-04-22,1,6,1034309.32,0,{}
EV-BUR-C04281,C04281,TransUnion,753,A,2026-04-26,0,7,2091693.83,2,{}
EV-BUR-C04282,C04282,CreditInfo,756,A,2026-04-23,2,4,2513147.77,3,{}
EV-BUR-C04283,C04283,Metropol,569,C,2026-04-24,0,7,2465689.19,3,{}
EV-BUR-C04284,C04284,CreditInfo,604,B,2026-04-22,0,6,3644108.24,0,{}
EV-BUR-C04285,C04285,Metropol,565,C,2026-04-21,2,4,2568397.52,2,{}
EV-BUR-C04286,C04286,Metropol,831,A,2026-04-20,0,3,1984469.69,3,{}
EV-BUR-C04287,C04287,CreditInfo,796,A,2026-04-24,2,3,931331.93,2,{}
EV-BUR-C04288,C04288,CreditInfo,761,A,2026-04-26,2,5,3268832.83,2,{}
EV-BUR-C04289,C04289,TransUnion,775,A,2026-04-21,2,2,509303.82,3,{}
EV-BUR-C04290,C04290,TransUnion,564,C,2026-04-24,2,6,3744570.15,3,{}
EV-BUR-C04291,C04291,TransUnion,654,B,2026-04-22,2,5,3200268.61,3,{}
EV-BUR-C04292,C04292,CreditInfo,841,A,2026-04-26,0,6,133737.46,4,{}
EV-BUR-C04293,C04293,TransUnion,804,A,2026-04-24,0,4,1964204.76,1,{}
EV-BUR-C04294,C04294,Metropol,787,A,2026-04-20,2,4,486141.05,2,{}
EV-BUR-C04295,C04295,TransUnion,642,B,2026-04-21,1,3,1905711.74,2,{}
EV-BUR-C04296,C04296,Metropol,694,B,2026-04-23,1,5,445883.64,4,{}
EV-BUR-C04297,C04297,TransUnion,694,B,2026-04-20,0,6,2942245.98,0,{}
EV-BUR-C04298,C04298,CreditInfo,622,B,2026-04-24,2,2,2851959.16,4,{}
EV-BUR-C04299,C04299,TransUnion,665,B,2026-04-22,2,7,1920104.32,1,{}
EV-BUR-C04300,C04300,TransUnion,725,A,2026-04-20,2,7,2918524.12,3,{}
EV-BUR-C04301,C04301,CreditInfo,776,A,2026-04-23,2,7,3707556.00,0,{}
EV-BUR-C04302,C04302,Metropol,593,C,2026-04-25,0,2,2605354.51,1,{}
EV-BUR-C04303,C04303,CreditInfo,610,B,2026-04-21,2,6,2864822.55,3,{}
EV-BUR-C04304,C04304,Metropol,776,A,2026-04-25,2,1,3075683.02,1,{}
EV-BUR-C04305,C04305,TransUnion,740,A,2026-04-20,2,1,2028232.45,4,{}
EV-BUR-C04306,C04306,Metropol,599,C,2026-04-24,0,6,1492031.02,3,{}
EV-BUR-C04307,C04307,CreditInfo,580,C,2026-04-25,1,3,2653226.96,0,{}
EV-BUR-C04308,C04308,TransUnion,677,B,2026-04-21,1,7,3432367.30,0,{}
EV-BUR-C04309,C04309,CreditInfo,646,B,2026-04-20,2,6,1254504.56,4,{}
EV-BUR-C04310,C04310,Metropol,646,B,2026-04-26,2,4,373027.91,4,{}
EV-BUR-C04311,C04311,CreditInfo,557,C,2026-04-20,0,5,2696923.68,0,{}
EV-BUR-C04312,C04312,TransUnion,574,C,2026-04-20,0,5,372583.95,3,{}
EV-BUR-C04313,C04313,TransUnion,690,B,2026-04-21,1,7,813573.80,1,{}
EV-BUR-C04314,C04314,Metropol,682,B,2026-04-24,2,2,2412628.21,0,{}
EV-BUR-C04315,C04315,CreditInfo,734,A,2026-04-21,1,5,2884488.21,2,{}
EV-BUR-C04316,C04316,Metropol,616,B,2026-04-25,0,1,3523970.33,4,{}
EV-BUR-C04317,C04317,TransUnion,743,A,2026-04-22,2,2,1046273.68,3,{}
EV-BUR-C04318,C04318,Metropol,698,B,2026-04-21,0,1,747084.95,2,{}
EV-BUR-C04319,C04319,Metropol,645,B,2026-04-26,0,1,2053491.18,3,{}
EV-BUR-C04320,C04320,Metropol,674,B,2026-04-24,0,1,3084619.33,2,{}
EV-BUR-C04321,C04321,Metropol,643,B,2026-04-22,1,4,2027561.81,0,{}
EV-BUR-C04322,C04322,Metropol,755,A,2026-04-25,1,6,1067015.48,0,{}
EV-BUR-C04323,C04323,Metropol,755,A,2026-04-26,2,5,3389649.32,3,{}
EV-BUR-C04324,C04324,Metropol,806,A,2026-04-22,1,7,2677710.71,2,{}
EV-BUR-C04325,C04325,CreditInfo,702,B,2026-04-24,2,3,2135174.17,2,{}
EV-BUR-C04326,C04326,TransUnion,736,A,2026-04-23,0,4,861226.47,2,{}
EV-BUR-C04327,C04327,TransUnion,705,B,2026-04-22,1,4,1507747.70,0,{}
EV-BUR-C04328,C04328,TransUnion,774,A,2026-04-20,1,3,2938072.71,2,{}
EV-BUR-C04329,C04329,TransUnion,738,A,2026-04-26,1,3,2134605.92,3,{}
EV-BUR-C04330,C04330,CreditInfo,811,A,2026-04-26,0,2,2316482.64,4,{}
EV-BUR-C04331,C04331,Metropol,839,A,2026-04-20,1,1,3540732.80,3,{}
EV-BUR-C04332,C04332,Metropol,789,A,2026-04-23,1,7,2421104.57,4,{}
EV-BUR-C04333,C04333,CreditInfo,822,A,2026-04-21,1,2,3722960.52,0,{}
EV-BUR-C04334,C04334,Metropol,708,B,2026-04-20,1,3,3565090.40,1,{}
EV-BUR-C04335,C04335,Metropol,558,C,2026-04-24,1,4,1643185.28,1,{}
EV-BUR-C04336,C04336,TransUnion,558,C,2026-04-23,1,3,3377363.15,1,{}
EV-BUR-C04337,C04337,TransUnion,594,C,2026-04-22,0,4,1990748.69,0,{}
EV-BUR-C04338,C04338,Metropol,832,A,2026-04-24,1,3,536696.57,4,{}
EV-BUR-C04339,C04339,CreditInfo,786,A,2026-04-24,2,6,3062269.70,1,{}
EV-BUR-C04340,C04340,CreditInfo,752,A,2026-04-25,0,6,999005.61,1,{}
EV-BUR-C04341,C04341,Metropol,736,A,2026-04-22,0,2,3511734.53,1,{}
EV-BUR-C04342,C04342,TransUnion,578,C,2026-04-23,2,5,2510553.37,3,{}
EV-BUR-C04343,C04343,CreditInfo,555,C,2026-04-23,1,6,687936.98,1,{}
EV-BUR-C04344,C04344,Metropol,595,C,2026-04-25,2,7,2232823.14,2,{}
EV-BUR-C04345,C04345,CreditInfo,696,B,2026-04-23,2,2,2648698.50,3,{}
EV-BUR-C04346,C04346,CreditInfo,782,A,2026-04-22,2,5,2713560.96,4,{}
EV-BUR-C04347,C04347,Metropol,787,A,2026-04-22,0,4,3269009.07,2,{}
EV-BUR-C04348,C04348,CreditInfo,792,A,2026-04-23,0,4,2629159.40,4,{}
EV-BUR-C04349,C04349,Metropol,704,B,2026-04-23,2,1,668276.27,2,{}
EV-BUR-C04350,C04350,Metropol,730,A,2026-04-26,1,1,3170673.57,0,{}
EV-BUR-C04351,C04351,CreditInfo,454,D,2026-04-26,4,7,288020.79,3,{}
EV-BUR-C04352,C04352,TransUnion,836,A,2026-04-26,2,5,1517238.49,4,{}
EV-BUR-C04353,C04353,CreditInfo,798,A,2026-04-23,0,7,3687621.40,0,{}
EV-BUR-C04354,C04354,TransUnion,647,B,2026-04-22,0,2,206081.22,4,{}
EV-BUR-C04355,C04355,CreditInfo,625,B,2026-04-23,2,1,1054026.90,3,{}
EV-BUR-C04356,C04356,Metropol,678,B,2026-04-20,1,5,1576156.38,3,{}
EV-BUR-C04357,C04357,CreditInfo,818,A,2026-04-20,0,4,333220.47,1,{}
EV-BUR-C04358,C04358,CreditInfo,765,A,2026-04-23,2,7,3969520.97,3,{}
EV-BUR-C04359,C04359,CreditInfo,610,B,2026-04-20,0,6,2857615.78,2,{}
EV-BUR-C04360,C04360,CreditInfo,616,B,2026-04-25,0,2,2519178.94,0,{}
EV-BUR-C04361,C04361,CreditInfo,714,B,2026-04-21,2,2,3275420.72,2,{}
EV-BUR-C04362,C04362,CreditInfo,673,B,2026-04-26,1,2,611506.39,0,{}
EV-BUR-C04363,C04363,TransUnion,722,A,2026-04-22,1,1,3128369.34,2,{}
EV-BUR-C04364,C04364,Metropol,825,A,2026-04-21,2,7,903547.64,0,{}
EV-BUR-C04365,C04365,CreditInfo,787,A,2026-04-22,1,1,1030015.99,0,{}
EV-BUR-C04366,C04366,CreditInfo,849,A,2026-04-21,2,2,401060.28,4,{}
EV-BUR-C04367,C04367,CreditInfo,373,E,2026-04-25,5,2,610228.82,4,{}
EV-BUR-C04368,C04368,TransUnion,711,B,2026-04-25,2,6,2262670.30,1,{}
EV-BUR-C04369,C04369,CreditInfo,620,B,2026-04-22,2,3,1864803.56,4,{}
EV-BUR-C04370,C04370,TransUnion,771,A,2026-04-21,2,3,3944983.33,3,{}
EV-BUR-C04371,C04371,Metropol,556,C,2026-04-21,0,4,1741832.89,4,{}
EV-BUR-C04372,C04372,TransUnion,464,D,2026-04-24,6,1,2145034.43,4,{}
EV-BUR-C04373,C04373,CreditInfo,663,B,2026-04-20,0,3,3215158.80,2,{}
EV-BUR-C04374,C04374,Metropol,736,A,2026-04-21,1,1,3248737.24,3,{}
EV-BUR-C04375,C04375,TransUnion,758,A,2026-04-21,0,5,3422325.09,2,{}
EV-BUR-C04376,C04376,Metropol,790,A,2026-04-25,2,7,2454893.01,4,{}
EV-BUR-C04377,C04377,CreditInfo,823,A,2026-04-20,1,4,1456672.39,3,{}
EV-BUR-C04378,C04378,CreditInfo,822,A,2026-04-23,1,4,2552950.83,1,{}
EV-BUR-C04379,C04379,TransUnion,622,B,2026-04-21,0,1,3562212.79,3,{}
EV-BUR-C04380,C04380,CreditInfo,324,E,2026-04-23,6,3,1515948.53,4,{}
EV-BUR-C04381,C04381,Metropol,839,A,2026-04-23,2,4,796883.65,4,{}
EV-BUR-C04382,C04382,TransUnion,846,A,2026-04-20,1,3,2960628.14,3,{}
EV-BUR-C04383,C04383,Metropol,638,B,2026-04-23,1,6,352607.96,1,{}
EV-BUR-C04384,C04384,CreditInfo,600,B,2026-04-26,2,7,1578386.85,2,{}
EV-BUR-C04385,C04385,CreditInfo,831,A,2026-04-24,0,7,1139674.41,4,{}
EV-BUR-C04386,C04386,Metropol,582,C,2026-04-21,0,4,657115.05,2,{}
EV-BUR-C04387,C04387,CreditInfo,558,C,2026-04-21,0,7,681815.97,4,{}
EV-BUR-C04388,C04388,CreditInfo,705,B,2026-04-20,1,1,3409840.84,4,{}
EV-BUR-C04389,C04389,Metropol,665,B,2026-04-25,0,7,2067685.76,1,{}
EV-BUR-C04390,C04390,TransUnion,668,B,2026-04-25,0,1,2799047.13,1,{}
EV-BUR-C04391,C04391,CreditInfo,559,C,2026-04-21,0,3,1009984.75,1,{}
EV-BUR-C04392,C04392,Metropol,575,C,2026-04-26,1,2,1780836.31,3,{}
EV-BUR-C04393,C04393,CreditInfo,544,C,2026-04-24,1,1,497708.15,3,{}
EV-BUR-C04394,C04394,TransUnion,770,A,2026-04-21,2,7,3890024.63,2,{}
EV-BUR-C04395,C04395,TransUnion,829,A,2026-04-25,0,2,2034176.56,4,{}
EV-BUR-C04396,C04396,TransUnion,651,B,2026-04-21,0,3,2341809.43,2,{}
EV-BUR-C04397,C04397,CreditInfo,553,C,2026-04-24,1,1,2167549.05,2,{}
EV-BUR-C04398,C04398,Metropol,560,C,2026-04-25,1,2,1925859.13,4,{}
EV-BUR-C04399,C04399,Metropol,622,B,2026-04-23,1,5,3065244.55,0,{}
EV-BUR-C04400,C04400,CreditInfo,840,A,2026-04-21,1,4,2179359.29,1,{}
EV-BUR-C04401,C04401,TransUnion,755,A,2026-04-25,2,7,779802.16,4,{}
EV-BUR-C04402,C04402,Metropol,774,A,2026-04-21,1,7,3624439.76,1,{}
EV-BUR-C04403,C04403,Metropol,585,C,2026-04-25,1,1,318316.55,3,{}
EV-BUR-C04404,C04404,Metropol,775,A,2026-04-22,0,1,2022418.37,4,{}
EV-BUR-C04405,C04405,TransUnion,624,B,2026-04-21,1,7,3233317.91,2,{}
EV-BUR-C04406,C04406,TransUnion,505,C,2026-04-24,3,2,2224004.93,4,{}
EV-BUR-C04407,C04407,CreditInfo,506,C,2026-04-26,3,6,2029357.03,0,{}
EV-BUR-C04408,C04408,TransUnion,642,B,2026-04-22,0,6,154772.28,4,{}
EV-BUR-C04409,C04409,CreditInfo,729,A,2026-04-23,2,7,2205405.40,2,{}
EV-BUR-C04410,C04410,Metropol,668,B,2026-04-24,2,5,1963112.71,4,{}
EV-BUR-C04411,C04411,Metropol,601,B,2026-04-23,1,1,2173982.98,4,{}
EV-BUR-C04412,C04412,CreditInfo,594,C,2026-04-24,1,2,2020537.07,1,{}
EV-BUR-C04413,C04413,CreditInfo,772,A,2026-04-20,1,2,557863.65,4,{}
EV-BUR-C04414,C04414,TransUnion,752,A,2026-04-23,0,4,309382.85,4,{}
EV-BUR-C04415,C04415,CreditInfo,771,A,2026-04-22,2,4,1902534.88,3,{}
EV-BUR-C04416,C04416,Metropol,762,A,2026-04-25,0,5,2948094.26,1,{}
EV-BUR-C04417,C04417,TransUnion,796,A,2026-04-22,0,7,561840.86,3,{}
EV-BUR-C04418,C04418,TransUnion,719,B,2026-04-26,2,3,2970574.45,3,{}
EV-BUR-C04419,C04419,CreditInfo,736,A,2026-04-21,1,2,2553055.07,4,{}
EV-BUR-C04420,C04420,Metropol,641,B,2026-04-22,1,4,3862271.08,3,{}
EV-BUR-C04421,C04421,TransUnion,840,A,2026-04-23,2,7,1687906.18,1,{}
EV-BUR-C04422,C04422,CreditInfo,425,D,2026-04-23,5,6,2886493.65,1,{}
EV-BUR-C04423,C04423,CreditInfo,604,B,2026-04-24,0,7,2937890.36,1,{}
EV-BUR-C04424,C04424,Metropol,608,B,2026-04-24,0,2,3989537.20,0,{}
EV-BUR-C04425,C04425,Metropol,761,A,2026-04-20,2,4,1261689.86,4,{}
EV-BUR-C04426,C04426,TransUnion,726,A,2026-04-22,0,2,2453523.41,1,{}
EV-BUR-C04427,C04427,Metropol,776,A,2026-04-20,1,3,2414118.29,2,{}
EV-BUR-C04428,C04428,TransUnion,564,C,2026-04-24,0,7,2033547.27,4,{}
EV-BUR-C04429,C04429,CreditInfo,593,C,2026-04-20,0,2,1126342.67,3,{}
EV-BUR-C04430,C04430,TransUnion,585,C,2026-04-24,0,6,3194048.56,4,{}
EV-BUR-C04431,C04431,TransUnion,742,A,2026-04-26,1,4,3084193.55,0,{}
EV-BUR-C04432,C04432,Metropol,475,D,2026-04-26,6,2,841450.56,1,{}
EV-BUR-C04433,C04433,TransUnion,598,C,2026-04-23,0,4,1293565.22,0,{}
EV-BUR-C04434,C04434,Metropol,771,A,2026-04-21,0,5,3746933.38,0,{}
EV-BUR-C04435,C04435,CreditInfo,815,A,2026-04-20,1,7,1481011.94,3,{}
EV-BUR-C04436,C04436,Metropol,686,B,2026-04-22,2,5,2176841.34,3,{}
EV-BUR-C04437,C04437,Metropol,722,A,2026-04-25,0,2,2985450.25,4,{}
EV-BUR-C04438,C04438,TransUnion,842,A,2026-04-20,2,3,2945796.92,0,{}
EV-BUR-C04439,C04439,CreditInfo,700,B,2026-04-20,0,5,3813039.98,4,{}
EV-BUR-C04440,C04440,TransUnion,590,C,2026-04-20,2,6,1609273.81,1,{}
EV-BUR-C04441,C04441,Metropol,807,A,2026-04-25,2,7,191477.18,3,{}
EV-BUR-C04442,C04442,TransUnion,717,B,2026-04-25,0,4,2029656.09,2,{}
EV-BUR-C04443,C04443,TransUnion,682,B,2026-04-26,2,6,3387202.16,4,{}
EV-BUR-C04444,C04444,CreditInfo,603,B,2026-04-22,1,2,2634564.45,3,{}
EV-BUR-C04445,C04445,TransUnion,607,B,2026-04-26,1,7,2755714.02,2,{}
EV-BUR-C04446,C04446,TransUnion,676,B,2026-04-24,1,6,3302067.55,3,{}
EV-BUR-C04447,C04447,Metropol,757,A,2026-04-24,2,1,3764504.44,3,{}
EV-BUR-C04448,C04448,TransUnion,312,E,2026-04-25,5,7,441218.05,0,{}
EV-BUR-C04449,C04449,Metropol,775,A,2026-04-22,1,6,3601811.74,3,{}
EV-BUR-C04450,C04450,CreditInfo,711,B,2026-04-25,0,4,3764975.07,0,{}
EV-BUR-C04451,C04451,CreditInfo,650,B,2026-04-23,0,3,1503189.89,3,{}
EV-BUR-C04452,C04452,Metropol,549,C,2026-04-20,1,5,486928.92,3,{}
EV-BUR-C04453,C04453,TransUnion,791,A,2026-04-25,2,6,638089.56,2,{}
EV-BUR-C04454,C04454,CreditInfo,695,B,2026-04-20,0,2,3526225.03,0,{}
EV-BUR-C04455,C04455,CreditInfo,620,B,2026-04-26,0,7,3687354.82,4,{}
EV-BUR-C04456,C04456,TransUnion,719,B,2026-04-25,0,4,1919677.19,0,{}
EV-BUR-C04457,C04457,Metropol,682,B,2026-04-22,2,6,3077162.85,2,{}
EV-BUR-C04458,C04458,CreditInfo,657,B,2026-04-24,1,7,2486229.45,2,{}
EV-BUR-C04459,C04459,CreditInfo,739,A,2026-04-24,1,7,2714665.21,1,{}
EV-BUR-C04460,C04460,CreditInfo,802,A,2026-04-22,0,5,274947.90,4,{}
EV-BUR-C04461,C04461,TransUnion,843,A,2026-04-20,0,7,3612450.37,2,{}
EV-BUR-C04462,C04462,Metropol,742,A,2026-04-25,1,2,2325519.25,0,{}
EV-BUR-C04463,C04463,TransUnion,770,A,2026-04-20,1,5,2644399.43,3,{}
EV-BUR-C04464,C04464,Metropol,800,A,2026-04-21,0,6,96764.43,2,{}
EV-BUR-C04465,C04465,TransUnion,781,A,2026-04-24,0,3,2084264.07,4,{}
EV-BUR-C04466,C04466,TransUnion,747,A,2026-04-26,0,7,1879001.09,1,{}
EV-BUR-C04467,C04467,CreditInfo,592,C,2026-04-21,1,7,1771328.00,3,{}
EV-BUR-C04468,C04468,Metropol,779,A,2026-04-24,1,7,1640962.81,4,{}
EV-BUR-C04469,C04469,CreditInfo,623,B,2026-04-24,1,4,2785171.69,0,{}
EV-BUR-C04470,C04470,Metropol,599,C,2026-04-21,0,6,3186276.49,2,{}
EV-BUR-C04471,C04471,Metropol,778,A,2026-04-21,0,1,322250.41,4,{}
EV-BUR-C04472,C04472,CreditInfo,727,A,2026-04-22,0,3,711020.50,1,{}
EV-BUR-C04473,C04473,CreditInfo,569,C,2026-04-23,2,5,662977.37,4,{}
EV-BUR-C04474,C04474,TransUnion,663,B,2026-04-20,1,6,1168395.62,3,{}
EV-BUR-C04475,C04475,Metropol,600,B,2026-04-26,0,4,3826273.15,4,{}
EV-BUR-C04476,C04476,CreditInfo,829,A,2026-04-20,0,7,891369.00,1,{}
EV-BUR-C04477,C04477,TransUnion,638,B,2026-04-24,0,4,3801823.31,3,{}
EV-BUR-C04478,C04478,Metropol,643,B,2026-04-20,2,1,598874.25,3,{}
EV-BUR-C04479,C04479,TransUnion,588,C,2026-04-26,1,6,2733427.38,4,{}
EV-BUR-C04480,C04480,CreditInfo,760,A,2026-04-22,1,7,1100775.45,3,{}
EV-BUR-C04481,C04481,Metropol,721,A,2026-04-24,1,4,3998479.16,1,{}
EV-BUR-C04482,C04482,TransUnion,687,B,2026-04-24,2,5,3150580.88,2,{}
EV-BUR-C04483,C04483,TransUnion,731,A,2026-04-22,2,4,3962121.96,1,{}
EV-BUR-C04484,C04484,Metropol,632,B,2026-04-24,2,3,2282715.19,1,{}
EV-BUR-C04485,C04485,TransUnion,509,C,2026-04-24,4,7,3234012.54,3,{}
EV-BUR-C04486,C04486,Metropol,758,A,2026-04-24,0,3,1891016.30,4,{}
EV-BUR-C04487,C04487,CreditInfo,657,B,2026-04-25,2,5,902486.64,0,{}
EV-BUR-C04488,C04488,Metropol,627,B,2026-04-26,1,3,988358.01,2,{}
EV-BUR-C04489,C04489,TransUnion,509,C,2026-04-20,6,2,1838735.01,0,{}
EV-BUR-C04490,C04490,Metropol,550,C,2026-04-23,2,6,3144637.10,4,{}
EV-BUR-C04491,C04491,CreditInfo,766,A,2026-04-25,1,4,3435204.11,2,{}
EV-BUR-C04492,C04492,TransUnion,801,A,2026-04-25,0,4,2721464.61,0,{}
EV-BUR-C04493,C04493,TransUnion,833,A,2026-04-23,2,5,487792.54,0,{}
EV-BUR-C04494,C04494,CreditInfo,794,A,2026-04-22,0,1,821927.65,0,{}
EV-BUR-C04495,C04495,CreditInfo,459,D,2026-04-21,4,6,761761.93,4,{}
EV-BUR-C04496,C04496,TransUnion,682,B,2026-04-21,0,2,1947915.13,1,{}
EV-BUR-C04497,C04497,Metropol,650,B,2026-04-26,0,3,1383988.27,1,{}
EV-BUR-C04498,C04498,Metropol,719,B,2026-04-25,1,7,1198954.90,3,{}
EV-BUR-C04499,C04499,Metropol,617,B,2026-04-21,0,2,3789415.94,4,{}
EV-BUR-C04500,C04500,CreditInfo,621,B,2026-04-21,0,3,888055.81,2,{}
EV-BUR-C04501,C04501,TransUnion,788,A,2026-04-25,2,6,2019273.34,1,{}
EV-BUR-C04502,C04502,CreditInfo,626,B,2026-04-20,0,6,1084892.52,0,{}
EV-BUR-C04503,C04503,CreditInfo,622,B,2026-04-26,0,4,3375131.67,2,{}
EV-BUR-C04504,C04504,Metropol,597,C,2026-04-20,2,4,1920945.62,3,{}
EV-BUR-C04505,C04505,CreditInfo,784,A,2026-04-24,1,3,3209365.78,4,{}
EV-BUR-C04506,C04506,CreditInfo,633,B,2026-04-24,0,5,253516.13,3,{}
EV-BUR-C04507,C04507,CreditInfo,716,B,2026-04-24,2,5,1530042.16,0,{}
EV-BUR-C04508,C04508,CreditInfo,702,B,2026-04-23,1,7,2074051.92,1,{}
EV-BUR-C04509,C04509,Metropol,764,A,2026-04-26,1,7,2971311.40,0,{}
EV-BUR-C04510,C04510,TransUnion,657,B,2026-04-26,1,7,2875171.05,4,{}
EV-BUR-C04511,C04511,TransUnion,707,B,2026-04-23,1,5,3062891.26,0,{}
EV-BUR-C04512,C04512,TransUnion,668,B,2026-04-21,2,2,3646379.34,4,{}
EV-BUR-C04513,C04513,CreditInfo,811,A,2026-04-23,1,5,2997293.08,0,{}
EV-BUR-C04514,C04514,TransUnion,688,B,2026-04-26,0,3,1281038.18,4,{}
EV-BUR-C04515,C04515,CreditInfo,675,B,2026-04-23,1,7,3625076.35,1,{}
EV-BUR-C04516,C04516,Metropol,675,B,2026-04-21,2,1,2253711.52,2,{}
EV-BUR-C04517,C04517,Metropol,830,A,2026-04-26,0,4,1436094.27,2,{}
EV-BUR-C04518,C04518,CreditInfo,633,B,2026-04-20,1,6,3805318.91,1,{}
EV-BUR-C04519,C04519,Metropol,733,A,2026-04-25,2,3,895152.63,0,{}
EV-BUR-C04520,C04520,Metropol,724,A,2026-04-24,1,5,1785248.64,1,{}
EV-BUR-C04521,C04521,Metropol,639,B,2026-04-26,1,3,3745282.14,0,{}
EV-BUR-C04522,C04522,TransUnion,837,A,2026-04-21,1,1,2722654.94,0,{}
EV-BUR-C04523,C04523,Metropol,763,A,2026-04-23,1,6,3811486.50,3,{}
EV-BUR-C04524,C04524,TransUnion,556,C,2026-04-23,2,6,2346699.51,2,{}
EV-BUR-C04525,C04525,Metropol,748,A,2026-04-22,2,1,581233.70,2,{}
EV-BUR-C04526,C04526,CreditInfo,693,B,2026-04-24,2,7,1456303.54,1,{}
EV-BUR-C04527,C04527,Metropol,396,E,2026-04-21,6,5,2029276.34,4,{}
EV-BUR-C04528,C04528,CreditInfo,754,A,2026-04-21,1,5,2286509.73,2,{}
EV-BUR-C04529,C04529,TransUnion,556,C,2026-04-26,0,3,1996679.71,2,{}
EV-BUR-C04530,C04530,Metropol,593,C,2026-04-24,0,1,3159481.38,1,{}
EV-BUR-C04531,C04531,Metropol,701,B,2026-04-25,2,4,3118275.04,3,{}
EV-BUR-C04532,C04532,TransUnion,610,B,2026-04-24,1,2,2404113.64,4,{}
EV-BUR-C04533,C04533,Metropol,738,A,2026-04-23,1,4,1969214.54,2,{}
EV-BUR-C04534,C04534,TransUnion,676,B,2026-04-26,2,5,1211539.21,3,{}
EV-BUR-C04535,C04535,CreditInfo,720,A,2026-04-23,1,6,2573038.62,0,{}
EV-BUR-C04536,C04536,TransUnion,686,B,2026-04-26,2,5,224971.02,0,{}
EV-BUR-C04537,C04537,TransUnion,564,C,2026-04-24,1,7,3043239.15,4,{}
EV-BUR-C04538,C04538,CreditInfo,816,A,2026-04-26,0,5,2924759.92,4,{}
EV-BUR-C04539,C04539,TransUnion,765,A,2026-04-20,0,1,3197496.13,4,{}
EV-BUR-C04540,C04540,Metropol,698,B,2026-04-26,0,5,542995.70,1,{}
EV-BUR-C04541,C04541,CreditInfo,819,A,2026-04-22,0,5,483293.73,4,{}
EV-BUR-C04542,C04542,CreditInfo,767,A,2026-04-20,2,6,2269327.01,3,{}
EV-BUR-C04543,C04543,CreditInfo,733,A,2026-04-26,0,5,1498466.79,4,{}
EV-BUR-C04544,C04544,Metropol,802,A,2026-04-25,0,7,143756.27,4,{}
EV-BUR-C04545,C04545,Metropol,791,A,2026-04-24,2,6,65273.71,2,{}
EV-BUR-C04546,C04546,Metropol,789,A,2026-04-26,1,2,2658250.82,1,{}
EV-BUR-C04547,C04547,Metropol,559,C,2026-04-20,2,6,3192574.46,2,{}
EV-BUR-C04548,C04548,Metropol,802,A,2026-04-21,1,3,3866976.93,2,{}
EV-BUR-C04549,C04549,CreditInfo,708,B,2026-04-25,2,6,1992950.70,0,{}
EV-BUR-C04550,C04550,Metropol,362,E,2026-04-24,3,3,2638089.53,4,{}
EV-BUR-C04551,C04551,CreditInfo,749,A,2026-04-20,1,6,1707757.19,1,{}
EV-BUR-C04552,C04552,TransUnion,814,A,2026-04-25,0,1,506797.01,3,{}
EV-BUR-C04553,C04553,CreditInfo,564,C,2026-04-25,2,4,812850.67,2,{}
EV-BUR-C04554,C04554,Metropol,549,C,2026-04-21,0,5,3231965.89,2,{}
EV-BUR-C04555,C04555,Metropol,635,B,2026-04-22,0,4,3407593.84,0,{}
EV-BUR-C04556,C04556,TransUnion,452,D,2026-04-26,7,5,722403.33,4,{}
EV-BUR-C04557,C04557,Metropol,694,B,2026-04-21,2,5,530976.04,0,{}
EV-BUR-C04558,C04558,CreditInfo,607,B,2026-04-24,1,2,1681407.76,2,{}
EV-BUR-C04559,C04559,CreditInfo,572,C,2026-04-21,2,2,2946696.70,3,{}
EV-BUR-C04560,C04560,TransUnion,595,C,2026-04-26,0,4,1108530.03,4,{}
EV-BUR-C04561,C04561,TransUnion,602,B,2026-04-24,2,1,1524523.16,1,{}
EV-BUR-C04562,C04562,Metropol,849,A,2026-04-22,1,5,2230614.38,3,{}
EV-BUR-C04563,C04563,Metropol,600,B,2026-04-23,1,7,2322321.13,2,{}
EV-BUR-C04564,C04564,Metropol,641,B,2026-04-24,2,2,328330.06,3,{}
EV-BUR-C04565,C04565,Metropol,615,B,2026-04-25,1,2,3246134.69,3,{}
EV-BUR-C04566,C04566,Metropol,736,A,2026-04-25,2,2,3143704.25,1,{}
EV-BUR-C04567,C04567,TransUnion,811,A,2026-04-24,1,3,256340.46,3,{}
EV-BUR-C04568,C04568,TransUnion,590,C,2026-04-26,0,1,2281312.12,1,{}
EV-BUR-C04569,C04569,CreditInfo,600,B,2026-04-20,0,1,804873.53,0,{}
EV-BUR-C04570,C04570,CreditInfo,308,E,2026-04-25,9,5,2295755.16,4,{}
EV-BUR-C04571,C04571,TransUnion,648,B,2026-04-26,1,7,1536264.46,1,{}
EV-BUR-C04572,C04572,TransUnion,803,A,2026-04-22,1,1,662697.98,1,{}
EV-BUR-C04573,C04573,Metropol,742,A,2026-04-20,1,1,1780706.56,2,{}
EV-BUR-C04574,C04574,Metropol,674,B,2026-04-22,0,2,3270802.96,0,{}
EV-BUR-C04575,C04575,Metropol,678,B,2026-04-24,2,2,2719673.11,1,{}
EV-BUR-C04576,C04576,TransUnion,650,B,2026-04-22,0,5,2541997.96,3,{}
EV-BUR-C04577,C04577,Metropol,841,A,2026-04-24,1,3,2987513.40,1,{}
EV-BUR-C04578,C04578,Metropol,789,A,2026-04-22,0,2,1500468.65,1,{}
EV-BUR-C04579,C04579,CreditInfo,701,B,2026-04-25,2,4,3224507.57,1,{}
EV-BUR-C04580,C04580,TransUnion,591,C,2026-04-24,0,5,162661.44,1,{}
EV-BUR-C04581,C04581,Metropol,770,A,2026-04-24,0,1,99766.17,4,{}
EV-BUR-C04582,C04582,CreditInfo,542,C,2026-04-25,2,3,3137279.59,1,{}
EV-BUR-C04583,C04583,Metropol,781,A,2026-04-23,0,6,734769.51,1,{}
EV-BUR-C04584,C04584,CreditInfo,582,C,2026-04-26,0,6,2680154.01,0,{}
EV-BUR-C04585,C04585,Metropol,562,C,2026-04-21,2,3,3255151.02,1,{}
EV-BUR-C04586,C04586,Metropol,737,A,2026-04-24,0,4,1753118.44,2,{}
EV-BUR-C04587,C04587,Metropol,490,D,2026-04-26,6,6,1009640.64,2,{}
EV-BUR-C04588,C04588,CreditInfo,796,A,2026-04-25,0,3,3815264.37,4,{}
EV-BUR-C04589,C04589,CreditInfo,820,A,2026-04-21,2,1,3651934.64,4,{}
EV-BUR-C04590,C04590,TransUnion,819,A,2026-04-21,2,4,1426770.29,1,{}
EV-BUR-C04591,C04591,Metropol,758,A,2026-04-26,0,2,2894603.12,4,{}
EV-BUR-C04592,C04592,Metropol,579,C,2026-04-24,0,2,1312231.25,0,{}
EV-BUR-C04593,C04593,TransUnion,337,E,2026-04-25,9,3,327525.23,0,{}
EV-BUR-C04594,C04594,CreditInfo,734,A,2026-04-24,0,2,1839797.62,3,{}
EV-BUR-C04595,C04595,CreditInfo,812,A,2026-04-20,0,7,1155345.01,4,{}
EV-BUR-C04596,C04596,Metropol,819,A,2026-04-26,2,5,2297948.37,2,{}
EV-BUR-C04597,C04597,Metropol,780,A,2026-04-20,2,2,3311312.57,4,{}
EV-BUR-C04598,C04598,CreditInfo,631,B,2026-04-24,1,2,2714199.71,0,{}
EV-BUR-C04599,C04599,CreditInfo,628,B,2026-04-25,1,1,2776800.21,2,{}
EV-BUR-C04600,C04600,TransUnion,607,B,2026-04-26,0,1,1739066.17,2,{}
EV-BUR-C04601,C04601,TransUnion,578,C,2026-04-25,0,2,1944486.75,3,{}
EV-BUR-C04602,C04602,Metropol,545,C,2026-04-21,1,6,2388846.27,3,{}
EV-BUR-C04603,C04603,Metropol,766,A,2026-04-26,2,2,1908946.82,1,{}
EV-BUR-C04604,C04604,Metropol,487,D,2026-04-22,3,5,1492265.73,0,{}
EV-BUR-C04605,C04605,Metropol,578,C,2026-04-23,1,4,1963185.78,0,{}
EV-BUR-C04606,C04606,CreditInfo,581,C,2026-04-22,1,7,1636584.03,2,{}
EV-BUR-C04607,C04607,CreditInfo,614,B,2026-04-23,0,5,2667767.13,0,{}
EV-BUR-C04608,C04608,Metropol,665,B,2026-04-22,1,2,1688929.93,2,{}
EV-BUR-C04609,C04609,CreditInfo,762,A,2026-04-26,1,4,478224.06,4,{}
EV-BUR-C04610,C04610,TransUnion,698,B,2026-04-24,0,3,1830941.82,4,{}
EV-BUR-C04611,C04611,CreditInfo,636,B,2026-04-25,0,3,2192715.37,1,{}
EV-BUR-C04612,C04612,CreditInfo,823,A,2026-04-25,1,7,94314.33,3,{}
EV-BUR-C04613,C04613,Metropol,839,A,2026-04-21,2,4,3683261.26,3,{}
EV-BUR-C04614,C04614,TransUnion,573,C,2026-04-24,2,4,1407669.55,3,{}
EV-BUR-C04615,C04615,TransUnion,800,A,2026-04-26,0,6,2227075.75,0,{}
EV-BUR-C04616,C04616,Metropol,644,B,2026-04-24,1,5,3695034.39,4,{}
EV-BUR-C04617,C04617,TransUnion,845,A,2026-04-22,1,3,1234542.60,4,{}
EV-BUR-C04618,C04618,TransUnion,800,A,2026-04-23,2,3,2459500.73,0,{}
EV-BUR-C04619,C04619,TransUnion,549,C,2026-04-26,2,3,3261438.65,0,{}
EV-BUR-C04620,C04620,TransUnion,805,A,2026-04-24,2,5,1372960.27,3,{}
EV-BUR-C04621,C04621,Metropol,719,B,2026-04-21,0,5,725901.94,2,{}
EV-BUR-C04622,C04622,TransUnion,309,E,2026-04-25,7,6,1199751.13,0,{}
EV-BUR-C04623,C04623,TransUnion,705,B,2026-04-21,0,1,3509337.92,2,{}
EV-BUR-C04624,C04624,CreditInfo,328,E,2026-04-23,7,7,1222020.01,3,{}
EV-BUR-C04625,C04625,CreditInfo,832,A,2026-04-20,2,1,1248304.43,1,{}
EV-BUR-C04626,C04626,CreditInfo,769,A,2026-04-26,1,5,607816.14,2,{}
EV-BUR-C04627,C04627,Metropol,310,E,2026-04-25,9,6,1341853.60,4,{}
EV-BUR-C04628,C04628,Metropol,640,B,2026-04-24,1,3,3317448.41,0,{}
EV-BUR-C04629,C04629,TransUnion,602,B,2026-04-21,0,1,633649.71,4,{}
EV-BUR-C04630,C04630,TransUnion,624,B,2026-04-20,0,6,577123.25,3,{}
EV-BUR-C04631,C04631,TransUnion,580,C,2026-04-23,0,2,1431231.65,4,{}
EV-BUR-C04632,C04632,Metropol,546,C,2026-04-20,1,7,1600374.20,0,{}
EV-BUR-C04633,C04633,Metropol,595,C,2026-04-23,0,5,2035618.75,4,{}
EV-BUR-C04634,C04634,Metropol,425,D,2026-04-26,6,7,3001631.06,1,{}
EV-BUR-C04635,C04635,CreditInfo,546,C,2026-04-25,1,7,2506549.59,2,{}
EV-BUR-C04636,C04636,TransUnion,621,B,2026-04-26,1,6,2870754.96,0,{}
EV-BUR-C04637,C04637,CreditInfo,649,B,2026-04-24,0,1,2211122.70,3,{}
EV-BUR-C04638,C04638,TransUnion,799,A,2026-04-26,1,4,3534861.32,1,{}
EV-BUR-C04639,C04639,CreditInfo,786,A,2026-04-23,1,2,1333017.19,1,{}
EV-BUR-C04640,C04640,CreditInfo,694,B,2026-04-24,0,7,3744580.69,0,{}
EV-BUR-C04641,C04641,Metropol,550,C,2026-04-21,2,1,2928415.24,2,{}
EV-BUR-C04642,C04642,TransUnion,810,A,2026-04-20,0,4,3903503.32,0,{}
EV-BUR-C04643,C04643,CreditInfo,705,B,2026-04-22,1,7,1714656.25,0,{}
EV-BUR-C04644,C04644,Metropol,640,B,2026-04-22,1,2,2377279.13,0,{}
EV-BUR-C04645,C04645,CreditInfo,548,C,2026-04-24,2,2,1612103.77,1,{}
EV-BUR-C04646,C04646,Metropol,542,C,2026-04-25,1,3,1260920.95,1,{}
EV-BUR-C04647,C04647,Metropol,745,A,2026-04-25,1,5,3258463.37,4,{}
EV-BUR-C04648,C04648,CreditInfo,723,A,2026-04-22,2,6,1767172.06,2,{}
EV-BUR-C04649,C04649,Metropol,799,A,2026-04-23,2,2,238346.13,4,{}
EV-BUR-C04650,C04650,Metropol,573,C,2026-04-25,0,5,476456.86,4,{}
EV-BUR-C04651,C04651,Metropol,608,B,2026-04-23,0,5,1725987.78,0,{}
EV-BUR-C04652,C04652,TransUnion,626,B,2026-04-22,0,6,3099574.85,2,{}
EV-BUR-C04653,C04653,Metropol,398,E,2026-04-22,9,5,1579181.34,1,{}
EV-BUR-C04654,C04654,CreditInfo,631,B,2026-04-21,2,2,2496345.80,2,{}
EV-BUR-C04655,C04655,Metropol,635,B,2026-04-20,1,7,270803.54,2,{}
EV-BUR-C04656,C04656,Metropol,560,C,2026-04-24,1,3,3400832.41,1,{}
EV-BUR-C04657,C04657,TransUnion,813,A,2026-04-26,2,4,3137549.03,3,{}
EV-BUR-C04658,C04658,TransUnion,601,B,2026-04-24,0,6,2932673.77,4,{}
EV-BUR-C04659,C04659,TransUnion,695,B,2026-04-23,0,4,51740.58,1,{}
EV-BUR-C04660,C04660,CreditInfo,675,B,2026-04-26,1,6,1166711.39,4,{}
EV-BUR-C04661,C04661,TransUnion,806,A,2026-04-23,0,2,655510.41,2,{}
EV-BUR-C04662,C04662,Metropol,635,B,2026-04-26,0,1,3437181.82,2,{}
EV-BUR-C04663,C04663,Metropol,809,A,2026-04-21,0,2,1482112.21,1,{}
EV-BUR-C04664,C04664,TransUnion,613,B,2026-04-22,1,1,3942342.72,1,{}
EV-BUR-C04665,C04665,TransUnion,787,A,2026-04-25,2,2,2772132.99,3,{}
EV-BUR-C04666,C04666,TransUnion,641,B,2026-04-20,2,5,1324076.51,3,{}
EV-BUR-C04667,C04667,CreditInfo,625,B,2026-04-26,0,3,2575097.59,0,{}
EV-BUR-C04668,C04668,CreditInfo,764,A,2026-04-20,2,1,2574416.42,3,{}
EV-BUR-C04669,C04669,Metropol,663,B,2026-04-25,2,7,1474922.55,0,{}
EV-BUR-C04670,C04670,CreditInfo,619,B,2026-04-25,2,3,3787212.65,3,{}
EV-BUR-C04671,C04671,CreditInfo,708,B,2026-04-24,2,1,196699.83,1,{}
EV-BUR-C04672,C04672,TransUnion,428,D,2026-04-20,9,5,2479027.02,0,{}
EV-BUR-C04673,C04673,Metropol,798,A,2026-04-20,1,1,201543.03,1,{}
EV-BUR-C04674,C04674,TransUnion,610,B,2026-04-23,0,5,2388883.15,4,{}
EV-BUR-C04675,C04675,Metropol,834,A,2026-04-23,2,3,1364674.73,1,{}
EV-BUR-C04676,C04676,TransUnion,552,C,2026-04-21,0,7,94179.57,0,{}
EV-BUR-C04677,C04677,CreditInfo,742,A,2026-04-21,2,2,450120.38,4,{}
EV-BUR-C04678,C04678,TransUnion,832,A,2026-04-20,2,1,2451992.27,0,{}
EV-BUR-C04679,C04679,TransUnion,763,A,2026-04-23,0,2,1416284.52,0,{}
EV-BUR-C04680,C04680,TransUnion,744,A,2026-04-20,1,3,3431984.65,4,{}
EV-BUR-C04681,C04681,CreditInfo,740,A,2026-04-21,1,7,453326.24,0,{}
EV-BUR-C04682,C04682,TransUnion,602,B,2026-04-25,0,3,2453658.39,0,{}
EV-BUR-C04683,C04683,CreditInfo,542,C,2026-04-20,1,1,3839762.64,3,{}
EV-BUR-C04684,C04684,CreditInfo,800,A,2026-04-26,2,5,3889384.78,0,{}
EV-BUR-C04685,C04685,CreditInfo,567,C,2026-04-20,0,1,3506901.91,3,{}
EV-BUR-C04686,C04686,Metropol,790,A,2026-04-24,1,5,2999686.87,3,{}
EV-BUR-C04687,C04687,Metropol,284,E,2026-04-24,5,2,857055.07,1,{}
EV-BUR-C04688,C04688,Metropol,605,B,2026-04-24,0,4,1955453.87,0,{}
EV-BUR-C04689,C04689,Metropol,797,A,2026-04-25,2,1,1713320.84,0,{}
EV-BUR-C04690,C04690,CreditInfo,835,A,2026-04-22,2,6,1472427.64,4,{}
EV-BUR-C04691,C04691,TransUnion,673,B,2026-04-22,1,4,1959704.14,1,{}
EV-BUR-C04692,C04692,CreditInfo,824,A,2026-04-24,2,3,1572276.29,1,{}
EV-BUR-C04693,C04693,CreditInfo,775,A,2026-04-21,0,4,1401291.86,3,{}
EV-BUR-C04694,C04694,TransUnion,512,C,2026-04-22,6,3,3567283.13,3,{}
EV-BUR-C04695,C04695,CreditInfo,688,B,2026-04-21,0,1,2992762.05,4,{}
EV-BUR-C04696,C04696,Metropol,791,A,2026-04-24,0,3,3308996.04,1,{}
EV-BUR-C04697,C04697,CreditInfo,619,B,2026-04-21,2,6,269673.62,1,{}
EV-BUR-C04698,C04698,TransUnion,605,B,2026-04-26,1,1,1935002.97,0,{}
EV-BUR-C04699,C04699,Metropol,843,A,2026-04-20,1,3,55958.76,0,{}
EV-BUR-C04700,C04700,Metropol,787,A,2026-04-26,1,3,821610.26,3,{}
EV-BUR-C04701,C04701,Metropol,588,C,2026-04-25,2,6,2499731.02,3,{}
EV-BUR-C04702,C04702,Metropol,563,C,2026-04-22,1,5,1465308.32,2,{}
EV-BUR-C04703,C04703,Metropol,839,A,2026-04-26,2,4,2217250.17,1,{}
EV-BUR-C04704,C04704,Metropol,617,B,2026-04-25,0,7,1061049.61,3,{}
EV-BUR-C04705,C04705,CreditInfo,829,A,2026-04-26,1,5,1821761.35,3,{}
EV-BUR-C04706,C04706,CreditInfo,656,B,2026-04-25,2,4,769387.72,2,{}
EV-BUR-C04707,C04707,TransUnion,297,E,2026-04-22,7,7,3391125.99,1,{}
EV-BUR-C04708,C04708,Metropol,665,B,2026-04-20,1,6,3215293.06,4,{}
EV-BUR-C04709,C04709,CreditInfo,768,A,2026-04-21,2,3,353634.01,2,{}
EV-BUR-C04710,C04710,CreditInfo,641,B,2026-04-24,2,4,3269341.55,0,{}
EV-BUR-C04711,C04711,CreditInfo,718,B,2026-04-26,1,2,3097552.98,1,{}
EV-BUR-C04712,C04712,TransUnion,577,C,2026-04-26,1,3,486981.09,3,{}
EV-BUR-C04713,C04713,CreditInfo,688,B,2026-04-26,0,2,830081.15,0,{}
EV-BUR-C04714,C04714,Metropol,701,B,2026-04-26,0,7,545210.84,2,{}
EV-BUR-C04715,C04715,CreditInfo,764,A,2026-04-20,0,3,2797031.84,4,{}
EV-BUR-C04716,C04716,CreditInfo,579,C,2026-04-26,0,6,2900696.75,0,{}
EV-BUR-C04717,C04717,Metropol,632,B,2026-04-20,0,1,628208.40,4,{}
EV-BUR-C04718,C04718,CreditInfo,722,A,2026-04-21,2,3,650335.56,2,{}
EV-BUR-C04719,C04719,TransUnion,629,B,2026-04-25,2,7,964223.60,1,{}
EV-BUR-C04720,C04720,CreditInfo,617,B,2026-04-22,0,6,1091194.28,1,{}
EV-BUR-C04721,C04721,Metropol,725,A,2026-04-26,1,5,3542132.09,4,{}
EV-BUR-C04722,C04722,CreditInfo,556,C,2026-04-26,2,5,2662847.60,1,{}
EV-BUR-C04723,C04723,Metropol,664,B,2026-04-20,2,1,58568.36,3,{}
EV-BUR-C04724,C04724,TransUnion,619,B,2026-04-23,2,6,1265094.63,1,{}
EV-BUR-C04725,C04725,CreditInfo,843,A,2026-04-23,0,6,1758402.05,0,{}
EV-BUR-C04726,C04726,CreditInfo,385,E,2026-04-25,4,4,1039617.77,0,{}
EV-BUR-C04727,C04727,Metropol,594,C,2026-04-21,1,7,698521.22,1,{}
EV-BUR-C04728,C04728,TransUnion,293,E,2026-04-20,9,4,2494449.48,0,{}
EV-BUR-C04729,C04729,TransUnion,777,A,2026-04-20,0,1,3275727.56,2,{}
EV-BUR-C04730,C04730,TransUnion,566,C,2026-04-26,0,7,3121139.95,3,{}
EV-BUR-C04731,C04731,CreditInfo,697,B,2026-04-26,1,5,347619.31,1,{}
EV-BUR-C04732,C04732,TransUnion,724,A,2026-04-20,2,4,3457679.01,2,{}
EV-BUR-C04733,C04733,CreditInfo,731,A,2026-04-20,0,2,3930463.91,0,{}
EV-BUR-C04734,C04734,Metropol,367,E,2026-04-25,4,4,1724520.15,0,{}
EV-BUR-C04735,C04735,Metropol,829,A,2026-04-24,2,5,1816630.34,3,{}
EV-BUR-C04736,C04736,TransUnion,629,B,2026-04-20,1,1,3395257.28,1,{}
EV-BUR-C04737,C04737,Metropol,767,A,2026-04-21,1,7,2740377.26,2,{}
EV-BUR-C04738,C04738,TransUnion,780,A,2026-04-21,0,1,2472450.40,2,{}
EV-BUR-C04739,C04739,TransUnion,593,C,2026-04-26,0,6,1574101.64,0,{}
EV-BUR-C04740,C04740,TransUnion,700,B,2026-04-23,2,5,2477412.34,0,{}
EV-BUR-C04741,C04741,Metropol,484,D,2026-04-24,4,6,2119756.22,0,{}
EV-BUR-C04742,C04742,TransUnion,660,B,2026-04-25,1,5,3385361.19,4,{}
EV-BUR-C04743,C04743,Metropol,826,A,2026-04-25,1,4,1702748.91,1,{}
EV-BUR-C04744,C04744,CreditInfo,617,B,2026-04-26,1,1,2546548.83,0,{}
EV-BUR-C04745,C04745,Metropol,630,B,2026-04-24,2,3,181293.20,4,{}
EV-BUR-C04746,C04746,CreditInfo,818,A,2026-04-20,0,6,3643771.13,2,{}
EV-BUR-C04747,C04747,TransUnion,786,A,2026-04-24,1,2,2596009.55,0,{}
EV-BUR-C04748,C04748,CreditInfo,809,A,2026-04-25,0,2,2139063.33,0,{}
EV-BUR-C04749,C04749,Metropol,572,C,2026-04-26,0,6,2725375.50,0,{}
EV-BUR-C04750,C04750,CreditInfo,845,A,2026-04-24,1,1,2401476.90,0,{}
EV-BUR-C04751,C04751,TransUnion,633,B,2026-04-20,1,5,3303265.07,0,{}
EV-BUR-C04752,C04752,Metropol,703,B,2026-04-24,2,7,2630250.78,3,{}
EV-BUR-C04753,C04753,TransUnion,737,A,2026-04-26,0,5,334594.28,2,{}
EV-BUR-C04754,C04754,Metropol,829,A,2026-04-24,1,6,152376.92,3,{}
EV-BUR-C04755,C04755,TransUnion,675,B,2026-04-23,0,6,2593530.56,1,{}
EV-BUR-C04756,C04756,CreditInfo,585,C,2026-04-21,2,4,1357101.15,4,{}
EV-BUR-C04757,C04757,CreditInfo,826,A,2026-04-21,2,3,2416613.71,3,{}
EV-BUR-C04758,C04758,CreditInfo,759,A,2026-04-21,1,1,1338451.17,2,{}
EV-BUR-C04759,C04759,TransUnion,785,A,2026-04-26,0,1,245390.95,0,{}
EV-BUR-C04760,C04760,TransUnion,704,B,2026-04-22,0,6,602530.63,4,{}
EV-BUR-C04761,C04761,TransUnion,548,C,2026-04-21,2,5,199010.96,3,{}
EV-BUR-C04762,C04762,CreditInfo,712,B,2026-04-20,0,3,3387371.81,2,{}
EV-BUR-C04763,C04763,CreditInfo,817,A,2026-04-21,1,7,179931.68,3,{}
EV-BUR-C04764,C04764,CreditInfo,563,C,2026-04-22,2,6,3582370.05,3,{}
EV-BUR-C04765,C04765,TransUnion,799,A,2026-04-26,1,2,2344543.43,0,{}
EV-BUR-C04766,C04766,CreditInfo,847,A,2026-04-26,1,5,3572909.53,1,{}
EV-BUR-C04767,C04767,Metropol,621,B,2026-04-22,2,1,216443.23,3,{}
EV-BUR-C04768,C04768,CreditInfo,636,B,2026-04-26,2,7,2111827.92,0,{}
EV-BUR-C04769,C04769,CreditInfo,284,E,2026-04-21,9,5,1934875.89,4,{}
EV-BUR-C04770,C04770,Metropol,751,A,2026-04-26,2,1,200266.89,3,{}
EV-BUR-C04771,C04771,TransUnion,728,A,2026-04-22,1,7,1935755.46,0,{}
EV-BUR-C04772,C04772,Metropol,770,A,2026-04-26,0,2,1235366.99,0,{}
EV-BUR-C04773,C04773,Metropol,596,C,2026-04-22,2,1,60069.12,0,{}
EV-BUR-C04774,C04774,CreditInfo,574,C,2026-04-21,1,7,2030194.31,2,{}
EV-BUR-C04775,C04775,TransUnion,778,A,2026-04-23,2,6,3045677.32,3,{}
EV-BUR-C04776,C04776,CreditInfo,789,A,2026-04-22,1,5,2773771.44,1,{}
EV-BUR-C04777,C04777,Metropol,568,C,2026-04-24,1,7,3950285.39,4,{}
EV-BUR-C04778,C04778,CreditInfo,734,A,2026-04-21,1,5,2702626.06,2,{}
EV-BUR-C04779,C04779,Metropol,709,B,2026-04-20,1,2,1951219.42,1,{}
EV-BUR-C04780,C04780,CreditInfo,556,C,2026-04-22,0,4,156895.46,1,{}
EV-BUR-C04781,C04781,Metropol,786,A,2026-04-25,1,1,2932824.58,3,{}
EV-BUR-C04782,C04782,TransUnion,831,A,2026-04-21,1,7,1926045.06,0,{}
EV-BUR-C04783,C04783,CreditInfo,455,D,2026-04-23,4,3,2260032.39,4,{}
EV-BUR-C04784,C04784,Metropol,814,A,2026-04-22,1,5,783883.12,0,{}
EV-BUR-C04785,C04785,Metropol,736,A,2026-04-25,1,1,1687189.22,0,{}
EV-BUR-C04786,C04786,Metropol,567,C,2026-04-20,0,4,951323.01,2,{}
EV-BUR-C04787,C04787,TransUnion,613,B,2026-04-21,0,1,1725999.41,0,{}
EV-BUR-C04788,C04788,CreditInfo,700,B,2026-04-23,0,2,2065030.91,2,{}
EV-BUR-C04789,C04789,Metropol,750,A,2026-04-21,1,1,3559306.84,0,{}
EV-BUR-C04790,C04790,Metropol,555,C,2026-04-23,2,4,2100779.12,2,{}
EV-BUR-C04791,C04791,CreditInfo,431,D,2026-04-21,3,2,848437.37,3,{}
EV-BUR-C04792,C04792,Metropol,721,A,2026-04-25,1,1,1212560.91,2,{}
EV-BUR-C04793,C04793,CreditInfo,567,C,2026-04-24,1,6,2059310.42,0,{}
EV-BUR-C04794,C04794,TransUnion,762,A,2026-04-24,1,3,3025552.77,1,{}
EV-BUR-C04795,C04795,TransUnion,320,E,2026-04-22,5,1,1867413.60,2,{}
EV-BUR-C04796,C04796,TransUnion,804,A,2026-04-23,2,4,724372.18,1,{}
EV-BUR-C04797,C04797,Metropol,568,C,2026-04-26,1,1,3296396.34,0,{}
EV-BUR-C04798,C04798,TransUnion,556,C,2026-04-25,0,7,1552323.23,2,{}
EV-BUR-C04799,C04799,TransUnion,675,B,2026-04-21,0,4,3646282.88,4,{}
EV-BUR-C04800,C04800,CreditInfo,777,A,2026-04-21,1,4,3890421.20,1,{}
EV-BUR-C04801,C04801,Metropol,573,C,2026-04-25,2,5,3720527.29,3,{}
EV-BUR-C04802,C04802,TransUnion,734,A,2026-04-22,2,1,111894.87,3,{}
EV-BUR-C04803,C04803,CreditInfo,747,A,2026-04-23,1,4,2438625.72,2,{}
EV-BUR-C04804,C04804,Metropol,558,C,2026-04-23,1,3,2360170.59,2,{}
EV-BUR-C04805,C04805,Metropol,703,B,2026-04-21,0,6,2446388.80,2,{}
EV-BUR-C04806,C04806,TransUnion,733,A,2026-04-22,2,3,2695880.33,3,{}
EV-BUR-C04807,C04807,Metropol,769,A,2026-04-25,2,5,826778.15,2,{}
EV-BUR-C04808,C04808,Metropol,599,C,2026-04-20,1,7,817641.37,3,{}
EV-BUR-C04809,C04809,TransUnion,569,C,2026-04-24,2,2,984667.27,4,{}
EV-BUR-C04810,C04810,CreditInfo,684,B,2026-04-22,0,6,235684.88,2,{}
EV-BUR-C04811,C04811,CreditInfo,715,B,2026-04-21,0,5,2354914.41,2,{}
EV-BUR-C04812,C04812,Metropol,609,B,2026-04-24,1,7,2246177.59,2,{}
EV-BUR-C04813,C04813,TransUnion,582,C,2026-04-21,2,3,3029831.52,0,{}
EV-BUR-C04814,C04814,CreditInfo,786,A,2026-04-25,0,6,2700111.50,1,{}
EV-BUR-C04815,C04815,TransUnion,734,A,2026-04-22,1,7,1318263.98,3,{}
EV-BUR-C04816,C04816,TransUnion,849,A,2026-04-26,2,4,1402200.59,3,{}
EV-BUR-C04817,C04817,CreditInfo,743,A,2026-04-24,2,1,453260.77,0,{}
EV-BUR-C04818,C04818,TransUnion,700,B,2026-04-21,2,6,2821313.36,4,{}
EV-BUR-C04819,C04819,TransUnion,666,B,2026-04-26,1,6,1374275.01,1,{}
EV-BUR-C04820,C04820,CreditInfo,603,B,2026-04-24,2,7,3831175.85,4,{}
EV-BUR-C04821,C04821,TransUnion,669,B,2026-04-26,1,5,2082312.01,2,{}
EV-BUR-C04822,C04822,CreditInfo,541,C,2026-04-22,2,1,2403100.02,2,{}
EV-BUR-C04823,C04823,Metropol,811,A,2026-04-21,2,2,1368654.48,4,{}
EV-BUR-C04824,C04824,Metropol,609,B,2026-04-23,2,7,3848874.92,2,{}
EV-BUR-C04825,C04825,CreditInfo,703,B,2026-04-22,2,2,1407475.14,1,{}
EV-BUR-C04826,C04826,CreditInfo,599,C,2026-04-24,0,5,1549953.92,2,{}
EV-BUR-C04827,C04827,CreditInfo,764,A,2026-04-20,2,6,3887790.33,4,{}
EV-BUR-C04828,C04828,TransUnion,699,B,2026-04-24,2,2,1966229.38,4,{}
EV-BUR-C04829,C04829,CreditInfo,784,A,2026-04-24,2,4,2578019.48,4,{}
EV-BUR-C04830,C04830,Metropol,599,C,2026-04-26,2,2,3983297.51,0,{}
EV-BUR-C04831,C04831,TransUnion,569,C,2026-04-24,0,7,2622189.25,4,{}
EV-BUR-C04832,C04832,TransUnion,688,B,2026-04-20,2,1,416926.60,0,{}
EV-BUR-C04833,C04833,TransUnion,642,B,2026-04-21,1,7,1839877.02,3,{}
EV-BUR-C04834,C04834,TransUnion,837,A,2026-04-24,0,2,2303756.20,4,{}
EV-BUR-C04835,C04835,TransUnion,759,A,2026-04-26,1,2,2137955.34,1,{}
EV-BUR-C04836,C04836,Metropol,769,A,2026-04-21,1,2,2907451.13,3,{}
EV-BUR-C04837,C04837,CreditInfo,561,C,2026-04-23,2,4,104207.51,4,{}
EV-BUR-C04838,C04838,TransUnion,800,A,2026-04-21,1,2,2117232.71,3,{}
EV-BUR-C04839,C04839,TransUnion,740,A,2026-04-20,0,2,673963.94,3,{}
EV-BUR-C04840,C04840,TransUnion,600,B,2026-04-22,1,3,721749.10,1,{}
EV-BUR-C04841,C04841,CreditInfo,465,D,2026-04-24,7,4,559944.89,1,{}
EV-BUR-C04842,C04842,CreditInfo,802,A,2026-04-25,2,4,2060047.33,1,{}
EV-BUR-C04843,C04843,CreditInfo,786,A,2026-04-23,1,7,2631551.41,0,{}
EV-BUR-C04844,C04844,TransUnion,824,A,2026-04-22,2,6,3119660.55,3,{}
EV-BUR-C04845,C04845,CreditInfo,494,D,2026-04-22,5,2,3680552.53,1,{}
EV-BUR-C04846,C04846,Metropol,728,A,2026-04-23,1,3,3373047.91,3,{}
EV-BUR-C04847,C04847,TransUnion,833,A,2026-04-25,1,5,922299.27,2,{}
EV-BUR-C04848,C04848,Metropol,727,A,2026-04-25,1,4,844217.48,3,{}
EV-BUR-C04849,C04849,TransUnion,750,A,2026-04-26,2,3,2736466.10,2,{}
EV-BUR-C04850,C04850,CreditInfo,613,B,2026-04-21,0,3,2668724.79,1,{}
EV-BUR-C04851,C04851,CreditInfo,758,A,2026-04-24,2,4,2285175.50,4,{}
EV-BUR-C04852,C04852,Metropol,627,B,2026-04-21,2,3,3455841.82,3,{}
EV-BUR-C04853,C04853,CreditInfo,595,C,2026-04-22,2,2,691460.53,4,{}
EV-BUR-C04854,C04854,TransUnion,813,A,2026-04-21,0,1,1514513.04,0,{}
EV-BUR-C04855,C04855,Metropol,726,A,2026-04-21,0,7,1520072.45,4,{}
EV-BUR-C04856,C04856,TransUnion,791,A,2026-04-21,1,3,1912563.15,0,{}
EV-BUR-C04857,C04857,TransUnion,635,B,2026-04-22,2,1,653476.19,3,{}
EV-BUR-C04858,C04858,Metropol,845,A,2026-04-22,0,4,2036174.28,1,{}
EV-BUR-C04859,C04859,Metropol,568,C,2026-04-25,2,3,1929756.01,4,{}
EV-BUR-C04860,C04860,CreditInfo,718,B,2026-04-23,0,6,2685745.48,2,{}
EV-BUR-C04861,C04861,CreditInfo,563,C,2026-04-21,1,6,3429508.34,1,{}
EV-BUR-C04862,C04862,Metropol,671,B,2026-04-26,2,1,1473515.76,3,{}
EV-BUR-C04863,C04863,CreditInfo,619,B,2026-04-22,0,3,1114673.69,2,{}
EV-BUR-C04864,C04864,Metropol,766,A,2026-04-26,2,2,3958947.98,4,{}
EV-BUR-C04865,C04865,TransUnion,787,A,2026-04-23,0,1,1955881.00,2,{}
EV-BUR-C04866,C04866,Metropol,629,B,2026-04-26,2,1,3582380.98,3,{}
EV-BUR-C04867,C04867,TransUnion,678,B,2026-04-25,1,1,597104.80,0,{}
EV-BUR-C04868,C04868,Metropol,810,A,2026-04-23,1,3,1497208.77,0,{}
EV-BUR-C04869,C04869,Metropol,718,B,2026-04-24,0,6,1259725.13,0,{}
EV-BUR-C04870,C04870,TransUnion,605,B,2026-04-21,2,5,3259948.17,1,{}
EV-BUR-C04871,C04871,Metropol,625,B,2026-04-21,2,3,3218986.72,0,{}
EV-BUR-C04872,C04872,CreditInfo,849,A,2026-04-23,1,3,2565489.92,2,{}
EV-BUR-C04873,C04873,CreditInfo,595,C,2026-04-24,0,6,1859726.43,3,{}
EV-BUR-C04874,C04874,TransUnion,658,B,2026-04-20,2,6,455011.80,1,{}
EV-BUR-C04875,C04875,TransUnion,675,B,2026-04-20,2,4,2680207.12,1,{}
EV-BUR-C04876,C04876,Metropol,778,A,2026-04-22,1,3,3627569.93,1,{}
EV-BUR-C04877,C04877,TransUnion,568,C,2026-04-23,2,4,2495825.56,3,{}
EV-BUR-C04878,C04878,CreditInfo,806,A,2026-04-25,2,7,2755905.39,4,{}
EV-BUR-C04879,C04879,CreditInfo,748,A,2026-04-24,2,4,1596479.56,1,{}
EV-BUR-C04880,C04880,TransUnion,303,E,2026-04-22,5,6,1363462.65,2,{}
EV-BUR-C04881,C04881,TransUnion,471,D,2026-04-25,4,7,730100.63,0,{}
EV-BUR-C04882,C04882,TransUnion,803,A,2026-04-23,1,6,3434873.03,2,{}
EV-BUR-C04883,C04883,Metropol,714,B,2026-04-21,0,1,3830260.32,2,{}
EV-BUR-C04884,C04884,TransUnion,669,B,2026-04-26,2,7,3522253.58,0,{}
EV-BUR-C04885,C04885,Metropol,800,A,2026-04-25,1,6,3553635.36,1,{}
EV-BUR-C04886,C04886,Metropol,727,A,2026-04-25,0,4,289755.08,3,{}
EV-BUR-C04887,C04887,CreditInfo,749,A,2026-04-23,0,3,1630612.94,4,{}
EV-BUR-C04888,C04888,CreditInfo,319,E,2026-04-23,9,2,2159311.02,0,{}
EV-BUR-C04889,C04889,Metropol,545,C,2026-04-21,0,2,2083557.22,2,{}
EV-BUR-C04890,C04890,CreditInfo,830,A,2026-04-21,0,2,3396839.92,4,{}
EV-BUR-C04891,C04891,TransUnion,774,A,2026-04-22,1,3,102297.43,0,{}
EV-BUR-C04892,C04892,CreditInfo,765,A,2026-04-21,1,2,3978129.32,1,{}
EV-BUR-C04893,C04893,Metropol,749,A,2026-04-22,0,4,1106008.36,4,{}
EV-BUR-C04894,C04894,CreditInfo,573,C,2026-04-24,2,5,427472.13,2,{}
EV-BUR-C04895,C04895,Metropol,712,B,2026-04-26,1,3,3704931.32,2,{}
EV-BUR-C04896,C04896,Metropol,658,B,2026-04-22,0,6,1357583.90,2,{}
EV-BUR-C04897,C04897,Metropol,581,C,2026-04-23,0,2,257052.70,4,{}
EV-BUR-C04898,C04898,Metropol,721,A,2026-04-23,1,2,2004731.42,1,{}
EV-BUR-C04899,C04899,Metropol,636,B,2026-04-26,0,1,3018861.09,0,{}
EV-BUR-C04900,C04900,TransUnion,588,C,2026-04-25,0,2,1252826.17,2,{}
EV-BUR-C04901,C04901,TransUnion,371,E,2026-04-25,9,7,416031.55,1,{}
EV-BUR-C04902,C04902,TransUnion,316,E,2026-04-23,7,5,2338968.09,0,{}
EV-BUR-C04903,C04903,Metropol,787,A,2026-04-25,0,2,2564342.72,4,{}
EV-BUR-C04904,C04904,CreditInfo,833,A,2026-04-24,2,5,902034.58,3,{}
EV-BUR-C04905,C04905,CreditInfo,580,C,2026-04-22,2,5,1528652.69,0,{}
EV-BUR-C04906,C04906,TransUnion,690,B,2026-04-26,1,3,797589.36,3,{}
EV-BUR-C04907,C04907,CreditInfo,697,B,2026-04-25,1,1,3930791.80,4,{}
EV-BUR-C04908,C04908,Metropol,548,C,2026-04-21,0,1,3249513.02,0,{}
EV-BUR-C04909,C04909,CreditInfo,551,C,2026-04-20,2,7,3865927.39,2,{}
EV-BUR-C04910,C04910,CreditInfo,592,C,2026-04-20,1,4,3503132.01,0,{}
EV-BUR-C04911,C04911,CreditInfo,591,C,2026-04-22,1,3,387185.98,2,{}
EV-BUR-C04912,C04912,TransUnion,700,B,2026-04-26,2,4,3870980.69,1,{}
EV-BUR-C04913,C04913,Metropol,572,C,2026-04-25,1,1,2899741.65,2,{}
EV-BUR-C04914,C04914,CreditInfo,555,C,2026-04-20,1,4,1761397.19,0,{}
EV-BUR-C04915,C04915,TransUnion,586,C,2026-04-22,2,2,617868.40,1,{}
EV-BUR-C04916,C04916,Metropol,668,B,2026-04-26,0,4,3055181.12,4,{}
EV-BUR-C04917,C04917,CreditInfo,655,B,2026-04-23,0,2,3062090.22,4,{}
EV-BUR-C04918,C04918,Metropol,645,B,2026-04-24,0,5,676009.36,4,{}
EV-BUR-C04919,C04919,Metropol,292,E,2026-04-22,7,6,925227.29,2,{}
EV-BUR-C04920,C04920,TransUnion,646,B,2026-04-25,0,2,3544390.27,1,{}
EV-BUR-C04921,C04921,TransUnion,593,C,2026-04-25,1,1,2056580.48,4,{}
EV-BUR-C04922,C04922,Metropol,822,A,2026-04-23,2,2,2021065.66,3,{}
EV-BUR-C04923,C04923,CreditInfo,748,A,2026-04-26,2,7,878957.86,4,{}
EV-BUR-C04924,C04924,TransUnion,813,A,2026-04-25,1,1,3299750.23,0,{}
EV-BUR-C04925,C04925,CreditInfo,680,B,2026-04-20,2,1,226854.49,4,{}
EV-BUR-C04926,C04926,CreditInfo,669,B,2026-04-25,2,3,3892730.01,2,{}
EV-BUR-C04927,C04927,Metropol,709,B,2026-04-22,2,7,444172.61,2,{}
EV-BUR-C04928,C04928,CreditInfo,569,C,2026-04-22,1,6,1128863.40,4,{}
EV-BUR-C04929,C04929,TransUnion,584,C,2026-04-24,0,2,2722500.47,3,{}
EV-BUR-C04930,C04930,Metropol,662,B,2026-04-23,0,7,2939145.30,0,{}
EV-BUR-C04931,C04931,Metropol,823,A,2026-04-20,2,6,3260920.76,4,{}
EV-BUR-C04932,C04932,Metropol,591,C,2026-04-23,0,2,3936587.56,0,{}
EV-BUR-C04933,C04933,Metropol,752,A,2026-04-25,1,7,2096200.47,1,{}
EV-BUR-C04934,C04934,Metropol,838,A,2026-04-23,0,1,3800360.64,3,{}
EV-BUR-C04935,C04935,Metropol,744,A,2026-04-25,0,1,3525231.14,2,{}
EV-BUR-C04936,C04936,Metropol,665,B,2026-04-21,1,6,3688235.71,1,{}
EV-BUR-C04937,C04937,TransUnion,332,E,2026-04-20,4,3,3114359.82,1,{}
EV-BUR-C04938,C04938,Metropol,836,A,2026-04-23,0,3,694226.39,2,{}
EV-BUR-C04939,C04939,CreditInfo,544,C,2026-04-23,0,2,1458593.18,0,{}
EV-BUR-C04940,C04940,TransUnion,397,E,2026-04-24,7,5,691918.03,3,{}
EV-BUR-C04941,C04941,CreditInfo,787,A,2026-04-26,2,1,2629768.98,2,{}
EV-BUR-C04942,C04942,Metropol,578,C,2026-04-26,1,1,3247884.58,0,{}
EV-BUR-C04943,C04943,TransUnion,576,C,2026-04-25,0,7,953563.62,4,{}
EV-BUR-C04944,C04944,CreditInfo,540,C,2026-04-22,0,3,2339048.92,3,{}
EV-BUR-C04945,C04945,CreditInfo,636,B,2026-04-22,1,4,3615499.20,0,{}
EV-BUR-C04946,C04946,TransUnion,566,C,2026-04-26,0,3,3329541.56,1,{}
EV-BUR-C04947,C04947,CreditInfo,740,A,2026-04-23,2,3,2481149.27,3,{}
EV-BUR-C04948,C04948,CreditInfo,298,E,2026-04-22,5,4,2318762.82,0,{}
EV-BUR-C04949,C04949,Metropol,706,B,2026-04-20,1,5,1500855.63,2,{}
EV-BUR-C04950,C04950,TransUnion,698,B,2026-04-21,2,3,3749434.28,3,{}
EV-BUR-C04951,C04951,Metropol,777,A,2026-04-21,1,2,826773.70,1,{}
EV-BUR-C04952,C04952,TransUnion,650,B,2026-04-20,1,3,3104715.72,2,{}
EV-BUR-C04953,C04953,TransUnion,632,B,2026-04-20,1,4,1739392.34,0,{}
EV-BUR-C04954,C04954,TransUnion,708,B,2026-04-21,0,3,3441351.03,3,{}
EV-BUR-C04955,C04955,Metropol,716,B,2026-04-20,0,5,1786684.48,1,{}
EV-BUR-C04956,C04956,CreditInfo,614,B,2026-04-25,2,4,2874784.14,1,{}
EV-BUR-C04957,C04957,TransUnion,704,B,2026-04-24,2,6,511900.80,3,{}
EV-BUR-C04958,C04958,TransUnion,710,B,2026-04-25,2,2,1901549.49,1,{}
EV-BUR-C04959,C04959,TransUnion,562,C,2026-04-21,1,1,335252.63,2,{}
EV-BUR-C04960,C04960,CreditInfo,620,B,2026-04-24,1,6,784022.44,1,{}
EV-BUR-C04961,C04961,TransUnion,824,A,2026-04-25,2,3,2826742.40,2,{}
EV-BUR-C04962,C04962,TransUnion,834,A,2026-04-22,0,5,2068503.12,3,{}
EV-BUR-C04963,C04963,TransUnion,813,A,2026-04-21,2,4,1734054.55,1,{}
EV-BUR-C04964,C04964,TransUnion,556,C,2026-04-21,1,1,2793564.41,3,{}
EV-BUR-C04965,C04965,TransUnion,742,A,2026-04-22,2,2,80151.52,4,{}
EV-BUR-C04966,C04966,Metropol,644,B,2026-04-25,2,4,1186322.72,1,{}
EV-BUR-C04967,C04967,TransUnion,632,B,2026-04-24,0,6,90970.27,1,{}
EV-BUR-C04968,C04968,TransUnion,751,A,2026-04-26,2,6,3092761.96,3,{}
EV-BUR-C04969,C04969,Metropol,697,B,2026-04-22,1,7,1395053.80,1,{}
EV-BUR-C04970,C04970,TransUnion,846,A,2026-04-20,0,4,664653.12,4,{}
EV-BUR-C04971,C04971,CreditInfo,406,D,2026-04-20,9,5,3499366.71,1,{}
EV-BUR-C04972,C04972,CreditInfo,549,C,2026-04-22,2,5,1548192.09,4,{}
EV-BUR-C04973,C04973,TransUnion,568,C,2026-04-25,0,1,2678452.09,4,{}
EV-BUR-C04974,C04974,TransUnion,479,D,2026-04-26,8,3,245826.58,4,{}
EV-BUR-C04975,C04975,Metropol,720,A,2026-04-23,2,6,1572979.75,0,{}
EV-BUR-C04976,C04976,TransUnion,588,C,2026-04-22,0,3,1426343.57,0,{}
EV-BUR-C04977,C04977,CreditInfo,757,A,2026-04-24,1,5,1481647.53,2,{}
EV-BUR-C04978,C04978,Metropol,646,B,2026-04-20,1,7,822466.56,1,{}
EV-BUR-C04979,C04979,Metropol,797,A,2026-04-23,0,5,759039.65,0,{}
EV-BUR-C04980,C04980,CreditInfo,828,A,2026-04-25,2,2,940291.96,2,{}
EV-BUR-C04981,C04981,CreditInfo,708,B,2026-04-21,2,5,783557.65,3,{}
EV-BUR-C04982,C04982,CreditInfo,597,C,2026-04-25,0,2,782927.19,0,{}
EV-BUR-C04983,C04983,CreditInfo,586,C,2026-04-22,0,3,1482435.40,1,{}
EV-BUR-C04984,C04984,Metropol,844,A,2026-04-23,0,1,2022514.30,2,{}
EV-BUR-C04985,C04985,TransUnion,575,C,2026-04-21,2,6,2742315.51,3,{}
EV-BUR-C04986,C04986,Metropol,686,B,2026-04-26,2,4,2533539.51,3,{}
EV-BUR-C04987,C04987,TransUnion,740,A,2026-04-26,2,4,3043807.48,4,{}
EV-BUR-C04988,C04988,CreditInfo,676,B,2026-04-23,1,4,123547.44,4,{}
EV-BUR-C04989,C04989,Metropol,459,D,2026-04-20,8,1,3985558.67,4,{}
EV-BUR-C04990,C04990,CreditInfo,733,A,2026-04-22,1,7,2265894.37,3,{}
EV-BUR-C04991,C04991,TransUnion,585,C,2026-04-26,1,4,1271901.35,3,{}
EV-BUR-C04992,C04992,TransUnion,801,A,2026-04-26,0,3,1286076.33,0,{}
EV-BUR-C04993,C04993,TransUnion,640,B,2026-04-21,0,1,2583449.22,3,{}
EV-BUR-C04994,C04994,Metropol,786,A,2026-04-22,2,5,1461477.70,3,{}
EV-BUR-C04995,C04995,TransUnion,825,A,2026-04-22,0,1,740233.85,2,{}
EV-BUR-C04996,C04996,CreditInfo,546,C,2026-04-23,1,3,3071703.16,1,{}
EV-BUR-C04997,C04997,TransUnion,768,A,2026-04-23,2,1,2428193.29,4,{}
EV-BUR-C04998,C04998,TransUnion,654,B,2026-04-23,2,3,1814211.18,3,{}
EV-BUR-C04999,C04999,Metropol,618,B,2026-04-24,0,6,2775676.35,4,{}
EV-BUR-C05000,C05000,TransUnion,302,E,2026-04-20,6,5,2137097.51,0,{}
EV-BUR-C05001,C05001,TransUnion,544,C,2026-04-23,2,6,575729.40,0,{}
EV-BUR-C05002,C05002,CreditInfo,699,B,2026-04-20,2,3,3307553.39,2,{}
EV-BUR-C05003,C05003,CreditInfo,593,C,2026-04-22,0,4,3653043.76,4,{}
EV-BUR-C05004,C05004,TransUnion,751,A,2026-04-22,2,5,2548022.14,4,{}
EV-BUR-C05005,C05005,TransUnion,771,A,2026-04-25,0,3,329887.99,0,{}
EV-BUR-C05006,C05006,TransUnion,632,B,2026-04-23,0,2,2858446.10,3,{}
EV-BUR-C05007,C05007,Metropol,626,B,2026-04-26,1,7,764409.79,2,{}
EV-BUR-C05008,C05008,CreditInfo,713,B,2026-04-21,0,1,3606076.25,0,{}
EV-BUR-C05009,C05009,TransUnion,668,B,2026-04-21,0,5,3768898.23,4,{}
EV-BUR-C05010,C05010,Metropol,612,B,2026-04-21,2,2,1699851.59,3,{}
EV-BUR-C05011,C05011,Metropol,741,A,2026-04-24,1,7,2673026.72,0,{}
EV-BUR-C05012,C05012,CreditInfo,754,A,2026-04-24,2,3,577342.64,0,{}
EV-BUR-C05013,C05013,TransUnion,568,C,2026-04-20,2,6,3194773.89,0,{}
EV-BUR-C05014,C05014,CreditInfo,713,B,2026-04-20,1,6,2860972.71,4,{}
EV-BUR-C05015,C05015,CreditInfo,841,A,2026-04-25,1,3,2646051.63,4,{}
EV-BUR-C05016,C05016,TransUnion,718,B,2026-04-20,1,2,1160690.70,0,{}
EV-BUR-C05017,C05017,TransUnion,733,A,2026-04-24,0,2,3180144.02,0,{}
EV-BUR-C05018,C05018,TransUnion,583,C,2026-04-26,1,3,2849348.78,2,{}
EV-BUR-C05019,C05019,TransUnion,622,B,2026-04-26,2,3,1142064.61,3,{}
EV-BUR-C05020,C05020,CreditInfo,800,A,2026-04-20,2,6,893974.29,2,{}
EV-BUR-C05021,C05021,CreditInfo,575,C,2026-04-20,2,3,2690666.59,2,{}
EV-BUR-C05022,C05022,TransUnion,558,C,2026-04-23,0,3,571522.33,3,{}
EV-BUR-C05023,C05023,Metropol,557,C,2026-04-25,0,5,3954021.49,4,{}
EV-BUR-C05024,C05024,CreditInfo,736,A,2026-04-22,1,2,2100191.81,0,{}
EV-BUR-C05025,C05025,Metropol,552,C,2026-04-26,1,5,3575329.24,3,{}
EV-BUR-C05026,C05026,TransUnion,833,A,2026-04-20,2,3,626998.41,4,{}
EV-BUR-C05027,C05027,Metropol,781,A,2026-04-22,0,2,3868478.23,3,{}
EV-BUR-C05028,C05028,CreditInfo,694,B,2026-04-20,1,6,2286308.33,1,{}
EV-BUR-C05029,C05029,Metropol,738,A,2026-04-26,0,7,2777546.96,0,{}
EV-BUR-C05030,C05030,CreditInfo,602,B,2026-04-23,0,3,1123087.42,4,{}
EV-BUR-C05031,C05031,Metropol,743,A,2026-04-26,1,4,1102033.01,4,{}
EV-BUR-C05032,C05032,Metropol,732,A,2026-04-25,2,2,2473043.42,3,{}
EV-BUR-C05033,C05033,TransUnion,568,C,2026-04-21,2,1,1429074.41,1,{}
EV-BUR-C05034,C05034,Metropol,626,B,2026-04-25,2,2,732413.48,2,{}
EV-BUR-C05035,C05035,TransUnion,660,B,2026-04-21,0,4,3112852.33,1,{}
EV-BUR-C05036,C05036,Metropol,844,A,2026-04-23,2,1,3500898.69,1,{}
EV-BUR-C05037,C05037,Metropol,778,A,2026-04-25,1,7,3848418.14,2,{}
EV-BUR-C05038,C05038,Metropol,716,B,2026-04-24,2,2,3877273.30,0,{}
EV-BUR-C05039,C05039,TransUnion,822,A,2026-04-21,2,4,585233.80,2,{}
EV-BUR-C05040,C05040,Metropol,795,A,2026-04-26,2,1,3513100.60,2,{}
EV-BUR-C05041,C05041,TransUnion,580,C,2026-04-23,1,4,501535.36,3,{}
EV-BUR-C05042,C05042,Metropol,740,A,2026-04-24,0,7,1148016.14,3,{}
EV-BUR-C05043,C05043,CreditInfo,799,A,2026-04-25,1,4,1755564.85,0,{}
EV-BUR-C05044,C05044,CreditInfo,785,A,2026-04-26,1,5,2276003.31,4,{}
EV-BUR-C05045,C05045,TransUnion,839,A,2026-04-23,0,1,1363598.82,2,{}
EV-BUR-C05046,C05046,TransUnion,656,B,2026-04-23,0,2,1756650.44,3,{}
EV-BUR-C05047,C05047,Metropol,555,C,2026-04-25,1,2,3513955.22,1,{}
EV-BUR-C05048,C05048,TransUnion,559,C,2026-04-25,1,7,98353.48,0,{}
EV-BUR-C05049,C05049,CreditInfo,384,E,2026-04-21,6,4,85935.53,3,{}
EV-BUR-C05050,C05050,Metropol,383,E,2026-04-25,6,5,1951218.27,1,{}
EV-BUR-C05051,C05051,CreditInfo,558,C,2026-04-20,0,4,2564420.43,3,{}
EV-BUR-C05052,C05052,TransUnion,650,B,2026-04-23,2,7,1991882.23,2,{}
EV-BUR-C05053,C05053,Metropol,762,A,2026-04-25,0,4,1294616.64,0,{}
EV-BUR-C05054,C05054,Metropol,557,C,2026-04-26,0,3,3391616.04,4,{}
EV-BUR-C05055,C05055,CreditInfo,810,A,2026-04-25,0,7,3168359.90,4,{}
EV-BUR-C05056,C05056,Metropol,737,A,2026-04-26,1,5,3932955.93,3,{}
EV-BUR-C05057,C05057,CreditInfo,749,A,2026-04-20,2,1,319426.72,1,{}
EV-BUR-C05058,C05058,TransUnion,562,C,2026-04-23,1,5,1098689.90,2,{}
EV-BUR-C05059,C05059,CreditInfo,603,B,2026-04-23,2,3,453783.34,4,{}
EV-BUR-C05060,C05060,CreditInfo,668,B,2026-04-24,1,2,2624965.50,3,{}
EV-BUR-C05061,C05061,TransUnion,567,C,2026-04-20,2,7,1204672.44,4,{}
EV-BUR-C05062,C05062,Metropol,762,A,2026-04-20,2,5,641474.42,0,{}
EV-BUR-C05063,C05063,Metropol,707,B,2026-04-25,1,3,875374.39,0,{}
EV-BUR-C05064,C05064,TransUnion,815,A,2026-04-21,0,3,904683.99,1,{}
EV-BUR-C05065,C05065,Metropol,832,A,2026-04-23,0,3,1024215.73,4,{}
EV-BUR-C05066,C05066,CreditInfo,567,C,2026-04-25,0,4,2163610.92,2,{}
EV-BUR-C05067,C05067,CreditInfo,687,B,2026-04-26,0,1,2095463.29,4,{}
EV-BUR-C05068,C05068,CreditInfo,789,A,2026-04-22,0,6,1334605.28,4,{}
EV-BUR-C05069,C05069,CreditInfo,765,A,2026-04-20,2,1,2459854.55,0,{}
EV-BUR-C05070,C05070,CreditInfo,648,B,2026-04-22,2,5,974282.98,3,{}
EV-BUR-C05071,C05071,TransUnion,720,A,2026-04-21,1,3,570772.30,2,{}
EV-BUR-C05072,C05072,CreditInfo,636,B,2026-04-24,2,4,2622576.45,0,{}
EV-BUR-C05073,C05073,Metropol,775,A,2026-04-21,0,7,2705899.34,2,{}
EV-BUR-C05074,C05074,Metropol,493,D,2026-04-22,6,4,3462551.29,0,{}
EV-BUR-C05075,C05075,TransUnion,575,C,2026-04-26,1,5,438463.88,2,{}
EV-BUR-C05076,C05076,CreditInfo,831,A,2026-04-26,0,6,72376.79,0,{}
EV-BUR-C05077,C05077,TransUnion,583,C,2026-04-21,1,3,125612.99,0,{}
EV-BUR-C05078,C05078,Metropol,571,C,2026-04-25,0,4,3149987.53,2,{}
EV-BUR-C05079,C05079,CreditInfo,740,A,2026-04-25,2,7,3033521.29,0,{}
EV-BUR-C05080,C05080,Metropol,594,C,2026-04-23,1,1,373596.62,3,{}
EV-BUR-C05081,C05081,Metropol,822,A,2026-04-25,0,5,1253696.96,1,{}
EV-BUR-C05082,C05082,TransUnion,765,A,2026-04-26,2,7,1424312.44,1,{}
EV-BUR-C05083,C05083,CreditInfo,846,A,2026-04-20,0,1,2605961.77,3,{}
EV-BUR-C05084,C05084,CreditInfo,740,A,2026-04-23,0,4,2824078.53,2,{}
EV-BUR-C05085,C05085,TransUnion,772,A,2026-04-24,0,2,325203.38,1,{}
EV-BUR-C05086,C05086,CreditInfo,725,A,2026-04-22,1,3,1308614.31,2,{}
EV-BUR-C05087,C05087,CreditInfo,732,A,2026-04-21,1,4,2033589.15,0,{}
EV-BUR-C05088,C05088,CreditInfo,542,C,2026-04-25,0,5,1585619.76,2,{}
EV-BUR-C05089,C05089,CreditInfo,774,A,2026-04-22,1,2,3754266.21,1,{}
EV-BUR-C05090,C05090,Metropol,703,B,2026-04-26,2,4,1070549.20,2,{}
EV-BUR-C05091,C05091,CreditInfo,682,B,2026-04-23,0,3,405848.57,0,{}
EV-BUR-C05092,C05092,TransUnion,598,C,2026-04-24,2,2,2224433.76,3,{}
EV-BUR-C05093,C05093,CreditInfo,620,B,2026-04-23,2,6,685648.62,2,{}
EV-BUR-C05094,C05094,TransUnion,571,C,2026-04-25,1,7,2370166.82,2,{}
EV-BUR-C05095,C05095,TransUnion,298,E,2026-04-21,3,7,1576422.51,3,{}
EV-BUR-C05096,C05096,Metropol,630,B,2026-04-24,2,2,826131.36,4,{}
EV-BUR-C05097,C05097,CreditInfo,830,A,2026-04-24,0,7,192669.44,3,{}
EV-BUR-C05098,C05098,Metropol,552,C,2026-04-22,1,6,651221.98,0,{}
EV-BUR-C05099,C05099,Metropol,591,C,2026-04-25,1,7,734880.37,3,{}
EV-BUR-C05100,C05100,Metropol,667,B,2026-04-23,2,1,1804859.25,4,{}
EV-BUR-C05101,C05101,Metropol,754,A,2026-04-25,1,3,638597.83,4,{}
EV-BUR-C05102,C05102,TransUnion,648,B,2026-04-26,1,6,3998525.17,3,{}
EV-BUR-C05103,C05103,CreditInfo,676,B,2026-04-25,2,3,617015.90,1,{}
EV-BUR-C05104,C05104,CreditInfo,633,B,2026-04-25,2,6,3115270.64,3,{}
EV-BUR-C05105,C05105,Metropol,820,A,2026-04-23,1,5,2021267.40,3,{}
EV-BUR-C05106,C05106,TransUnion,610,B,2026-04-24,1,4,3326425.77,1,{}
EV-BUR-C05107,C05107,CreditInfo,757,A,2026-04-20,2,1,3324778.35,0,{}
EV-BUR-C05108,C05108,Metropol,638,B,2026-04-22,1,2,3036830.33,0,{}
EV-BUR-C05109,C05109,TransUnion,409,D,2026-04-25,9,2,187262.69,3,{}
EV-BUR-C05110,C05110,CreditInfo,735,A,2026-04-22,1,6,490576.53,2,{}
EV-BUR-C05111,C05111,TransUnion,770,A,2026-04-23,2,3,1274881.60,4,{}
EV-BUR-C05112,C05112,CreditInfo,807,A,2026-04-24,1,2,2648514.59,2,{}
EV-BUR-C05113,C05113,TransUnion,638,B,2026-04-26,0,3,1220802.07,1,{}
EV-BUR-C05114,C05114,Metropol,561,C,2026-04-20,0,6,2428966.30,0,{}
EV-BUR-C05115,C05115,Metropol,621,B,2026-04-23,0,3,3395708.57,4,{}
EV-BUR-C05116,C05116,CreditInfo,766,A,2026-04-22,0,5,3356355.72,3,{}
EV-BUR-C05117,C05117,TransUnion,662,B,2026-04-20,1,5,3627727.52,2,{}
EV-BUR-C05118,C05118,CreditInfo,547,C,2026-04-26,0,6,693695.08,4,{}
EV-BUR-C05119,C05119,CreditInfo,789,A,2026-04-22,1,6,675444.36,1,{}
EV-BUR-C05120,C05120,TransUnion,788,A,2026-04-26,0,7,2724596.93,3,{}
EV-BUR-C05121,C05121,Metropol,771,A,2026-04-24,2,5,1087870.30,3,{}
EV-BUR-C05122,C05122,TransUnion,766,A,2026-04-26,1,4,293719.44,4,{}
EV-BUR-C05123,C05123,CreditInfo,803,A,2026-04-20,0,2,1982218.44,4,{}
EV-BUR-C05124,C05124,Metropol,790,A,2026-04-24,2,3,2705821.61,3,{}
EV-BUR-C05125,C05125,Metropol,630,B,2026-04-22,0,1,61511.35,0,{}
EV-BUR-C05126,C05126,Metropol,696,B,2026-04-20,0,7,1011022.21,0,{}
EV-BUR-C05127,C05127,Metropol,707,B,2026-04-22,0,4,723316.51,4,{}
EV-BUR-C05128,C05128,CreditInfo,731,A,2026-04-23,2,2,2159984.79,4,{}
EV-BUR-C05129,C05129,Metropol,620,B,2026-04-21,2,6,1360486.02,4,{}
EV-BUR-C05130,C05130,TransUnion,822,A,2026-04-24,0,3,974569.37,3,{}
EV-BUR-C05131,C05131,Metropol,704,B,2026-04-26,0,5,2467129.35,4,{}
EV-BUR-C05132,C05132,Metropol,566,C,2026-04-22,2,6,2587777.87,2,{}
EV-BUR-C05133,C05133,Metropol,620,B,2026-04-26,1,6,1835505.95,3,{}
EV-BUR-C05134,C05134,Metropol,442,D,2026-04-26,6,5,1443726.57,0,{}
EV-BUR-C05135,C05135,Metropol,688,B,2026-04-20,1,7,2408087.37,4,{}
EV-BUR-C05136,C05136,Metropol,825,A,2026-04-23,0,7,3259963.82,4,{}
EV-BUR-C05137,C05137,CreditInfo,618,B,2026-04-25,2,4,3641012.34,4,{}
EV-BUR-C05138,C05138,CreditInfo,757,A,2026-04-20,0,5,1716762.92,1,{}
EV-BUR-C05139,C05139,CreditInfo,757,A,2026-04-26,1,2,2393507.67,2,{}
EV-BUR-C05140,C05140,Metropol,847,A,2026-04-23,1,5,1880090.36,3,{}
EV-BUR-C05141,C05141,CreditInfo,619,B,2026-04-22,1,6,3513176.56,3,{}
EV-BUR-C05142,C05142,TransUnion,618,B,2026-04-26,0,1,603344.72,0,{}
EV-BUR-C05143,C05143,TransUnion,552,C,2026-04-24,1,1,3613553.00,1,{}
EV-BUR-C05144,C05144,CreditInfo,643,B,2026-04-22,0,6,2223525.60,3,{}
EV-BUR-C05145,C05145,TransUnion,791,A,2026-04-20,1,2,2486417.35,4,{}
EV-BUR-C05146,C05146,Metropol,572,C,2026-04-25,2,4,3422302.33,4,{}
EV-BUR-C05147,C05147,TransUnion,728,A,2026-04-23,0,7,2285554.22,1,{}
EV-BUR-C05148,C05148,CreditInfo,552,C,2026-04-24,0,1,290326.17,2,{}
EV-BUR-C05149,C05149,TransUnion,508,C,2026-04-20,6,4,2316117.30,2,{}
EV-BUR-C05150,C05150,CreditInfo,658,B,2026-04-25,0,6,2624884.78,0,{}
EV-BUR-C05151,C05151,CreditInfo,559,C,2026-04-25,1,5,1958965.16,4,{}
EV-BUR-C05152,C05152,TransUnion,488,D,2026-04-22,3,1,1867525.18,4,{}
EV-BUR-C05153,C05153,TransUnion,718,B,2026-04-23,2,3,2686109.90,4,{}
EV-BUR-C05154,C05154,CreditInfo,760,A,2026-04-20,0,4,878745.09,1,{}
EV-BUR-C05155,C05155,TransUnion,698,B,2026-04-25,0,6,858368.96,3,{}
EV-BUR-C05156,C05156,TransUnion,834,A,2026-04-23,1,5,1493200.07,3,{}
EV-BUR-C05157,C05157,CreditInfo,727,A,2026-04-24,0,6,192133.30,0,{}
EV-BUR-C05158,C05158,Metropol,758,A,2026-04-20,2,4,2421695.21,4,{}
EV-BUR-C05159,C05159,Metropol,670,B,2026-04-26,1,5,574152.93,1,{}
EV-BUR-C05160,C05160,Metropol,467,D,2026-04-21,3,1,174749.31,1,{}
EV-BUR-C05161,C05161,Metropol,741,A,2026-04-25,2,3,1910328.70,0,{}
EV-BUR-C05162,C05162,CreditInfo,732,A,2026-04-20,1,5,692151.00,2,{}
EV-BUR-C05163,C05163,TransUnion,778,A,2026-04-20,1,5,266975.65,4,{}
EV-BUR-C05164,C05164,TransUnion,834,A,2026-04-23,0,7,2545983.62,3,{}
EV-BUR-C05165,C05165,CreditInfo,564,C,2026-04-20,1,6,3937715.36,2,{}
EV-BUR-C05166,C05166,CreditInfo,827,A,2026-04-22,2,4,3663832.44,3,{}
EV-BUR-C05167,C05167,TransUnion,616,B,2026-04-20,2,6,185771.38,3,{}
EV-BUR-C05168,C05168,CreditInfo,686,B,2026-04-21,2,3,2625218.28,2,{}
EV-BUR-C05169,C05169,TransUnion,612,B,2026-04-26,1,5,290664.10,4,{}
EV-BUR-C05170,C05170,Metropol,842,A,2026-04-20,1,3,806125.52,3,{}
EV-BUR-C05171,C05171,TransUnion,737,A,2026-04-21,2,3,2726077.09,1,{}
EV-BUR-C05172,C05172,TransUnion,605,B,2026-04-25,1,5,2132912.13,2,{}
EV-BUR-C05173,C05173,CreditInfo,547,C,2026-04-21,1,4,3552120.46,1,{}
EV-BUR-C05174,C05174,CreditInfo,654,B,2026-04-20,2,6,1677571.26,3,{}
EV-BUR-C05175,C05175,CreditInfo,671,B,2026-04-24,2,5,1750441.95,4,{}
EV-BUR-C05176,C05176,Metropol,360,E,2026-04-22,8,1,2361167.97,0,{}
EV-BUR-C05177,C05177,CreditInfo,616,B,2026-04-22,0,3,332817.94,3,{}
EV-BUR-C05178,C05178,CreditInfo,671,B,2026-04-23,1,3,427765.40,4,{}
EV-BUR-C05179,C05179,CreditInfo,642,B,2026-04-24,0,2,779876.19,2,{}
EV-BUR-C05180,C05180,TransUnion,671,B,2026-04-24,0,5,810826.82,3,{}
EV-BUR-C05181,C05181,TransUnion,849,A,2026-04-25,2,1,1385480.66,0,{}
EV-BUR-C05182,C05182,TransUnion,822,A,2026-04-26,2,1,1693264.29,0,{}
EV-BUR-C05183,C05183,Metropol,783,A,2026-04-22,0,5,1933324.82,1,{}
EV-BUR-C05184,C05184,CreditInfo,606,B,2026-04-20,1,5,639127.86,3,{}
EV-BUR-C05185,C05185,CreditInfo,837,A,2026-04-22,2,2,1531606.59,3,{}
EV-BUR-C05186,C05186,CreditInfo,738,A,2026-04-25,1,5,2497961.18,2,{}
EV-BUR-C05187,C05187,TransUnion,697,B,2026-04-20,2,3,3108217.29,3,{}
EV-BUR-C05188,C05188,TransUnion,663,B,2026-04-24,0,4,846441.81,3,{}
EV-BUR-C05189,C05189,CreditInfo,778,A,2026-04-26,1,7,179416.38,2,{}
EV-BUR-C05190,C05190,Metropol,729,A,2026-04-26,2,3,2365775.98,2,{}
EV-BUR-C05191,C05191,CreditInfo,626,B,2026-04-20,2,7,3792669.44,0,{}
EV-BUR-C05192,C05192,CreditInfo,672,B,2026-04-24,2,6,592591.05,3,{}
EV-BUR-C05193,C05193,Metropol,799,A,2026-04-24,0,7,2345749.34,0,{}
EV-BUR-C05194,C05194,Metropol,610,B,2026-04-23,2,7,215680.21,2,{}
EV-BUR-C05195,C05195,TransUnion,839,A,2026-04-23,2,2,724111.13,4,{}
EV-BUR-C05196,C05196,TransUnion,829,A,2026-04-20,1,4,210574.19,3,{}
EV-BUR-C05197,C05197,Metropol,571,C,2026-04-25,1,1,2654504.79,4,{}
EV-BUR-C05198,C05198,CreditInfo,570,C,2026-04-21,2,6,1739038.99,4,{}
EV-BUR-C05199,C05199,TransUnion,753,A,2026-04-23,2,2,2843492.86,4,{}
EV-BUR-C05200,C05200,Metropol,655,B,2026-04-21,2,1,3484000.29,4,{}
EV-BUR-C05201,C05201,Metropol,653,B,2026-04-22,2,4,2990517.73,3,{}
EV-BUR-C05202,C05202,Metropol,630,B,2026-04-21,1,4,3496766.27,3,{}
EV-BUR-C05203,C05203,Metropol,638,B,2026-04-21,2,5,1405500.11,2,{}
EV-BUR-C05204,C05204,CreditInfo,636,B,2026-04-24,2,5,3142881.66,0,{}
EV-BUR-C05205,C05205,Metropol,726,A,2026-04-24,0,5,1144222.07,4,{}
EV-BUR-C05206,C05206,Metropol,794,A,2026-04-25,0,6,2076400.63,4,{}
EV-BUR-C05207,C05207,Metropol,564,C,2026-04-24,1,4,3172905.98,3,{}
EV-BUR-C05208,C05208,CreditInfo,702,B,2026-04-24,2,3,2303037.91,2,{}
EV-BUR-C05209,C05209,TransUnion,754,A,2026-04-22,2,2,1875224.68,4,{}
EV-BUR-C05210,C05210,CreditInfo,681,B,2026-04-23,1,3,2250052.80,2,{}
EV-BUR-C05211,C05211,CreditInfo,634,B,2026-04-26,1,2,2271323.38,0,{}
EV-BUR-C05212,C05212,Metropol,568,C,2026-04-23,1,7,542243.38,3,{}
EV-BUR-C05213,C05213,Metropol,744,A,2026-04-21,1,5,3807118.59,1,{}
EV-BUR-C05214,C05214,CreditInfo,387,E,2026-04-23,6,2,203270.23,0,{}
EV-BUR-C05215,C05215,TransUnion,617,B,2026-04-21,2,4,1642097.07,3,{}
EV-BUR-C05216,C05216,CreditInfo,668,B,2026-04-22,2,7,1280529.47,2,{}
EV-BUR-C05217,C05217,CreditInfo,732,A,2026-04-20,1,5,2675349.53,3,{}
EV-BUR-C05218,C05218,CreditInfo,650,B,2026-04-21,2,1,2497980.93,3,{}
EV-BUR-C05219,C05219,Metropol,625,B,2026-04-24,1,3,545411.26,2,{}
EV-BUR-C05220,C05220,Metropol,754,A,2026-04-26,2,1,3262529.48,2,{}
EV-BUR-C05221,C05221,Metropol,554,C,2026-04-25,1,4,3431912.63,2,{}
EV-BUR-C05222,C05222,CreditInfo,651,B,2026-04-25,1,6,1904766.64,2,{}
EV-BUR-C05223,C05223,Metropol,605,B,2026-04-21,1,4,2763091.10,3,{}
EV-BUR-C05224,C05224,TransUnion,849,A,2026-04-20,0,2,1532378.76,4,{}
EV-BUR-C05225,C05225,Metropol,609,B,2026-04-21,1,3,3200188.14,2,{}
EV-BUR-C05226,C05226,TransUnion,731,A,2026-04-23,1,3,1597864.80,3,{}
EV-BUR-C05227,C05227,Metropol,791,A,2026-04-25,0,1,2973309.65,3,{}
EV-BUR-C05228,C05228,CreditInfo,701,B,2026-04-25,2,5,1848964.33,4,{}
EV-BUR-C05229,C05229,Metropol,805,A,2026-04-21,0,5,1458563.59,3,{}
EV-BUR-C05230,C05230,Metropol,837,A,2026-04-22,0,1,651892.94,1,{}
EV-BUR-C05231,C05231,TransUnion,765,A,2026-04-22,1,6,1553124.08,2,{}
EV-BUR-C05232,C05232,CreditInfo,675,B,2026-04-21,1,4,1960144.21,3,{}
EV-BUR-C05233,C05233,TransUnion,624,B,2026-04-20,2,4,3200888.62,0,{}
EV-BUR-C05234,C05234,CreditInfo,585,C,2026-04-23,0,5,879557.80,2,{}
EV-BUR-C05235,C05235,TransUnion,739,A,2026-04-24,2,7,3314262.48,4,{}
EV-BUR-C05236,C05236,CreditInfo,737,A,2026-04-22,0,7,1767546.81,3,{}
EV-BUR-C05237,C05237,Metropol,599,C,2026-04-20,0,7,657950.10,3,{}
EV-BUR-C05238,C05238,CreditInfo,791,A,2026-04-23,0,7,2907500.26,0,{}
EV-BUR-C05239,C05239,Metropol,433,D,2026-04-22,5,2,2662190.39,4,{}
EV-BUR-C05240,C05240,TransUnion,847,A,2026-04-22,2,1,539620.64,3,{}
EV-BUR-C05241,C05241,Metropol,787,A,2026-04-21,1,7,2340843.81,1,{}
EV-BUR-C05242,C05242,CreditInfo,664,B,2026-04-20,2,5,1920439.59,0,{}
EV-BUR-C05243,C05243,CreditInfo,570,C,2026-04-22,0,2,459730.49,3,{}
EV-BUR-C05244,C05244,CreditInfo,613,B,2026-04-25,0,2,3078830.09,0,{}
EV-BUR-C05245,C05245,TransUnion,609,B,2026-04-20,0,3,74879.88,0,{}
EV-BUR-C05246,C05246,TransUnion,811,A,2026-04-21,1,5,324215.50,1,{}
EV-BUR-C05247,C05247,TransUnion,697,B,2026-04-21,2,3,459431.23,3,{}
EV-BUR-C05248,C05248,TransUnion,544,C,2026-04-25,2,6,3195719.44,3,{}
EV-BUR-C05249,C05249,TransUnion,799,A,2026-04-26,0,2,3315576.04,0,{}
EV-BUR-C05250,C05250,CreditInfo,711,B,2026-04-23,2,7,2583305.45,1,{}
EV-BUR-C05251,C05251,TransUnion,419,D,2026-04-24,5,4,2582222.10,0,{}
EV-BUR-C05252,C05252,Metropol,571,C,2026-04-23,1,4,3098806.15,1,{}
EV-BUR-C05253,C05253,Metropol,541,C,2026-04-24,0,4,2611187.83,0,{}
EV-BUR-C05254,C05254,Metropol,622,B,2026-04-21,0,5,2755281.41,2,{}
EV-BUR-C05255,C05255,CreditInfo,659,B,2026-04-25,1,3,418272.45,0,{}
EV-BUR-C05256,C05256,CreditInfo,728,A,2026-04-26,2,5,3783498.92,2,{}
EV-BUR-C05257,C05257,Metropol,700,B,2026-04-20,0,4,3001217.19,4,{}
EV-BUR-C05258,C05258,CreditInfo,819,A,2026-04-24,1,6,2340974.72,0,{}
EV-BUR-C05259,C05259,Metropol,380,E,2026-04-26,6,2,3711036.20,4,{}
EV-BUR-C05260,C05260,CreditInfo,817,A,2026-04-20,2,2,2916778.32,4,{}
EV-BUR-C05261,C05261,Metropol,829,A,2026-04-22,0,3,2105482.08,1,{}
EV-BUR-C05262,C05262,Metropol,586,C,2026-04-21,2,5,159040.05,3,{}
EV-BUR-C05263,C05263,Metropol,705,B,2026-04-26,2,6,3219556.38,0,{}
EV-BUR-C05264,C05264,Metropol,614,B,2026-04-21,0,1,1815791.51,4,{}
EV-BUR-C05265,C05265,CreditInfo,846,A,2026-04-26,2,3,2408705.69,3,{}
EV-BUR-C05266,C05266,Metropol,569,C,2026-04-24,2,2,401073.42,3,{}
EV-BUR-C05267,C05267,CreditInfo,608,B,2026-04-24,2,5,1323616.88,1,{}
EV-BUR-C05268,C05268,CreditInfo,764,A,2026-04-23,0,7,1154150.86,1,{}
EV-BUR-C05269,C05269,TransUnion,761,A,2026-04-21,2,1,2357367.76,2,{}
EV-BUR-C05270,C05270,CreditInfo,849,A,2026-04-21,0,2,2691777.62,3,{}
EV-BUR-C05271,C05271,Metropol,597,C,2026-04-21,1,3,3754221.91,4,{}
EV-BUR-C05272,C05272,Metropol,582,C,2026-04-22,2,3,1819466.50,1,{}
EV-BUR-C05273,C05273,TransUnion,619,B,2026-04-20,0,5,1745888.13,4,{}
EV-BUR-C05274,C05274,CreditInfo,561,C,2026-04-21,0,3,139531.96,4,{}
EV-BUR-C05275,C05275,Metropol,621,B,2026-04-20,2,1,2794500.54,0,{}
EV-BUR-C05276,C05276,TransUnion,585,C,2026-04-25,1,5,2571676.51,0,{}
EV-BUR-C05277,C05277,Metropol,379,E,2026-04-25,9,7,1259440.70,3,{}
EV-BUR-C05278,C05278,CreditInfo,542,C,2026-04-26,2,2,714296.40,4,{}
EV-BUR-C05279,C05279,Metropol,588,C,2026-04-23,1,7,3086052.09,1,{}
EV-BUR-C05280,C05280,CreditInfo,573,C,2026-04-21,1,3,1398831.85,3,{}
EV-BUR-C05281,C05281,CreditInfo,651,B,2026-04-26,1,5,3531941.72,3,{}
EV-BUR-C05282,C05282,Metropol,603,B,2026-04-21,0,7,314481.64,3,{}
EV-BUR-C05283,C05283,CreditInfo,691,B,2026-04-22,0,5,3904921.03,4,{}
EV-BUR-C05284,C05284,TransUnion,655,B,2026-04-22,1,7,3182150.47,2,{}
EV-BUR-C05285,C05285,Metropol,719,B,2026-04-23,2,2,3402959.17,0,{}
EV-BUR-C05286,C05286,CreditInfo,814,A,2026-04-21,1,1,1208595.43,4,{}
EV-BUR-C05287,C05287,Metropol,778,A,2026-04-24,1,1,3314186.20,4,{}
EV-BUR-C05288,C05288,TransUnion,742,A,2026-04-21,1,1,3917821.36,2,{}
EV-BUR-C05289,C05289,TransUnion,703,B,2026-04-24,0,5,2094183.49,0,{}
EV-BUR-C05290,C05290,CreditInfo,745,A,2026-04-26,1,3,1948514.04,3,{}
EV-BUR-C05291,C05291,TransUnion,807,A,2026-04-26,0,5,3182399.47,4,{}
EV-BUR-C05292,C05292,CreditInfo,550,C,2026-04-26,2,3,981952.51,3,{}
EV-BUR-C05293,C05293,Metropol,343,E,2026-04-20,4,5,466307.26,2,{}
EV-BUR-C05294,C05294,Metropol,629,B,2026-04-25,0,2,3603976.83,3,{}
EV-BUR-C05295,C05295,Metropol,446,D,2026-04-25,5,4,1473401.48,2,{}
EV-BUR-C05296,C05296,CreditInfo,607,B,2026-04-20,1,4,2747012.17,0,{}
EV-BUR-C05297,C05297,TransUnion,568,C,2026-04-22,0,2,1440997.56,2,{}
EV-BUR-C05298,C05298,TransUnion,647,B,2026-04-24,0,7,635116.42,4,{}
EV-BUR-C05299,C05299,TransUnion,836,A,2026-04-22,2,7,3440279.59,0,{}
EV-BUR-C05300,C05300,CreditInfo,558,C,2026-04-22,2,1,2598649.15,2,{}
EV-BUR-C05301,C05301,CreditInfo,761,A,2026-04-21,2,3,1785609.64,2,{}
EV-BUR-C05302,C05302,CreditInfo,839,A,2026-04-20,2,1,2252466.50,1,{}
EV-BUR-C05303,C05303,Metropol,641,B,2026-04-21,0,5,1984852.32,2,{}
EV-BUR-C05304,C05304,CreditInfo,399,E,2026-04-24,9,3,2976709.10,2,{}
EV-BUR-C05305,C05305,Metropol,809,A,2026-04-24,1,4,3137901.66,2,{}
EV-BUR-C05306,C05306,Metropol,616,B,2026-04-26,1,5,2791080.70,4,{}
EV-BUR-C05307,C05307,Metropol,757,A,2026-04-23,1,6,278543.37,3,{}
EV-BUR-C05308,C05308,CreditInfo,649,B,2026-04-21,0,7,1603683.85,0,{}
EV-BUR-C05309,C05309,TransUnion,544,C,2026-04-22,0,2,3484263.14,0,{}
EV-BUR-C05310,C05310,TransUnion,771,A,2026-04-21,2,7,2898038.32,0,{}
EV-BUR-C05311,C05311,Metropol,541,C,2026-04-23,0,1,2627415.55,0,{}
EV-BUR-C05312,C05312,Metropol,818,A,2026-04-25,1,6,2302006.67,0,{}
EV-BUR-C05313,C05313,Metropol,700,B,2026-04-26,1,6,3794166.88,1,{}
EV-BUR-C05314,C05314,Metropol,664,B,2026-04-26,0,4,2111311.02,0,{}
EV-BUR-C05315,C05315,TransUnion,756,A,2026-04-24,1,1,2647748.10,3,{}
EV-BUR-C05316,C05316,Metropol,756,A,2026-04-24,0,6,1136728.16,1,{}
EV-BUR-C05317,C05317,TransUnion,617,B,2026-04-25,2,5,1676995.64,2,{}
EV-BUR-C05318,C05318,TransUnion,544,C,2026-04-23,0,3,468574.35,1,{}
EV-BUR-C05319,C05319,Metropol,623,B,2026-04-21,2,7,2076775.72,0,{}
EV-BUR-C05320,C05320,CreditInfo,544,C,2026-04-21,0,1,1703504.71,1,{}
EV-BUR-C05321,C05321,TransUnion,846,A,2026-04-26,0,3,1010292.44,2,{}
EV-BUR-C05322,C05322,Metropol,618,B,2026-04-26,0,6,1947409.76,1,{}
EV-BUR-C05323,C05323,CreditInfo,842,A,2026-04-24,0,2,880989.55,2,{}
EV-BUR-C05324,C05324,Metropol,620,B,2026-04-20,0,7,1618647.57,3,{}
EV-BUR-C05325,C05325,Metropol,698,B,2026-04-20,1,1,743998.63,3,{}
EV-BUR-C05326,C05326,CreditInfo,595,C,2026-04-26,2,6,183894.29,4,{}
EV-BUR-C05327,C05327,Metropol,618,B,2026-04-23,2,7,2961553.08,0,{}
EV-BUR-C05328,C05328,CreditInfo,673,B,2026-04-20,2,5,3820147.07,0,{}
EV-BUR-C05329,C05329,Metropol,672,B,2026-04-26,2,7,1725865.33,3,{}
EV-BUR-C05330,C05330,TransUnion,791,A,2026-04-24,0,5,2974094.80,4,{}
EV-BUR-C05331,C05331,Metropol,791,A,2026-04-25,1,5,2288403.59,1,{}
EV-BUR-C05332,C05332,Metropol,400,D,2026-04-20,7,1,3422038.31,4,{}
EV-BUR-C05333,C05333,CreditInfo,737,A,2026-04-23,0,1,3968973.18,2,{}
EV-BUR-C05334,C05334,CreditInfo,645,B,2026-04-23,2,7,782239.97,1,{}
EV-BUR-C05335,C05335,TransUnion,618,B,2026-04-26,2,3,2782095.65,2,{}
EV-BUR-C05336,C05336,CreditInfo,742,A,2026-04-23,1,4,2465792.79,2,{}
EV-BUR-C05337,C05337,TransUnion,625,B,2026-04-24,2,5,3914846.99,2,{}
EV-BUR-C05338,C05338,TransUnion,656,B,2026-04-20,2,1,89605.00,0,{}
EV-BUR-C05339,C05339,CreditInfo,618,B,2026-04-25,1,7,2044266.78,1,{}
EV-BUR-C05340,C05340,Metropol,326,E,2026-04-22,4,7,3047931.33,0,{}
EV-BUR-C05341,C05341,Metropol,800,A,2026-04-26,2,2,881432.37,3,{}
EV-BUR-C05342,C05342,TransUnion,659,B,2026-04-23,2,2,3264828.49,4,{}
EV-BUR-C05343,C05343,Metropol,658,B,2026-04-22,1,5,2633084.30,1,{}
EV-BUR-C05344,C05344,Metropol,705,B,2026-04-26,1,7,3153888.89,4,{}
EV-BUR-C05345,C05345,CreditInfo,483,D,2026-04-23,9,4,2194787.57,2,{}
EV-BUR-C05346,C05346,Metropol,650,B,2026-04-24,2,3,1376782.12,2,{}
EV-BUR-C05347,C05347,Metropol,782,A,2026-04-25,2,6,3778085.34,2,{}
EV-BUR-C05348,C05348,TransUnion,760,A,2026-04-23,1,4,891963.43,4,{}
EV-BUR-C05349,C05349,TransUnion,810,A,2026-04-20,1,7,145257.73,2,{}
EV-BUR-C05350,C05350,Metropol,748,A,2026-04-26,0,3,111032.27,1,{}
EV-BUR-C05351,C05351,CreditInfo,835,A,2026-04-23,2,3,1624242.92,3,{}
EV-BUR-C05352,C05352,CreditInfo,640,B,2026-04-24,2,2,2006776.12,4,{}
EV-BUR-C05353,C05353,CreditInfo,545,C,2026-04-21,0,3,981978.81,3,{}
EV-BUR-C05354,C05354,Metropol,601,B,2026-04-25,2,6,1934485.29,2,{}
EV-BUR-C05355,C05355,CreditInfo,780,A,2026-04-23,2,3,2312909.83,0,{}
EV-BUR-C05356,C05356,TransUnion,584,C,2026-04-25,2,4,3086474.87,4,{}
EV-BUR-C05357,C05357,TransUnion,571,C,2026-04-20,2,1,1472540.80,0,{}
EV-BUR-C05358,C05358,Metropol,655,B,2026-04-23,0,1,2289549.25,1,{}
EV-BUR-C05359,C05359,CreditInfo,480,D,2026-04-25,7,3,2743532.51,2,{}
EV-BUR-C05360,C05360,CreditInfo,552,C,2026-04-23,1,6,1963345.34,2,{}
EV-BUR-C05361,C05361,TransUnion,796,A,2026-04-22,0,1,320104.67,1,{}
EV-BUR-C05362,C05362,TransUnion,722,A,2026-04-20,0,2,1098947.04,0,{}
EV-BUR-C05363,C05363,TransUnion,642,B,2026-04-25,1,2,2742085.19,1,{}
EV-BUR-C05364,C05364,CreditInfo,826,A,2026-04-26,0,2,3046002.72,3,{}
EV-BUR-C05365,C05365,CreditInfo,565,C,2026-04-20,2,3,447201.46,2,{}
EV-BUR-C05366,C05366,TransUnion,744,A,2026-04-20,0,3,3986557.85,4,{}
EV-BUR-C05367,C05367,TransUnion,811,A,2026-04-25,2,7,296285.00,1,{}
EV-BUR-C05368,C05368,TransUnion,809,A,2026-04-25,0,7,888942.42,1,{}
EV-BUR-C05369,C05369,CreditInfo,369,E,2026-04-24,3,1,3301361.44,0,{}
EV-BUR-C05370,C05370,CreditInfo,585,C,2026-04-25,0,5,221773.28,0,{}
EV-BUR-C05371,C05371,TransUnion,826,A,2026-04-21,2,2,2533810.72,2,{}
EV-BUR-C05372,C05372,CreditInfo,767,A,2026-04-24,2,7,2206438.66,1,{}
EV-BUR-C05373,C05373,TransUnion,798,A,2026-04-25,0,7,693254.69,2,{}
EV-BUR-C05374,C05374,CreditInfo,361,E,2026-04-25,9,6,833823.18,0,{}
EV-BUR-C05375,C05375,Metropol,542,C,2026-04-22,1,2,1670063.86,1,{}
EV-BUR-C05376,C05376,TransUnion,738,A,2026-04-26,0,6,3284111.98,1,{}
EV-BUR-C05377,C05377,Metropol,626,B,2026-04-23,2,3,506207.88,1,{}
EV-BUR-C05378,C05378,CreditInfo,677,B,2026-04-20,0,2,1309526.63,3,{}
EV-BUR-C05379,C05379,Metropol,644,B,2026-04-23,1,7,2624801.16,0,{}
EV-BUR-C05380,C05380,TransUnion,401,D,2026-04-24,8,6,737945.56,2,{}
EV-BUR-C05381,C05381,CreditInfo,846,A,2026-04-24,2,5,3626882.86,0,{}
EV-BUR-C05382,C05382,Metropol,841,A,2026-04-22,0,5,3505059.04,1,{}
EV-BUR-C05383,C05383,CreditInfo,609,B,2026-04-25,2,1,3849302.79,0,{}
EV-BUR-C05384,C05384,TransUnion,766,A,2026-04-25,0,2,2309833.04,2,{}
EV-BUR-C05385,C05385,Metropol,777,A,2026-04-26,0,1,2328213.67,2,{}
EV-BUR-C05386,C05386,TransUnion,784,A,2026-04-23,0,3,3108520.82,4,{}
EV-BUR-C05387,C05387,Metropol,741,A,2026-04-26,2,7,3638440.71,3,{}
EV-BUR-C05388,C05388,Metropol,659,B,2026-04-24,0,3,946984.62,1,{}
EV-BUR-C05389,C05389,CreditInfo,758,A,2026-04-22,2,5,1934353.56,4,{}
EV-BUR-C05390,C05390,TransUnion,809,A,2026-04-22,0,6,2540062.45,0,{}
EV-BUR-C05391,C05391,CreditInfo,840,A,2026-04-23,2,7,3618476.15,0,{}
EV-BUR-C05392,C05392,Metropol,748,A,2026-04-21,0,1,3618508.49,2,{}
EV-BUR-C05393,C05393,Metropol,789,A,2026-04-24,1,3,724807.27,4,{}
EV-BUR-C05394,C05394,CreditInfo,715,B,2026-04-22,2,4,1071742.00,0,{}
EV-BUR-C05395,C05395,CreditInfo,761,A,2026-04-24,0,6,1892236.59,2,{}
EV-BUR-C05396,C05396,CreditInfo,694,B,2026-04-22,0,2,758706.44,3,{}
EV-BUR-C05397,C05397,Metropol,667,B,2026-04-22,0,5,2574624.19,0,{}
EV-BUR-C05398,C05398,Metropol,735,A,2026-04-21,2,6,1461699.20,3,{}
EV-BUR-C05399,C05399,CreditInfo,728,A,2026-04-21,2,7,1352740.20,2,{}
EV-BUR-C05400,C05400,TransUnion,585,C,2026-04-24,1,3,226889.53,1,{}
EV-BUR-C05401,C05401,Metropol,579,C,2026-04-22,1,6,3274015.49,1,{}
EV-BUR-C05402,C05402,Metropol,817,A,2026-04-24,1,2,1301406.82,2,{}
EV-BUR-C05403,C05403,TransUnion,847,A,2026-04-24,2,2,118279.53,4,{}
EV-BUR-C05404,C05404,CreditInfo,728,A,2026-04-21,2,1,1322987.21,4,{}
EV-BUR-C05405,C05405,CreditInfo,693,B,2026-04-24,0,6,2301266.64,0,{}
EV-BUR-C05406,C05406,TransUnion,716,B,2026-04-26,1,7,3648749.58,4,{}
EV-BUR-C05407,C05407,CreditInfo,829,A,2026-04-21,0,4,1403381.68,3,{}
EV-BUR-C05408,C05408,Metropol,568,C,2026-04-23,2,1,2025204.35,4,{}
EV-BUR-C05409,C05409,CreditInfo,563,C,2026-04-23,1,3,2268409.48,3,{}
EV-BUR-C05410,C05410,Metropol,759,A,2026-04-26,2,5,2233120.63,0,{}
EV-BUR-C05411,C05411,CreditInfo,553,C,2026-04-22,1,2,1237313.92,1,{}
EV-BUR-C05412,C05412,CreditInfo,591,C,2026-04-26,0,1,1780889.64,1,{}
EV-BUR-C05413,C05413,Metropol,837,A,2026-04-21,2,3,2310788.37,0,{}
EV-BUR-C05414,C05414,TransUnion,374,E,2026-04-23,6,3,3897703.96,1,{}
EV-BUR-C05415,C05415,CreditInfo,644,B,2026-04-24,1,2,2302394.61,3,{}
EV-BUR-C05416,C05416,CreditInfo,793,A,2026-04-26,1,1,159927.22,4,{}
EV-BUR-C05417,C05417,CreditInfo,801,A,2026-04-26,0,3,2860174.29,4,{}
EV-BUR-C05418,C05418,TransUnion,783,A,2026-04-22,1,6,715437.96,3,{}
EV-BUR-C05419,C05419,TransUnion,686,B,2026-04-21,2,1,2801423.35,1,{}
EV-BUR-C05420,C05420,Metropol,565,C,2026-04-23,0,5,983225.42,4,{}
EV-BUR-C05421,C05421,TransUnion,750,A,2026-04-22,0,4,2894493.34,1,{}
EV-BUR-C05422,C05422,TransUnion,783,A,2026-04-22,2,4,3745903.26,3,{}
EV-BUR-C05423,C05423,TransUnion,658,B,2026-04-20,0,1,2739187.79,1,{}
EV-BUR-C05424,C05424,CreditInfo,841,A,2026-04-25,0,1,3600014.50,1,{}
EV-BUR-C05425,C05425,CreditInfo,772,A,2026-04-24,1,3,1922103.66,3,{}
EV-BUR-C05426,C05426,CreditInfo,582,C,2026-04-25,0,3,2618082.32,4,{}
EV-BUR-C05427,C05427,CreditInfo,821,A,2026-04-24,1,3,2280927.02,4,{}
EV-BUR-C05428,C05428,TransUnion,828,A,2026-04-21,1,4,2651771.65,2,{}
EV-BUR-C05429,C05429,Metropol,798,A,2026-04-26,1,2,1447672.14,1,{}
EV-BUR-C05430,C05430,Metropol,597,C,2026-04-25,0,5,3544977.80,2,{}
EV-BUR-C05431,C05431,TransUnion,368,E,2026-04-20,9,4,2407926.67,3,{}
EV-BUR-C05432,C05432,TransUnion,818,A,2026-04-23,2,2,2186514.57,0,{}
EV-BUR-C05433,C05433,Metropol,665,B,2026-04-25,2,6,1501384.59,1,{}
EV-BUR-C05434,C05434,CreditInfo,642,B,2026-04-22,1,5,3539394.74,0,{}
EV-BUR-C05435,C05435,CreditInfo,588,C,2026-04-20,0,5,3353321.34,4,{}
EV-BUR-C05436,C05436,TransUnion,785,A,2026-04-23,1,7,2089483.21,0,{}
EV-BUR-C05437,C05437,CreditInfo,796,A,2026-04-24,2,6,1554076.65,3,{}
EV-BUR-C05438,C05438,CreditInfo,718,B,2026-04-26,0,7,3301168.20,1,{}
EV-BUR-C05439,C05439,CreditInfo,496,D,2026-04-20,5,6,3896452.82,3,{}
EV-BUR-C05440,C05440,CreditInfo,632,B,2026-04-23,1,7,3286718.89,4,{}
EV-BUR-C05441,C05441,CreditInfo,451,D,2026-04-25,4,1,147968.03,2,{}
EV-BUR-C05442,C05442,TransUnion,326,E,2026-04-24,5,2,3653873.23,0,{}
EV-BUR-C05443,C05443,TransUnion,802,A,2026-04-24,1,7,3068531.27,0,{}
EV-BUR-C05444,C05444,CreditInfo,668,B,2026-04-21,1,5,3260746.54,1,{}
EV-BUR-C05445,C05445,CreditInfo,849,A,2026-04-22,2,6,2683627.33,3,{}
EV-BUR-C05446,C05446,TransUnion,614,B,2026-04-26,0,5,2066289.39,2,{}
EV-BUR-C05447,C05447,CreditInfo,621,B,2026-04-23,1,6,2038370.31,3,{}
EV-BUR-C05448,C05448,Metropol,817,A,2026-04-23,1,4,3495225.96,3,{}
EV-BUR-C05449,C05449,CreditInfo,592,C,2026-04-21,2,5,1026897.42,4,{}
EV-BUR-C05450,C05450,CreditInfo,690,B,2026-04-25,1,1,3618843.49,2,{}
EV-BUR-C05451,C05451,TransUnion,598,C,2026-04-22,0,5,752307.37,2,{}
EV-BUR-C05452,C05452,CreditInfo,668,B,2026-04-25,2,3,87658.35,4,{}
EV-BUR-C05453,C05453,CreditInfo,740,A,2026-04-25,1,1,634720.58,0,{}
EV-BUR-C05454,C05454,CreditInfo,678,B,2026-04-24,1,4,3619338.51,3,{}
EV-BUR-C05455,C05455,CreditInfo,771,A,2026-04-26,2,4,2971123.33,2,{}
EV-BUR-C05456,C05456,CreditInfo,638,B,2026-04-26,1,3,3559602.65,0,{}
EV-BUR-C05457,C05457,TransUnion,751,A,2026-04-21,0,3,3160658.75,2,{}
EV-BUR-C05458,C05458,CreditInfo,608,B,2026-04-26,1,3,2892773.65,3,{}
EV-BUR-C05459,C05459,Metropol,791,A,2026-04-21,2,2,924267.13,1,{}
EV-BUR-C05460,C05460,CreditInfo,625,B,2026-04-21,2,6,919405.41,0,{}
EV-BUR-C05461,C05461,CreditInfo,804,A,2026-04-25,0,6,3900586.44,1,{}
EV-BUR-C05462,C05462,TransUnion,820,A,2026-04-22,0,5,1299923.29,0,{}
EV-BUR-C05463,C05463,TransUnion,757,A,2026-04-25,2,3,401836.28,3,{}
EV-BUR-C05464,C05464,CreditInfo,701,B,2026-04-25,0,6,883360.34,4,{}
EV-BUR-C05465,C05465,Metropol,611,B,2026-04-23,0,4,2187748.55,3,{}
EV-BUR-C05466,C05466,TransUnion,771,A,2026-04-23,1,4,2879509.30,1,{}
EV-BUR-C05467,C05467,Metropol,764,A,2026-04-25,1,4,2879314.55,3,{}
EV-BUR-C05468,C05468,CreditInfo,794,A,2026-04-20,1,1,720076.93,4,{}
EV-BUR-C05469,C05469,TransUnion,816,A,2026-04-20,2,4,3649389.18,2,{}
EV-BUR-C05470,C05470,CreditInfo,549,C,2026-04-22,1,6,3614317.18,0,{}
EV-BUR-C05471,C05471,CreditInfo,380,E,2026-04-22,8,6,3715851.68,0,{}
EV-BUR-C05472,C05472,CreditInfo,706,B,2026-04-20,1,5,1965187.52,3,{}
EV-BUR-C05473,C05473,TransUnion,599,C,2026-04-20,0,3,3973886.65,0,{}
EV-BUR-C05474,C05474,CreditInfo,475,D,2026-04-25,3,7,2209300.53,1,{}
EV-BUR-C05475,C05475,CreditInfo,735,A,2026-04-25,1,6,896883.26,2,{}
EV-BUR-C05476,C05476,CreditInfo,846,A,2026-04-24,2,4,2539600.31,1,{}
EV-BUR-C05477,C05477,CreditInfo,845,A,2026-04-20,2,4,2631895.72,2,{}
EV-BUR-C05478,C05478,TransUnion,580,C,2026-04-25,0,3,3801726.38,2,{}
EV-BUR-C05479,C05479,CreditInfo,286,E,2026-04-25,9,7,3189486.26,4,{}
EV-BUR-C05480,C05480,TransUnion,694,B,2026-04-22,0,2,2941601.72,3,{}
EV-BUR-C05481,C05481,Metropol,660,B,2026-04-23,1,2,2628661.04,3,{}
EV-BUR-C05482,C05482,Metropol,659,B,2026-04-20,1,5,1451420.73,0,{}
EV-BUR-C05483,C05483,TransUnion,803,A,2026-04-21,1,6,3476927.06,2,{}
EV-BUR-C05484,C05484,Metropol,596,C,2026-04-22,0,1,2813223.17,3,{}
EV-BUR-C05485,C05485,CreditInfo,280,E,2026-04-20,8,7,2085254.05,3,{}
EV-BUR-C05486,C05486,TransUnion,542,C,2026-04-23,0,7,3067370.53,1,{}
EV-BUR-C05487,C05487,CreditInfo,541,C,2026-04-21,2,2,3773809.23,1,{}
EV-BUR-C05488,C05488,Metropol,768,A,2026-04-22,2,1,2599182.01,3,{}
EV-BUR-C05489,C05489,Metropol,725,A,2026-04-21,0,3,3452632.44,2,{}
EV-BUR-C05490,C05490,Metropol,627,B,2026-04-24,2,3,646105.47,1,{}
EV-BUR-C05491,C05491,CreditInfo,608,B,2026-04-21,0,3,2716502.20,3,{}
EV-BUR-C05492,C05492,Metropol,632,B,2026-04-20,2,7,3227770.69,1,{}
EV-BUR-C05493,C05493,Metropol,601,B,2026-04-26,2,2,629146.08,1,{}
EV-BUR-C05494,C05494,Metropol,835,A,2026-04-20,0,6,3203748.62,0,{}
EV-BUR-C05495,C05495,Metropol,473,D,2026-04-23,9,2,2257135.09,2,{}
EV-BUR-C05496,C05496,TransUnion,693,B,2026-04-26,1,2,2229491.90,3,{}
EV-BUR-C05497,C05497,TransUnion,660,B,2026-04-26,2,6,2829825.89,3,{}
EV-BUR-C05498,C05498,CreditInfo,674,B,2026-04-26,0,3,3243895.05,3,{}
EV-BUR-C05499,C05499,TransUnion,751,A,2026-04-22,2,7,3238516.24,4,{}
EV-BUR-C05500,C05500,CreditInfo,455,D,2026-04-26,8,5,604217.74,3,{}
EV-BUR-C05501,C05501,CreditInfo,432,D,2026-04-21,8,5,3002963.47,3,{}
EV-BUR-C05502,C05502,TransUnion,754,A,2026-04-22,1,7,3215310.30,3,{}
EV-BUR-C05503,C05503,TransUnion,777,A,2026-04-25,0,3,294127.11,2,{}
EV-BUR-C05504,C05504,CreditInfo,797,A,2026-04-23,2,7,3793344.21,3,{}
EV-BUR-C05505,C05505,TransUnion,747,A,2026-04-23,1,5,1775720.68,2,{}
EV-BUR-C05506,C05506,CreditInfo,600,B,2026-04-26,0,1,3890148.84,1,{}
EV-BUR-C05507,C05507,CreditInfo,680,B,2026-04-21,2,7,1791888.81,0,{}
EV-BUR-C05508,C05508,Metropol,850,A,2026-04-21,2,7,2101574.80,3,{}
EV-BUR-C05509,C05509,Metropol,688,B,2026-04-21,2,2,1181170.60,4,{}
EV-BUR-C05510,C05510,Metropol,574,C,2026-04-25,2,2,375950.65,3,{}
EV-BUR-C05511,C05511,CreditInfo,796,A,2026-04-20,2,3,666983.73,2,{}
EV-BUR-C05512,C05512,CreditInfo,795,A,2026-04-22,1,6,3478946.30,2,{}
EV-BUR-C05513,C05513,CreditInfo,701,B,2026-04-26,1,5,1516429.47,4,{}
EV-BUR-C05514,C05514,CreditInfo,431,D,2026-04-26,4,1,3653314.00,4,{}
EV-BUR-C05515,C05515,TransUnion,716,B,2026-04-24,1,6,1483529.53,3,{}
EV-BUR-C05516,C05516,Metropol,296,E,2026-04-22,4,4,2919326.98,3,{}
EV-BUR-C05517,C05517,Metropol,647,B,2026-04-20,0,4,2681204.16,1,{}
EV-BUR-C05518,C05518,CreditInfo,805,A,2026-04-20,2,7,678628.56,2,{}
EV-BUR-C05519,C05519,CreditInfo,796,A,2026-04-25,1,5,801514.36,4,{}
EV-BUR-C05520,C05520,Metropol,656,B,2026-04-21,1,4,877865.55,0,{}
EV-BUR-C05521,C05521,Metropol,460,D,2026-04-25,7,3,3794693.97,3,{}
EV-BUR-C05522,C05522,Metropol,673,B,2026-04-26,1,2,2133877.81,0,{}
EV-BUR-C05523,C05523,CreditInfo,609,B,2026-04-23,0,6,3217804.44,3,{}
EV-BUR-C05524,C05524,Metropol,616,B,2026-04-26,2,1,551220.56,2,{}
EV-BUR-C05525,C05525,Metropol,661,B,2026-04-22,2,5,1700963.09,4,{}
EV-BUR-C05526,C05526,TransUnion,618,B,2026-04-24,0,7,1970942.38,1,{}
EV-BUR-C05527,C05527,Metropol,795,A,2026-04-23,0,4,1168926.34,2,{}
EV-BUR-C05528,C05528,TransUnion,850,A,2026-04-23,2,7,408027.80,2,{}
EV-BUR-C05529,C05529,TransUnion,779,A,2026-04-26,2,1,3919597.71,4,{}
EV-BUR-C05530,C05530,Metropol,800,A,2026-04-20,2,5,1244764.24,4,{}
EV-BUR-C05531,C05531,TransUnion,644,B,2026-04-22,1,3,926961.78,1,{}
EV-BUR-C05532,C05532,TransUnion,829,A,2026-04-23,1,7,968647.75,1,{}
EV-BUR-C05533,C05533,CreditInfo,624,B,2026-04-21,0,7,2932670.48,4,{}
EV-BUR-C05534,C05534,TransUnion,664,B,2026-04-21,1,5,2182620.10,4,{}
EV-BUR-C05535,C05535,Metropol,554,C,2026-04-20,0,3,3281012.90,2,{}
EV-BUR-C05536,C05536,Metropol,734,A,2026-04-24,0,2,3272287.46,4,{}
EV-BUR-C05537,C05537,CreditInfo,639,B,2026-04-21,2,3,3436662.90,3,{}
EV-BUR-C05538,C05538,CreditInfo,577,C,2026-04-20,0,5,532190.66,3,{}
EV-BUR-C05539,C05539,CreditInfo,568,C,2026-04-23,1,1,1929513.48,3,{}
EV-BUR-C05540,C05540,Metropol,638,B,2026-04-24,2,4,3116863.00,3,{}
EV-BUR-C05541,C05541,Metropol,590,C,2026-04-26,1,3,1836630.35,2,{}
EV-BUR-C05542,C05542,Metropol,663,B,2026-04-21,1,2,2997809.44,4,{}
EV-BUR-C05543,C05543,TransUnion,409,D,2026-04-26,9,4,1201057.06,4,{}
EV-BUR-C05544,C05544,CreditInfo,674,B,2026-04-20,1,5,2356650.86,3,{}
EV-BUR-C05545,C05545,TransUnion,631,B,2026-04-23,1,6,312669.80,0,{}
EV-BUR-C05546,C05546,TransUnion,651,B,2026-04-23,2,2,640138.13,2,{}
EV-BUR-C05547,C05547,CreditInfo,736,A,2026-04-22,0,3,2177362.07,1,{}
EV-BUR-C05548,C05548,Metropol,783,A,2026-04-25,0,1,3692373.80,4,{}
EV-BUR-C05549,C05549,CreditInfo,729,A,2026-04-22,1,1,2081379.60,0,{}
EV-BUR-C05550,C05550,CreditInfo,749,A,2026-04-20,2,1,3393418.55,2,{}
EV-BUR-C05551,C05551,TransUnion,588,C,2026-04-20,2,4,148488.24,4,{}
EV-BUR-C05552,C05552,CreditInfo,485,D,2026-04-23,7,5,1838819.87,0,{}
EV-BUR-C05553,C05553,TransUnion,678,B,2026-04-25,0,4,922313.07,1,{}
EV-BUR-C05554,C05554,TransUnion,580,C,2026-04-25,1,4,2842179.00,0,{}
EV-BUR-C05555,C05555,Metropol,668,B,2026-04-21,0,2,3340893.77,0,{}
EV-BUR-C05556,C05556,CreditInfo,671,B,2026-04-25,1,6,1756231.79,0,{}
EV-BUR-C05557,C05557,TransUnion,695,B,2026-04-20,2,3,916439.00,3,{}
EV-BUR-C05558,C05558,Metropol,769,A,2026-04-26,1,2,1626553.56,2,{}
EV-BUR-C05559,C05559,Metropol,850,A,2026-04-20,0,7,3869039.79,3,{}
EV-BUR-C05560,C05560,CreditInfo,653,B,2026-04-25,0,1,2818663.86,4,{}
EV-BUR-C05561,C05561,CreditInfo,717,B,2026-04-26,2,2,2880220.71,0,{}
EV-BUR-C05562,C05562,Metropol,675,B,2026-04-21,1,4,699065.73,4,{}
EV-BUR-C05563,C05563,CreditInfo,784,A,2026-04-20,0,1,3547338.12,0,{}
EV-BUR-C05564,C05564,CreditInfo,635,B,2026-04-24,1,3,3111041.40,4,{}
EV-BUR-C05565,C05565,TransUnion,751,A,2026-04-26,0,5,3332737.50,1,{}
EV-BUR-C05566,C05566,CreditInfo,713,B,2026-04-20,1,1,882729.45,1,{}
EV-BUR-C05567,C05567,TransUnion,720,A,2026-04-24,1,7,250984.44,3,{}
EV-BUR-C05568,C05568,Metropol,552,C,2026-04-20,0,1,635087.67,3,{}
EV-BUR-C05569,C05569,Metropol,605,B,2026-04-21,1,5,2165819.43,0,{}
EV-BUR-C05570,C05570,TransUnion,761,A,2026-04-23,2,3,951583.65,0,{}
EV-BUR-C05571,C05571,CreditInfo,766,A,2026-04-24,0,1,1717557.01,2,{}
EV-BUR-C05572,C05572,TransUnion,772,A,2026-04-26,2,7,715081.41,4,{}
EV-BUR-C05573,C05573,TransUnion,713,B,2026-04-22,0,2,1186356.33,1,{}
EV-BUR-C05574,C05574,TransUnion,643,B,2026-04-24,0,3,1481739.97,1,{}
EV-BUR-C05575,C05575,Metropol,797,A,2026-04-20,0,5,429901.84,4,{}
EV-BUR-C05576,C05576,TransUnion,606,B,2026-04-24,1,1,1599774.06,2,{}
EV-BUR-C05577,C05577,TransUnion,739,A,2026-04-23,1,3,2084988.90,3,{}
EV-BUR-C05578,C05578,Metropol,544,C,2026-04-22,2,4,296820.58,2,{}
EV-BUR-C05579,C05579,TransUnion,318,E,2026-04-20,9,6,3421158.30,4,{}
EV-BUR-C05580,C05580,TransUnion,590,C,2026-04-26,2,4,2223192.01,4,{}
EV-BUR-C05581,C05581,TransUnion,678,B,2026-04-20,2,2,3212613.80,1,{}
EV-BUR-C05582,C05582,CreditInfo,664,B,2026-04-20,1,7,1009743.74,4,{}
EV-BUR-C05583,C05583,Metropol,507,C,2026-04-23,5,1,990172.28,2,{}
EV-BUR-C05584,C05584,CreditInfo,350,E,2026-04-25,3,7,1867299.89,2,{}
EV-BUR-C05585,C05585,TransUnion,766,A,2026-04-21,2,4,517034.02,1,{}
EV-BUR-C05586,C05586,Metropol,821,A,2026-04-21,2,1,3098952.35,3,{}
EV-BUR-C05587,C05587,TransUnion,805,A,2026-04-23,0,5,3855666.57,3,{}
EV-BUR-C05588,C05588,TransUnion,657,B,2026-04-26,2,6,2844073.87,0,{}
EV-BUR-C05589,C05589,CreditInfo,701,B,2026-04-20,0,4,628295.77,0,{}
EV-BUR-C05590,C05590,Metropol,778,A,2026-04-24,0,5,898654.35,3,{}
EV-BUR-C05591,C05591,TransUnion,826,A,2026-04-21,2,5,824819.46,0,{}
EV-BUR-C05592,C05592,Metropol,813,A,2026-04-23,1,5,2923189.81,3,{}
EV-BUR-C05593,C05593,CreditInfo,574,C,2026-04-23,1,3,2899052.31,0,{}
EV-BUR-C05594,C05594,TransUnion,693,B,2026-04-24,2,3,2053863.27,2,{}
EV-BUR-C05595,C05595,TransUnion,684,B,2026-04-26,1,4,569919.72,4,{}
EV-BUR-C05596,C05596,CreditInfo,797,A,2026-04-22,2,3,265318.17,1,{}
EV-BUR-C05597,C05597,Metropol,708,B,2026-04-24,2,6,2033819.22,3,{}
EV-BUR-C05598,C05598,Metropol,669,B,2026-04-20,2,1,825371.26,1,{}
EV-BUR-C05599,C05599,CreditInfo,576,C,2026-04-23,2,5,1457003.44,1,{}
EV-BUR-C05600,C05600,Metropol,575,C,2026-04-20,1,2,1783393.51,1,{}
EV-BUR-C05601,C05601,CreditInfo,758,A,2026-04-24,2,6,1040033.04,2,{}
EV-BUR-C05602,C05602,TransUnion,772,A,2026-04-22,1,7,989112.68,2,{}
EV-BUR-C05603,C05603,Metropol,283,E,2026-04-21,4,3,67975.71,0,{}
EV-BUR-C05604,C05604,Metropol,693,B,2026-04-25,2,1,3271810.63,1,{}
EV-BUR-C05605,C05605,TransUnion,718,B,2026-04-26,2,4,784815.61,1,{}
EV-BUR-C05606,C05606,CreditInfo,638,B,2026-04-22,2,1,619130.98,4,{}
EV-BUR-C05607,C05607,Metropol,632,B,2026-04-25,1,2,963793.24,1,{}
EV-BUR-C05608,C05608,Metropol,675,B,2026-04-24,2,3,1258239.86,1,{}
EV-BUR-C05609,C05609,CreditInfo,592,C,2026-04-26,0,2,1806432.73,2,{}
EV-BUR-C05610,C05610,TransUnion,619,B,2026-04-23,0,6,2751398.27,2,{}
EV-BUR-C05611,C05611,CreditInfo,484,D,2026-04-26,3,7,1609636.65,1,{}
EV-BUR-C05612,C05612,CreditInfo,561,C,2026-04-22,2,1,2823415.70,4,{}
EV-BUR-C05613,C05613,Metropol,551,C,2026-04-25,1,5,1598601.18,3,{}
EV-BUR-C05614,C05614,TransUnion,618,B,2026-04-23,1,2,1076114.96,0,{}
EV-BUR-C05615,C05615,CreditInfo,550,C,2026-04-22,0,6,3319761.33,4,{}
EV-BUR-C05616,C05616,Metropol,666,B,2026-04-20,1,6,673054.68,1,{}
EV-BUR-C05617,C05617,CreditInfo,763,A,2026-04-23,2,5,1967401.06,1,{}
EV-BUR-C05618,C05618,CreditInfo,656,B,2026-04-24,2,1,353547.70,4,{}
EV-BUR-C05619,C05619,TransUnion,667,B,2026-04-20,0,6,3471357.50,4,{}
EV-BUR-C05620,C05620,CreditInfo,786,A,2026-04-26,0,7,638411.97,4,{}
EV-BUR-C05621,C05621,TransUnion,334,E,2026-04-26,7,6,3334345.54,2,{}
EV-BUR-C05622,C05622,CreditInfo,730,A,2026-04-23,1,1,1506683.77,2,{}
EV-BUR-C05623,C05623,Metropol,583,C,2026-04-21,2,7,1317478.59,0,{}
EV-BUR-C05624,C05624,Metropol,661,B,2026-04-24,2,5,3569197.76,4,{}
EV-BUR-C05625,C05625,Metropol,708,B,2026-04-20,2,4,99581.23,2,{}
EV-BUR-C05626,C05626,CreditInfo,638,B,2026-04-21,0,5,1513416.44,1,{}
EV-BUR-C05627,C05627,Metropol,806,A,2026-04-25,2,3,3124254.97,0,{}
EV-BUR-C05628,C05628,Metropol,825,A,2026-04-21,0,3,3999411.73,4,{}
EV-BUR-C05629,C05629,CreditInfo,839,A,2026-04-24,1,4,3829221.05,1,{}
EV-BUR-C05630,C05630,TransUnion,579,C,2026-04-24,2,1,2373416.36,0,{}
EV-BUR-C05631,C05631,CreditInfo,816,A,2026-04-20,1,3,758359.33,1,{}
EV-BUR-C05632,C05632,TransUnion,692,B,2026-04-24,1,1,2977838.91,1,{}
EV-BUR-C05633,C05633,TransUnion,659,B,2026-04-20,2,6,1658580.58,4,{}
EV-BUR-C05634,C05634,TransUnion,807,A,2026-04-23,1,1,2184737.37,2,{}
EV-BUR-C05635,C05635,CreditInfo,670,B,2026-04-24,1,7,1374121.38,3,{}
EV-BUR-C05636,C05636,CreditInfo,694,B,2026-04-20,0,3,2778003.55,3,{}
EV-BUR-C05637,C05637,CreditInfo,652,B,2026-04-24,0,7,2760663.31,2,{}
EV-BUR-C05638,C05638,Metropol,542,C,2026-04-25,0,2,495668.61,2,{}
EV-BUR-C05639,C05639,Metropol,811,A,2026-04-22,0,1,1945646.37,1,{}
EV-BUR-C05640,C05640,Metropol,597,C,2026-04-21,2,7,2050312.90,1,{}
EV-BUR-C05641,C05641,CreditInfo,809,A,2026-04-22,2,1,3788631.32,0,{}
EV-BUR-C05642,C05642,Metropol,712,B,2026-04-22,0,1,2937388.22,0,{}
EV-BUR-C05643,C05643,TransUnion,570,C,2026-04-26,0,3,1720720.95,4,{}
EV-BUR-C05644,C05644,TransUnion,611,B,2026-04-20,0,6,2018517.76,4,{}
EV-BUR-C05645,C05645,TransUnion,847,A,2026-04-21,1,4,705371.95,2,{}
EV-BUR-C05646,C05646,Metropol,728,A,2026-04-20,2,4,2607289.27,1,{}
EV-BUR-C05647,C05647,Metropol,580,C,2026-04-23,0,3,2287666.05,4,{}
EV-BUR-C05648,C05648,CreditInfo,665,B,2026-04-26,2,7,2543343.92,0,{}
EV-BUR-C05649,C05649,CreditInfo,811,A,2026-04-26,1,1,1785584.29,1,{}
EV-BUR-C05650,C05650,CreditInfo,804,A,2026-04-24,0,5,2301663.52,4,{}
EV-BUR-C05651,C05651,Metropol,566,C,2026-04-21,0,6,3288245.90,2,{}
EV-BUR-C05652,C05652,CreditInfo,804,A,2026-04-20,1,2,3211113.13,4,{}
EV-BUR-C05653,C05653,CreditInfo,832,A,2026-04-21,0,1,544694.66,4,{}
EV-BUR-C05654,C05654,Metropol,816,A,2026-04-21,2,4,606162.07,1,{}
EV-BUR-C05655,C05655,Metropol,559,C,2026-04-26,2,7,50384.10,2,{}
EV-BUR-C05656,C05656,TransUnion,641,B,2026-04-26,1,7,1386988.16,4,{}
EV-BUR-C05657,C05657,Metropol,613,B,2026-04-25,2,1,1804126.49,2,{}
EV-BUR-C05658,C05658,Metropol,659,B,2026-04-22,1,6,3781519.75,3,{}
EV-BUR-C05659,C05659,Metropol,802,A,2026-04-26,0,6,3911812.55,1,{}
EV-BUR-C05660,C05660,Metropol,809,A,2026-04-25,2,6,2731352.42,2,{}
EV-BUR-C05661,C05661,TransUnion,848,A,2026-04-21,0,3,891386.25,1,{}
EV-BUR-C05662,C05662,CreditInfo,805,A,2026-04-23,2,7,3379091.47,3,{}
EV-BUR-C05663,C05663,TransUnion,839,A,2026-04-22,0,3,2151457.44,2,{}
EV-BUR-C05664,C05664,Metropol,558,C,2026-04-20,2,2,51658.13,3,{}
EV-BUR-C05665,C05665,TransUnion,748,A,2026-04-23,1,5,1386781.27,1,{}
EV-BUR-C05666,C05666,TransUnion,819,A,2026-04-20,2,3,2954199.12,4,{}
EV-BUR-C05667,C05667,TransUnion,823,A,2026-04-21,0,1,1273218.54,2,{}
EV-BUR-C05668,C05668,CreditInfo,608,B,2026-04-23,1,3,3861184.89,3,{}
EV-BUR-C05669,C05669,TransUnion,582,C,2026-04-20,2,3,2528798.45,2,{}
EV-BUR-C05670,C05670,Metropol,710,B,2026-04-21,2,3,1962938.95,0,{}
EV-BUR-C05671,C05671,Metropol,732,A,2026-04-22,0,6,1546893.87,3,{}
EV-BUR-C05672,C05672,TransUnion,362,E,2026-04-22,7,1,710008.23,3,{}
EV-BUR-C05673,C05673,Metropol,624,B,2026-04-22,1,2,3059853.71,3,{}
EV-BUR-C05674,C05674,TransUnion,817,A,2026-04-22,1,2,1097394.16,0,{}
EV-BUR-C05675,C05675,Metropol,761,A,2026-04-20,0,4,1002721.08,3,{}
EV-BUR-C05676,C05676,TransUnion,845,A,2026-04-25,0,5,137102.77,2,{}
EV-BUR-C05677,C05677,Metropol,785,A,2026-04-21,0,2,3043622.80,0,{}
EV-BUR-C05678,C05678,CreditInfo,304,E,2026-04-26,7,1,1592898.17,1,{}
EV-BUR-C05679,C05679,Metropol,637,B,2026-04-25,2,2,107297.35,3,{}
EV-BUR-C05680,C05680,Metropol,486,D,2026-04-21,4,7,2686864.30,4,{}
EV-BUR-C05681,C05681,CreditInfo,421,D,2026-04-24,7,7,1523271.35,3,{}
EV-BUR-C05682,C05682,TransUnion,606,B,2026-04-25,2,3,668079.18,4,{}
EV-BUR-C05683,C05683,Metropol,606,B,2026-04-22,1,6,2246718.69,4,{}
EV-BUR-C05684,C05684,Metropol,480,D,2026-04-21,3,7,141922.80,1,{}
EV-BUR-C05685,C05685,CreditInfo,662,B,2026-04-25,1,6,2727398.80,4,{}
EV-BUR-C05686,C05686,CreditInfo,408,D,2026-04-26,4,1,3358860.13,3,{}
EV-BUR-C05687,C05687,CreditInfo,588,C,2026-04-22,2,1,728356.24,3,{}
EV-BUR-C05688,C05688,TransUnion,744,A,2026-04-25,2,7,2293233.89,0,{}
EV-BUR-C05689,C05689,Metropol,638,B,2026-04-24,1,4,237689.85,0,{}
EV-BUR-C05690,C05690,TransUnion,726,A,2026-04-23,2,6,309438.79,0,{}
EV-BUR-C05691,C05691,TransUnion,559,C,2026-04-22,0,2,925448.94,0,{}
EV-BUR-C05692,C05692,Metropol,715,B,2026-04-24,2,3,2895526.77,4,{}
EV-BUR-C05693,C05693,CreditInfo,576,C,2026-04-26,0,5,1302690.17,3,{}
EV-BUR-C05694,C05694,TransUnion,585,C,2026-04-26,2,7,315522.24,3,{}
EV-BUR-C05695,C05695,TransUnion,834,A,2026-04-23,1,3,1501193.48,3,{}
EV-BUR-C05696,C05696,TransUnion,644,B,2026-04-26,2,5,1474925.35,3,{}
EV-BUR-C05697,C05697,CreditInfo,690,B,2026-04-23,2,3,3497561.21,1,{}
EV-BUR-C05698,C05698,CreditInfo,696,B,2026-04-23,0,3,829481.42,3,{}
EV-BUR-C05699,C05699,Metropol,633,B,2026-04-24,1,3,1104569.07,0,{}
EV-BUR-C05700,C05700,Metropol,619,B,2026-04-25,2,3,799794.65,0,{}
EV-BUR-C05701,C05701,CreditInfo,623,B,2026-04-22,1,5,2006142.84,3,{}
EV-BUR-C05702,C05702,Metropol,792,A,2026-04-23,1,6,628105.57,0,{}
EV-BUR-C05703,C05703,Metropol,652,B,2026-04-26,0,2,2248779.72,0,{}
EV-BUR-C05704,C05704,Metropol,666,B,2026-04-21,1,5,289570.55,0,{}
EV-BUR-C05705,C05705,TransUnion,360,E,2026-04-25,5,6,350764.60,0,{}
EV-BUR-C05706,C05706,Metropol,701,B,2026-04-25,1,6,967421.67,0,{}
EV-BUR-C05707,C05707,Metropol,780,A,2026-04-23,2,6,2151087.37,4,{}
EV-BUR-C05708,C05708,CreditInfo,365,E,2026-04-24,4,2,2038650.04,2,{}
EV-BUR-C05709,C05709,Metropol,688,B,2026-04-25,2,5,3949364.46,0,{}
EV-BUR-C05710,C05710,TransUnion,586,C,2026-04-25,1,4,2433791.07,0,{}
EV-BUR-C05711,C05711,CreditInfo,498,D,2026-04-26,6,4,1095177.09,0,{}
EV-BUR-C05712,C05712,TransUnion,630,B,2026-04-22,0,7,1603405.56,4,{}
EV-BUR-C05713,C05713,Metropol,740,A,2026-04-26,2,4,2698508.83,0,{}
EV-BUR-C05714,C05714,TransUnion,604,B,2026-04-23,2,3,2901673.80,4,{}
EV-BUR-C05715,C05715,CreditInfo,720,A,2026-04-21,2,7,1257138.78,1,{}
EV-BUR-C05716,C05716,Metropol,629,B,2026-04-24,2,1,3535439.37,0,{}
EV-BUR-C05717,C05717,TransUnion,647,B,2026-04-25,1,7,3658441.77,4,{}
EV-BUR-C05718,C05718,Metropol,719,B,2026-04-22,2,7,987585.15,0,{}
EV-BUR-C05719,C05719,CreditInfo,664,B,2026-04-20,1,5,1660756.01,1,{}
EV-BUR-C05720,C05720,Metropol,836,A,2026-04-24,2,4,3407991.83,4,{}
EV-BUR-C05721,C05721,TransUnion,820,A,2026-04-25,2,3,1758972.04,4,{}
EV-BUR-C05722,C05722,CreditInfo,843,A,2026-04-24,1,1,1872928.06,0,{}
EV-BUR-C05723,C05723,CreditInfo,603,B,2026-04-26,2,6,95207.83,1,{}
EV-BUR-C05724,C05724,CreditInfo,728,A,2026-04-25,2,1,3984511.66,1,{}
EV-BUR-C05725,C05725,TransUnion,826,A,2026-04-23,2,1,2110324.74,3,{}
EV-BUR-C05726,C05726,TransUnion,670,B,2026-04-23,0,6,54972.34,3,{}
EV-BUR-C05727,C05727,CreditInfo,807,A,2026-04-23,2,3,1997233.77,1,{}
EV-BUR-C05728,C05728,TransUnion,612,B,2026-04-24,2,1,3270320.68,4,{}
EV-BUR-C05729,C05729,CreditInfo,837,A,2026-04-23,1,5,1808460.22,0,{}
EV-BUR-C05730,C05730,Metropol,618,B,2026-04-22,1,4,3268216.78,2,{}
EV-BUR-C05731,C05731,CreditInfo,772,A,2026-04-25,2,5,370722.88,1,{}
EV-BUR-C05732,C05732,Metropol,633,B,2026-04-21,1,4,80054.22,3,{}
EV-BUR-C05733,C05733,TransUnion,673,B,2026-04-24,0,7,1271668.11,0,{}
EV-BUR-C05734,C05734,CreditInfo,696,B,2026-04-26,2,4,2743985.37,2,{}
EV-BUR-C05735,C05735,TransUnion,555,C,2026-04-22,2,6,3436510.24,4,{}
EV-BUR-C05736,C05736,Metropol,702,B,2026-04-26,1,6,2547614.59,0,{}
EV-BUR-C05737,C05737,Metropol,819,A,2026-04-24,0,6,791407.41,3,{}
EV-BUR-C05738,C05738,TransUnion,555,C,2026-04-22,1,3,2241051.39,1,{}
EV-BUR-C05739,C05739,CreditInfo,745,A,2026-04-24,1,7,1087265.82,3,{}
EV-BUR-C05740,C05740,CreditInfo,725,A,2026-04-23,2,7,2519739.21,0,{}
EV-BUR-C05741,C05741,TransUnion,619,B,2026-04-20,1,1,2370519.75,0,{}
EV-BUR-C05742,C05742,CreditInfo,702,B,2026-04-20,0,2,2081281.17,3,{}
EV-BUR-C05743,C05743,TransUnion,622,B,2026-04-23,1,4,1285916.81,2,{}
EV-BUR-C05744,C05744,TransUnion,581,C,2026-04-20,1,6,3687450.68,3,{}
EV-BUR-C05745,C05745,CreditInfo,784,A,2026-04-21,1,4,2767081.41,3,{}
EV-BUR-C05746,C05746,Metropol,807,A,2026-04-20,1,2,1826718.70,4,{}
EV-BUR-C05747,C05747,Metropol,623,B,2026-04-22,2,1,1984537.66,4,{}
EV-BUR-C05748,C05748,CreditInfo,797,A,2026-04-20,2,4,3123883.01,0,{}
EV-BUR-C05749,C05749,Metropol,715,B,2026-04-26,0,4,1307618.67,2,{}
EV-BUR-C05750,C05750,TransUnion,690,B,2026-04-21,0,1,928486.94,4,{}
EV-BUR-C05751,C05751,Metropol,593,C,2026-04-20,0,7,3982366.99,3,{}
EV-BUR-C05752,C05752,Metropol,679,B,2026-04-23,0,1,1245320.56,0,{}
EV-BUR-C05753,C05753,CreditInfo,803,A,2026-04-21,1,6,3315552.80,4,{}
EV-BUR-C05754,C05754,TransUnion,651,B,2026-04-24,0,6,1534837.71,3,{}
EV-BUR-C05755,C05755,TransUnion,599,C,2026-04-24,2,1,2629331.00,0,{}
EV-BUR-C05756,C05756,TransUnion,499,D,2026-04-22,5,5,1588345.38,3,{}
EV-BUR-C05757,C05757,CreditInfo,760,A,2026-04-25,1,6,2018538.25,0,{}
EV-BUR-C05758,C05758,Metropol,668,B,2026-04-21,0,1,2366813.89,4,{}
EV-BUR-C05759,C05759,CreditInfo,813,A,2026-04-23,0,2,1089051.87,4,{}
EV-BUR-C05760,C05760,TransUnion,698,B,2026-04-21,2,1,3062306.53,0,{}
EV-BUR-C05761,C05761,Metropol,814,A,2026-04-23,1,6,2395507.63,2,{}
EV-BUR-C05762,C05762,Metropol,813,A,2026-04-25,1,4,1702471.71,3,{}
EV-BUR-C05763,C05763,CreditInfo,824,A,2026-04-20,2,6,3076960.75,1,{}
EV-BUR-C05764,C05764,Metropol,806,A,2026-04-22,2,7,3342318.62,4,{}
EV-BUR-C05765,C05765,CreditInfo,689,B,2026-04-26,2,7,1002859.14,1,{}
EV-BUR-C05766,C05766,Metropol,704,B,2026-04-22,2,6,389321.52,0,{}
EV-BUR-C05767,C05767,Metropol,633,B,2026-04-25,2,7,1654334.19,1,{}
EV-BUR-C05768,C05768,CreditInfo,419,D,2026-04-20,9,2,3246087.30,3,{}
EV-BUR-C05769,C05769,Metropol,386,E,2026-04-22,9,6,805897.08,3,{}
EV-BUR-C05770,C05770,CreditInfo,783,A,2026-04-25,0,6,2361068.28,4,{}
EV-BUR-C05771,C05771,Metropol,510,C,2026-04-20,5,1,846611.45,4,{}
EV-BUR-C05772,C05772,CreditInfo,694,B,2026-04-20,0,2,1214079.15,3,{}
EV-BUR-C05773,C05773,TransUnion,589,C,2026-04-25,0,7,1148289.65,2,{}
EV-BUR-C05774,C05774,TransUnion,795,A,2026-04-26,1,2,2918048.26,3,{}
EV-BUR-C05775,C05775,Metropol,552,C,2026-04-20,0,1,1418599.04,2,{}
EV-BUR-C05776,C05776,Metropol,777,A,2026-04-20,0,7,2169510.40,1,{}
EV-BUR-C05777,C05777,Metropol,724,A,2026-04-23,0,2,1468017.57,1,{}
EV-BUR-C05778,C05778,CreditInfo,367,E,2026-04-23,4,3,2732072.29,0,{}
EV-BUR-C05779,C05779,CreditInfo,826,A,2026-04-24,2,2,115563.70,2,{}
EV-BUR-C05780,C05780,CreditInfo,819,A,2026-04-23,0,2,2839692.83,3,{}
EV-BUR-C05781,C05781,CreditInfo,790,A,2026-04-25,1,7,654927.03,0,{}
EV-BUR-C05782,C05782,Metropol,791,A,2026-04-22,0,7,2612490.26,1,{}
EV-BUR-C05783,C05783,Metropol,725,A,2026-04-21,1,7,3399406.08,3,{}
EV-BUR-C05784,C05784,TransUnion,597,C,2026-04-23,0,1,332826.23,3,{}
EV-BUR-C05785,C05785,TransUnion,307,E,2026-04-25,3,3,874603.22,1,{}
EV-BUR-C05786,C05786,CreditInfo,695,B,2026-04-25,2,5,1193461.35,3,{}
EV-BUR-C05787,C05787,TransUnion,703,B,2026-04-22,0,1,2919385.70,3,{}
EV-BUR-C05788,C05788,Metropol,640,B,2026-04-24,1,1,510817.54,4,{}
EV-BUR-C05789,C05789,Metropol,354,E,2026-04-25,4,5,3507934.95,3,{}
EV-BUR-C05790,C05790,CreditInfo,672,B,2026-04-25,0,7,3984382.39,1,{}
EV-BUR-C05791,C05791,TransUnion,579,C,2026-04-21,0,1,332265.94,0,{}
EV-BUR-C05792,C05792,CreditInfo,738,A,2026-04-24,0,7,1535242.01,3,{}
EV-BUR-C05793,C05793,TransUnion,734,A,2026-04-24,1,5,145119.31,1,{}
EV-BUR-C05794,C05794,TransUnion,626,B,2026-04-20,0,2,490683.41,4,{}
EV-BUR-C05795,C05795,CreditInfo,659,B,2026-04-20,0,4,3203780.40,0,{}
EV-BUR-C05796,C05796,CreditInfo,543,C,2026-04-23,1,6,2799211.08,2,{}
EV-BUR-C05797,C05797,CreditInfo,700,B,2026-04-20,0,6,1560984.73,1,{}
EV-BUR-C05798,C05798,Metropol,621,B,2026-04-25,2,1,2052768.75,1,{}
EV-BUR-C05799,C05799,TransUnion,587,C,2026-04-22,1,2,95235.10,2,{}
EV-BUR-C05800,C05800,Metropol,590,C,2026-04-26,1,1,1508669.59,1,{}
EV-BUR-C05801,C05801,CreditInfo,636,B,2026-04-24,1,6,3622965.40,1,{}
EV-BUR-C05802,C05802,TransUnion,589,C,2026-04-23,1,7,424442.42,1,{}
EV-BUR-C05803,C05803,CreditInfo,794,A,2026-04-20,0,3,1764033.36,0,{}
EV-BUR-C05804,C05804,Metropol,671,B,2026-04-21,1,5,1482643.46,3,{}
EV-BUR-C05805,C05805,Metropol,662,B,2026-04-21,1,6,3605153.49,0,{}
EV-BUR-C05806,C05806,Metropol,678,B,2026-04-22,2,6,2810179.31,0,{}
EV-BUR-C05807,C05807,TransUnion,647,B,2026-04-21,2,6,2378330.56,3,{}
EV-BUR-C05808,C05808,Metropol,835,A,2026-04-25,0,5,1654349.69,1,{}
EV-BUR-C05809,C05809,Metropol,774,A,2026-04-20,0,2,887154.79,0,{}
EV-BUR-C05810,C05810,TransUnion,796,A,2026-04-26,1,6,1787685.08,4,{}
EV-BUR-C05811,C05811,TransUnion,808,A,2026-04-25,1,3,362737.56,1,{}
EV-BUR-C05812,C05812,TransUnion,615,B,2026-04-25,1,3,1649041.68,0,{}
EV-BUR-C05813,C05813,CreditInfo,589,C,2026-04-24,0,4,3713444.25,4,{}
EV-BUR-C05814,C05814,CreditInfo,832,A,2026-04-20,1,6,1357942.82,4,{}
EV-BUR-C05815,C05815,Metropol,640,B,2026-04-20,1,4,2388645.63,3,{}
EV-BUR-C05816,C05816,Metropol,802,A,2026-04-23,0,1,3462709.59,0,{}
EV-BUR-C05817,C05817,CreditInfo,652,B,2026-04-22,0,4,1490735.15,2,{}
EV-BUR-C05818,C05818,Metropol,605,B,2026-04-21,2,2,1684691.09,3,{}
EV-BUR-C05819,C05819,Metropol,691,B,2026-04-26,2,2,1022425.89,3,{}
EV-BUR-C05820,C05820,TransUnion,672,B,2026-04-25,0,4,1623299.02,4,{}
EV-BUR-C05821,C05821,TransUnion,598,C,2026-04-20,2,2,2695134.79,2,{}
EV-BUR-C05822,C05822,Metropol,646,B,2026-04-23,2,6,3390776.27,2,{}
EV-BUR-C05823,C05823,TransUnion,627,B,2026-04-20,2,1,1409801.88,0,{}
EV-BUR-C05824,C05824,CreditInfo,751,A,2026-04-23,2,7,1471159.02,2,{}
EV-BUR-C05825,C05825,Metropol,710,B,2026-04-25,0,5,1820233.11,2,{}
EV-BUR-C05826,C05826,Metropol,609,B,2026-04-24,0,1,3624678.63,0,{}
EV-BUR-C05827,C05827,TransUnion,543,C,2026-04-25,0,3,2092884.24,1,{}
EV-BUR-C05828,C05828,TransUnion,604,B,2026-04-21,1,1,2195165.95,1,{}
EV-BUR-C05829,C05829,Metropol,638,B,2026-04-20,0,4,1103114.95,0,{}
EV-BUR-C05830,C05830,TransUnion,782,A,2026-04-21,0,7,3817114.19,0,{}
EV-BUR-C05831,C05831,Metropol,836,A,2026-04-21,2,3,1225622.98,1,{}
EV-BUR-C05832,C05832,TransUnion,549,C,2026-04-23,0,3,3504072.37,1,{}
EV-BUR-C05833,C05833,CreditInfo,415,D,2026-04-25,9,1,3908546.34,1,{}
EV-BUR-C05834,C05834,Metropol,727,A,2026-04-24,1,2,1062793.12,3,{}
EV-BUR-C05835,C05835,TransUnion,814,A,2026-04-22,0,6,3314886.93,3,{}
EV-BUR-C05836,C05836,Metropol,599,C,2026-04-21,2,7,1694036.10,2,{}
EV-BUR-C05837,C05837,TransUnion,825,A,2026-04-25,2,5,279341.56,4,{}
EV-BUR-C05838,C05838,TransUnion,352,E,2026-04-26,8,2,3646289.93,3,{}
EV-BUR-C05839,C05839,CreditInfo,644,B,2026-04-23,2,6,2699220.74,0,{}
EV-BUR-C05840,C05840,Metropol,611,B,2026-04-20,2,6,1277168.95,3,{}
EV-BUR-C05841,C05841,CreditInfo,621,B,2026-04-20,0,5,481893.89,1,{}
EV-BUR-C05842,C05842,TransUnion,733,A,2026-04-23,0,7,2752484.11,3,{}
EV-BUR-C05843,C05843,Metropol,721,A,2026-04-21,1,3,2087618.57,3,{}
EV-BUR-C05844,C05844,Metropol,749,A,2026-04-22,2,6,811749.10,4,{}
EV-BUR-C05845,C05845,TransUnion,542,C,2026-04-22,2,3,3191754.59,2,{}
EV-BUR-C05846,C05846,Metropol,748,A,2026-04-23,2,2,1449357.50,2,{}
EV-BUR-C05847,C05847,TransUnion,826,A,2026-04-21,2,3,3028809.44,3,{}
EV-BUR-C05848,C05848,CreditInfo,689,B,2026-04-21,2,5,1266496.55,4,{}
EV-BUR-C05849,C05849,TransUnion,625,B,2026-04-22,2,1,590702.02,3,{}
EV-BUR-C05850,C05850,TransUnion,755,A,2026-04-22,0,2,3281505.10,4,{}
EV-BUR-C05851,C05851,Metropol,801,A,2026-04-25,0,5,1288808.79,1,{}
EV-BUR-C05852,C05852,CreditInfo,845,A,2026-04-21,0,6,3495696.43,4,{}
EV-BUR-C05853,C05853,Metropol,548,C,2026-04-23,1,5,1963127.72,2,{}
EV-BUR-C05854,C05854,CreditInfo,674,B,2026-04-26,1,2,1461167.45,3,{}
EV-BUR-C05855,C05855,Metropol,823,A,2026-04-23,2,1,926306.54,4,{}
EV-BUR-C05856,C05856,Metropol,435,D,2026-04-25,6,7,3396956.88,4,{}
EV-BUR-C05857,C05857,TransUnion,757,A,2026-04-21,0,2,3028224.58,2,{}
EV-BUR-C05858,C05858,CreditInfo,847,A,2026-04-23,1,2,1930244.04,3,{}
EV-BUR-C05859,C05859,TransUnion,603,B,2026-04-23,1,4,1150533.28,3,{}
EV-BUR-C05860,C05860,CreditInfo,675,B,2026-04-24,1,6,1113336.07,2,{}
EV-BUR-C05861,C05861,TransUnion,794,A,2026-04-22,1,5,359776.07,4,{}
EV-BUR-C05862,C05862,CreditInfo,546,C,2026-04-25,0,7,297515.32,0,{}
EV-BUR-C05863,C05863,CreditInfo,797,A,2026-04-26,1,3,2492867.72,0,{}
EV-BUR-C05864,C05864,Metropol,763,A,2026-04-23,2,4,1974885.82,3,{}
EV-BUR-C05865,C05865,TransUnion,810,A,2026-04-26,2,6,1363730.78,3,{}
EV-BUR-C05866,C05866,TransUnion,839,A,2026-04-21,1,2,1684064.47,4,{}
EV-BUR-C05867,C05867,TransUnion,766,A,2026-04-20,2,2,1673317.80,1,{}
EV-BUR-C05868,C05868,CreditInfo,802,A,2026-04-20,0,1,1419525.11,3,{}
EV-BUR-C05869,C05869,Metropol,699,B,2026-04-20,2,6,3616598.17,0,{}
EV-BUR-C05870,C05870,CreditInfo,626,B,2026-04-24,2,7,2006813.46,1,{}
EV-BUR-C05871,C05871,Metropol,715,B,2026-04-20,1,4,3291956.05,0,{}
EV-BUR-C05872,C05872,Metropol,651,B,2026-04-23,1,3,1445079.11,2,{}
EV-BUR-C05873,C05873,Metropol,341,E,2026-04-22,7,3,1966957.33,0,{}
EV-BUR-C05874,C05874,TransUnion,606,B,2026-04-24,2,4,2526044.58,1,{}
EV-BUR-C05875,C05875,TransUnion,682,B,2026-04-23,2,7,3305437.18,0,{}
EV-BUR-C05876,C05876,CreditInfo,837,A,2026-04-23,0,3,2148528.63,0,{}
EV-BUR-C05877,C05877,Metropol,791,A,2026-04-20,2,5,3736337.16,1,{}
EV-BUR-C05878,C05878,TransUnion,626,B,2026-04-22,0,2,3958785.08,1,{}
EV-BUR-C05879,C05879,TransUnion,384,E,2026-04-24,5,6,3794091.48,4,{}
EV-BUR-C05880,C05880,CreditInfo,821,A,2026-04-23,1,2,561970.40,0,{}
EV-BUR-C05881,C05881,CreditInfo,584,C,2026-04-24,0,6,2928339.19,2,{}
EV-BUR-C05882,C05882,Metropol,667,B,2026-04-21,1,7,2984859.30,4,{}
EV-BUR-C05883,C05883,TransUnion,694,B,2026-04-22,1,7,2902142.62,0,{}
EV-BUR-C05884,C05884,CreditInfo,691,B,2026-04-24,1,3,2828071.33,4,{}
EV-BUR-C05885,C05885,TransUnion,793,A,2026-04-24,2,3,2973748.47,0,{}
EV-BUR-C05886,C05886,TransUnion,605,B,2026-04-25,0,3,2640021.08,4,{}
EV-BUR-C05887,C05887,Metropol,741,A,2026-04-20,1,3,945618.61,4,{}
EV-BUR-C05888,C05888,Metropol,318,E,2026-04-26,8,5,3547571.45,1,{}
EV-BUR-C05889,C05889,TransUnion,707,B,2026-04-26,1,5,625701.78,0,{}
EV-BUR-C05890,C05890,Metropol,840,A,2026-04-22,1,1,2054423.48,0,{}
EV-BUR-C05891,C05891,TransUnion,653,B,2026-04-20,2,2,450656.50,1,{}
EV-BUR-C05892,C05892,Metropol,808,A,2026-04-26,1,5,2345532.42,2,{}
EV-BUR-C05893,C05893,CreditInfo,706,B,2026-04-23,1,5,3177874.05,4,{}
EV-BUR-C05894,C05894,TransUnion,642,B,2026-04-20,1,5,1271134.76,1,{}
EV-BUR-C05895,C05895,TransUnion,547,C,2026-04-23,0,2,3442301.79,1,{}
EV-BUR-C05896,C05896,CreditInfo,401,D,2026-04-22,8,2,1055665.35,3,{}
EV-BUR-C05897,C05897,TransUnion,673,B,2026-04-25,1,3,245738.95,2,{}
EV-BUR-C05898,C05898,Metropol,546,C,2026-04-23,1,3,2393883.22,0,{}
EV-BUR-C05899,C05899,TransUnion,758,A,2026-04-20,0,1,1167246.60,0,{}
EV-BUR-C05900,C05900,Metropol,729,A,2026-04-24,2,2,3710063.26,3,{}
EV-BUR-C05901,C05901,TransUnion,600,B,2026-04-22,2,1,1540000.13,2,{}
EV-BUR-C05902,C05902,TransUnion,707,B,2026-04-20,0,5,189522.48,0,{}
EV-BUR-C05903,C05903,CreditInfo,568,C,2026-04-23,1,2,3324001.18,4,{}
EV-BUR-C05904,C05904,TransUnion,836,A,2026-04-23,1,2,3699502.41,4,{}
EV-BUR-C05905,C05905,Metropol,666,B,2026-04-26,2,1,89148.50,2,{}
EV-BUR-C05906,C05906,TransUnion,704,B,2026-04-21,1,3,1895614.40,2,{}
EV-BUR-C05907,C05907,Metropol,710,B,2026-04-25,1,7,2688395.06,1,{}
EV-BUR-C05908,C05908,Metropol,596,C,2026-04-22,0,6,3642632.98,2,{}
EV-BUR-C05909,C05909,TransUnion,348,E,2026-04-26,6,1,2670962.28,1,{}
EV-BUR-C05910,C05910,Metropol,737,A,2026-04-22,1,5,1730712.39,4,{}
EV-BUR-C05911,C05911,CreditInfo,584,C,2026-04-23,2,7,749210.18,2,{}
EV-BUR-C05912,C05912,TransUnion,810,A,2026-04-20,2,7,3713194.09,3,{}
EV-BUR-C05913,C05913,CreditInfo,680,B,2026-04-24,0,3,3793623.93,2,{}
EV-BUR-C05914,C05914,Metropol,588,C,2026-04-22,0,3,2507018.03,1,{}
EV-BUR-C05915,C05915,CreditInfo,586,C,2026-04-25,2,7,1154144.22,2,{}
EV-BUR-C05916,C05916,TransUnion,291,E,2026-04-24,8,1,921848.90,4,{}
EV-BUR-C05917,C05917,TransUnion,659,B,2026-04-21,1,2,210334.04,4,{}
EV-BUR-C05918,C05918,CreditInfo,456,D,2026-04-24,6,5,722269.97,1,{}
EV-BUR-C05919,C05919,Metropol,707,B,2026-04-21,2,6,1132366.67,1,{}
EV-BUR-C05920,C05920,CreditInfo,514,C,2026-04-22,9,5,1301887.07,4,{}
EV-BUR-C05921,C05921,Metropol,834,A,2026-04-23,2,5,1252965.65,1,{}
EV-BUR-C05922,C05922,Metropol,769,A,2026-04-20,0,3,3305688.20,0,{}
EV-BUR-C05923,C05923,Metropol,621,B,2026-04-20,0,1,1732948.04,3,{}
EV-BUR-C05924,C05924,Metropol,788,A,2026-04-26,2,2,2806939.01,4,{}
EV-BUR-C05925,C05925,CreditInfo,684,B,2026-04-23,2,1,1241016.12,2,{}
EV-BUR-C05926,C05926,CreditInfo,705,B,2026-04-23,0,6,3435558.79,0,{}
EV-BUR-C05927,C05927,Metropol,586,C,2026-04-23,2,6,1559310.37,2,{}
EV-BUR-C05928,C05928,TransUnion,755,A,2026-04-24,1,6,1300605.66,2,{}
EV-BUR-C05929,C05929,TransUnion,596,C,2026-04-25,0,6,575120.90,3,{}
EV-BUR-C05930,C05930,TransUnion,568,C,2026-04-25,1,4,394391.21,1,{}
EV-BUR-C05931,C05931,CreditInfo,775,A,2026-04-20,0,7,2400473.24,3,{}
EV-BUR-C05932,C05932,Metropol,824,A,2026-04-25,0,2,3221411.11,4,{}
EV-BUR-C05933,C05933,Metropol,763,A,2026-04-25,2,3,2828350.94,4,{}
EV-BUR-C05934,C05934,Metropol,540,C,2026-04-20,2,1,592065.02,1,{}
EV-BUR-C05935,C05935,Metropol,832,A,2026-04-23,2,2,1983637.04,1,{}
EV-BUR-C05936,C05936,CreditInfo,612,B,2026-04-21,2,7,3048975.86,3,{}
EV-BUR-C05937,C05937,Metropol,723,A,2026-04-26,1,5,574426.72,0,{}
EV-BUR-C05938,C05938,CreditInfo,689,B,2026-04-26,2,2,2884023.11,4,{}
EV-BUR-C05939,C05939,TransUnion,355,E,2026-04-24,6,3,1336235.40,2,{}
EV-BUR-C05940,C05940,CreditInfo,555,C,2026-04-24,0,3,236149.44,1,{}
EV-BUR-C05941,C05941,CreditInfo,827,A,2026-04-24,2,5,2064920.46,0,{}
EV-BUR-C05942,C05942,Metropol,624,B,2026-04-25,0,7,3852489.14,2,{}
EV-BUR-C05943,C05943,Metropol,545,C,2026-04-26,2,6,2235972.48,0,{}
EV-BUR-C05944,C05944,CreditInfo,830,A,2026-04-20,2,5,2902449.37,0,{}
EV-BUR-C05945,C05945,TransUnion,703,B,2026-04-24,2,2,3470611.67,4,{}
EV-BUR-C05946,C05946,Metropol,687,B,2026-04-20,0,2,3532617.34,3,{}
EV-BUR-C05947,C05947,Metropol,458,D,2026-04-26,4,2,2350840.12,0,{}
EV-BUR-C05948,C05948,Metropol,649,B,2026-04-23,1,3,374713.90,3,{}
EV-BUR-C05949,C05949,Metropol,840,A,2026-04-22,2,4,1322275.74,0,{}
EV-BUR-C05950,C05950,Metropol,695,B,2026-04-20,1,6,759707.86,0,{}
EV-BUR-C05951,C05951,Metropol,703,B,2026-04-25,1,7,1696223.25,1,{}
EV-BUR-C05952,C05952,Metropol,553,C,2026-04-24,0,4,1500397.28,3,{}
EV-BUR-C05953,C05953,Metropol,545,C,2026-04-25,1,1,481976.91,4,{}
EV-BUR-C05954,C05954,CreditInfo,698,B,2026-04-23,0,1,2842429.57,2,{}
EV-BUR-C05955,C05955,CreditInfo,706,B,2026-04-24,0,6,1468145.13,0,{}
EV-BUR-C05956,C05956,CreditInfo,592,C,2026-04-26,2,5,3349394.59,4,{}
EV-BUR-C05957,C05957,CreditInfo,334,E,2026-04-26,5,4,172283.90,2,{}
EV-BUR-C05958,C05958,Metropol,700,B,2026-04-20,2,4,1686016.32,0,{}
EV-BUR-C05959,C05959,CreditInfo,765,A,2026-04-23,0,6,3814381.08,0,{}
EV-BUR-C05960,C05960,Metropol,646,B,2026-04-25,2,4,1881893.46,3,{}
EV-BUR-C05961,C05961,CreditInfo,622,B,2026-04-23,1,2,50334.02,4,{}
EV-BUR-C05962,C05962,TransUnion,608,B,2026-04-26,2,4,1786888.44,0,{}
EV-BUR-C05963,C05963,Metropol,364,E,2026-04-21,4,6,3212408.82,0,{}
EV-BUR-C05964,C05964,CreditInfo,595,C,2026-04-22,0,4,3030665.63,0,{}
EV-BUR-C05965,C05965,Metropol,740,A,2026-04-23,0,5,1551203.75,3,{}
EV-BUR-C05966,C05966,CreditInfo,359,E,2026-04-24,8,5,3383236.92,4,{}
EV-BUR-C05967,C05967,CreditInfo,622,B,2026-04-20,1,2,1953567.65,4,{}
EV-BUR-C05968,C05968,TransUnion,791,A,2026-04-23,1,2,1406694.96,2,{}
EV-BUR-C05969,C05969,TransUnion,807,A,2026-04-26,1,6,1918667.54,0,{}
EV-BUR-C05970,C05970,Metropol,561,C,2026-04-26,0,4,946044.11,4,{}
EV-BUR-C05971,C05971,CreditInfo,592,C,2026-04-20,0,3,810188.96,1,{}
EV-BUR-C05972,C05972,TransUnion,655,B,2026-04-21,0,3,1183667.08,2,{}
EV-BUR-C05973,C05973,CreditInfo,842,A,2026-04-21,2,7,1434292.94,0,{}
EV-BUR-C05974,C05974,CreditInfo,712,B,2026-04-20,0,2,3741110.46,0,{}
EV-BUR-C05975,C05975,CreditInfo,646,B,2026-04-23,1,6,2285264.02,4,{}
EV-BUR-C05976,C05976,Metropol,461,D,2026-04-25,3,2,2198705.83,2,{}
EV-BUR-C05977,C05977,TransUnion,766,A,2026-04-24,2,4,1292561.64,3,{}
EV-BUR-C05978,C05978,TransUnion,841,A,2026-04-22,2,5,3992209.37,2,{}
EV-BUR-C05979,C05979,Metropol,651,B,2026-04-25,2,7,1204923.65,1,{}
EV-BUR-C05980,C05980,Metropol,757,A,2026-04-26,1,1,1141633.34,2,{}
EV-BUR-C05981,C05981,CreditInfo,831,A,2026-04-21,0,7,2748182.44,2,{}
EV-BUR-C05982,C05982,Metropol,799,A,2026-04-24,2,3,968386.41,2,{}
EV-BUR-C05983,C05983,TransUnion,697,B,2026-04-21,0,4,1825237.57,0,{}
EV-BUR-C05984,C05984,TransUnion,755,A,2026-04-20,1,2,659124.84,2,{}
EV-BUR-C05985,C05985,Metropol,792,A,2026-04-23,1,2,2826669.50,1,{}
EV-BUR-C05986,C05986,TransUnion,820,A,2026-04-26,2,4,1354162.51,2,{}
EV-BUR-C05987,C05987,CreditInfo,841,A,2026-04-21,1,3,2350887.66,2,{}
EV-BUR-C05988,C05988,TransUnion,672,B,2026-04-24,2,4,1955375.41,4,{}
EV-BUR-C05989,C05989,CreditInfo,639,B,2026-04-24,0,1,1059818.08,0,{}
EV-BUR-C05990,C05990,Metropol,443,D,2026-04-21,9,4,1394062.59,2,{}
EV-BUR-C05991,C05991,Metropol,574,C,2026-04-26,1,5,1717905.15,4,{}
EV-BUR-C05992,C05992,Metropol,657,B,2026-04-20,0,7,3477243.76,3,{}
EV-BUR-C05993,C05993,Metropol,562,C,2026-04-20,0,3,2822342.32,3,{}
EV-BUR-C05994,C05994,TransUnion,471,D,2026-04-23,5,6,1539442.45,4,{}
EV-BUR-C05995,C05995,TransUnion,624,B,2026-04-25,2,3,1613583.15,2,{}
EV-BUR-C05996,C05996,CreditInfo,584,C,2026-04-20,1,2,3984611.08,2,{}
EV-BUR-C05997,C05997,Metropol,805,A,2026-04-21,2,2,3198842.05,2,{}
EV-BUR-C05998,C05998,Metropol,567,C,2026-04-26,0,6,3539029.25,0,{}
EV-BUR-C05999,C05999,CreditInfo,811,A,2026-04-26,0,5,2289812.19,3,{}
EV-BUR-C06000,C06000,TransUnion,594,C,2026-04-22,0,3,2757598.38,1,{}
EV-BUR-C06001,C06001,Metropol,849,A,2026-04-26,1,5,3282729.77,2,{}
EV-BUR-C06002,C06002,TransUnion,787,A,2026-04-24,0,2,3345228.38,2,{}
EV-BUR-C06003,C06003,Metropol,812,A,2026-04-24,1,4,2191603.48,3,{}
EV-BUR-C06004,C06004,CreditInfo,840,A,2026-04-22,1,1,1024367.68,0,{}
EV-BUR-C06005,C06005,Metropol,822,A,2026-04-26,1,2,3424155.86,4,{}
EV-BUR-C06006,C06006,TransUnion,634,B,2026-04-24,2,3,3170396.95,4,{}
EV-BUR-C06007,C06007,TransUnion,717,B,2026-04-20,0,3,1394785.84,1,{}
EV-BUR-C06008,C06008,CreditInfo,432,D,2026-04-23,6,2,2897794.94,2,{}
EV-BUR-C06009,C06009,TransUnion,716,B,2026-04-23,2,7,2106401.22,1,{}
EV-BUR-C06010,C06010,CreditInfo,412,D,2026-04-25,5,6,575768.68,0,{}
EV-BUR-C06011,C06011,TransUnion,648,B,2026-04-25,0,6,435484.10,1,{}
EV-BUR-C06012,C06012,CreditInfo,682,B,2026-04-23,1,1,2048378.65,1,{}
EV-BUR-C06013,C06013,TransUnion,684,B,2026-04-25,0,2,1474693.71,2,{}
EV-BUR-C06014,C06014,Metropol,570,C,2026-04-23,1,5,3262024.18,0,{}
EV-BUR-C06015,C06015,Metropol,664,B,2026-04-24,0,5,825076.15,4,{}
EV-BUR-C06016,C06016,Metropol,779,A,2026-04-20,0,7,2608160.70,1,{}
EV-BUR-C06017,C06017,Metropol,811,A,2026-04-20,1,1,3945914.21,0,{}
EV-BUR-C06018,C06018,TransUnion,759,A,2026-04-26,0,2,3317294.88,2,{}
EV-BUR-C06019,C06019,TransUnion,838,A,2026-04-23,0,3,2619457.85,2,{}
EV-BUR-C06020,C06020,Metropol,647,B,2026-04-24,2,5,1624266.43,4,{}
EV-BUR-C06021,C06021,CreditInfo,739,A,2026-04-21,2,1,3324179.84,2,{}
EV-BUR-C06022,C06022,Metropol,541,C,2026-04-21,2,4,3400770.66,2,{}
EV-BUR-C06023,C06023,Metropol,555,C,2026-04-21,2,5,2438381.90,3,{}
EV-BUR-C06024,C06024,Metropol,549,C,2026-04-21,0,5,2867543.85,0,{}
EV-BUR-C06025,C06025,TransUnion,834,A,2026-04-23,1,2,347338.58,1,{}
EV-BUR-C06026,C06026,TransUnion,711,B,2026-04-26,2,5,1266822.92,1,{}
EV-BUR-C06027,C06027,CreditInfo,720,A,2026-04-26,0,3,1403299.67,3,{}
EV-BUR-C06028,C06028,CreditInfo,589,C,2026-04-24,1,2,2052441.42,2,{}
EV-BUR-C06029,C06029,Metropol,542,C,2026-04-23,1,7,3182165.18,4,{}
EV-BUR-C06030,C06030,CreditInfo,473,D,2026-04-22,7,5,2580754.35,3,{}
EV-BUR-C06031,C06031,TransUnion,694,B,2026-04-26,0,7,2109426.94,0,{}
EV-BUR-C06032,C06032,TransUnion,631,B,2026-04-20,0,2,2180487.57,3,{}
EV-BUR-C06033,C06033,Metropol,713,B,2026-04-21,1,3,3338980.53,2,{}
EV-BUR-C06034,C06034,CreditInfo,561,C,2026-04-23,0,6,1294504.85,3,{}
EV-BUR-C06035,C06035,CreditInfo,830,A,2026-04-21,0,3,474916.10,2,{}
EV-BUR-C06036,C06036,TransUnion,777,A,2026-04-26,0,1,2271366.88,0,{}
EV-BUR-C06037,C06037,CreditInfo,745,A,2026-04-21,1,7,3322785.13,0,{}
EV-BUR-C06038,C06038,CreditInfo,630,B,2026-04-26,1,6,3467725.56,3,{}
EV-BUR-C06039,C06039,CreditInfo,628,B,2026-04-24,1,4,3413973.94,1,{}
EV-BUR-C06040,C06040,Metropol,569,C,2026-04-25,1,7,773530.08,2,{}
EV-BUR-C06041,C06041,CreditInfo,602,B,2026-04-21,0,4,1839856.76,4,{}
EV-BUR-C06042,C06042,TransUnion,698,B,2026-04-24,2,5,1551368.19,1,{}
EV-BUR-C06043,C06043,TransUnion,626,B,2026-04-23,2,6,2036107.15,0,{}
EV-BUR-C06044,C06044,Metropol,709,B,2026-04-23,0,1,3319906.37,1,{}
EV-BUR-C06045,C06045,CreditInfo,738,A,2026-04-26,1,6,1560289.83,2,{}
EV-BUR-C06046,C06046,TransUnion,619,B,2026-04-25,0,2,2367852.78,4,{}
EV-BUR-C06047,C06047,CreditInfo,562,C,2026-04-23,1,4,3802869.15,3,{}
EV-BUR-C06048,C06048,CreditInfo,567,C,2026-04-25,0,3,3061235.33,4,{}
EV-BUR-C06049,C06049,Metropol,477,D,2026-04-25,5,3,2432813.26,1,{}
EV-BUR-C06050,C06050,Metropol,641,B,2026-04-21,2,7,2799213.70,1,{}
EV-BUR-C06051,C06051,TransUnion,771,A,2026-04-23,2,4,1047493.98,3,{}
EV-BUR-C06052,C06052,CreditInfo,721,A,2026-04-22,2,2,726932.24,3,{}
EV-BUR-C06053,C06053,CreditInfo,575,C,2026-04-23,2,3,1652710.00,3,{}
EV-BUR-C06054,C06054,TransUnion,786,A,2026-04-23,0,4,3943444.70,2,{}
EV-BUR-C06055,C06055,TransUnion,825,A,2026-04-20,2,2,781962.83,0,{}
EV-BUR-C06056,C06056,Metropol,585,C,2026-04-20,0,5,3142971.24,2,{}
EV-BUR-C06057,C06057,CreditInfo,554,C,2026-04-21,0,1,3734945.07,4,{}
EV-BUR-C06058,C06058,CreditInfo,393,E,2026-04-22,9,4,2143977.77,0,{}
EV-BUR-C06059,C06059,TransUnion,640,B,2026-04-26,2,4,1916362.80,2,{}
EV-BUR-C06060,C06060,CreditInfo,736,A,2026-04-20,0,4,400992.45,3,{}
EV-BUR-C06061,C06061,TransUnion,837,A,2026-04-23,1,6,1807389.67,2,{}
EV-BUR-C06062,C06062,Metropol,848,A,2026-04-23,0,2,247107.60,2,{}
EV-BUR-C06063,C06063,Metropol,578,C,2026-04-26,2,1,1720088.51,0,{}
EV-BUR-C06064,C06064,CreditInfo,804,A,2026-04-26,1,2,3103822.04,1,{}
EV-BUR-C06065,C06065,CreditInfo,779,A,2026-04-22,0,2,1280756.30,3,{}
EV-BUR-C06066,C06066,Metropol,795,A,2026-04-20,0,2,1740414.43,4,{}
EV-BUR-C06067,C06067,CreditInfo,747,A,2026-04-25,0,5,3651756.64,3,{}
EV-BUR-C06068,C06068,Metropol,666,B,2026-04-25,0,5,1144916.76,0,{}
EV-BUR-C06069,C06069,TransUnion,467,D,2026-04-24,8,6,2057141.40,2,{}
EV-BUR-C06070,C06070,TransUnion,693,B,2026-04-22,2,3,1505026.95,3,{}
EV-BUR-C06071,C06071,Metropol,675,B,2026-04-23,1,5,3663162.83,2,{}
EV-BUR-C06072,C06072,TransUnion,577,C,2026-04-25,1,5,3725865.52,1,{}
EV-BUR-C06073,C06073,Metropol,665,B,2026-04-22,0,2,757932.34,1,{}
EV-BUR-C06074,C06074,CreditInfo,542,C,2026-04-23,2,5,515322.07,4,{}
EV-BUR-C06075,C06075,CreditInfo,620,B,2026-04-24,2,3,1621177.52,3,{}
EV-BUR-C06076,C06076,Metropol,834,A,2026-04-25,2,3,1968428.18,4,{}
EV-BUR-C06077,C06077,TransUnion,684,B,2026-04-22,1,4,2627882.57,2,{}
EV-BUR-C06078,C06078,Metropol,598,C,2026-04-20,2,7,1958434.94,4,{}
EV-BUR-C06079,C06079,CreditInfo,622,B,2026-04-25,2,7,2825720.75,3,{}
EV-BUR-C06080,C06080,Metropol,547,C,2026-04-20,1,2,2397091.95,0,{}
EV-BUR-C06081,C06081,CreditInfo,842,A,2026-04-26,1,1,1061320.61,3,{}
EV-BUR-C06082,C06082,CreditInfo,808,A,2026-04-23,1,4,1428735.56,2,{}
EV-BUR-C06083,C06083,TransUnion,643,B,2026-04-21,2,3,1359979.73,3,{}
EV-BUR-C06084,C06084,CreditInfo,779,A,2026-04-21,1,4,1296124.25,1,{}
EV-BUR-C06085,C06085,TransUnion,813,A,2026-04-20,2,6,3918630.88,3,{}
EV-BUR-C06086,C06086,TransUnion,584,C,2026-04-22,0,5,3587426.80,3,{}
EV-BUR-C06087,C06087,TransUnion,651,B,2026-04-21,0,1,497040.32,4,{}
EV-BUR-C06088,C06088,CreditInfo,639,B,2026-04-22,1,6,3204468.80,3,{}
EV-BUR-C06089,C06089,TransUnion,713,B,2026-04-20,0,7,1611380.49,4,{}
EV-BUR-C06090,C06090,TransUnion,656,B,2026-04-24,1,7,671566.75,3,{}
EV-BUR-C06091,C06091,CreditInfo,800,A,2026-04-22,2,4,3030320.22,4,{}
EV-BUR-C06092,C06092,Metropol,309,E,2026-04-20,8,2,1192809.17,2,{}
EV-BUR-C06093,C06093,TransUnion,766,A,2026-04-25,2,5,205688.54,2,{}
EV-BUR-C06094,C06094,Metropol,745,A,2026-04-26,0,7,1615087.98,4,{}
EV-BUR-C06095,C06095,Metropol,562,C,2026-04-25,1,6,2584744.32,4,{}
EV-BUR-C06096,C06096,CreditInfo,371,E,2026-04-20,4,6,84213.97,3,{}
EV-BUR-C06097,C06097,TransUnion,740,A,2026-04-26,0,2,2598722.92,4,{}
EV-BUR-C06098,C06098,CreditInfo,573,C,2026-04-25,2,7,364744.79,3,{}
EV-BUR-C06099,C06099,Metropol,670,B,2026-04-24,0,5,3955444.68,0,{}
EV-BUR-C06100,C06100,TransUnion,458,D,2026-04-25,8,6,2160716.46,3,{}
EV-BUR-C06101,C06101,Metropol,543,C,2026-04-24,2,6,1410348.17,1,{}
EV-BUR-C06102,C06102,CreditInfo,582,C,2026-04-24,0,5,3762491.40,0,{}
EV-BUR-C06103,C06103,Metropol,812,A,2026-04-20,2,4,2078401.68,3,{}
EV-BUR-C06104,C06104,Metropol,783,A,2026-04-20,1,7,1300440.29,1,{}
EV-BUR-C06105,C06105,CreditInfo,760,A,2026-04-21,1,6,2455198.52,1,{}
EV-BUR-C06106,C06106,CreditInfo,744,A,2026-04-26,1,2,600257.39,2,{}
EV-BUR-C06107,C06107,CreditInfo,773,A,2026-04-20,1,1,3808573.49,2,{}
EV-BUR-C06108,C06108,Metropol,558,C,2026-04-22,2,2,1999779.49,1,{}
EV-BUR-C06109,C06109,CreditInfo,800,A,2026-04-23,2,2,3629839.24,3,{}
EV-BUR-C06110,C06110,CreditInfo,329,E,2026-04-21,7,3,243785.50,0,{}
EV-BUR-C06111,C06111,CreditInfo,681,B,2026-04-22,1,1,3326028.21,3,{}
EV-BUR-C06112,C06112,Metropol,302,E,2026-04-23,9,1,1028172.36,4,{}
EV-BUR-C06113,C06113,Metropol,614,B,2026-04-20,1,6,3146076.05,2,{}
EV-BUR-C06114,C06114,TransUnion,683,B,2026-04-25,2,3,2265609.23,3,{}
EV-BUR-C06115,C06115,TransUnion,603,B,2026-04-25,2,2,1133254.57,2,{}
EV-BUR-C06116,C06116,TransUnion,707,B,2026-04-20,2,2,2259867.33,3,{}
EV-BUR-C06117,C06117,CreditInfo,721,A,2026-04-21,1,1,2268135.13,4,{}
EV-BUR-C06118,C06118,TransUnion,757,A,2026-04-24,1,7,2663078.54,2,{}
EV-BUR-C06119,C06119,CreditInfo,774,A,2026-04-21,2,6,1382314.39,4,{}
EV-BUR-C06120,C06120,TransUnion,789,A,2026-04-22,2,4,205063.66,2,{}
EV-BUR-C06121,C06121,CreditInfo,715,B,2026-04-22,2,4,577849.75,0,{}
EV-BUR-C06122,C06122,CreditInfo,722,A,2026-04-22,2,7,911470.69,1,{}
EV-BUR-C06123,C06123,Metropol,817,A,2026-04-23,2,1,792501.66,4,{}
EV-BUR-C06124,C06124,CreditInfo,721,A,2026-04-26,1,1,3013978.67,3,{}
EV-BUR-C06125,C06125,CreditInfo,691,B,2026-04-23,2,2,3296668.64,2,{}
EV-BUR-C06126,C06126,Metropol,584,C,2026-04-24,0,7,1363519.29,4,{}
EV-BUR-C06127,C06127,TransUnion,560,C,2026-04-20,2,3,1354181.63,4,{}
EV-BUR-C06128,C06128,Metropol,754,A,2026-04-26,1,2,3354805.66,2,{}
EV-BUR-C06129,C06129,Metropol,575,C,2026-04-21,2,2,1847533.39,1,{}
EV-BUR-C06130,C06130,TransUnion,588,C,2026-04-24,0,6,1762141.97,1,{}
EV-BUR-C06131,C06131,CreditInfo,835,A,2026-04-21,2,4,1405174.39,1,{}
EV-BUR-C06132,C06132,CreditInfo,745,A,2026-04-20,0,5,441397.41,0,{}
EV-BUR-C06133,C06133,TransUnion,593,C,2026-04-22,1,6,3395196.77,3,{}
EV-BUR-C06134,C06134,Metropol,701,B,2026-04-23,2,5,2348106.97,3,{}
EV-BUR-C06135,C06135,Metropol,699,B,2026-04-23,0,7,3450621.76,4,{}
EV-BUR-C06136,C06136,CreditInfo,667,B,2026-04-21,1,7,3336298.38,0,{}
EV-BUR-C06137,C06137,Metropol,614,B,2026-04-22,2,2,353274.97,2,{}
EV-BUR-C06138,C06138,TransUnion,850,A,2026-04-22,2,3,3263357.60,3,{}
EV-BUR-C06139,C06139,Metropol,762,A,2026-04-26,1,4,3740260.91,4,{}
EV-BUR-C06140,C06140,CreditInfo,718,B,2026-04-26,2,6,2675111.57,3,{}
EV-BUR-C06141,C06141,CreditInfo,847,A,2026-04-20,2,6,1694958.47,4,{}
EV-BUR-C06142,C06142,TransUnion,723,A,2026-04-22,2,1,1372408.09,2,{}
EV-BUR-C06143,C06143,CreditInfo,752,A,2026-04-23,2,7,1373283.46,0,{}
EV-BUR-C06144,C06144,TransUnion,710,B,2026-04-23,1,7,239331.88,1,{}
EV-BUR-C06145,C06145,TransUnion,574,C,2026-04-22,0,4,3319879.42,2,{}
EV-BUR-C06146,C06146,Metropol,612,B,2026-04-20,2,1,1789880.01,2,{}
EV-BUR-C06147,C06147,Metropol,799,A,2026-04-26,0,5,1529935.80,4,{}
EV-BUR-C06148,C06148,TransUnion,818,A,2026-04-25,2,3,3172723.23,4,{}
EV-BUR-C06149,C06149,CreditInfo,576,C,2026-04-25,2,5,2859132.05,1,{}
EV-BUR-C06150,C06150,CreditInfo,783,A,2026-04-21,0,6,652342.76,4,{}
EV-BUR-C06151,C06151,CreditInfo,622,B,2026-04-23,1,1,1138724.19,3,{}
EV-BUR-C06152,C06152,CreditInfo,592,C,2026-04-23,0,4,1715657.73,2,{}
EV-BUR-C06153,C06153,CreditInfo,678,B,2026-04-23,2,2,945454.26,1,{}
EV-BUR-C06154,C06154,TransUnion,705,B,2026-04-24,1,3,1596151.57,3,{}
EV-BUR-C06155,C06155,CreditInfo,837,A,2026-04-20,0,4,3596516.11,3,{}
EV-BUR-C06156,C06156,Metropol,781,A,2026-04-21,1,5,1302099.74,2,{}
EV-BUR-C06157,C06157,Metropol,623,B,2026-04-24,1,6,260079.41,2,{}
EV-BUR-C06158,C06158,CreditInfo,651,B,2026-04-20,1,1,1707668.36,4,{}
EV-BUR-C06159,C06159,Metropol,800,A,2026-04-20,0,2,3450755.56,3,{}
EV-BUR-C06160,C06160,Metropol,553,C,2026-04-26,0,1,3514845.59,2,{}
EV-BUR-C06161,C06161,TransUnion,643,B,2026-04-21,2,4,493148.68,1,{}
EV-BUR-C06162,C06162,CreditInfo,799,A,2026-04-23,0,7,1617737.38,2,{}
EV-BUR-C06163,C06163,TransUnion,496,D,2026-04-26,9,1,1190710.62,0,{}
EV-BUR-C06164,C06164,CreditInfo,633,B,2026-04-21,0,2,3233978.89,0,{}
EV-BUR-C06165,C06165,Metropol,652,B,2026-04-22,2,1,3748624.10,4,{}
EV-BUR-C06166,C06166,TransUnion,709,B,2026-04-21,2,4,491441.57,4,{}
EV-BUR-C06167,C06167,TransUnion,831,A,2026-04-20,2,1,1071031.36,3,{}
EV-BUR-C06168,C06168,TransUnion,687,B,2026-04-26,2,3,2697096.60,3,{}
EV-BUR-C06169,C06169,Metropol,650,B,2026-04-26,1,3,3056859.92,2,{}
EV-BUR-C06170,C06170,Metropol,660,B,2026-04-26,1,3,3701193.00,4,{}
EV-BUR-C06171,C06171,TransUnion,597,C,2026-04-24,0,5,490651.97,2,{}
EV-BUR-C06172,C06172,TransUnion,836,A,2026-04-26,2,5,1388307.92,2,{}
EV-BUR-C06173,C06173,CreditInfo,542,C,2026-04-26,1,1,1218283.56,1,{}
EV-BUR-C06174,C06174,CreditInfo,661,B,2026-04-21,1,3,1298117.71,3,{}
EV-BUR-C06175,C06175,TransUnion,850,A,2026-04-22,0,7,260949.97,1,{}
EV-BUR-C06176,C06176,Metropol,606,B,2026-04-24,1,5,2137457.15,1,{}
EV-BUR-C06177,C06177,Metropol,713,B,2026-04-25,0,7,3785210.31,3,{}
EV-BUR-C06178,C06178,Metropol,547,C,2026-04-26,0,4,3851967.26,2,{}
EV-BUR-C06179,C06179,CreditInfo,542,C,2026-04-21,1,5,258462.73,3,{}
EV-BUR-C06180,C06180,TransUnion,634,B,2026-04-23,0,5,621408.53,4,{}
EV-BUR-C06181,C06181,CreditInfo,685,B,2026-04-26,2,2,3559102.17,0,{}
EV-BUR-C06182,C06182,TransUnion,581,C,2026-04-25,2,2,185608.19,0,{}
EV-BUR-C06183,C06183,Metropol,624,B,2026-04-21,0,1,2290238.59,4,{}
EV-BUR-C06184,C06184,Metropol,784,A,2026-04-25,1,3,2691033.42,2,{}
EV-BUR-C06185,C06185,Metropol,674,B,2026-04-20,0,4,1260008.81,4,{}
EV-BUR-C06186,C06186,Metropol,657,B,2026-04-26,1,4,3196472.96,0,{}
EV-BUR-C06187,C06187,Metropol,759,A,2026-04-24,2,1,3852452.17,3,{}
EV-BUR-C06188,C06188,TransUnion,596,C,2026-04-21,1,5,1741370.64,2,{}
EV-BUR-C06189,C06189,TransUnion,587,C,2026-04-22,1,3,181591.28,4,{}
EV-BUR-C06190,C06190,Metropol,760,A,2026-04-22,2,3,139217.87,2,{}
EV-BUR-C06191,C06191,TransUnion,544,C,2026-04-23,1,7,3355472.48,2,{}
EV-BUR-C06192,C06192,CreditInfo,671,B,2026-04-24,2,4,3173883.10,3,{}
EV-BUR-C06193,C06193,CreditInfo,558,C,2026-04-26,1,6,595127.58,3,{}
EV-BUR-C06194,C06194,TransUnion,786,A,2026-04-24,0,5,1646626.66,1,{}
EV-BUR-C06195,C06195,Metropol,585,C,2026-04-22,1,4,1285736.35,2,{}
EV-BUR-C06196,C06196,TransUnion,759,A,2026-04-25,2,6,3352399.03,3,{}
EV-BUR-C06197,C06197,CreditInfo,703,B,2026-04-21,2,2,3204923.40,0,{}
EV-BUR-C06198,C06198,CreditInfo,733,A,2026-04-23,0,2,86213.16,3,{}
EV-BUR-C06199,C06199,CreditInfo,736,A,2026-04-26,2,5,175011.60,3,{}
EV-BUR-C06200,C06200,TransUnion,702,B,2026-04-23,1,2,2381325.65,0,{}
EV-BUR-C06201,C06201,TransUnion,847,A,2026-04-21,1,6,1640533.39,3,{}
EV-BUR-C06202,C06202,CreditInfo,847,A,2026-04-25,0,6,853055.65,2,{}
EV-BUR-C06203,C06203,TransUnion,786,A,2026-04-25,1,1,2946385.03,4,{}
EV-BUR-C06204,C06204,CreditInfo,654,B,2026-04-21,2,6,3393339.96,4,{}
EV-BUR-C06205,C06205,TransUnion,609,B,2026-04-20,1,5,637440.14,4,{}
EV-BUR-C06206,C06206,TransUnion,679,B,2026-04-24,1,7,2802320.41,4,{}
EV-BUR-C06207,C06207,TransUnion,634,B,2026-04-26,2,2,2428993.42,3,{}
EV-BUR-C06208,C06208,CreditInfo,730,A,2026-04-24,2,2,2121642.37,2,{}
EV-BUR-C06209,C06209,CreditInfo,693,B,2026-04-24,2,3,3126131.54,4,{}
EV-BUR-C06210,C06210,TransUnion,634,B,2026-04-23,1,3,3798180.30,1,{}
EV-BUR-C06211,C06211,Metropol,663,B,2026-04-26,0,6,900297.17,0,{}
EV-BUR-C06212,C06212,CreditInfo,751,A,2026-04-23,1,2,156287.94,4,{}
EV-BUR-C06213,C06213,CreditInfo,311,E,2026-04-24,8,1,1977437.92,4,{}
EV-BUR-C06214,C06214,Metropol,599,C,2026-04-20,2,7,3869904.57,1,{}
EV-BUR-C06215,C06215,TransUnion,570,C,2026-04-21,0,3,711373.91,2,{}
EV-BUR-C06216,C06216,CreditInfo,762,A,2026-04-23,2,5,1544989.47,4,{}
EV-BUR-C06217,C06217,CreditInfo,757,A,2026-04-22,1,2,3641377.25,0,{}
EV-BUR-C06218,C06218,CreditInfo,660,B,2026-04-23,0,4,1077487.73,1,{}
EV-BUR-C06219,C06219,TransUnion,689,B,2026-04-25,2,5,2530063.11,3,{}
EV-BUR-C06220,C06220,Metropol,831,A,2026-04-24,0,3,910033.14,0,{}
EV-BUR-C06221,C06221,TransUnion,290,E,2026-04-26,3,4,572126.03,3,{}
EV-BUR-C06222,C06222,CreditInfo,680,B,2026-04-22,2,4,3097738.35,2,{}
EV-BUR-C06223,C06223,CreditInfo,655,B,2026-04-24,2,3,101136.51,1,{}
EV-BUR-C06224,C06224,CreditInfo,692,B,2026-04-21,1,3,2893822.16,1,{}
EV-BUR-C06225,C06225,CreditInfo,752,A,2026-04-25,1,1,688145.02,2,{}
EV-BUR-C06226,C06226,TransUnion,798,A,2026-04-25,1,4,1126423.34,2,{}
EV-BUR-C06227,C06227,TransUnion,824,A,2026-04-20,2,3,1234725.15,2,{}
EV-BUR-C06228,C06228,Metropol,641,B,2026-04-25,2,4,1872260.82,4,{}
EV-BUR-C06229,C06229,TransUnion,823,A,2026-04-24,0,7,1795138.35,1,{}
EV-BUR-C06230,C06230,CreditInfo,646,B,2026-04-22,0,3,2097128.78,1,{}
EV-BUR-C06231,C06231,Metropol,574,C,2026-04-24,2,5,2990171.90,2,{}
EV-BUR-C06232,C06232,Metropol,415,D,2026-04-25,7,1,2148589.04,2,{}
EV-BUR-C06233,C06233,TransUnion,597,C,2026-04-23,1,4,3713594.11,3,{}
EV-BUR-C06234,C06234,Metropol,733,A,2026-04-22,2,5,3148176.38,1,{}
EV-BUR-C06235,C06235,CreditInfo,566,C,2026-04-24,0,6,3421034.99,4,{}
EV-BUR-C06236,C06236,CreditInfo,692,B,2026-04-25,0,6,1980620.85,2,{}
EV-BUR-C06237,C06237,CreditInfo,726,A,2026-04-22,2,4,766076.37,2,{}
EV-BUR-C06238,C06238,TransUnion,636,B,2026-04-25,0,5,3116263.09,1,{}
EV-BUR-C06239,C06239,CreditInfo,622,B,2026-04-25,2,5,2716977.36,1,{}
EV-BUR-C06240,C06240,TransUnion,571,C,2026-04-23,2,1,2442532.86,3,{}
EV-BUR-C06241,C06241,CreditInfo,781,A,2026-04-20,2,7,1932989.60,0,{}
EV-BUR-C06242,C06242,Metropol,671,B,2026-04-20,1,3,3844406.51,3,{}
EV-BUR-C06243,C06243,Metropol,707,B,2026-04-24,0,3,74598.63,2,{}
EV-BUR-C06244,C06244,TransUnion,811,A,2026-04-21,0,6,2970506.04,3,{}
EV-BUR-C06245,C06245,Metropol,548,C,2026-04-25,0,4,2507591.37,4,{}
EV-BUR-C06246,C06246,Metropol,802,A,2026-04-23,1,5,2317280.97,4,{}
EV-BUR-C06247,C06247,Metropol,339,E,2026-04-20,9,1,3552409.17,3,{}
EV-BUR-C06248,C06248,Metropol,680,B,2026-04-22,1,1,3775688.66,1,{}
EV-BUR-C06249,C06249,TransUnion,739,A,2026-04-21,0,3,3158085.16,0,{}
EV-BUR-C06250,C06250,Metropol,672,B,2026-04-26,1,1,3935119.18,3,{}
EV-BUR-C06251,C06251,Metropol,656,B,2026-04-23,2,4,2269331.64,0,{}
EV-BUR-C06252,C06252,TransUnion,762,A,2026-04-25,2,5,2079118.13,0,{}
EV-BUR-C06253,C06253,TransUnion,656,B,2026-04-23,1,7,944160.56,2,{}
EV-BUR-C06254,C06254,Metropol,766,A,2026-04-24,0,3,943548.46,2,{}
EV-BUR-C06255,C06255,CreditInfo,593,C,2026-04-20,0,2,1514003.48,0,{}
EV-BUR-C06256,C06256,CreditInfo,587,C,2026-04-22,2,5,141106.26,2,{}
EV-BUR-C06257,C06257,CreditInfo,662,B,2026-04-25,2,2,3383648.81,4,{}
EV-BUR-C06258,C06258,CreditInfo,772,A,2026-04-20,2,2,3832173.08,3,{}
EV-BUR-C06259,C06259,Metropol,662,B,2026-04-24,0,4,926296.65,4,{}
EV-BUR-C06260,C06260,TransUnion,699,B,2026-04-21,2,4,2063042.58,2,{}
EV-BUR-C06261,C06261,CreditInfo,558,C,2026-04-26,1,5,67764.89,0,{}
EV-BUR-C06262,C06262,Metropol,542,C,2026-04-20,0,4,1944085.12,4,{}
EV-BUR-C06263,C06263,Metropol,692,B,2026-04-21,2,6,1302535.15,3,{}
EV-BUR-C06264,C06264,CreditInfo,802,A,2026-04-23,2,2,2051100.52,1,{}
EV-BUR-C06265,C06265,TransUnion,614,B,2026-04-23,0,7,329356.01,0,{}
EV-BUR-C06266,C06266,TransUnion,822,A,2026-04-23,1,6,3904531.10,1,{}
EV-BUR-C06267,C06267,TransUnion,639,B,2026-04-22,2,4,3735780.85,2,{}
EV-BUR-C06268,C06268,Metropol,559,C,2026-04-25,2,1,2898905.13,0,{}
EV-BUR-C06269,C06269,Metropol,667,B,2026-04-26,1,4,3371312.29,1,{}
EV-BUR-C06270,C06270,Metropol,832,A,2026-04-22,2,1,3380867.61,4,{}
EV-BUR-C06271,C06271,CreditInfo,805,A,2026-04-21,1,4,3130696.09,2,{}
EV-BUR-C06272,C06272,CreditInfo,830,A,2026-04-24,1,1,1956498.94,2,{}
EV-BUR-C06273,C06273,Metropol,586,C,2026-04-21,0,5,1708388.60,3,{}
EV-BUR-C06274,C06274,TransUnion,596,C,2026-04-23,0,2,3420548.80,1,{}
EV-BUR-C06275,C06275,CreditInfo,760,A,2026-04-25,0,2,160137.56,1,{}
EV-BUR-C06276,C06276,CreditInfo,850,A,2026-04-20,2,5,3538826.39,3,{}
EV-BUR-C06277,C06277,TransUnion,642,B,2026-04-25,0,5,324388.28,1,{}
EV-BUR-C06278,C06278,CreditInfo,671,B,2026-04-22,1,4,1414915.52,3,{}
EV-BUR-C06279,C06279,TransUnion,841,A,2026-04-23,0,3,3430244.99,2,{}
EV-BUR-C06280,C06280,TransUnion,807,A,2026-04-25,0,5,2314199.10,2,{}
EV-BUR-C06281,C06281,CreditInfo,691,B,2026-04-21,2,6,741412.34,4,{}
EV-BUR-C06282,C06282,Metropol,812,A,2026-04-24,1,2,1289728.69,2,{}
EV-BUR-C06283,C06283,Metropol,302,E,2026-04-25,6,2,2427824.51,1,{}
EV-BUR-C06284,C06284,CreditInfo,709,B,2026-04-21,1,5,1373596.75,2,{}
EV-BUR-C06285,C06285,CreditInfo,634,B,2026-04-20,2,5,1875810.21,0,{}
EV-BUR-C06286,C06286,TransUnion,740,A,2026-04-26,0,5,2636412.15,4,{}
EV-BUR-C06287,C06287,Metropol,711,B,2026-04-25,2,6,2907300.15,4,{}
EV-BUR-C06288,C06288,Metropol,799,A,2026-04-20,2,6,645363.97,0,{}
EV-BUR-C06289,C06289,TransUnion,743,A,2026-04-20,2,5,1956939.68,4,{}
EV-BUR-C06290,C06290,TransUnion,296,E,2026-04-20,6,3,3144028.96,2,{}
EV-BUR-C06291,C06291,CreditInfo,815,A,2026-04-24,2,5,246143.77,2,{}
EV-BUR-C06292,C06292,CreditInfo,802,A,2026-04-23,1,1,3909350.07,1,{}
EV-BUR-C06293,C06293,TransUnion,790,A,2026-04-22,1,7,1911469.34,1,{}
EV-BUR-C06294,C06294,Metropol,755,A,2026-04-21,2,1,2238202.25,3,{}
EV-BUR-C06295,C06295,CreditInfo,756,A,2026-04-23,0,3,1842728.79,3,{}
EV-BUR-C06296,C06296,CreditInfo,735,A,2026-04-26,1,5,3347235.64,4,{}
EV-BUR-C06297,C06297,Metropol,789,A,2026-04-22,0,4,3002555.48,3,{}
EV-BUR-C06298,C06298,CreditInfo,818,A,2026-04-25,1,7,1133451.93,3,{}
EV-BUR-C06299,C06299,TransUnion,601,B,2026-04-26,2,2,3222125.52,1,{}
EV-BUR-C06300,C06300,Metropol,637,B,2026-04-22,2,3,1082652.03,1,{}
EV-BUR-C06301,C06301,CreditInfo,641,B,2026-04-20,0,3,2831344.44,2,{}
EV-BUR-C06302,C06302,TransUnion,651,B,2026-04-25,2,5,903091.08,2,{}
EV-BUR-C06303,C06303,TransUnion,795,A,2026-04-25,1,5,2500504.15,2,{}
EV-BUR-C06304,C06304,CreditInfo,750,A,2026-04-22,0,7,1410012.40,2,{}
EV-BUR-C06305,C06305,TransUnion,685,B,2026-04-24,0,2,652057.74,1,{}
EV-BUR-C06306,C06306,Metropol,792,A,2026-04-23,0,6,470176.76,3,{}
EV-BUR-C06307,C06307,Metropol,615,B,2026-04-22,2,3,676633.12,2,{}
EV-BUR-C06308,C06308,Metropol,841,A,2026-04-20,2,1,2324419.69,3,{}
EV-BUR-C06309,C06309,CreditInfo,786,A,2026-04-25,2,1,3757225.68,2,{}
EV-BUR-C06310,C06310,CreditInfo,712,B,2026-04-21,1,5,1925757.96,2,{}
EV-BUR-C06311,C06311,CreditInfo,830,A,2026-04-22,1,5,3819188.59,1,{}
EV-BUR-C06312,C06312,Metropol,683,B,2026-04-22,0,6,3683860.53,1,{}
EV-BUR-C06313,C06313,CreditInfo,835,A,2026-04-23,0,2,1735745.40,0,{}
EV-BUR-C06314,C06314,CreditInfo,764,A,2026-04-20,1,5,2851045.56,4,{}
EV-BUR-C06315,C06315,TransUnion,794,A,2026-04-26,1,1,195130.97,1,{}
EV-BUR-C06316,C06316,CreditInfo,848,A,2026-04-24,1,4,1852430.48,2,{}
EV-BUR-C06317,C06317,CreditInfo,664,B,2026-04-26,1,4,610239.10,3,{}
EV-BUR-C06318,C06318,CreditInfo,639,B,2026-04-23,2,3,3240060.01,4,{}
EV-BUR-C06319,C06319,CreditInfo,344,E,2026-04-22,7,6,1339046.45,3,{}
EV-BUR-C06320,C06320,CreditInfo,656,B,2026-04-26,1,7,3562824.94,4,{}
EV-BUR-C06321,C06321,CreditInfo,810,A,2026-04-23,1,5,1988677.44,3,{}
EV-BUR-C06322,C06322,TransUnion,733,A,2026-04-21,0,3,753422.04,4,{}
EV-BUR-C06323,C06323,TransUnion,642,B,2026-04-24,2,7,834061.46,4,{}
EV-BUR-C06324,C06324,TransUnion,580,C,2026-04-20,1,5,3398628.95,2,{}
EV-BUR-C06325,C06325,CreditInfo,827,A,2026-04-22,1,6,624077.23,1,{}
EV-BUR-C06326,C06326,Metropol,783,A,2026-04-23,2,4,2750461.54,2,{}
EV-BUR-C06327,C06327,Metropol,726,A,2026-04-21,0,6,86336.66,3,{}
EV-BUR-C06328,C06328,CreditInfo,801,A,2026-04-20,0,2,2889015.77,3,{}
EV-BUR-C06329,C06329,TransUnion,829,A,2026-04-25,0,6,1627693.03,1,{}
EV-BUR-C06330,C06330,TransUnion,570,C,2026-04-25,2,1,3563257.96,3,{}
EV-BUR-C06331,C06331,TransUnion,622,B,2026-04-25,1,4,1822305.96,1,{}
EV-BUR-C06332,C06332,TransUnion,763,A,2026-04-23,0,3,3287040.53,4,{}
EV-BUR-C06333,C06333,CreditInfo,691,B,2026-04-26,0,5,3821224.81,2,{}
EV-BUR-C06334,C06334,Metropol,752,A,2026-04-20,1,1,2469846.49,3,{}
EV-BUR-C06335,C06335,Metropol,754,A,2026-04-26,0,7,1043493.10,1,{}
EV-BUR-C06336,C06336,Metropol,832,A,2026-04-25,1,2,2749391.51,2,{}
EV-BUR-C06337,C06337,TransUnion,581,C,2026-04-23,0,4,2560502.10,0,{}
EV-BUR-C06338,C06338,CreditInfo,795,A,2026-04-26,1,6,3483470.01,4,{}
EV-BUR-C06339,C06339,Metropol,613,B,2026-04-22,1,6,930720.77,4,{}
EV-BUR-C06340,C06340,Metropol,594,C,2026-04-25,2,1,3931124.59,3,{}
EV-BUR-C06341,C06341,Metropol,639,B,2026-04-22,2,6,2040588.18,4,{}
EV-BUR-C06342,C06342,Metropol,843,A,2026-04-26,1,6,2785482.17,1,{}
EV-BUR-C06343,C06343,TransUnion,590,C,2026-04-23,1,1,3898410.59,2,{}
EV-BUR-C06344,C06344,TransUnion,818,A,2026-04-23,2,7,837980.04,0,{}
EV-BUR-C06345,C06345,TransUnion,822,A,2026-04-21,2,1,3841533.60,0,{}
EV-BUR-C06346,C06346,CreditInfo,733,A,2026-04-20,1,3,179722.77,2,{}
EV-BUR-C06347,C06347,CreditInfo,848,A,2026-04-21,2,5,1692341.64,3,{}
EV-BUR-C06348,C06348,TransUnion,551,C,2026-04-26,2,1,1493228.21,2,{}
EV-BUR-C06349,C06349,Metropol,480,D,2026-04-21,9,6,3362219.73,2,{}
EV-BUR-C06350,C06350,TransUnion,826,A,2026-04-24,0,1,3101630.19,4,{}
EV-BUR-C06351,C06351,TransUnion,703,B,2026-04-23,2,7,546196.80,1,{}
EV-BUR-C06352,C06352,Metropol,554,C,2026-04-25,1,4,364512.29,0,{}
EV-BUR-C06353,C06353,CreditInfo,471,D,2026-04-23,8,1,960995.56,2,{}
EV-BUR-C06354,C06354,TransUnion,283,E,2026-04-22,3,4,3712343.24,2,{}
EV-BUR-C06355,C06355,CreditInfo,566,C,2026-04-21,0,5,989890.53,0,{}
EV-BUR-C06356,C06356,Metropol,560,C,2026-04-25,1,7,396856.65,4,{}
EV-BUR-C06357,C06357,Metropol,626,B,2026-04-25,2,2,203094.56,3,{}
EV-BUR-C06358,C06358,TransUnion,704,B,2026-04-25,1,1,3934183.38,1,{}
EV-BUR-C06359,C06359,Metropol,550,C,2026-04-22,1,5,1734320.40,2,{}
EV-BUR-C06360,C06360,Metropol,765,A,2026-04-22,1,5,533034.01,2,{}
EV-BUR-C06361,C06361,Metropol,694,B,2026-04-20,1,5,582601.65,3,{}
EV-BUR-C06362,C06362,Metropol,810,A,2026-04-21,0,4,538100.29,0,{}
EV-BUR-C06363,C06363,TransUnion,651,B,2026-04-26,0,7,3304949.11,3,{}
EV-BUR-C06364,C06364,Metropol,694,B,2026-04-20,2,6,3926906.78,2,{}
EV-BUR-C06365,C06365,TransUnion,557,C,2026-04-20,0,7,3842837.08,4,{}
EV-BUR-C06366,C06366,Metropol,753,A,2026-04-26,0,6,2969539.22,0,{}
EV-BUR-C06367,C06367,Metropol,749,A,2026-04-24,2,1,1615712.93,2,{}
EV-BUR-C06368,C06368,CreditInfo,825,A,2026-04-23,1,7,2421376.04,1,{}
EV-BUR-C06369,C06369,TransUnion,839,A,2026-04-21,0,6,1453956.27,3,{}
EV-BUR-C06370,C06370,Metropol,812,A,2026-04-21,1,3,3486483.79,1,{}
EV-BUR-C06371,C06371,TransUnion,622,B,2026-04-25,0,4,1043945.95,0,{}
EV-BUR-C06372,C06372,Metropol,739,A,2026-04-25,1,3,1821676.69,4,{}
EV-BUR-C06373,C06373,TransUnion,384,E,2026-04-22,5,4,1917573.06,4,{}
EV-BUR-C06374,C06374,CreditInfo,740,A,2026-04-23,2,1,1549913.73,1,{}
EV-BUR-C06375,C06375,Metropol,814,A,2026-04-20,1,7,648910.38,1,{}
EV-BUR-C06376,C06376,TransUnion,648,B,2026-04-22,1,1,2753990.83,0,{}
EV-BUR-C06377,C06377,Metropol,548,C,2026-04-24,2,3,577665.15,0,{}
EV-BUR-C06378,C06378,Metropol,738,A,2026-04-22,0,5,783025.17,0,{}
EV-BUR-C06379,C06379,TransUnion,696,B,2026-04-24,0,2,3552563.41,3,{}
EV-BUR-C06380,C06380,CreditInfo,689,B,2026-04-22,1,5,3498531.68,3,{}
EV-BUR-C06381,C06381,TransUnion,836,A,2026-04-22,1,1,3350685.31,3,{}
EV-BUR-C06382,C06382,CreditInfo,629,B,2026-04-20,1,5,2287480.30,0,{}
EV-BUR-C06383,C06383,Metropol,785,A,2026-04-20,2,5,3026473.69,3,{}
EV-BUR-C06384,C06384,CreditInfo,647,B,2026-04-26,2,6,3211874.52,4,{}
EV-BUR-C06385,C06385,Metropol,425,D,2026-04-24,9,5,342471.65,4,{}
EV-BUR-C06386,C06386,TransUnion,825,A,2026-04-20,1,2,348674.76,3,{}
EV-BUR-C06387,C06387,CreditInfo,646,B,2026-04-22,2,1,816755.59,1,{}
EV-BUR-C06388,C06388,TransUnion,541,C,2026-04-24,1,4,3388984.37,3,{}
EV-BUR-C06389,C06389,Metropol,729,A,2026-04-20,2,4,3266132.51,3,{}
EV-BUR-C06390,C06390,Metropol,596,C,2026-04-20,2,3,2882588.55,0,{}
EV-BUR-C06391,C06391,Metropol,791,A,2026-04-21,0,5,2130159.41,3,{}
EV-BUR-C06392,C06392,Metropol,635,B,2026-04-22,1,3,3078179.22,4,{}
EV-BUR-C06393,C06393,Metropol,833,A,2026-04-21,0,7,3528114.02,1,{}
EV-BUR-C06394,C06394,Metropol,668,B,2026-04-26,0,5,649521.96,1,{}
EV-BUR-C06395,C06395,Metropol,614,B,2026-04-22,0,6,2836602.72,1,{}
EV-BUR-C06396,C06396,Metropol,671,B,2026-04-20,2,3,730260.24,4,{}
EV-BUR-C06397,C06397,CreditInfo,621,B,2026-04-20,0,6,2193502.87,1,{}
EV-BUR-C06398,C06398,TransUnion,567,C,2026-04-21,1,1,1682924.03,4,{}
EV-BUR-C06399,C06399,Metropol,762,A,2026-04-26,0,4,2166471.27,4,{}
EV-BUR-C06400,C06400,TransUnion,839,A,2026-04-25,0,4,3155977.26,1,{}
EV-BUR-C06401,C06401,TransUnion,662,B,2026-04-21,2,6,3694291.98,1,{}
EV-BUR-C06402,C06402,CreditInfo,620,B,2026-04-22,2,3,3041968.93,4,{}
EV-BUR-C06403,C06403,Metropol,676,B,2026-04-26,0,2,2128304.79,0,{}
EV-BUR-C06404,C06404,TransUnion,829,A,2026-04-21,2,3,2616624.88,0,{}
EV-BUR-C06405,C06405,TransUnion,645,B,2026-04-25,1,3,3457579.40,4,{}
EV-BUR-C06406,C06406,Metropol,483,D,2026-04-21,5,6,659404.13,4,{}
EV-BUR-C06407,C06407,TransUnion,822,A,2026-04-24,1,1,559278.47,3,{}
EV-BUR-C06408,C06408,Metropol,814,A,2026-04-25,0,4,1071648.19,4,{}
EV-BUR-C06409,C06409,CreditInfo,569,C,2026-04-20,0,3,1418236.22,4,{}
EV-BUR-C06410,C06410,CreditInfo,741,A,2026-04-24,1,7,2429544.29,2,{}
EV-BUR-C06411,C06411,TransUnion,841,A,2026-04-23,0,3,652354.56,1,{}
EV-BUR-C06412,C06412,Metropol,786,A,2026-04-23,1,7,332535.30,3,{}
EV-BUR-C06413,C06413,Metropol,472,D,2026-04-23,4,1,558008.81,3,{}
EV-BUR-C06414,C06414,Metropol,704,B,2026-04-21,2,2,1772030.54,3,{}
EV-BUR-C06415,C06415,TransUnion,577,C,2026-04-20,0,2,962431.37,4,{}
EV-BUR-C06416,C06416,CreditInfo,825,A,2026-04-22,1,7,2548983.39,0,{}
EV-BUR-C06417,C06417,Metropol,600,B,2026-04-24,1,6,2730759.98,0,{}
EV-BUR-C06418,C06418,Metropol,560,C,2026-04-21,0,4,1185523.34,2,{}
EV-BUR-C06419,C06419,TransUnion,701,B,2026-04-20,1,3,2103596.53,0,{}
EV-BUR-C06420,C06420,TransUnion,805,A,2026-04-23,1,3,1404528.93,4,{}
EV-BUR-C06421,C06421,CreditInfo,701,B,2026-04-21,2,6,1472829.71,0,{}
EV-BUR-C06422,C06422,CreditInfo,824,A,2026-04-26,2,6,3466128.57,4,{}
EV-BUR-C06423,C06423,Metropol,773,A,2026-04-21,1,1,3102761.96,0,{}
EV-BUR-C06424,C06424,Metropol,599,C,2026-04-26,1,3,1849903.57,1,{}
EV-BUR-C06425,C06425,TransUnion,830,A,2026-04-24,2,1,2511071.60,1,{}
EV-BUR-C06426,C06426,CreditInfo,680,B,2026-04-20,1,1,160360.73,1,{}
EV-BUR-C06427,C06427,TransUnion,839,A,2026-04-21,0,4,3716141.17,2,{}
EV-BUR-C06428,C06428,Metropol,713,B,2026-04-24,2,4,3432476.49,4,{}
EV-BUR-C06429,C06429,TransUnion,636,B,2026-04-23,0,1,2275143.46,2,{}
EV-BUR-C06430,C06430,Metropol,779,A,2026-04-20,1,2,3983863.59,4,{}
EV-BUR-C06431,C06431,CreditInfo,559,C,2026-04-25,0,5,1291817.82,2,{}
EV-BUR-C06432,C06432,TransUnion,609,B,2026-04-23,2,5,3231675.08,3,{}
EV-BUR-C06433,C06433,TransUnion,752,A,2026-04-22,0,2,258004.18,3,{}
EV-BUR-C06434,C06434,CreditInfo,656,B,2026-04-26,1,5,695130.00,0,{}
EV-BUR-C06435,C06435,TransUnion,777,A,2026-04-23,1,4,659214.84,4,{}
EV-BUR-C06436,C06436,CreditInfo,677,B,2026-04-25,0,3,643586.09,2,{}
EV-BUR-C06437,C06437,CreditInfo,597,C,2026-04-22,2,3,299095.80,1,{}
EV-BUR-C06438,C06438,Metropol,798,A,2026-04-21,1,6,3193098.57,2,{}
EV-BUR-C06439,C06439,CreditInfo,828,A,2026-04-22,1,4,2899944.53,2,{}
EV-BUR-C06440,C06440,Metropol,747,A,2026-04-22,1,2,869460.60,1,{}
EV-BUR-C06441,C06441,CreditInfo,588,C,2026-04-24,2,3,1941122.60,4,{}
EV-BUR-C06442,C06442,CreditInfo,814,A,2026-04-22,2,3,3994788.62,4,{}
EV-BUR-C06443,C06443,TransUnion,480,D,2026-04-22,7,7,904395.45,0,{}
EV-BUR-C06444,C06444,TransUnion,595,C,2026-04-25,0,6,1047492.53,4,{}
EV-BUR-C06445,C06445,Metropol,543,C,2026-04-22,0,4,307034.10,1,{}
EV-BUR-C06446,C06446,CreditInfo,766,A,2026-04-22,1,3,3664734.97,4,{}
EV-BUR-C06447,C06447,TransUnion,568,C,2026-04-26,1,2,1391195.96,0,{}
EV-BUR-C06448,C06448,Metropol,599,C,2026-04-26,2,1,2983193.47,3,{}
EV-BUR-C06449,C06449,Metropol,747,A,2026-04-23,1,2,988396.56,0,{}
EV-BUR-C06450,C06450,Metropol,691,B,2026-04-23,1,5,1145193.20,3,{}
EV-BUR-C06451,C06451,TransUnion,512,C,2026-04-24,6,6,3846846.81,0,{}
EV-BUR-C06452,C06452,Metropol,386,E,2026-04-21,8,4,606856.00,3,{}
EV-BUR-C06453,C06453,CreditInfo,745,A,2026-04-25,1,7,1223106.68,1,{}
EV-BUR-C06454,C06454,CreditInfo,826,A,2026-04-22,0,6,743764.93,2,{}
EV-BUR-C06455,C06455,TransUnion,639,B,2026-04-21,0,2,2499192.55,1,{}
EV-BUR-C06456,C06456,TransUnion,581,C,2026-04-21,0,1,142743.64,2,{}
EV-BUR-C06457,C06457,TransUnion,734,A,2026-04-26,0,2,2187707.04,2,{}
EV-BUR-C06458,C06458,Metropol,443,D,2026-04-24,7,1,2765616.22,4,{}
EV-BUR-C06459,C06459,TransUnion,593,C,2026-04-21,2,2,810558.57,0,{}
EV-BUR-C06460,C06460,Metropol,767,A,2026-04-24,0,3,2298604.40,0,{}
EV-BUR-C06461,C06461,TransUnion,599,C,2026-04-23,0,7,1885775.93,3,{}
EV-BUR-C06462,C06462,TransUnion,391,E,2026-04-24,5,4,3365366.70,3,{}
EV-BUR-C06463,C06463,CreditInfo,546,C,2026-04-23,0,4,864853.37,2,{}
EV-BUR-C06464,C06464,Metropol,665,B,2026-04-21,1,2,2077911.38,1,{}
EV-BUR-C06465,C06465,CreditInfo,770,A,2026-04-22,0,7,3745292.27,2,{}
EV-BUR-C06466,C06466,CreditInfo,660,B,2026-04-22,2,3,1253543.04,1,{}
EV-BUR-C06467,C06467,TransUnion,682,B,2026-04-25,0,3,2643829.54,2,{}
EV-BUR-C06468,C06468,Metropol,571,C,2026-04-22,2,4,1165828.77,2,{}
EV-BUR-C06469,C06469,CreditInfo,803,A,2026-04-22,0,5,3902707.50,3,{}
EV-BUR-C06470,C06470,CreditInfo,695,B,2026-04-24,1,7,3624997.54,2,{}
EV-BUR-C06471,C06471,CreditInfo,767,A,2026-04-26,2,6,2593000.93,2,{}
EV-BUR-C06472,C06472,Metropol,718,B,2026-04-26,1,1,2750347.98,4,{}
EV-BUR-C06473,C06473,TransUnion,556,C,2026-04-24,1,5,1067883.27,3,{}
EV-BUR-C06474,C06474,TransUnion,603,B,2026-04-21,1,4,2841408.17,4,{}
EV-BUR-C06475,C06475,TransUnion,709,B,2026-04-20,0,5,449391.88,0,{}
EV-BUR-C06476,C06476,Metropol,771,A,2026-04-24,2,5,3174569.76,3,{}
EV-BUR-C06477,C06477,TransUnion,776,A,2026-04-26,2,3,3041146.05,3,{}
EV-BUR-C06478,C06478,Metropol,552,C,2026-04-24,1,3,850198.86,0,{}
EV-BUR-C06479,C06479,Metropol,506,C,2026-04-26,3,6,2249656.95,2,{}
EV-BUR-C06480,C06480,CreditInfo,558,C,2026-04-21,1,2,1286222.77,1,{}
EV-BUR-C06481,C06481,CreditInfo,790,A,2026-04-25,2,5,927217.37,2,{}
EV-BUR-C06482,C06482,TransUnion,827,A,2026-04-22,2,4,364516.81,2,{}
EV-BUR-C06483,C06483,TransUnion,830,A,2026-04-21,0,7,440674.37,1,{}
EV-BUR-C06484,C06484,CreditInfo,689,B,2026-04-23,1,4,830329.60,0,{}
EV-BUR-C06485,C06485,CreditInfo,797,A,2026-04-22,2,5,1369395.97,2,{}
EV-BUR-C06486,C06486,TransUnion,472,D,2026-04-23,7,3,1028861.00,4,{}
EV-BUR-C06487,C06487,TransUnion,666,B,2026-04-21,2,6,1735685.94,0,{}
EV-BUR-C06488,C06488,TransUnion,712,B,2026-04-22,0,7,812238.58,3,{}
EV-BUR-C06489,C06489,CreditInfo,404,D,2026-04-21,8,6,3339276.18,4,{}
EV-BUR-C06490,C06490,CreditInfo,603,B,2026-04-23,0,5,2975975.47,0,{}
EV-BUR-C06491,C06491,Metropol,834,A,2026-04-25,2,7,803883.22,0,{}
EV-BUR-C06492,C06492,TransUnion,652,B,2026-04-26,1,2,2035710.17,1,{}
EV-BUR-C06493,C06493,Metropol,621,B,2026-04-20,2,5,355904.27,1,{}
EV-BUR-C06494,C06494,Metropol,708,B,2026-04-21,2,4,2242147.95,2,{}
EV-BUR-C06495,C06495,Metropol,624,B,2026-04-23,1,4,3503350.08,4,{}
EV-BUR-C06496,C06496,TransUnion,734,A,2026-04-25,0,2,3579125.85,2,{}
EV-BUR-C06497,C06497,CreditInfo,804,A,2026-04-25,2,2,3887097.65,1,{}
EV-BUR-C06498,C06498,CreditInfo,758,A,2026-04-24,2,7,3360776.25,1,{}
EV-BUR-C06499,C06499,CreditInfo,575,C,2026-04-22,1,3,3939601.42,1,{}
EV-BUR-C06500,C06500,TransUnion,408,D,2026-04-22,8,2,1717611.83,3,{}
EV-BUR-C06501,C06501,Metropol,626,B,2026-04-25,2,2,1105135.95,4,{}
EV-BUR-C06502,C06502,TransUnion,544,C,2026-04-25,0,4,1453646.41,0,{}
EV-BUR-C06503,C06503,TransUnion,643,B,2026-04-22,1,7,3989536.59,0,{}
EV-BUR-C06504,C06504,Metropol,548,C,2026-04-25,2,6,3665359.50,3,{}
EV-BUR-C06505,C06505,CreditInfo,688,B,2026-04-22,2,2,2181210.29,4,{}
EV-BUR-C06506,C06506,Metropol,640,B,2026-04-22,0,4,3781490.72,3,{}
EV-BUR-C06507,C06507,Metropol,600,B,2026-04-23,2,3,2425161.12,0,{}
EV-BUR-C06508,C06508,Metropol,804,A,2026-04-20,2,1,1886271.07,0,{}
EV-BUR-C06509,C06509,TransUnion,712,B,2026-04-22,1,1,606108.13,3,{}
EV-BUR-C06510,C06510,Metropol,700,B,2026-04-24,2,5,2673025.81,3,{}
EV-BUR-C06511,C06511,TransUnion,668,B,2026-04-20,1,7,2956832.57,2,{}
EV-BUR-C06512,C06512,CreditInfo,795,A,2026-04-22,2,6,1342730.73,3,{}
EV-BUR-C06513,C06513,TransUnion,679,B,2026-04-22,2,4,709460.89,3,{}
EV-BUR-C06514,C06514,Metropol,658,B,2026-04-23,1,3,221887.46,3,{}
EV-BUR-C06515,C06515,TransUnion,544,C,2026-04-20,1,7,3731310.20,3,{}
EV-BUR-C06516,C06516,Metropol,640,B,2026-04-23,2,7,435639.73,1,{}
EV-BUR-C06517,C06517,CreditInfo,573,C,2026-04-23,1,3,3880479.47,2,{}
EV-BUR-C06518,C06518,CreditInfo,670,B,2026-04-25,0,5,3334628.73,3,{}
EV-BUR-C06519,C06519,TransUnion,838,A,2026-04-23,1,1,2474887.50,2,{}
EV-BUR-C06520,C06520,CreditInfo,655,B,2026-04-21,1,3,2312291.37,4,{}
EV-BUR-C06521,C06521,Metropol,726,A,2026-04-23,0,3,3429212.41,0,{}
EV-BUR-C06522,C06522,CreditInfo,810,A,2026-04-24,0,4,3011232.71,3,{}
EV-BUR-C06523,C06523,TransUnion,802,A,2026-04-23,2,2,2690722.24,3,{}
EV-BUR-C06524,C06524,Metropol,600,B,2026-04-23,0,3,1423770.51,1,{}
EV-BUR-C06525,C06525,TransUnion,639,B,2026-04-21,2,1,1769586.78,1,{}
EV-BUR-C06526,C06526,Metropol,655,B,2026-04-24,2,3,3986980.64,2,{}
EV-BUR-C06527,C06527,TransUnion,748,A,2026-04-20,1,3,3653479.55,3,{}
EV-BUR-C06528,C06528,TransUnion,389,E,2026-04-26,4,3,1430199.74,4,{}
EV-BUR-C06529,C06529,CreditInfo,552,C,2026-04-24,1,5,327244.96,1,{}
EV-BUR-C06530,C06530,Metropol,307,E,2026-04-23,8,1,920403.54,2,{}
EV-BUR-C06531,C06531,Metropol,566,C,2026-04-25,2,2,1791394.79,1,{}
EV-BUR-C06532,C06532,CreditInfo,651,B,2026-04-22,2,4,441202.15,2,{}
EV-BUR-C06533,C06533,Metropol,773,A,2026-04-24,1,6,3646005.64,2,{}
EV-BUR-C06534,C06534,Metropol,804,A,2026-04-25,1,2,2082759.10,1,{}
EV-BUR-C06535,C06535,TransUnion,578,C,2026-04-23,2,1,2086247.97,1,{}
EV-BUR-C06536,C06536,CreditInfo,787,A,2026-04-26,1,3,2766092.05,2,{}
EV-BUR-C06537,C06537,TransUnion,570,C,2026-04-20,2,3,3182310.44,2,{}
EV-BUR-C06538,C06538,CreditInfo,799,A,2026-04-25,0,4,2737659.94,0,{}
EV-BUR-C06539,C06539,Metropol,597,C,2026-04-24,2,1,3611667.05,3,{}
EV-BUR-C06540,C06540,CreditInfo,664,B,2026-04-20,0,7,2358468.50,0,{}
EV-BUR-C06541,C06541,Metropol,792,A,2026-04-22,2,1,2130428.87,0,{}
EV-BUR-C06542,C06542,Metropol,799,A,2026-04-26,1,1,3811925.80,0,{}
EV-BUR-C06543,C06543,TransUnion,780,A,2026-04-24,0,3,1905647.97,2,{}
EV-BUR-C06544,C06544,Metropol,417,D,2026-04-26,9,4,896761.92,0,{}
EV-BUR-C06545,C06545,CreditInfo,578,C,2026-04-25,2,1,960749.05,0,{}
EV-BUR-C06546,C06546,TransUnion,844,A,2026-04-22,1,5,3079721.87,4,{}
EV-BUR-C06547,C06547,CreditInfo,606,B,2026-04-22,2,1,1396599.82,1,{}
EV-BUR-C06548,C06548,TransUnion,591,C,2026-04-23,0,3,2613537.67,0,{}
EV-BUR-C06549,C06549,CreditInfo,752,A,2026-04-26,2,5,2490654.31,4,{}
EV-BUR-C06550,C06550,TransUnion,809,A,2026-04-23,1,6,1359456.22,4,{}
EV-BUR-C06551,C06551,Metropol,569,C,2026-04-25,1,7,809899.78,0,{}
EV-BUR-C06552,C06552,TransUnion,790,A,2026-04-25,0,4,2250639.92,2,{}
EV-BUR-C06553,C06553,CreditInfo,681,B,2026-04-20,1,4,2936137.10,4,{}
EV-BUR-C06554,C06554,Metropol,566,C,2026-04-22,2,4,1919179.81,4,{}
EV-BUR-C06555,C06555,Metropol,547,C,2026-04-24,1,3,1106141.89,0,{}
EV-BUR-C06556,C06556,TransUnion,707,B,2026-04-23,0,2,1323732.38,1,{}
EV-BUR-C06557,C06557,TransUnion,686,B,2026-04-22,2,5,2235627.52,3,{}
EV-BUR-C06558,C06558,Metropol,642,B,2026-04-23,0,6,2304061.04,1,{}
EV-BUR-C06559,C06559,CreditInfo,589,C,2026-04-20,0,7,2514668.88,1,{}
EV-BUR-C06560,C06560,TransUnion,713,B,2026-04-25,2,1,1281443.92,0,{}
EV-BUR-C06561,C06561,TransUnion,657,B,2026-04-20,0,2,2853876.39,1,{}
EV-BUR-C06562,C06562,CreditInfo,723,A,2026-04-22,1,7,3214206.17,4,{}
EV-BUR-C06563,C06563,Metropol,826,A,2026-04-21,1,6,3527659.71,0,{}
EV-BUR-C06564,C06564,Metropol,544,C,2026-04-23,2,4,234870.82,1,{}
EV-BUR-C06565,C06565,CreditInfo,394,E,2026-04-23,8,5,3998718.04,1,{}
EV-BUR-C06566,C06566,CreditInfo,569,C,2026-04-25,1,4,3089425.12,0,{}
EV-BUR-C06567,C06567,TransUnion,664,B,2026-04-26,2,6,3926131.69,4,{}
EV-BUR-C06568,C06568,Metropol,717,B,2026-04-25,2,3,3547243.19,4,{}
EV-BUR-C06569,C06569,CreditInfo,669,B,2026-04-23,1,7,3719021.80,2,{}
EV-BUR-C06570,C06570,CreditInfo,822,A,2026-04-26,2,3,3629971.39,1,{}
EV-BUR-C06571,C06571,TransUnion,684,B,2026-04-22,1,3,3475306.09,2,{}
EV-BUR-C06572,C06572,Metropol,678,B,2026-04-25,0,5,1095016.92,4,{}
EV-BUR-C06573,C06573,CreditInfo,564,C,2026-04-23,1,4,537806.81,0,{}
EV-BUR-C06574,C06574,CreditInfo,621,B,2026-04-25,1,3,3303011.04,1,{}
EV-BUR-C06575,C06575,TransUnion,829,A,2026-04-23,2,6,677412.36,0,{}
EV-BUR-C06576,C06576,Metropol,823,A,2026-04-24,1,7,556988.39,1,{}
EV-BUR-C06577,C06577,CreditInfo,637,B,2026-04-21,1,6,1067493.05,0,{}
EV-BUR-C06578,C06578,Metropol,618,B,2026-04-21,1,3,2530059.26,2,{}
EV-BUR-C06579,C06579,Metropol,604,B,2026-04-20,1,3,3235561.49,1,{}
EV-BUR-C06580,C06580,CreditInfo,693,B,2026-04-24,0,7,2731883.37,0,{}
EV-BUR-C06581,C06581,CreditInfo,790,A,2026-04-22,0,1,1281939.74,4,{}
EV-BUR-C06582,C06582,TransUnion,583,C,2026-04-23,1,1,3430261.55,2,{}
EV-BUR-C06583,C06583,Metropol,810,A,2026-04-23,1,2,2684831.80,0,{}
EV-BUR-C06584,C06584,TransUnion,842,A,2026-04-21,0,7,3138868.69,0,{}
EV-BUR-C06585,C06585,Metropol,779,A,2026-04-22,1,6,2314237.60,0,{}
EV-BUR-C06586,C06586,CreditInfo,652,B,2026-04-22,2,4,484136.81,4,{}
EV-BUR-C06587,C06587,TransUnion,783,A,2026-04-20,2,3,3374679.23,0,{}
EV-BUR-C06588,C06588,CreditInfo,815,A,2026-04-20,0,1,118506.67,2,{}
EV-BUR-C06589,C06589,TransUnion,754,A,2026-04-21,2,6,3936581.38,3,{}
EV-BUR-C06590,C06590,CreditInfo,774,A,2026-04-24,2,5,2947031.89,2,{}
EV-BUR-C06591,C06591,Metropol,807,A,2026-04-25,0,7,2731270.97,3,{}
EV-BUR-C06592,C06592,TransUnion,753,A,2026-04-25,0,6,438843.28,1,{}
EV-BUR-C06593,C06593,TransUnion,744,A,2026-04-24,1,2,766963.61,3,{}
EV-BUR-C06594,C06594,Metropol,746,A,2026-04-22,0,2,2711873.34,1,{}
EV-BUR-C06595,C06595,Metropol,671,B,2026-04-21,0,1,2772014.87,0,{}
EV-BUR-C06596,C06596,CreditInfo,813,A,2026-04-25,0,3,1492615.55,0,{}
EV-BUR-C06597,C06597,CreditInfo,547,C,2026-04-26,1,3,3536125.70,0,{}
EV-BUR-C06598,C06598,Metropol,810,A,2026-04-25,2,1,3739389.02,0,{}
EV-BUR-C06599,C06599,Metropol,584,C,2026-04-22,2,2,799920.66,0,{}
EV-BUR-C06600,C06600,Metropol,720,A,2026-04-23,1,1,1964116.83,3,{}
EV-BUR-C06601,C06601,CreditInfo,730,A,2026-04-20,2,6,2128075.11,4,{}
EV-BUR-C06602,C06602,CreditInfo,689,B,2026-04-26,0,7,2649163.13,0,{}
EV-BUR-C06603,C06603,TransUnion,837,A,2026-04-21,2,4,2689211.72,0,{}
EV-BUR-C06604,C06604,Metropol,688,B,2026-04-25,0,4,767955.26,4,{}
EV-BUR-C06605,C06605,TransUnion,635,B,2026-04-26,2,7,1764925.78,2,{}
EV-BUR-C06606,C06606,CreditInfo,818,A,2026-04-23,2,7,2485176.02,2,{}
EV-BUR-C06607,C06607,TransUnion,678,B,2026-04-21,2,7,1695636.85,3,{}
EV-BUR-C06608,C06608,Metropol,714,B,2026-04-26,1,5,2441741.56,4,{}
EV-BUR-C06609,C06609,CreditInfo,738,A,2026-04-20,1,6,1536563.61,1,{}
EV-BUR-C06610,C06610,CreditInfo,694,B,2026-04-23,2,7,1960790.63,2,{}
EV-BUR-C06611,C06611,TransUnion,751,A,2026-04-22,0,7,1799336.89,1,{}
EV-BUR-C06612,C06612,Metropol,604,B,2026-04-26,0,6,2119745.21,3,{}
EV-BUR-C06613,C06613,CreditInfo,817,A,2026-04-25,0,2,2635991.59,2,{}
EV-BUR-C06614,C06614,Metropol,671,B,2026-04-20,0,6,2593929.16,1,{}
EV-BUR-C06615,C06615,TransUnion,639,B,2026-04-26,1,1,288802.85,0,{}
EV-BUR-C06616,C06616,CreditInfo,598,C,2026-04-23,0,3,1762702.11,1,{}
EV-BUR-C06617,C06617,CreditInfo,626,B,2026-04-23,1,6,2160022.50,3,{}
EV-BUR-C06618,C06618,TransUnion,637,B,2026-04-21,2,6,3999439.88,2,{}
EV-BUR-C06619,C06619,TransUnion,611,B,2026-04-25,2,7,3796588.21,4,{}
EV-BUR-C06620,C06620,Metropol,649,B,2026-04-22,0,6,2834545.24,0,{}
EV-BUR-C06621,C06621,Metropol,757,A,2026-04-21,1,3,1935239.24,2,{}
EV-BUR-C06622,C06622,CreditInfo,628,B,2026-04-25,2,7,256103.29,3,{}
EV-BUR-C06623,C06623,Metropol,631,B,2026-04-22,2,3,3721677.20,3,{}
EV-BUR-C06624,C06624,CreditInfo,776,A,2026-04-23,0,3,2680180.89,3,{}
EV-BUR-C06625,C06625,CreditInfo,715,B,2026-04-22,0,3,3719259.07,2,{}
EV-BUR-C06626,C06626,CreditInfo,593,C,2026-04-24,1,7,3951275.28,0,{}
EV-BUR-C06627,C06627,TransUnion,794,A,2026-04-24,1,3,403689.35,3,{}
EV-BUR-C06628,C06628,Metropol,659,B,2026-04-26,2,5,2533474.10,4,{}
EV-BUR-C06629,C06629,Metropol,734,A,2026-04-21,2,5,464001.49,4,{}
EV-BUR-C06630,C06630,Metropol,675,B,2026-04-26,1,3,755189.39,3,{}
EV-BUR-C06631,C06631,CreditInfo,832,A,2026-04-24,1,1,3225226.15,0,{}
EV-BUR-C06632,C06632,Metropol,515,C,2026-04-22,3,3,3478509.46,0,{}
EV-BUR-C06633,C06633,Metropol,725,A,2026-04-22,0,4,522548.87,4,{}
EV-BUR-C06634,C06634,Metropol,545,C,2026-04-26,2,6,3155572.90,3,{}
EV-BUR-C06635,C06635,Metropol,727,A,2026-04-23,2,4,2275886.47,1,{}
EV-BUR-C06636,C06636,CreditInfo,566,C,2026-04-22,0,7,2310043.15,4,{}
EV-BUR-C06637,C06637,CreditInfo,596,C,2026-04-22,2,7,3342823.72,0,{}
EV-BUR-C06638,C06638,TransUnion,703,B,2026-04-22,1,1,1984319.02,2,{}
EV-BUR-C06639,C06639,TransUnion,723,A,2026-04-26,2,2,1609043.34,2,{}
EV-BUR-C06640,C06640,CreditInfo,571,C,2026-04-23,1,5,1726840.54,2,{}
EV-BUR-C06641,C06641,TransUnion,656,B,2026-04-22,1,7,1624303.65,3,{}
EV-BUR-C06642,C06642,TransUnion,577,C,2026-04-23,1,2,383420.16,4,{}
EV-BUR-C06643,C06643,CreditInfo,623,B,2026-04-20,0,3,3225796.75,3,{}
EV-BUR-C06644,C06644,TransUnion,703,B,2026-04-21,2,7,2188576.84,4,{}
EV-BUR-C06645,C06645,TransUnion,812,A,2026-04-25,0,7,269795.80,1,{}
EV-BUR-C06646,C06646,Metropol,706,B,2026-04-21,2,5,578817.07,0,{}
EV-BUR-C06647,C06647,CreditInfo,767,A,2026-04-21,2,5,3866520.44,4,{}
EV-BUR-C06648,C06648,Metropol,565,C,2026-04-25,0,5,96925.18,0,{}
EV-BUR-C06649,C06649,CreditInfo,551,C,2026-04-23,0,7,1324655.44,2,{}
EV-BUR-C06650,C06650,Metropol,658,B,2026-04-25,0,2,1068847.92,0,{}
EV-BUR-C06651,C06651,CreditInfo,686,B,2026-04-26,1,3,2035641.72,1,{}
EV-BUR-C06652,C06652,Metropol,742,A,2026-04-25,0,6,1127941.96,0,{}
EV-BUR-C06653,C06653,Metropol,724,A,2026-04-25,2,1,2904388.03,0,{}
EV-BUR-C06654,C06654,TransUnion,833,A,2026-04-24,1,1,2865820.43,1,{}
EV-BUR-C06655,C06655,Metropol,435,D,2026-04-24,3,2,3809524.18,1,{}
EV-BUR-C06656,C06656,CreditInfo,748,A,2026-04-22,1,3,1270507.76,0,{}
EV-BUR-C06657,C06657,TransUnion,613,B,2026-04-20,1,2,3928142.76,0,{}
EV-BUR-C06658,C06658,CreditInfo,700,B,2026-04-24,0,2,1289996.84,3,{}
EV-BUR-C06659,C06659,TransUnion,631,B,2026-04-26,1,7,129201.39,3,{}
EV-BUR-C06660,C06660,CreditInfo,571,C,2026-04-25,1,1,2411919.68,1,{}
EV-BUR-C06661,C06661,CreditInfo,750,A,2026-04-24,0,7,3591728.67,0,{}
EV-BUR-C06662,C06662,TransUnion,479,D,2026-04-25,4,4,706918.94,3,{}
EV-BUR-C06663,C06663,TransUnion,573,C,2026-04-21,2,6,1560862.37,1,{}
EV-BUR-C06664,C06664,Metropol,797,A,2026-04-20,0,3,901645.61,2,{}
EV-BUR-C06665,C06665,CreditInfo,594,C,2026-04-25,0,6,3666312.60,1,{}
EV-BUR-C06666,C06666,TransUnion,827,A,2026-04-22,2,1,2649387.06,4,{}
EV-BUR-C06667,C06667,TransUnion,558,C,2026-04-25,0,5,1205468.77,1,{}
EV-BUR-C06668,C06668,Metropol,610,B,2026-04-21,0,2,916584.86,2,{}
EV-BUR-C06669,C06669,TransUnion,426,D,2026-04-24,5,7,2204213.42,0,{}
EV-BUR-C06670,C06670,Metropol,622,B,2026-04-24,1,2,352128.72,2,{}
EV-BUR-C06671,C06671,TransUnion,772,A,2026-04-23,1,3,1322251.57,3,{}
EV-BUR-C06672,C06672,TransUnion,559,C,2026-04-21,2,2,3484703.45,0,{}
EV-BUR-C06673,C06673,Metropol,764,A,2026-04-25,2,4,2725077.75,0,{}
EV-BUR-C06674,C06674,Metropol,599,C,2026-04-25,1,1,3645996.17,3,{}
EV-BUR-C06675,C06675,TransUnion,680,B,2026-04-21,2,3,1425516.31,1,{}
EV-BUR-C06676,C06676,Metropol,573,C,2026-04-21,0,2,3898620.69,1,{}
EV-BUR-C06677,C06677,TransUnion,509,C,2026-04-26,9,4,3197671.44,1,{}
EV-BUR-C06678,C06678,Metropol,818,A,2026-04-20,1,5,496366.58,1,{}
EV-BUR-C06679,C06679,Metropol,485,D,2026-04-22,4,6,3130880.36,2,{}
EV-BUR-C06680,C06680,TransUnion,781,A,2026-04-24,2,3,1375876.52,4,{}
EV-BUR-C06681,C06681,CreditInfo,316,E,2026-04-23,9,3,3819647.88,1,{}
EV-BUR-C06682,C06682,Metropol,557,C,2026-04-25,0,4,504649.23,2,{}
EV-BUR-C06683,C06683,TransUnion,624,B,2026-04-23,2,1,1306972.45,2,{}
EV-BUR-C06684,C06684,TransUnion,617,B,2026-04-23,0,1,2858377.47,3,{}
EV-BUR-C06685,C06685,CreditInfo,579,C,2026-04-21,0,7,2364738.79,0,{}
EV-BUR-C06686,C06686,TransUnion,604,B,2026-04-25,2,3,1931898.98,4,{}
EV-BUR-C06687,C06687,Metropol,710,B,2026-04-25,1,3,1009132.04,0,{}
EV-BUR-C06688,C06688,Metropol,643,B,2026-04-22,1,6,235391.69,3,{}
EV-BUR-C06689,C06689,TransUnion,798,A,2026-04-23,1,1,3704046.59,4,{}
EV-BUR-C06690,C06690,TransUnion,617,B,2026-04-21,2,7,478147.35,2,{}
EV-BUR-C06691,C06691,Metropol,789,A,2026-04-26,0,2,1358557.41,3,{}
EV-BUR-C06692,C06692,Metropol,653,B,2026-04-21,0,6,3012496.13,4,{}
EV-BUR-C06693,C06693,Metropol,350,E,2026-04-23,5,4,2979684.40,1,{}
EV-BUR-C06694,C06694,Metropol,606,B,2026-04-20,0,7,1139035.48,1,{}
EV-BUR-C06695,C06695,Metropol,558,C,2026-04-25,2,3,642925.83,2,{}
EV-BUR-C06696,C06696,CreditInfo,829,A,2026-04-25,2,6,3886842.61,2,{}
EV-BUR-C06697,C06697,Metropol,818,A,2026-04-25,1,4,980310.30,4,{}
EV-BUR-C06698,C06698,TransUnion,641,B,2026-04-24,1,1,2770534.63,3,{}
EV-BUR-C06699,C06699,Metropol,596,C,2026-04-21,0,2,339797.23,4,{}
EV-BUR-C06700,C06700,Metropol,781,A,2026-04-21,1,2,1137274.95,3,{}
EV-BUR-C06701,C06701,TransUnion,781,A,2026-04-20,2,4,2284494.08,0,{}
EV-BUR-C06702,C06702,Metropol,803,A,2026-04-26,2,5,2150823.16,2,{}
EV-BUR-C06703,C06703,TransUnion,732,A,2026-04-22,2,5,1830053.34,1,{}
EV-BUR-C06704,C06704,CreditInfo,845,A,2026-04-21,1,6,2831944.94,2,{}
EV-BUR-C06705,C06705,Metropol,834,A,2026-04-20,2,1,2194262.37,3,{}
EV-BUR-C06706,C06706,CreditInfo,657,B,2026-04-20,0,5,3828449.09,4,{}
EV-BUR-C06707,C06707,Metropol,414,D,2026-04-22,3,3,2279442.50,3,{}
EV-BUR-C06708,C06708,TransUnion,720,A,2026-04-23,2,4,2482699.84,1,{}
EV-BUR-C06709,C06709,CreditInfo,543,C,2026-04-25,0,4,2432270.65,4,{}
EV-BUR-C06710,C06710,CreditInfo,599,C,2026-04-23,2,2,2200059.71,1,{}
EV-BUR-C06711,C06711,TransUnion,631,B,2026-04-21,2,2,2563769.09,4,{}
EV-BUR-C06712,C06712,CreditInfo,658,B,2026-04-23,0,6,2515303.29,0,{}
EV-BUR-C06713,C06713,Metropol,760,A,2026-04-23,1,7,3325263.31,3,{}
EV-BUR-C06714,C06714,TransUnion,705,B,2026-04-20,0,7,2344797.84,0,{}
EV-BUR-C06715,C06715,CreditInfo,549,C,2026-04-24,2,2,1125449.86,3,{}
EV-BUR-C06716,C06716,TransUnion,705,B,2026-04-23,0,1,159011.23,3,{}
EV-BUR-C06717,C06717,Metropol,563,C,2026-04-26,0,4,2431908.93,2,{}
EV-BUR-C06718,C06718,CreditInfo,650,B,2026-04-23,2,2,2790529.42,3,{}
EV-BUR-C06719,C06719,CreditInfo,825,A,2026-04-22,2,1,2179174.90,3,{}
EV-BUR-C06720,C06720,CreditInfo,771,A,2026-04-23,2,5,860482.31,2,{}
EV-BUR-C06721,C06721,CreditInfo,684,B,2026-04-20,1,5,3995839.01,2,{}
EV-BUR-C06722,C06722,CreditInfo,842,A,2026-04-22,1,3,3271604.27,1,{}
EV-BUR-C06723,C06723,TransUnion,654,B,2026-04-24,1,1,2284039.06,1,{}
EV-BUR-C06724,C06724,TransUnion,781,A,2026-04-26,0,6,3403645.25,0,{}
EV-BUR-C06725,C06725,TransUnion,607,B,2026-04-24,0,7,3229686.29,2,{}
EV-BUR-C06726,C06726,TransUnion,788,A,2026-04-20,0,2,1539293.45,2,{}
EV-BUR-C06727,C06727,CreditInfo,723,A,2026-04-23,0,2,2185496.30,4,{}
EV-BUR-C06728,C06728,TransUnion,601,B,2026-04-21,2,3,3407453.51,3,{}
EV-BUR-C06729,C06729,CreditInfo,796,A,2026-04-25,1,5,1362666.80,3,{}
EV-BUR-C06730,C06730,TransUnion,809,A,2026-04-23,2,4,447973.42,3,{}
EV-BUR-C06731,C06731,TransUnion,738,A,2026-04-25,0,5,3908525.90,2,{}
EV-BUR-C06732,C06732,CreditInfo,679,B,2026-04-24,1,7,2446059.09,4,{}
EV-BUR-C06733,C06733,Metropol,783,A,2026-04-23,2,1,1642344.63,4,{}
EV-BUR-C06734,C06734,CreditInfo,801,A,2026-04-22,2,2,1940991.30,3,{}
EV-BUR-C06735,C06735,CreditInfo,590,C,2026-04-26,1,6,644973.35,4,{}
EV-BUR-C06736,C06736,TransUnion,601,B,2026-04-21,0,2,157484.22,1,{}
EV-BUR-C06737,C06737,Metropol,797,A,2026-04-25,0,4,3945846.27,0,{}
EV-BUR-C06738,C06738,TransUnion,551,C,2026-04-25,2,6,1853118.57,3,{}
EV-BUR-C06739,C06739,Metropol,706,B,2026-04-23,1,7,1789159.53,2,{}
EV-BUR-C06740,C06740,Metropol,640,B,2026-04-22,2,3,2186601.48,4,{}
EV-BUR-C06741,C06741,Metropol,726,A,2026-04-25,1,2,2479492.82,0,{}
EV-BUR-C06742,C06742,Metropol,734,A,2026-04-23,0,2,267388.94,3,{}
EV-BUR-C06743,C06743,TransUnion,565,C,2026-04-22,0,5,1860316.48,1,{}
EV-BUR-C06744,C06744,Metropol,796,A,2026-04-24,2,4,1795803.64,3,{}
EV-BUR-C06745,C06745,CreditInfo,828,A,2026-04-25,1,6,255576.58,3,{}
EV-BUR-C06746,C06746,CreditInfo,720,A,2026-04-20,1,1,2284464.86,2,{}
EV-BUR-C06747,C06747,TransUnion,746,A,2026-04-21,1,4,592871.31,3,{}
EV-BUR-C06748,C06748,TransUnion,752,A,2026-04-24,2,3,1039490.42,3,{}
EV-BUR-C06749,C06749,TransUnion,802,A,2026-04-26,0,1,3229875.17,2,{}
EV-BUR-C06750,C06750,CreditInfo,676,B,2026-04-26,2,2,1873776.02,0,{}
EV-BUR-C06751,C06751,TransUnion,773,A,2026-04-25,0,1,3739657.88,1,{}
EV-BUR-C06752,C06752,TransUnion,553,C,2026-04-21,2,1,114252.47,1,{}
EV-BUR-C06753,C06753,Metropol,763,A,2026-04-23,0,4,1413461.16,3,{}
EV-BUR-C06754,C06754,Metropol,817,A,2026-04-26,2,6,3586741.08,1,{}
EV-BUR-C06755,C06755,CreditInfo,711,B,2026-04-23,2,2,1539363.91,1,{}
EV-BUR-C06756,C06756,Metropol,661,B,2026-04-25,2,7,351269.77,2,{}
EV-BUR-C06757,C06757,TransUnion,841,A,2026-04-26,1,2,768105.77,2,{}
EV-BUR-C06758,C06758,Metropol,560,C,2026-04-22,2,3,204181.22,1,{}
EV-BUR-C06759,C06759,TransUnion,775,A,2026-04-20,0,3,1222727.22,4,{}
EV-BUR-C06760,C06760,Metropol,641,B,2026-04-20,0,5,1104923.41,4,{}
EV-BUR-C06761,C06761,Metropol,817,A,2026-04-24,1,3,2283520.14,2,{}
EV-BUR-C06762,C06762,Metropol,841,A,2026-04-21,2,1,3311027.40,2,{}
EV-BUR-C06763,C06763,CreditInfo,302,E,2026-04-23,8,7,3318450.19,0,{}
EV-BUR-C06764,C06764,Metropol,808,A,2026-04-20,2,2,605402.08,3,{}
EV-BUR-C06765,C06765,Metropol,818,A,2026-04-22,2,5,75891.31,0,{}
EV-BUR-C06766,C06766,Metropol,590,C,2026-04-24,0,4,1683019.92,2,{}
EV-BUR-C06767,C06767,Metropol,696,B,2026-04-20,2,2,1453370.55,0,{}
EV-BUR-C06768,C06768,TransUnion,329,E,2026-04-25,7,3,2524966.74,4,{}
EV-BUR-C06769,C06769,TransUnion,658,B,2026-04-21,0,6,3591541.82,1,{}
EV-BUR-C06770,C06770,Metropol,771,A,2026-04-23,0,2,859234.13,0,{}
EV-BUR-C06771,C06771,TransUnion,735,A,2026-04-20,2,5,70308.41,4,{}
EV-BUR-C06772,C06772,CreditInfo,788,A,2026-04-22,0,3,1151301.85,3,{}
EV-BUR-C06773,C06773,CreditInfo,748,A,2026-04-20,2,4,1641586.75,0,{}
EV-BUR-C06774,C06774,CreditInfo,330,E,2026-04-21,7,2,113306.19,0,{}
EV-BUR-C06775,C06775,CreditInfo,615,B,2026-04-20,0,3,104263.64,0,{}
EV-BUR-C06776,C06776,TransUnion,850,A,2026-04-23,2,5,3539038.95,0,{}
EV-BUR-C06777,C06777,TransUnion,741,A,2026-04-20,1,1,2325756.93,0,{}
EV-BUR-C06778,C06778,TransUnion,562,C,2026-04-20,0,7,1100250.83,1,{}
EV-BUR-C06779,C06779,TransUnion,647,B,2026-04-26,0,4,1535532.81,4,{}
EV-BUR-C06780,C06780,TransUnion,800,A,2026-04-20,0,5,2612703.95,2,{}
EV-BUR-C06781,C06781,CreditInfo,543,C,2026-04-25,0,7,1823354.85,4,{}
EV-BUR-C06782,C06782,Metropol,438,D,2026-04-21,6,6,800023.54,2,{}
EV-BUR-C06783,C06783,TransUnion,732,A,2026-04-23,1,7,204847.26,4,{}
EV-BUR-C06784,C06784,Metropol,688,B,2026-04-22,0,1,1828371.65,0,{}
EV-BUR-C06785,C06785,CreditInfo,831,A,2026-04-21,0,4,2714421.46,0,{}
EV-BUR-C06786,C06786,CreditInfo,648,B,2026-04-22,2,5,2643004.57,0,{}
EV-BUR-C06787,C06787,Metropol,623,B,2026-04-25,2,6,3911497.19,4,{}
EV-BUR-C06788,C06788,CreditInfo,609,B,2026-04-24,0,4,2754494.76,4,{}
EV-BUR-C06789,C06789,CreditInfo,820,A,2026-04-20,0,1,3250276.32,3,{}
EV-BUR-C06790,C06790,CreditInfo,688,B,2026-04-24,2,7,1191978.14,1,{}
EV-BUR-C06791,C06791,Metropol,690,B,2026-04-25,0,2,3737407.31,4,{}
EV-BUR-C06792,C06792,CreditInfo,604,B,2026-04-23,1,6,278406.56,0,{}
EV-BUR-C06793,C06793,CreditInfo,598,C,2026-04-22,1,7,3262824.38,4,{}
EV-BUR-C06794,C06794,Metropol,477,D,2026-04-20,6,2,1344856.29,1,{}
EV-BUR-C06795,C06795,TransUnion,774,A,2026-04-23,1,5,1945346.75,1,{}
EV-BUR-C06796,C06796,Metropol,675,B,2026-04-26,0,2,3231095.42,1,{}
EV-BUR-C06797,C06797,Metropol,828,A,2026-04-22,2,2,333871.51,2,{}
EV-BUR-C06798,C06798,Metropol,806,A,2026-04-25,2,7,1291494.75,3,{}
EV-BUR-C06799,C06799,TransUnion,843,A,2026-04-26,0,7,1703652.33,1,{}
EV-BUR-C06800,C06800,CreditInfo,589,C,2026-04-21,1,5,978580.00,4,{}
EV-BUR-C06801,C06801,TransUnion,504,C,2026-04-20,4,1,384580.80,0,{}
EV-BUR-C06802,C06802,CreditInfo,677,B,2026-04-21,2,7,444596.16,2,{}
EV-BUR-C06803,C06803,TransUnion,836,A,2026-04-25,0,4,3839648.47,4,{}
EV-BUR-C06804,C06804,Metropol,723,A,2026-04-23,1,6,1326399.07,2,{}
EV-BUR-C06805,C06805,Metropol,383,E,2026-04-26,6,4,658501.33,1,{}
EV-BUR-C06806,C06806,CreditInfo,786,A,2026-04-22,0,5,1698392.35,4,{}
EV-BUR-C06807,C06807,Metropol,700,B,2026-04-22,0,5,665951.89,1,{}
EV-BUR-C06808,C06808,Metropol,647,B,2026-04-24,1,4,2607238.67,4,{}
EV-BUR-C06809,C06809,CreditInfo,644,B,2026-04-23,2,4,3850524.04,3,{}
EV-BUR-C06810,C06810,TransUnion,652,B,2026-04-22,1,3,2993660.16,2,{}
EV-BUR-C06811,C06811,TransUnion,666,B,2026-04-21,0,5,1666668.26,0,{}
EV-BUR-C06812,C06812,Metropol,644,B,2026-04-25,1,4,3088482.06,4,{}
EV-BUR-C06813,C06813,Metropol,411,D,2026-04-24,6,5,3231624.18,4,{}
EV-BUR-C06814,C06814,Metropol,544,C,2026-04-22,1,6,1622935.81,3,{}
EV-BUR-C06815,C06815,TransUnion,591,C,2026-04-22,1,1,3818936.85,4,{}
EV-BUR-C06816,C06816,TransUnion,702,B,2026-04-20,1,2,956565.58,0,{}
EV-BUR-C06817,C06817,CreditInfo,561,C,2026-04-22,0,6,967421.43,3,{}
EV-BUR-C06818,C06818,TransUnion,500,C,2026-04-23,8,5,2081133.12,0,{}
EV-BUR-C06819,C06819,CreditInfo,654,B,2026-04-20,2,6,1175998.71,2,{}
EV-BUR-C06820,C06820,Metropol,598,C,2026-04-21,0,4,3281983.15,3,{}
EV-BUR-C06821,C06821,CreditInfo,844,A,2026-04-24,1,4,1120649.95,0,{}
EV-BUR-C06822,C06822,CreditInfo,791,A,2026-04-23,0,3,1317590.06,3,{}
EV-BUR-C06823,C06823,Metropol,697,B,2026-04-23,2,4,3580700.14,4,{}
EV-BUR-C06824,C06824,CreditInfo,581,C,2026-04-21,2,7,3735709.97,2,{}
EV-BUR-C06825,C06825,CreditInfo,767,A,2026-04-25,1,1,697758.00,1,{}
EV-BUR-C06826,C06826,Metropol,600,B,2026-04-20,2,5,3313085.98,0,{}
EV-BUR-C06827,C06827,Metropol,574,C,2026-04-21,0,5,2524785.66,0,{}
EV-BUR-C06828,C06828,Metropol,649,B,2026-04-25,1,2,2752735.94,1,{}
EV-BUR-C06829,C06829,TransUnion,812,A,2026-04-22,1,5,3190392.21,1,{}
EV-BUR-C06830,C06830,CreditInfo,319,E,2026-04-26,5,5,1352801.52,3,{}
EV-BUR-C06831,C06831,CreditInfo,850,A,2026-04-23,0,7,3217119.21,2,{}
EV-BUR-C06832,C06832,Metropol,850,A,2026-04-24,0,2,1211769.30,3,{}
EV-BUR-C06833,C06833,TransUnion,695,B,2026-04-26,2,6,919202.05,0,{}
EV-BUR-C06834,C06834,CreditInfo,574,C,2026-04-21,1,3,3785419.03,4,{}
EV-BUR-C06835,C06835,CreditInfo,812,A,2026-04-20,2,1,3667805.37,0,{}
EV-BUR-C06836,C06836,TransUnion,667,B,2026-04-26,2,6,3878652.48,0,{}
EV-BUR-C06837,C06837,TransUnion,596,C,2026-04-26,2,6,2943867.60,1,{}
EV-BUR-C06838,C06838,Metropol,571,C,2026-04-20,1,2,2118128.46,3,{}
EV-BUR-C06839,C06839,TransUnion,806,A,2026-04-26,0,4,358647.60,0,{}
EV-BUR-C06840,C06840,CreditInfo,631,B,2026-04-25,2,4,2675719.22,3,{}
EV-BUR-C06841,C06841,Metropol,545,C,2026-04-25,1,4,514191.03,1,{}
EV-BUR-C06842,C06842,CreditInfo,833,A,2026-04-23,2,4,3918003.84,4,{}
EV-BUR-C06843,C06843,TransUnion,767,A,2026-04-21,2,6,2352341.06,4,{}
EV-BUR-C06844,C06844,TransUnion,396,E,2026-04-22,4,5,1066316.79,1,{}
EV-BUR-C06845,C06845,TransUnion,726,A,2026-04-26,0,4,2387332.78,0,{}
EV-BUR-C06846,C06846,CreditInfo,655,B,2026-04-22,2,2,452963.95,1,{}
EV-BUR-C06847,C06847,TransUnion,738,A,2026-04-24,2,5,465814.32,3,{}
EV-BUR-C06848,C06848,CreditInfo,369,E,2026-04-25,5,7,3791852.65,2,{}
EV-BUR-C06849,C06849,Metropol,721,A,2026-04-20,0,2,871164.70,2,{}
EV-BUR-C06850,C06850,CreditInfo,580,C,2026-04-20,2,2,868677.78,4,{}
EV-BUR-C06851,C06851,CreditInfo,654,B,2026-04-20,1,7,3916766.16,1,{}
EV-BUR-C06852,C06852,CreditInfo,849,A,2026-04-20,1,7,3320172.31,4,{}
EV-BUR-C06853,C06853,CreditInfo,611,B,2026-04-25,1,5,1952822.78,3,{}
EV-BUR-C06854,C06854,Metropol,660,B,2026-04-24,0,3,3809382.86,4,{}
EV-BUR-C06855,C06855,CreditInfo,704,B,2026-04-24,1,4,1471960.03,1,{}
EV-BUR-C06856,C06856,Metropol,796,A,2026-04-26,2,3,2392125.80,3,{}
EV-BUR-C06857,C06857,CreditInfo,396,E,2026-04-22,5,2,3561949.18,2,{}
EV-BUR-C06858,C06858,CreditInfo,728,A,2026-04-26,2,4,3877888.16,0,{}
EV-BUR-C06859,C06859,TransUnion,719,B,2026-04-20,1,1,622651.50,2,{}
EV-BUR-C06860,C06860,CreditInfo,771,A,2026-04-25,1,6,2325648.68,0,{}
EV-BUR-C06861,C06861,TransUnion,820,A,2026-04-25,2,7,3521499.58,4,{}
EV-BUR-C06862,C06862,CreditInfo,710,B,2026-04-23,2,1,1614784.59,2,{}
EV-BUR-C06863,C06863,Metropol,579,C,2026-04-26,0,3,1070709.82,2,{}
EV-BUR-C06864,C06864,Metropol,562,C,2026-04-20,0,6,285302.80,3,{}
EV-BUR-C06865,C06865,TransUnion,595,C,2026-04-21,2,3,201363.19,3,{}
EV-BUR-C06866,C06866,TransUnion,791,A,2026-04-20,2,1,243983.02,1,{}
EV-BUR-C06867,C06867,TransUnion,668,B,2026-04-23,0,7,2207011.65,1,{}
EV-BUR-C06868,C06868,TransUnion,541,C,2026-04-21,1,3,2830774.56,0,{}
EV-BUR-C06869,C06869,Metropol,633,B,2026-04-22,2,6,2973561.84,1,{}
EV-BUR-C06870,C06870,TransUnion,833,A,2026-04-24,0,7,3274008.07,4,{}
EV-BUR-C06871,C06871,CreditInfo,757,A,2026-04-22,0,1,721078.63,3,{}
EV-BUR-C06872,C06872,TransUnion,584,C,2026-04-20,0,2,2019090.60,1,{}
EV-BUR-C06873,C06873,Metropol,609,B,2026-04-20,1,7,2185324.13,1,{}
EV-BUR-C06874,C06874,TransUnion,550,C,2026-04-26,1,2,2405231.92,1,{}
EV-BUR-C06875,C06875,TransUnion,625,B,2026-04-25,1,7,3836165.85,2,{}
EV-BUR-C06876,C06876,TransUnion,385,E,2026-04-22,9,2,1556571.30,0,{}
EV-BUR-C06877,C06877,CreditInfo,722,A,2026-04-23,2,3,1834578.98,0,{}
EV-BUR-C06878,C06878,TransUnion,780,A,2026-04-25,0,6,2112850.04,1,{}
EV-BUR-C06879,C06879,Metropol,796,A,2026-04-21,1,6,1887383.37,2,{}
EV-BUR-C06880,C06880,Metropol,516,C,2026-04-24,3,5,3155885.08,1,{}
EV-BUR-C06881,C06881,Metropol,807,A,2026-04-22,0,5,1714976.70,2,{}
EV-BUR-C06882,C06882,Metropol,713,B,2026-04-24,1,3,3435816.51,0,{}
EV-BUR-C06883,C06883,Metropol,751,A,2026-04-26,1,7,586439.27,2,{}
EV-BUR-C06884,C06884,Metropol,755,A,2026-04-24,1,7,2673005.00,3,{}
EV-BUR-C06885,C06885,Metropol,634,B,2026-04-20,0,3,1148876.63,2,{}
EV-BUR-C06886,C06886,Metropol,689,B,2026-04-22,0,6,1192739.70,1,{}
EV-BUR-C06887,C06887,Metropol,683,B,2026-04-22,1,2,3082155.74,4,{}
EV-BUR-C06888,C06888,Metropol,816,A,2026-04-22,0,7,2165679.97,3,{}
EV-BUR-C06889,C06889,Metropol,637,B,2026-04-23,2,6,2379680.90,1,{}
EV-BUR-C06890,C06890,Metropol,670,B,2026-04-20,0,5,2478796.73,1,{}
EV-BUR-C06891,C06891,Metropol,661,B,2026-04-22,1,4,2771200.24,1,{}
EV-BUR-C06892,C06892,TransUnion,571,C,2026-04-20,0,3,134460.51,3,{}
EV-BUR-C06893,C06893,Metropol,756,A,2026-04-26,1,3,1487599.90,2,{}
EV-BUR-C06894,C06894,CreditInfo,304,E,2026-04-21,6,5,3650068.69,2,{}
EV-BUR-C06895,C06895,Metropol,756,A,2026-04-24,1,3,2631067.31,3,{}
EV-BUR-C06896,C06896,Metropol,825,A,2026-04-20,0,1,3091889.85,0,{}
EV-BUR-C06897,C06897,CreditInfo,689,B,2026-04-24,0,5,2898236.67,4,{}
EV-BUR-C06898,C06898,TransUnion,549,C,2026-04-20,2,5,771133.88,0,{}
EV-BUR-C06899,C06899,CreditInfo,575,C,2026-04-26,2,1,3102993.16,1,{}
EV-BUR-C06900,C06900,TransUnion,626,B,2026-04-26,0,2,142472.33,2,{}
EV-BUR-C06901,C06901,Metropol,767,A,2026-04-24,2,4,2665488.00,2,{}
EV-BUR-C06902,C06902,Metropol,804,A,2026-04-21,2,3,3144013.19,4,{}
EV-BUR-C06903,C06903,Metropol,608,B,2026-04-26,0,6,2280844.69,0,{}
EV-BUR-C06904,C06904,TransUnion,599,C,2026-04-24,1,3,725684.44,4,{}
EV-BUR-C06905,C06905,TransUnion,719,B,2026-04-24,2,3,2056799.99,3,{}
EV-BUR-C06906,C06906,Metropol,371,E,2026-04-24,6,5,1885176.84,0,{}
EV-BUR-C06907,C06907,TransUnion,765,A,2026-04-26,2,6,1341537.32,2,{}
EV-BUR-C06908,C06908,Metropol,568,C,2026-04-22,2,1,95736.18,2,{}
EV-BUR-C06909,C06909,TransUnion,840,A,2026-04-23,1,3,3459727.89,4,{}
EV-BUR-C06910,C06910,Metropol,757,A,2026-04-20,0,1,2448283.89,0,{}
EV-BUR-C06911,C06911,TransUnion,802,A,2026-04-25,1,7,654471.31,3,{}
EV-BUR-C06912,C06912,CreditInfo,607,B,2026-04-25,0,2,1735484.40,0,{}
EV-BUR-C06913,C06913,CreditInfo,590,C,2026-04-24,0,3,1167451.56,0,{}
EV-BUR-C06914,C06914,CreditInfo,791,A,2026-04-22,1,5,1807419.68,2,{}
EV-BUR-C06915,C06915,TransUnion,649,B,2026-04-22,0,6,334583.72,1,{}
EV-BUR-C06916,C06916,Metropol,688,B,2026-04-20,0,4,2012309.79,4,{}
EV-BUR-C06917,C06917,CreditInfo,712,B,2026-04-20,2,2,715050.30,2,{}
EV-BUR-C06918,C06918,Metropol,566,C,2026-04-23,0,3,1498993.21,4,{}
EV-BUR-C06919,C06919,CreditInfo,558,C,2026-04-22,2,1,1908228.95,2,{}
EV-BUR-C06920,C06920,Metropol,582,C,2026-04-23,1,3,3373503.28,0,{}
EV-BUR-C06921,C06921,Metropol,719,B,2026-04-21,1,5,3026755.69,0,{}
EV-BUR-C06922,C06922,TransUnion,758,A,2026-04-24,1,6,1428291.03,0,{}
EV-BUR-C06923,C06923,CreditInfo,751,A,2026-04-21,1,1,2142057.22,3,{}
EV-BUR-C06924,C06924,TransUnion,510,C,2026-04-25,4,2,1909621.60,3,{}
EV-BUR-C06925,C06925,TransUnion,727,A,2026-04-20,1,1,230866.28,0,{}
EV-BUR-C06926,C06926,TransUnion,583,C,2026-04-26,2,5,161920.42,4,{}
EV-BUR-C06927,C06927,CreditInfo,586,C,2026-04-20,1,2,2912298.78,1,{}
EV-BUR-C06928,C06928,Metropol,627,B,2026-04-24,0,4,2875376.04,4,{}
EV-BUR-C06929,C06929,CreditInfo,571,C,2026-04-21,2,3,757162.80,1,{}
EV-BUR-C06930,C06930,CreditInfo,593,C,2026-04-26,2,6,2262556.53,3,{}
EV-BUR-C06931,C06931,Metropol,697,B,2026-04-23,2,2,3323423.97,2,{}
EV-BUR-C06932,C06932,CreditInfo,640,B,2026-04-26,1,2,3436989.26,4,{}
EV-BUR-C06933,C06933,Metropol,760,A,2026-04-25,2,1,963295.77,2,{}
EV-BUR-C06934,C06934,TransUnion,691,B,2026-04-24,2,4,3947418.98,1,{}
EV-BUR-C06935,C06935,TransUnion,643,B,2026-04-22,2,7,1066758.52,0,{}
EV-BUR-C06936,C06936,CreditInfo,701,B,2026-04-22,2,5,2720405.15,0,{}
EV-BUR-C06937,C06937,CreditInfo,830,A,2026-04-21,1,2,2899897.63,2,{}
EV-BUR-C06938,C06938,CreditInfo,830,A,2026-04-21,0,3,1954942.36,0,{}
EV-BUR-C06939,C06939,CreditInfo,603,B,2026-04-23,2,7,2666097.95,0,{}
EV-BUR-C06940,C06940,CreditInfo,607,B,2026-04-25,1,7,2437165.96,2,{}
EV-BUR-C06941,C06941,CreditInfo,585,C,2026-04-26,1,1,2742567.25,0,{}
EV-BUR-C06942,C06942,TransUnion,726,A,2026-04-22,1,7,1248755.11,3,{}
EV-BUR-C06943,C06943,CreditInfo,598,C,2026-04-23,2,5,849581.94,4,{}
EV-BUR-C06944,C06944,Metropol,786,A,2026-04-25,2,1,2122968.43,2,{}
EV-BUR-C06945,C06945,Metropol,603,B,2026-04-20,2,1,590451.58,1,{}
EV-BUR-C06946,C06946,CreditInfo,571,C,2026-04-24,1,2,980478.02,1,{}
EV-BUR-C06947,C06947,TransUnion,730,A,2026-04-24,1,3,2273855.93,0,{}
EV-BUR-C06948,C06948,TransUnion,774,A,2026-04-22,2,5,3856696.37,1,{}
EV-BUR-C06949,C06949,TransUnion,850,A,2026-04-20,0,7,414183.21,4,{}
EV-BUR-C06950,C06950,TransUnion,598,C,2026-04-26,2,1,1887075.19,3,{}
EV-BUR-C06951,C06951,CreditInfo,788,A,2026-04-20,2,2,1863299.25,3,{}
EV-BUR-C06952,C06952,CreditInfo,650,B,2026-04-22,1,7,1129299.16,2,{}
EV-BUR-C06953,C06953,TransUnion,794,A,2026-04-22,1,7,2425616.04,4,{}
EV-BUR-C06954,C06954,CreditInfo,802,A,2026-04-24,2,3,799941.99,4,{}
EV-BUR-C06955,C06955,Metropol,646,B,2026-04-20,0,4,2618599.29,0,{}
EV-BUR-C06956,C06956,Metropol,738,A,2026-04-26,2,5,1515176.66,4,{}
EV-BUR-C06957,C06957,TransUnion,323,E,2026-04-22,3,5,2283853.91,3,{}
EV-BUR-C06958,C06958,TransUnion,601,B,2026-04-22,1,2,3811052.04,1,{}
EV-BUR-C06959,C06959,CreditInfo,686,B,2026-04-24,1,2,2551063.57,2,{}
EV-BUR-C06960,C06960,TransUnion,797,A,2026-04-22,0,2,3224726.66,2,{}
EV-BUR-C06961,C06961,Metropol,829,A,2026-04-23,2,6,781000.64,0,{}
EV-BUR-C06962,C06962,Metropol,763,A,2026-04-26,0,5,1844584.38,1,{}
EV-BUR-C06963,C06963,CreditInfo,540,C,2026-04-23,0,3,3169286.36,3,{}
EV-BUR-C06964,C06964,TransUnion,466,D,2026-04-22,7,4,2886554.05,3,{}
EV-BUR-C06965,C06965,TransUnion,627,B,2026-04-22,2,1,1177497.12,4,{}
EV-BUR-C06966,C06966,Metropol,599,C,2026-04-22,2,3,2462815.46,1,{}
EV-BUR-C06967,C06967,Metropol,741,A,2026-04-21,1,3,3036616.72,3,{}
EV-BUR-C06968,C06968,CreditInfo,825,A,2026-04-23,2,7,746667.23,4,{}
EV-BUR-C06969,C06969,CreditInfo,709,B,2026-04-26,1,5,2687955.55,0,{}
EV-BUR-C06970,C06970,Metropol,599,C,2026-04-23,0,6,2947854.95,2,{}
EV-BUR-C06971,C06971,TransUnion,840,A,2026-04-26,1,2,2211532.67,4,{}
EV-BUR-C06972,C06972,TransUnion,689,B,2026-04-21,1,4,3809950.87,4,{}
EV-BUR-C06973,C06973,CreditInfo,549,C,2026-04-21,1,6,1320909.20,2,{}
EV-BUR-C06974,C06974,TransUnion,644,B,2026-04-20,1,6,2199067.37,4,{}
EV-BUR-C06975,C06975,CreditInfo,671,B,2026-04-25,2,4,2085461.34,1,{}
EV-BUR-C06976,C06976,TransUnion,607,B,2026-04-24,0,3,1819668.39,2,{}
EV-BUR-C06977,C06977,CreditInfo,817,A,2026-04-25,2,6,1701872.58,4,{}
EV-BUR-C06978,C06978,Metropol,769,A,2026-04-25,1,2,572540.59,0,{}
EV-BUR-C06979,C06979,TransUnion,696,B,2026-04-26,2,6,3488478.59,0,{}
EV-BUR-C06980,C06980,CreditInfo,698,B,2026-04-24,0,1,3001920.26,4,{}
EV-BUR-C06981,C06981,Metropol,706,B,2026-04-25,0,3,664419.57,3,{}
EV-BUR-C06982,C06982,TransUnion,481,D,2026-04-26,3,5,2470790.34,1,{}
EV-BUR-C06983,C06983,CreditInfo,562,C,2026-04-21,2,4,1008531.56,1,{}
EV-BUR-C06984,C06984,CreditInfo,706,B,2026-04-24,0,7,844340.04,3,{}
EV-BUR-C06985,C06985,Metropol,811,A,2026-04-23,2,1,241886.90,4,{}
EV-BUR-C06986,C06986,TransUnion,551,C,2026-04-23,1,7,2283459.18,3,{}
EV-BUR-C06987,C06987,Metropol,560,C,2026-04-21,0,1,1188900.16,1,{}
EV-BUR-C06988,C06988,CreditInfo,351,E,2026-04-21,7,2,3961453.00,3,{}
EV-BUR-C06989,C06989,CreditInfo,645,B,2026-04-23,0,4,2459149.88,4,{}
EV-BUR-C06990,C06990,Metropol,634,B,2026-04-24,1,3,128234.94,1,{}
EV-BUR-C06991,C06991,Metropol,814,A,2026-04-21,1,2,3036545.78,2,{}
EV-BUR-C06992,C06992,CreditInfo,747,A,2026-04-23,2,4,1166696.74,3,{}
EV-BUR-C06993,C06993,Metropol,613,B,2026-04-22,0,7,1095585.75,0,{}
EV-BUR-C06994,C06994,Metropol,332,E,2026-04-22,3,3,2773562.19,1,{}
EV-BUR-C06995,C06995,CreditInfo,765,A,2026-04-26,0,6,1523982.92,3,{}
EV-BUR-C06996,C06996,CreditInfo,821,A,2026-04-26,0,6,3920304.32,2,{}
EV-BUR-C06997,C06997,Metropol,567,C,2026-04-20,1,5,2064295.13,2,{}
EV-BUR-C06998,C06998,TransUnion,587,C,2026-04-26,1,7,3623004.59,4,{}
EV-BUR-C06999,C06999,Metropol,615,B,2026-04-20,2,3,2972356.31,4,{}
EV-BUR-C07000,C07000,TransUnion,563,C,2026-04-25,0,1,2854013.15,4,{}
EV-BUR-C07001,C07001,CreditInfo,786,A,2026-04-20,1,6,1326797.48,3,{}
EV-BUR-C07002,C07002,CreditInfo,758,A,2026-04-20,1,3,1228059.27,2,{}
EV-BUR-C07003,C07003,Metropol,591,C,2026-04-21,0,6,2829895.32,1,{}
EV-BUR-C07004,C07004,Metropol,574,C,2026-04-22,0,1,649774.87,4,{}
EV-BUR-C07005,C07005,TransUnion,641,B,2026-04-24,2,7,1484844.95,1,{}
EV-BUR-C07006,C07006,Metropol,668,B,2026-04-20,2,1,2128621.55,3,{}
EV-BUR-C07007,C07007,TransUnion,451,D,2026-04-24,6,6,417836.74,3,{}
EV-BUR-C07008,C07008,TransUnion,818,A,2026-04-20,2,7,1109288.84,3,{}
EV-BUR-C07009,C07009,TransUnion,779,A,2026-04-25,2,6,3838572.82,3,{}
EV-BUR-C07010,C07010,Metropol,845,A,2026-04-21,1,2,3992857.33,3,{}
EV-BUR-C07011,C07011,TransUnion,641,B,2026-04-26,1,6,3793972.46,3,{}
EV-BUR-C07012,C07012,Metropol,713,B,2026-04-22,2,4,1066771.54,3,{}
EV-BUR-C07013,C07013,CreditInfo,557,C,2026-04-25,0,4,2982891.40,0,{}
EV-BUR-C07014,C07014,Metropol,770,A,2026-04-26,1,4,2869286.96,1,{}
EV-BUR-C07015,C07015,Metropol,715,B,2026-04-21,1,6,3761090.94,1,{}
EV-BUR-C07016,C07016,Metropol,580,C,2026-04-25,0,7,1288969.21,1,{}
EV-BUR-C07017,C07017,Metropol,623,B,2026-04-20,2,1,1607023.24,4,{}
EV-BUR-C07018,C07018,Metropol,799,A,2026-04-22,2,4,804130.37,1,{}
EV-BUR-C07019,C07019,Metropol,816,A,2026-04-21,1,6,3466903.03,4,{}
EV-BUR-C07020,C07020,Metropol,846,A,2026-04-25,0,1,332704.69,2,{}
EV-BUR-C07021,C07021,CreditInfo,582,C,2026-04-23,2,5,1583310.29,0,{}
EV-BUR-C07022,C07022,TransUnion,618,B,2026-04-23,1,6,3002968.45,0,{}
EV-BUR-C07023,C07023,TransUnion,614,B,2026-04-22,0,1,1189762.37,3,{}
EV-BUR-C07024,C07024,TransUnion,784,A,2026-04-20,0,3,86691.96,0,{}
EV-BUR-C07025,C07025,TransUnion,423,D,2026-04-24,6,2,3544343.79,2,{}
EV-BUR-C07026,C07026,CreditInfo,472,D,2026-04-21,9,5,2321312.54,4,{}
EV-BUR-C07027,C07027,Metropol,644,B,2026-04-20,2,1,2936148.13,2,{}
EV-BUR-C07028,C07028,Metropol,740,A,2026-04-21,1,7,688781.80,0,{}
EV-BUR-C07029,C07029,Metropol,575,C,2026-04-21,0,2,2056141.42,2,{}
EV-BUR-C07030,C07030,CreditInfo,796,A,2026-04-26,0,7,3752063.70,4,{}
EV-BUR-C07031,C07031,Metropol,645,B,2026-04-26,1,2,3568832.66,2,{}
EV-BUR-C07032,C07032,CreditInfo,786,A,2026-04-20,0,5,1321061.46,4,{}
EV-BUR-C07033,C07033,TransUnion,573,C,2026-04-25,0,5,3902367.97,3,{}
EV-BUR-C07034,C07034,CreditInfo,801,A,2026-04-20,1,3,2265628.01,4,{}
EV-BUR-C07035,C07035,Metropol,750,A,2026-04-25,2,4,2008643.59,1,{}
EV-BUR-C07036,C07036,Metropol,711,B,2026-04-24,1,3,2498489.71,2,{}
EV-BUR-C07037,C07037,CreditInfo,811,A,2026-04-25,1,4,1146099.53,3,{}
EV-BUR-C07038,C07038,CreditInfo,755,A,2026-04-24,0,4,1012226.13,1,{}
EV-BUR-C07039,C07039,CreditInfo,576,C,2026-04-21,0,2,443607.28,0,{}
EV-BUR-C07040,C07040,TransUnion,839,A,2026-04-22,2,4,573921.74,1,{}
EV-BUR-C07041,C07041,Metropol,587,C,2026-04-21,1,3,460874.98,4,{}
EV-BUR-C07042,C07042,CreditInfo,797,A,2026-04-26,2,3,945396.15,0,{}
EV-BUR-C07043,C07043,CreditInfo,652,B,2026-04-23,0,1,1539762.96,4,{}
EV-BUR-C07044,C07044,Metropol,571,C,2026-04-23,0,2,303726.67,2,{}
EV-BUR-C07045,C07045,CreditInfo,713,B,2026-04-24,2,4,658987.54,0,{}
EV-BUR-C07046,C07046,Metropol,316,E,2026-04-21,6,2,980672.20,3,{}
EV-BUR-C07047,C07047,CreditInfo,629,B,2026-04-26,2,4,112344.90,4,{}
EV-BUR-C07048,C07048,TransUnion,566,C,2026-04-21,0,5,275265.17,2,{}
EV-BUR-C07049,C07049,Metropol,761,A,2026-04-25,2,2,2653251.09,4,{}
EV-BUR-C07050,C07050,TransUnion,803,A,2026-04-22,0,6,3649216.87,4,{}
EV-BUR-C07051,C07051,CreditInfo,827,A,2026-04-22,0,1,1022330.71,2,{}
EV-BUR-C07052,C07052,Metropol,659,B,2026-04-22,2,7,3949486.90,2,{}
EV-BUR-C07053,C07053,CreditInfo,735,A,2026-04-20,0,6,1796835.76,0,{}
EV-BUR-C07054,C07054,Metropol,641,B,2026-04-22,0,3,3460533.33,1,{}
EV-BUR-C07055,C07055,CreditInfo,840,A,2026-04-21,2,5,2339239.52,4,{}
EV-BUR-C07056,C07056,CreditInfo,652,B,2026-04-24,0,1,3991643.54,4,{}
EV-BUR-C07057,C07057,CreditInfo,742,A,2026-04-24,0,3,3799717.85,4,{}
EV-BUR-C07058,C07058,Metropol,597,C,2026-04-20,1,1,1536667.32,2,{}
EV-BUR-C07059,C07059,TransUnion,688,B,2026-04-20,2,4,1168712.70,2,{}
EV-BUR-C07060,C07060,TransUnion,695,B,2026-04-25,0,6,140056.81,4,{}
EV-BUR-C07061,C07061,CreditInfo,486,D,2026-04-26,5,6,1268631.63,3,{}
EV-BUR-C07062,C07062,Metropol,775,A,2026-04-24,2,3,247079.19,2,{}
EV-BUR-C07063,C07063,TransUnion,636,B,2026-04-22,0,5,2402762.87,0,{}
EV-BUR-C07064,C07064,TransUnion,809,A,2026-04-20,2,6,3223757.81,4,{}
EV-BUR-C07065,C07065,TransUnion,613,B,2026-04-24,1,6,2372220.52,2,{}
EV-BUR-C07066,C07066,TransUnion,655,B,2026-04-23,0,2,1614569.29,1,{}
EV-BUR-C07067,C07067,TransUnion,801,A,2026-04-25,2,1,594469.12,2,{}
EV-BUR-C07068,C07068,CreditInfo,842,A,2026-04-26,0,7,1127464.04,4,{}
EV-BUR-C07069,C07069,TransUnion,778,A,2026-04-22,0,2,3501282.36,0,{}
EV-BUR-C07070,C07070,TransUnion,684,B,2026-04-20,2,6,2388424.70,1,{}
EV-BUR-C07071,C07071,TransUnion,598,C,2026-04-20,1,6,162257.85,0,{}
EV-BUR-C07072,C07072,CreditInfo,347,E,2026-04-26,5,5,3603825.98,2,{}
EV-BUR-C07073,C07073,Metropol,705,B,2026-04-22,2,4,506387.46,2,{}
EV-BUR-C07074,C07074,CreditInfo,813,A,2026-04-20,0,1,2801844.42,2,{}
EV-BUR-C07075,C07075,Metropol,631,B,2026-04-24,0,4,2895952.36,1,{}
EV-BUR-C07076,C07076,TransUnion,747,A,2026-04-22,2,5,1000990.75,4,{}
EV-BUR-C07077,C07077,Metropol,815,A,2026-04-25,0,7,772398.63,4,{}
EV-BUR-C07078,C07078,TransUnion,779,A,2026-04-25,1,4,2816115.54,0,{}
EV-BUR-C07079,C07079,TransUnion,753,A,2026-04-26,0,2,154918.43,2,{}
EV-BUR-C07080,C07080,TransUnion,710,B,2026-04-24,0,3,1186851.45,3,{}
EV-BUR-C07081,C07081,CreditInfo,848,A,2026-04-20,2,6,3296057.11,1,{}
EV-BUR-C07082,C07082,TransUnion,841,A,2026-04-26,0,7,383828.43,1,{}
EV-BUR-C07083,C07083,Metropol,591,C,2026-04-25,2,7,3256672.07,1,{}
EV-BUR-C07084,C07084,Metropol,663,B,2026-04-21,0,1,641248.87,1,{}
EV-BUR-C07085,C07085,Metropol,674,B,2026-04-26,2,3,2477171.69,1,{}
EV-BUR-C07086,C07086,TransUnion,571,C,2026-04-26,1,2,3681942.20,0,{}
EV-BUR-C07087,C07087,TransUnion,753,A,2026-04-21,0,2,595787.91,4,{}
EV-BUR-C07088,C07088,TransUnion,691,B,2026-04-25,1,6,1246194.95,2,{}
EV-BUR-C07089,C07089,TransUnion,830,A,2026-04-25,1,2,3004622.77,2,{}
EV-BUR-C07090,C07090,CreditInfo,849,A,2026-04-22,1,7,1857216.54,0,{}
EV-BUR-C07091,C07091,Metropol,588,C,2026-04-21,1,5,3610354.34,4,{}
EV-BUR-C07092,C07092,TransUnion,834,A,2026-04-24,2,1,2343124.66,0,{}
EV-BUR-C07093,C07093,CreditInfo,568,C,2026-04-21,0,7,1572777.18,0,{}
EV-BUR-C07094,C07094,Metropol,419,D,2026-04-24,4,2,1032605.04,3,{}
EV-BUR-C07095,C07095,CreditInfo,704,B,2026-04-21,2,5,177250.97,0,{}
EV-BUR-C07096,C07096,TransUnion,714,B,2026-04-23,0,3,2079622.47,1,{}
EV-BUR-C07097,C07097,Metropol,625,B,2026-04-24,0,5,3702144.22,1,{}
EV-BUR-C07098,C07098,TransUnion,660,B,2026-04-24,0,3,2895282.55,4,{}
EV-BUR-C07099,C07099,CreditInfo,752,A,2026-04-25,0,2,3254944.69,1,{}
EV-BUR-C07100,C07100,Metropol,573,C,2026-04-22,1,6,2785988.74,4,{}
EV-BUR-C07101,C07101,TransUnion,381,E,2026-04-25,4,5,2795883.00,0,{}
EV-BUR-C07102,C07102,CreditInfo,606,B,2026-04-20,1,2,1170143.87,3,{}
EV-BUR-C07103,C07103,TransUnion,729,A,2026-04-22,2,5,2335744.20,2,{}
EV-BUR-C07104,C07104,CreditInfo,831,A,2026-04-23,2,1,892245.79,4,{}
EV-BUR-C07105,C07105,TransUnion,749,A,2026-04-25,2,7,3319653.28,2,{}
EV-BUR-C07106,C07106,CreditInfo,714,B,2026-04-21,2,4,479559.48,1,{}
EV-BUR-C07107,C07107,TransUnion,847,A,2026-04-23,0,3,473263.86,1,{}
EV-BUR-C07108,C07108,TransUnion,567,C,2026-04-23,0,7,743065.77,2,{}
EV-BUR-C07109,C07109,TransUnion,692,B,2026-04-20,1,2,1170871.31,3,{}
EV-BUR-C07110,C07110,CreditInfo,575,C,2026-04-26,1,1,3985852.76,1,{}
EV-BUR-C07111,C07111,TransUnion,765,A,2026-04-21,1,7,1683224.07,0,{}
EV-BUR-C07112,C07112,Metropol,651,B,2026-04-25,1,5,2589943.12,1,{}
EV-BUR-C07113,C07113,Metropol,587,C,2026-04-23,2,2,3618496.98,2,{}
EV-BUR-C07114,C07114,Metropol,730,A,2026-04-22,0,4,2285802.63,2,{}
EV-BUR-C07115,C07115,Metropol,620,B,2026-04-24,2,7,888805.31,3,{}
EV-BUR-C07116,C07116,TransUnion,611,B,2026-04-25,0,5,1144862.48,2,{}
EV-BUR-C07117,C07117,TransUnion,669,B,2026-04-21,1,7,170977.33,1,{}
EV-BUR-C07118,C07118,Metropol,730,A,2026-04-21,0,6,1373920.71,4,{}
EV-BUR-C07119,C07119,CreditInfo,630,B,2026-04-26,2,5,3962147.15,0,{}
EV-BUR-C07120,C07120,CreditInfo,742,A,2026-04-21,1,5,1962788.87,3,{}
EV-BUR-C07121,C07121,CreditInfo,555,C,2026-04-26,1,6,718774.08,0,{}
EV-BUR-C07122,C07122,Metropol,555,C,2026-04-21,2,7,1511377.78,1,{}
EV-BUR-C07123,C07123,CreditInfo,829,A,2026-04-24,2,6,2174929.87,4,{}
EV-BUR-C07124,C07124,CreditInfo,688,B,2026-04-22,2,2,380878.40,2,{}
EV-BUR-C07125,C07125,Metropol,565,C,2026-04-26,2,6,1998604.50,3,{}
EV-BUR-C07126,C07126,TransUnion,636,B,2026-04-20,2,1,2996571.54,4,{}
EV-BUR-C07127,C07127,TransUnion,518,C,2026-04-24,4,1,3407891.13,3,{}
EV-BUR-C07128,C07128,Metropol,609,B,2026-04-26,2,6,3049674.30,4,{}
EV-BUR-C07129,C07129,TransUnion,699,B,2026-04-24,0,4,3744807.40,0,{}
EV-BUR-C07130,C07130,TransUnion,604,B,2026-04-22,2,1,2767445.07,2,{}
EV-BUR-C07131,C07131,TransUnion,674,B,2026-04-20,0,3,1719884.08,3,{}
EV-BUR-C07132,C07132,Metropol,634,B,2026-04-25,0,6,979270.43,1,{}
EV-BUR-C07133,C07133,Metropol,706,B,2026-04-26,0,7,761073.60,4,{}
EV-BUR-C07134,C07134,CreditInfo,681,B,2026-04-20,0,7,2243880.83,4,{}
EV-BUR-C07135,C07135,CreditInfo,809,A,2026-04-21,0,2,1430970.56,4,{}
EV-BUR-C07136,C07136,CreditInfo,776,A,2026-04-20,0,2,771944.68,1,{}
EV-BUR-C07137,C07137,TransUnion,639,B,2026-04-26,1,5,3768362.94,2,{}
EV-BUR-C07138,C07138,CreditInfo,798,A,2026-04-22,1,3,2839729.54,0,{}
EV-BUR-C07139,C07139,TransUnion,681,B,2026-04-25,1,7,1399206.43,2,{}
EV-BUR-C07140,C07140,TransUnion,674,B,2026-04-24,0,4,1351524.33,3,{}
EV-BUR-C07141,C07141,TransUnion,592,C,2026-04-22,0,3,2923295.83,2,{}
EV-BUR-C07142,C07142,Metropol,685,B,2026-04-22,0,2,1543736.96,0,{}
EV-BUR-C07143,C07143,TransUnion,748,A,2026-04-24,0,5,2949962.47,3,{}
EV-BUR-C07144,C07144,Metropol,546,C,2026-04-23,1,5,1895414.99,0,{}
EV-BUR-C07145,C07145,CreditInfo,579,C,2026-04-26,0,4,2408758.04,4,{}
EV-BUR-C07146,C07146,TransUnion,548,C,2026-04-21,0,2,209077.75,2,{}
EV-BUR-C07147,C07147,Metropol,540,C,2026-04-23,0,4,282944.95,1,{}
EV-BUR-C07148,C07148,Metropol,717,B,2026-04-25,1,3,3529394.04,0,{}
EV-BUR-C07149,C07149,TransUnion,775,A,2026-04-25,2,2,2483133.10,4,{}
EV-BUR-C07150,C07150,CreditInfo,675,B,2026-04-21,2,4,483541.00,3,{}
EV-BUR-C07151,C07151,TransUnion,841,A,2026-04-20,0,7,2258502.12,2,{}
EV-BUR-C07152,C07152,CreditInfo,438,D,2026-04-26,8,3,2530918.43,3,{}
EV-BUR-C07153,C07153,TransUnion,688,B,2026-04-20,0,7,269226.10,0,{}
EV-BUR-C07154,C07154,TransUnion,585,C,2026-04-24,2,2,1892215.03,2,{}
EV-BUR-C07155,C07155,TransUnion,657,B,2026-04-25,0,7,254454.34,2,{}
EV-BUR-C07156,C07156,CreditInfo,779,A,2026-04-22,2,5,3025923.10,3,{}
EV-BUR-C07157,C07157,Metropol,548,C,2026-04-25,0,1,323609.65,1,{}
EV-BUR-C07158,C07158,Metropol,724,A,2026-04-23,0,7,3730076.81,2,{}
EV-BUR-C07159,C07159,Metropol,757,A,2026-04-21,2,5,1718561.48,4,{}
EV-BUR-C07160,C07160,CreditInfo,587,C,2026-04-21,1,2,1624881.40,4,{}
EV-BUR-C07161,C07161,TransUnion,572,C,2026-04-23,1,4,2398449.74,2,{}
EV-BUR-C07162,C07162,Metropol,728,A,2026-04-23,0,6,3070495.02,1,{}
EV-BUR-C07163,C07163,TransUnion,639,B,2026-04-24,2,6,1264105.65,2,{}
EV-BUR-C07164,C07164,CreditInfo,678,B,2026-04-26,0,6,1940954.83,1,{}
EV-BUR-C07165,C07165,CreditInfo,595,C,2026-04-21,0,6,485323.42,3,{}
EV-BUR-C07166,C07166,CreditInfo,740,A,2026-04-24,0,5,1362438.27,0,{}
EV-BUR-C07167,C07167,Metropol,628,B,2026-04-20,2,4,2992775.02,1,{}
EV-BUR-C07168,C07168,Metropol,828,A,2026-04-26,2,4,3893657.97,4,{}
EV-BUR-C07169,C07169,Metropol,677,B,2026-04-23,0,7,3631253.45,1,{}
EV-BUR-C07170,C07170,TransUnion,789,A,2026-04-22,0,5,416229.64,4,{}
EV-BUR-C07171,C07171,Metropol,796,A,2026-04-23,0,1,741795.45,4,{}
EV-BUR-C07172,C07172,CreditInfo,623,B,2026-04-24,2,5,2086255.89,2,{}
EV-BUR-C07173,C07173,Metropol,673,B,2026-04-26,2,5,1492986.22,4,{}
EV-BUR-C07174,C07174,CreditInfo,468,D,2026-04-22,9,5,147565.24,3,{}
EV-BUR-C07175,C07175,TransUnion,589,C,2026-04-21,0,4,1487564.37,1,{}
EV-BUR-C07176,C07176,TransUnion,585,C,2026-04-24,1,2,3208038.88,3,{}
EV-BUR-C07177,C07177,CreditInfo,584,C,2026-04-24,1,5,1307248.04,2,{}
EV-BUR-C07178,C07178,TransUnion,712,B,2026-04-23,2,1,3388353.61,0,{}
EV-BUR-C07179,C07179,CreditInfo,596,C,2026-04-23,0,2,611599.65,4,{}
EV-BUR-C07180,C07180,Metropol,580,C,2026-04-24,2,3,464180.27,3,{}
EV-BUR-C07181,C07181,CreditInfo,663,B,2026-04-26,1,5,3593638.31,0,{}
EV-BUR-C07182,C07182,CreditInfo,786,A,2026-04-25,1,6,661225.71,0,{}
EV-BUR-C07183,C07183,CreditInfo,650,B,2026-04-23,0,5,992565.69,0,{}
EV-BUR-C07184,C07184,Metropol,609,B,2026-04-21,2,3,3202538.76,3,{}
EV-BUR-C07185,C07185,CreditInfo,598,C,2026-04-21,0,2,405903.67,2,{}
EV-BUR-C07186,C07186,TransUnion,690,B,2026-04-21,1,5,158928.92,1,{}
EV-BUR-C07187,C07187,TransUnion,773,A,2026-04-26,0,5,1625375.01,0,{}
EV-BUR-C07188,C07188,Metropol,695,B,2026-04-24,2,6,2498111.08,0,{}
EV-BUR-C07189,C07189,CreditInfo,693,B,2026-04-24,2,2,2250947.00,1,{}
EV-BUR-C07190,C07190,CreditInfo,682,B,2026-04-21,0,2,70384.76,0,{}
EV-BUR-C07191,C07191,CreditInfo,831,A,2026-04-25,2,5,1791220.94,3,{}
EV-BUR-C07192,C07192,Metropol,764,A,2026-04-21,0,4,3865833.14,1,{}
EV-BUR-C07193,C07193,TransUnion,621,B,2026-04-25,1,1,2928041.57,1,{}
EV-BUR-C07194,C07194,CreditInfo,673,B,2026-04-23,2,1,861411.69,1,{}
EV-BUR-C07195,C07195,TransUnion,815,A,2026-04-26,2,5,961627.46,3,{}
EV-BUR-C07196,C07196,CreditInfo,659,B,2026-04-21,2,7,1932503.96,0,{}
EV-BUR-C07197,C07197,CreditInfo,711,B,2026-04-24,0,4,2931921.05,2,{}
EV-BUR-C07198,C07198,TransUnion,816,A,2026-04-20,2,3,3734768.24,1,{}
EV-BUR-C07199,C07199,CreditInfo,369,E,2026-04-22,3,5,1956000.88,1,{}
EV-BUR-C07200,C07200,Metropol,782,A,2026-04-20,2,6,1714467.77,0,{}
EV-BUR-C07201,C07201,Metropol,773,A,2026-04-20,0,6,1241373.91,1,{}
EV-BUR-C07202,C07202,TransUnion,837,A,2026-04-20,2,2,3801676.15,0,{}
EV-BUR-C07203,C07203,CreditInfo,617,B,2026-04-23,1,3,1160383.62,3,{}
EV-BUR-C07204,C07204,Metropol,817,A,2026-04-25,1,4,2356497.73,2,{}
EV-BUR-C07205,C07205,TransUnion,754,A,2026-04-26,1,6,190856.52,3,{}
EV-BUR-C07206,C07206,TransUnion,646,B,2026-04-23,2,1,806083.86,0,{}
EV-BUR-C07207,C07207,Metropol,714,B,2026-04-22,1,4,3842030.55,0,{}
EV-BUR-C07208,C07208,TransUnion,837,A,2026-04-22,2,4,1329543.13,0,{}
EV-BUR-C07209,C07209,Metropol,718,B,2026-04-22,1,1,2321344.13,3,{}
EV-BUR-C07210,C07210,TransUnion,718,B,2026-04-24,0,3,2018950.95,1,{}
EV-BUR-C07211,C07211,CreditInfo,751,A,2026-04-25,1,2,1834811.83,0,{}
EV-BUR-C07212,C07212,CreditInfo,622,B,2026-04-20,2,5,896360.14,4,{}
EV-BUR-C07213,C07213,CreditInfo,665,B,2026-04-24,1,1,132242.48,4,{}
EV-BUR-C07214,C07214,TransUnion,835,A,2026-04-21,0,3,1031294.80,0,{}
EV-BUR-C07215,C07215,Metropol,805,A,2026-04-22,2,2,393893.57,1,{}
EV-BUR-C07216,C07216,Metropol,836,A,2026-04-22,2,5,3496546.07,1,{}
EV-BUR-C07217,C07217,TransUnion,553,C,2026-04-23,2,6,2977798.60,2,{}
EV-BUR-C07218,C07218,TransUnion,793,A,2026-04-26,0,6,3278674.93,4,{}
EV-BUR-C07219,C07219,Metropol,834,A,2026-04-26,0,6,1018617.97,0,{}
EV-BUR-C07220,C07220,Metropol,660,B,2026-04-25,0,6,887917.76,0,{}
EV-BUR-C07221,C07221,CreditInfo,624,B,2026-04-21,1,7,3006684.57,3,{}
EV-BUR-C07222,C07222,Metropol,600,B,2026-04-26,0,6,3292898.97,4,{}
EV-BUR-C07223,C07223,Metropol,676,B,2026-04-22,1,5,967129.51,0,{}
EV-BUR-C07224,C07224,Metropol,648,B,2026-04-25,2,3,1424796.53,4,{}
EV-BUR-C07225,C07225,TransUnion,615,B,2026-04-25,2,3,2959691.75,4,{}
EV-BUR-C07226,C07226,CreditInfo,707,B,2026-04-26,0,5,1316150.15,2,{}
EV-BUR-C07227,C07227,TransUnion,791,A,2026-04-21,2,1,1170107.87,3,{}
EV-BUR-C07228,C07228,Metropol,497,D,2026-04-26,9,5,2166797.27,1,{}
EV-BUR-C07229,C07229,Metropol,586,C,2026-04-23,0,3,3593194.43,3,{}
EV-BUR-C07230,C07230,CreditInfo,732,A,2026-04-23,2,3,2533442.65,3,{}
EV-BUR-C07231,C07231,CreditInfo,808,A,2026-04-26,1,4,3986436.90,0,{}
EV-BUR-C07232,C07232,TransUnion,608,B,2026-04-26,1,1,2614875.02,3,{}
EV-BUR-C07233,C07233,Metropol,755,A,2026-04-25,1,7,2518861.50,1,{}
EV-BUR-C07234,C07234,Metropol,650,B,2026-04-21,0,6,316102.16,2,{}
EV-BUR-C07235,C07235,CreditInfo,774,A,2026-04-21,0,1,1108572.97,1,{}
EV-BUR-C07236,C07236,CreditInfo,674,B,2026-04-24,2,4,1994160.04,0,{}
EV-BUR-C07237,C07237,TransUnion,782,A,2026-04-23,1,2,2048228.88,1,{}
EV-BUR-C07238,C07238,CreditInfo,507,C,2026-04-24,8,3,1545430.48,0,{}
EV-BUR-C07239,C07239,TransUnion,595,C,2026-04-21,1,4,3630913.46,2,{}
EV-BUR-C07240,C07240,Metropol,631,B,2026-04-20,0,7,447326.33,1,{}
EV-BUR-C07241,C07241,CreditInfo,737,A,2026-04-26,2,6,1722229.88,2,{}
EV-BUR-C07242,C07242,TransUnion,321,E,2026-04-24,6,4,3199584.69,0,{}
EV-BUR-C07243,C07243,Metropol,716,B,2026-04-22,2,5,593775.94,2,{}
EV-BUR-C07244,C07244,Metropol,653,B,2026-04-25,2,7,2221355.70,3,{}
EV-BUR-C07245,C07245,CreditInfo,355,E,2026-04-23,3,5,2709453.63,0,{}
EV-BUR-C07246,C07246,Metropol,589,C,2026-04-25,1,3,2648389.06,1,{}
EV-BUR-C07247,C07247,TransUnion,834,A,2026-04-24,0,3,3274324.51,3,{}
EV-BUR-C07248,C07248,Metropol,799,A,2026-04-22,0,1,232707.22,3,{}
EV-BUR-C07249,C07249,TransUnion,701,B,2026-04-24,2,3,331186.95,2,{}
EV-BUR-C07250,C07250,Metropol,717,B,2026-04-21,0,2,3702032.97,0,{}
EV-BUR-C07251,C07251,TransUnion,737,A,2026-04-21,0,7,3542551.49,0,{}
EV-BUR-C07252,C07252,Metropol,844,A,2026-04-22,2,7,747747.76,1,{}
EV-BUR-C07253,C07253,Metropol,783,A,2026-04-26,0,1,1560209.46,4,{}
EV-BUR-C07254,C07254,Metropol,626,B,2026-04-25,0,7,2356561.92,3,{}
EV-BUR-C07255,C07255,TransUnion,678,B,2026-04-25,0,5,1130029.93,4,{}
EV-BUR-C07256,C07256,CreditInfo,661,B,2026-04-20,2,4,1355541.80,2,{}
EV-BUR-C07257,C07257,CreditInfo,309,E,2026-04-22,5,6,3692220.08,4,{}
EV-BUR-C07258,C07258,Metropol,381,E,2026-04-22,7,6,654510.88,2,{}
EV-BUR-C07259,C07259,CreditInfo,780,A,2026-04-23,1,1,3318250.36,4,{}
EV-BUR-C07260,C07260,CreditInfo,281,E,2026-04-20,7,3,3508420.38,1,{}
EV-BUR-C07261,C07261,Metropol,565,C,2026-04-23,1,6,3190258.18,3,{}
EV-BUR-C07262,C07262,Metropol,610,B,2026-04-21,0,3,3303554.17,2,{}
EV-BUR-C07263,C07263,TransUnion,797,A,2026-04-22,2,5,2339112.21,1,{}
EV-BUR-C07264,C07264,CreditInfo,710,B,2026-04-23,1,1,2916130.61,0,{}
EV-BUR-C07265,C07265,Metropol,842,A,2026-04-22,2,2,1828031.62,4,{}
EV-BUR-C07266,C07266,Metropol,765,A,2026-04-21,2,4,2768046.76,3,{}
EV-BUR-C07267,C07267,Metropol,730,A,2026-04-22,0,6,1562034.00,1,{}
EV-BUR-C07268,C07268,TransUnion,831,A,2026-04-25,0,5,2573879.91,0,{}
EV-BUR-C07269,C07269,CreditInfo,732,A,2026-04-25,2,6,366062.07,4,{}
EV-BUR-C07270,C07270,Metropol,850,A,2026-04-20,0,7,3802495.19,2,{}
EV-BUR-C07271,C07271,CreditInfo,635,B,2026-04-25,1,2,1585654.48,3,{}
EV-BUR-C07272,C07272,Metropol,583,C,2026-04-25,2,6,1521115.48,3,{}
EV-BUR-C07273,C07273,Metropol,643,B,2026-04-22,2,3,262584.63,1,{}
EV-BUR-C07274,C07274,CreditInfo,789,A,2026-04-21,0,1,3920107.79,4,{}
EV-BUR-C07275,C07275,CreditInfo,750,A,2026-04-22,2,1,3092011.85,2,{}
EV-BUR-C07276,C07276,CreditInfo,776,A,2026-04-22,1,2,1502905.93,2,{}
EV-BUR-C07277,C07277,Metropol,401,D,2026-04-25,9,6,2503059.83,3,{}
EV-BUR-C07278,C07278,CreditInfo,553,C,2026-04-22,2,6,3239666.43,2,{}
EV-BUR-C07279,C07279,TransUnion,844,A,2026-04-22,1,2,1331592.48,3,{}
EV-BUR-C07280,C07280,Metropol,306,E,2026-04-26,6,5,224771.27,1,{}
EV-BUR-C07281,C07281,TransUnion,835,A,2026-04-22,0,3,3887583.59,1,{}
EV-BUR-C07282,C07282,Metropol,818,A,2026-04-20,0,1,105716.59,2,{}
EV-BUR-C07283,C07283,Metropol,847,A,2026-04-23,2,2,2099486.11,0,{}
EV-BUR-C07284,C07284,Metropol,774,A,2026-04-21,0,1,1279709.73,0,{}
EV-BUR-C07285,C07285,TransUnion,799,A,2026-04-24,0,6,3198272.70,3,{}
EV-BUR-C07286,C07286,Metropol,706,B,2026-04-20,2,7,3301090.43,2,{}
EV-BUR-C07287,C07287,TransUnion,675,B,2026-04-25,1,2,2449310.39,3,{}
EV-BUR-C07288,C07288,TransUnion,601,B,2026-04-20,1,6,1663298.91,3,{}
EV-BUR-C07289,C07289,Metropol,770,A,2026-04-25,2,6,3985148.72,4,{}
EV-BUR-C07290,C07290,CreditInfo,698,B,2026-04-25,1,6,77833.62,1,{}
EV-BUR-C07291,C07291,Metropol,558,C,2026-04-20,0,7,3354179.35,2,{}
EV-BUR-C07292,C07292,TransUnion,711,B,2026-04-23,1,3,1114125.90,0,{}
EV-BUR-C07293,C07293,Metropol,597,C,2026-04-22,2,3,1658071.14,2,{}
EV-BUR-C07294,C07294,CreditInfo,759,A,2026-04-23,2,1,1249083.08,2,{}
EV-BUR-C07295,C07295,Metropol,726,A,2026-04-26,0,4,2705496.39,4,{}
EV-BUR-C07296,C07296,CreditInfo,679,B,2026-04-23,2,6,3278210.08,3,{}
EV-BUR-C07297,C07297,Metropol,715,B,2026-04-26,2,6,626473.27,2,{}
EV-BUR-C07298,C07298,CreditInfo,647,B,2026-04-22,2,6,1931724.55,4,{}
EV-BUR-C07299,C07299,TransUnion,653,B,2026-04-22,0,5,2621116.40,3,{}
EV-BUR-C07300,C07300,CreditInfo,803,A,2026-04-24,0,3,145948.77,4,{}
EV-BUR-C07301,C07301,CreditInfo,845,A,2026-04-26,1,7,1620214.78,0,{}
EV-BUR-C07302,C07302,CreditInfo,598,C,2026-04-24,1,1,2714527.68,2,{}
EV-BUR-C07303,C07303,TransUnion,562,C,2026-04-25,2,7,317114.70,0,{}
EV-BUR-C07304,C07304,TransUnion,656,B,2026-04-23,1,2,3552923.98,1,{}
EV-BUR-C07305,C07305,Metropol,627,B,2026-04-20,0,7,1448788.28,0,{}
EV-BUR-C07306,C07306,CreditInfo,810,A,2026-04-24,0,1,3380029.56,0,{}
EV-BUR-C07307,C07307,TransUnion,842,A,2026-04-22,0,2,462452.39,2,{}
EV-BUR-C07308,C07308,Metropol,560,C,2026-04-21,2,4,3052664.36,3,{}
EV-BUR-C07309,C07309,Metropol,594,C,2026-04-21,0,6,1690374.90,3,{}
EV-BUR-C07310,C07310,TransUnion,572,C,2026-04-26,2,4,1581967.14,4,{}
EV-BUR-C07311,C07311,TransUnion,816,A,2026-04-23,0,2,1734969.13,2,{}
EV-BUR-C07312,C07312,Metropol,564,C,2026-04-26,2,3,3309900.46,2,{}
EV-BUR-C07313,C07313,CreditInfo,735,A,2026-04-20,2,6,3971376.73,2,{}
EV-BUR-C07314,C07314,TransUnion,772,A,2026-04-21,0,4,3544113.11,3,{}
EV-BUR-C07315,C07315,TransUnion,815,A,2026-04-25,0,4,1946710.37,4,{}
EV-BUR-C07316,C07316,Metropol,672,B,2026-04-23,2,2,1922808.85,1,{}
EV-BUR-C07317,C07317,TransUnion,450,D,2026-04-25,8,1,3329450.30,1,{}
EV-BUR-C07318,C07318,CreditInfo,638,B,2026-04-26,0,1,3180963.28,0,{}
EV-BUR-C07319,C07319,CreditInfo,641,B,2026-04-26,1,2,1327089.20,3,{}
EV-BUR-C07320,C07320,Metropol,577,C,2026-04-25,0,6,872916.63,1,{}
EV-BUR-C07321,C07321,Metropol,754,A,2026-04-20,1,2,2343564.14,4,{}
EV-BUR-C07322,C07322,TransUnion,722,A,2026-04-25,0,3,1975629.41,4,{}
EV-BUR-C07323,C07323,TransUnion,560,C,2026-04-24,0,5,57322.06,0,{}
EV-BUR-C07324,C07324,TransUnion,833,A,2026-04-22,0,1,1537630.13,4,{}
EV-BUR-C07325,C07325,Metropol,800,A,2026-04-21,2,4,1028977.37,4,{}
EV-BUR-C07326,C07326,TransUnion,792,A,2026-04-21,2,3,3862932.60,1,{}
EV-BUR-C07327,C07327,Metropol,438,D,2026-04-21,3,3,1339484.72,3,{}
EV-BUR-C07328,C07328,CreditInfo,685,B,2026-04-25,2,4,1411995.23,3,{}
EV-BUR-C07329,C07329,Metropol,732,A,2026-04-21,1,3,1735480.93,1,{}
EV-BUR-C07330,C07330,TransUnion,777,A,2026-04-21,0,2,334119.82,1,{}
EV-BUR-C07331,C07331,Metropol,563,C,2026-04-23,0,4,1798513.16,1,{}
EV-BUR-C07332,C07332,CreditInfo,575,C,2026-04-20,2,5,1254472.56,3,{}
EV-BUR-C07333,C07333,TransUnion,743,A,2026-04-21,1,5,1394279.61,0,{}
EV-BUR-C07334,C07334,TransUnion,601,B,2026-04-23,0,2,579453.81,3,{}
EV-BUR-C07335,C07335,TransUnion,657,B,2026-04-24,0,6,2079198.35,3,{}
EV-BUR-C07336,C07336,CreditInfo,798,A,2026-04-24,2,2,1800194.94,1,{}
EV-BUR-C07337,C07337,CreditInfo,801,A,2026-04-22,2,3,282700.23,0,{}
EV-BUR-C07338,C07338,CreditInfo,789,A,2026-04-24,2,7,1658742.69,2,{}
EV-BUR-C07339,C07339,Metropol,766,A,2026-04-26,2,4,1902145.56,2,{}
EV-BUR-C07340,C07340,CreditInfo,610,B,2026-04-24,1,6,3746024.04,4,{}
EV-BUR-C07341,C07341,CreditInfo,804,A,2026-04-25,1,3,1322343.81,0,{}
EV-BUR-C07342,C07342,Metropol,737,A,2026-04-24,0,6,2558257.73,1,{}
EV-BUR-C07343,C07343,Metropol,356,E,2026-04-23,8,2,584067.61,0,{}
EV-BUR-C07344,C07344,CreditInfo,518,C,2026-04-22,5,7,2146927.39,0,{}
EV-BUR-C07345,C07345,Metropol,643,B,2026-04-21,1,2,3430295.91,0,{}
EV-BUR-C07346,C07346,Metropol,584,C,2026-04-23,0,4,1480422.36,3,{}
EV-BUR-C07347,C07347,Metropol,762,A,2026-04-23,1,1,2549998.56,0,{}
EV-BUR-C07348,C07348,Metropol,726,A,2026-04-21,1,6,60657.06,0,{}
EV-BUR-C07349,C07349,Metropol,721,A,2026-04-20,1,5,2813034.09,4,{}
EV-BUR-C07350,C07350,CreditInfo,678,B,2026-04-20,0,7,3411437.63,3,{}
EV-BUR-C07351,C07351,Metropol,726,A,2026-04-25,2,3,1582818.79,4,{}
EV-BUR-C07352,C07352,CreditInfo,817,A,2026-04-24,2,6,2775992.77,4,{}
EV-BUR-C07353,C07353,CreditInfo,623,B,2026-04-26,1,6,3303700.66,2,{}
EV-BUR-C07354,C07354,TransUnion,797,A,2026-04-23,1,5,1278692.77,1,{}
EV-BUR-C07355,C07355,TransUnion,605,B,2026-04-22,2,1,1793317.25,1,{}
EV-BUR-C07356,C07356,Metropol,742,A,2026-04-20,1,3,1093356.53,2,{}
EV-BUR-C07357,C07357,Metropol,718,B,2026-04-21,0,3,2249277.12,4,{}
EV-BUR-C07358,C07358,Metropol,682,B,2026-04-26,2,3,994676.84,0,{}
EV-BUR-C07359,C07359,Metropol,651,B,2026-04-25,1,6,2822271.10,2,{}
EV-BUR-C07360,C07360,TransUnion,794,A,2026-04-23,2,6,2856859.22,4,{}
EV-BUR-C07361,C07361,Metropol,440,D,2026-04-23,7,7,3374959.39,1,{}
EV-BUR-C07362,C07362,TransUnion,835,A,2026-04-20,1,6,1389080.55,1,{}
EV-BUR-C07363,C07363,CreditInfo,574,C,2026-04-24,2,4,1599040.37,1,{}
EV-BUR-C07364,C07364,CreditInfo,652,B,2026-04-24,0,6,2001633.67,1,{}
EV-BUR-C07365,C07365,TransUnion,833,A,2026-04-24,2,3,745209.79,4,{}
EV-BUR-C07366,C07366,CreditInfo,822,A,2026-04-20,1,5,1990736.60,4,{}
EV-BUR-C07367,C07367,TransUnion,841,A,2026-04-22,1,5,425473.44,0,{}
EV-BUR-C07368,C07368,TransUnion,622,B,2026-04-24,2,3,614075.69,4,{}
EV-BUR-C07369,C07369,TransUnion,647,B,2026-04-21,0,4,3573599.41,0,{}
EV-BUR-C07370,C07370,TransUnion,718,B,2026-04-21,1,1,3553261.51,1,{}
EV-BUR-C07371,C07371,Metropol,717,B,2026-04-20,1,4,3746921.72,2,{}
EV-BUR-C07372,C07372,TransUnion,715,B,2026-04-21,1,4,132718.20,4,{}
EV-BUR-C07373,C07373,Metropol,597,C,2026-04-21,2,2,1910975.62,4,{}
EV-BUR-C07374,C07374,TransUnion,615,B,2026-04-25,0,3,3512133.82,2,{}
EV-BUR-C07375,C07375,TransUnion,736,A,2026-04-22,0,3,1023924.17,4,{}
EV-BUR-C07376,C07376,TransUnion,564,C,2026-04-20,2,3,1289870.80,3,{}
EV-BUR-C07377,C07377,Metropol,597,C,2026-04-21,2,4,3098421.59,1,{}
EV-BUR-C07378,C07378,TransUnion,847,A,2026-04-23,0,4,637690.98,1,{}
EV-BUR-C07379,C07379,CreditInfo,552,C,2026-04-20,1,3,2037468.13,4,{}
EV-BUR-C07380,C07380,TransUnion,838,A,2026-04-23,2,7,109315.11,0,{}
EV-BUR-C07381,C07381,CreditInfo,658,B,2026-04-21,0,1,959478.70,1,{}
EV-BUR-C07382,C07382,CreditInfo,602,B,2026-04-25,0,3,2106019.72,2,{}
EV-BUR-C07383,C07383,CreditInfo,674,B,2026-04-21,2,4,1958183.44,2,{}
EV-BUR-C07384,C07384,Metropol,417,D,2026-04-23,4,6,3114296.07,1,{}
EV-BUR-C07385,C07385,Metropol,831,A,2026-04-23,1,3,3305801.13,4,{}
EV-BUR-C07386,C07386,CreditInfo,749,A,2026-04-25,1,7,2035334.72,3,{}
EV-BUR-C07387,C07387,CreditInfo,430,D,2026-04-23,3,4,1814051.89,0,{}
EV-BUR-C07388,C07388,Metropol,729,A,2026-04-24,0,5,2751704.35,4,{}
EV-BUR-C07389,C07389,CreditInfo,447,D,2026-04-25,8,7,469008.17,4,{}
EV-BUR-C07390,C07390,Metropol,646,B,2026-04-22,1,5,2162605.51,2,{}
EV-BUR-C07391,C07391,CreditInfo,590,C,2026-04-20,1,7,2499011.48,1,{}
EV-BUR-C07392,C07392,CreditInfo,578,C,2026-04-23,0,3,3738250.72,1,{}
EV-BUR-C07393,C07393,Metropol,838,A,2026-04-20,0,3,3312742.83,2,{}
EV-BUR-C07394,C07394,CreditInfo,735,A,2026-04-24,2,4,3849511.48,3,{}
EV-BUR-C07395,C07395,CreditInfo,380,E,2026-04-24,6,3,2795898.55,3,{}
EV-BUR-C07396,C07396,TransUnion,644,B,2026-04-21,2,1,2472120.97,4,{}
EV-BUR-C07397,C07397,CreditInfo,590,C,2026-04-26,0,3,292631.32,0,{}
EV-BUR-C07398,C07398,Metropol,645,B,2026-04-21,1,4,1279359.52,2,{}
EV-BUR-C07399,C07399,TransUnion,790,A,2026-04-21,2,5,3428759.74,1,{}
EV-BUR-C07400,C07400,Metropol,753,A,2026-04-25,0,3,2280935.09,4,{}
EV-BUR-C07401,C07401,TransUnion,698,B,2026-04-26,1,7,3141917.94,1,{}
EV-BUR-C07402,C07402,Metropol,838,A,2026-04-25,2,6,1017666.65,0,{}
EV-BUR-C07403,C07403,TransUnion,599,C,2026-04-23,0,6,444510.13,1,{}
EV-BUR-C07404,C07404,CreditInfo,492,D,2026-04-21,5,2,649066.31,2,{}
EV-BUR-C07405,C07405,CreditInfo,609,B,2026-04-25,2,5,3335494.93,4,{}
EV-BUR-C07406,C07406,TransUnion,616,B,2026-04-20,1,5,2349860.63,2,{}
EV-BUR-C07407,C07407,TransUnion,695,B,2026-04-21,2,7,2455975.50,4,{}
EV-BUR-C07408,C07408,CreditInfo,631,B,2026-04-20,1,7,2757328.86,2,{}
EV-BUR-C07409,C07409,TransUnion,668,B,2026-04-21,2,7,3993199.92,4,{}
EV-BUR-C07410,C07410,TransUnion,702,B,2026-04-23,0,3,482940.77,2,{}
EV-BUR-C07411,C07411,Metropol,618,B,2026-04-26,1,1,3602041.20,2,{}
EV-BUR-C07412,C07412,TransUnion,621,B,2026-04-21,1,6,429787.18,4,{}
EV-BUR-C07413,C07413,Metropol,684,B,2026-04-20,1,4,2726812.74,1,{}
EV-BUR-C07414,C07414,TransUnion,832,A,2026-04-22,1,1,1290961.62,1,{}
EV-BUR-C07415,C07415,CreditInfo,507,C,2026-04-23,8,2,3966956.74,2,{}
EV-BUR-C07416,C07416,TransUnion,826,A,2026-04-25,1,7,929324.39,4,{}
EV-BUR-C07417,C07417,Metropol,304,E,2026-04-25,9,5,1230728.75,1,{}
EV-BUR-C07418,C07418,Metropol,699,B,2026-04-22,1,1,239065.97,2,{}
EV-BUR-C07419,C07419,CreditInfo,611,B,2026-04-26,2,5,769929.99,0,{}
EV-BUR-C07420,C07420,TransUnion,597,C,2026-04-22,0,3,2665732.39,1,{}
EV-BUR-C07421,C07421,TransUnion,704,B,2026-04-25,0,1,966134.53,3,{}
EV-BUR-C07422,C07422,TransUnion,549,C,2026-04-21,1,1,2620577.52,3,{}
EV-BUR-C07423,C07423,Metropol,653,B,2026-04-20,1,7,99509.66,2,{}
EV-BUR-C07424,C07424,CreditInfo,615,B,2026-04-24,2,4,3838049.55,3,{}
EV-BUR-C07425,C07425,TransUnion,546,C,2026-04-26,1,7,1235843.83,0,{}
EV-BUR-C07426,C07426,TransUnion,565,C,2026-04-26,0,5,1123947.46,3,{}
EV-BUR-C07427,C07427,CreditInfo,843,A,2026-04-21,1,4,1530243.37,4,{}
EV-BUR-C07428,C07428,TransUnion,593,C,2026-04-21,2,4,2706440.13,0,{}
EV-BUR-C07429,C07429,TransUnion,607,B,2026-04-20,1,7,229449.78,0,{}
EV-BUR-C07430,C07430,TransUnion,395,E,2026-04-20,3,3,3759799.93,3,{}
EV-BUR-C07431,C07431,CreditInfo,793,A,2026-04-25,0,6,3056770.98,3,{}
EV-BUR-C07432,C07432,TransUnion,829,A,2026-04-21,2,3,2882506.28,3,{}
EV-BUR-C07433,C07433,TransUnion,599,C,2026-04-22,2,4,261281.43,4,{}
EV-BUR-C07434,C07434,TransUnion,751,A,2026-04-23,1,5,3671488.16,1,{}
EV-BUR-C07435,C07435,Metropol,849,A,2026-04-26,0,7,3236688.27,2,{}
EV-BUR-C07436,C07436,Metropol,690,B,2026-04-25,1,3,2172651.79,3,{}
EV-BUR-C07437,C07437,CreditInfo,494,D,2026-04-25,9,7,230464.31,3,{}
EV-BUR-C07438,C07438,Metropol,794,A,2026-04-25,0,2,1692690.02,2,{}
EV-BUR-C07439,C07439,Metropol,616,B,2026-04-25,0,5,747279.03,4,{}
EV-BUR-C07440,C07440,CreditInfo,752,A,2026-04-24,0,7,830409.66,0,{}
EV-BUR-C07441,C07441,CreditInfo,470,D,2026-04-25,3,5,2971436.96,3,{}
EV-BUR-C07442,C07442,Metropol,844,A,2026-04-20,1,1,658395.94,0,{}
EV-BUR-C07443,C07443,Metropol,689,B,2026-04-23,0,1,3884703.80,3,{}
EV-BUR-C07444,C07444,CreditInfo,553,C,2026-04-21,1,1,2035966.40,3,{}
EV-BUR-C07445,C07445,TransUnion,689,B,2026-04-21,0,1,2141548.66,3,{}
EV-BUR-C07446,C07446,TransUnion,711,B,2026-04-26,2,6,2190497.79,4,{}
EV-BUR-C07447,C07447,Metropol,692,B,2026-04-24,0,4,726961.52,0,{}
EV-BUR-C07448,C07448,TransUnion,828,A,2026-04-20,2,2,2747327.51,2,{}
EV-BUR-C07449,C07449,Metropol,776,A,2026-04-22,0,2,1496782.12,4,{}
EV-BUR-C07450,C07450,Metropol,705,B,2026-04-25,0,5,2568729.59,4,{}
EV-BUR-C07451,C07451,CreditInfo,836,A,2026-04-26,2,6,2356031.31,1,{}
EV-BUR-C07452,C07452,TransUnion,587,C,2026-04-24,2,5,794927.26,0,{}
EV-BUR-C07453,C07453,CreditInfo,667,B,2026-04-26,1,4,3713493.95,0,{}
EV-BUR-C07454,C07454,CreditInfo,608,B,2026-04-26,0,4,3547551.78,1,{}
EV-BUR-C07455,C07455,CreditInfo,817,A,2026-04-21,0,1,3338436.55,0,{}
EV-BUR-C07456,C07456,TransUnion,598,C,2026-04-24,1,7,3810361.57,1,{}
EV-BUR-C07457,C07457,CreditInfo,808,A,2026-04-21,1,5,178068.73,3,{}
EV-BUR-C07458,C07458,CreditInfo,773,A,2026-04-22,1,1,529864.54,1,{}
EV-BUR-C07459,C07459,Metropol,675,B,2026-04-20,0,2,2204161.40,1,{}
EV-BUR-C07460,C07460,TransUnion,608,B,2026-04-23,2,3,1320715.21,4,{}
EV-BUR-C07461,C07461,CreditInfo,584,C,2026-04-22,1,2,2462882.47,4,{}
EV-BUR-C07462,C07462,Metropol,562,C,2026-04-21,1,6,3099234.16,4,{}
EV-BUR-C07463,C07463,TransUnion,630,B,2026-04-23,1,2,107545.56,2,{}
EV-BUR-C07464,C07464,CreditInfo,550,C,2026-04-24,1,4,2778324.32,4,{}
EV-BUR-C07465,C07465,Metropol,602,B,2026-04-24,1,6,3820064.69,0,{}
EV-BUR-C07466,C07466,Metropol,777,A,2026-04-24,2,6,2146594.84,0,{}
EV-BUR-C07467,C07467,CreditInfo,612,B,2026-04-22,0,2,587829.46,4,{}
EV-BUR-C07468,C07468,Metropol,818,A,2026-04-25,2,5,566879.87,3,{}
EV-BUR-C07469,C07469,Metropol,637,B,2026-04-24,1,5,302938.22,2,{}
EV-BUR-C07470,C07470,TransUnion,762,A,2026-04-24,1,1,981975.96,2,{}
EV-BUR-C07471,C07471,Metropol,548,C,2026-04-22,1,4,1526160.90,3,{}
EV-BUR-C07472,C07472,TransUnion,326,E,2026-04-24,5,4,2265957.59,3,{}
EV-BUR-C07473,C07473,Metropol,580,C,2026-04-23,2,6,2578448.10,3,{}
EV-BUR-C07474,C07474,CreditInfo,616,B,2026-04-21,1,3,3506864.63,0,{}
EV-BUR-C07475,C07475,TransUnion,637,B,2026-04-26,0,1,2503380.96,1,{}
EV-BUR-C07476,C07476,CreditInfo,751,A,2026-04-25,2,7,3783734.94,0,{}
EV-BUR-C07477,C07477,TransUnion,552,C,2026-04-22,0,6,1238793.61,2,{}
EV-BUR-C07478,C07478,CreditInfo,736,A,2026-04-21,1,1,3003125.78,1,{}
EV-BUR-C07479,C07479,TransUnion,832,A,2026-04-23,1,7,883433.30,2,{}
EV-BUR-C07480,C07480,CreditInfo,598,C,2026-04-22,2,5,107160.74,1,{}
EV-BUR-C07481,C07481,Metropol,654,B,2026-04-24,0,1,1423383.59,0,{}
EV-BUR-C07482,C07482,TransUnion,572,C,2026-04-25,1,5,2722569.72,3,{}
EV-BUR-C07483,C07483,TransUnion,650,B,2026-04-25,1,1,3208964.30,3,{}
EV-BUR-C07484,C07484,Metropol,772,A,2026-04-26,2,3,3882359.58,4,{}
EV-BUR-C07485,C07485,CreditInfo,746,A,2026-04-20,2,3,3555563.82,4,{}
EV-BUR-C07486,C07486,Metropol,589,C,2026-04-20,0,2,1480331.49,2,{}
EV-BUR-C07487,C07487,TransUnion,661,B,2026-04-21,0,7,3574697.63,1,{}
EV-BUR-C07488,C07488,TransUnion,788,A,2026-04-21,0,3,878297.58,3,{}
EV-BUR-C07489,C07489,CreditInfo,610,B,2026-04-24,1,1,1196522.93,2,{}
EV-BUR-C07490,C07490,Metropol,600,B,2026-04-25,1,6,2222731.49,4,{}
EV-BUR-C07491,C07491,Metropol,793,A,2026-04-22,1,2,182943.85,3,{}
EV-BUR-C07492,C07492,CreditInfo,782,A,2026-04-21,1,6,2808297.27,3,{}
EV-BUR-C07493,C07493,TransUnion,705,B,2026-04-26,2,1,611354.37,3,{}
EV-BUR-C07494,C07494,Metropol,818,A,2026-04-25,2,6,1369230.27,3,{}
EV-BUR-C07495,C07495,TransUnion,750,A,2026-04-25,2,5,2394420.25,1,{}
EV-BUR-C07496,C07496,CreditInfo,565,C,2026-04-23,0,3,3001957.92,4,{}
EV-BUR-C07497,C07497,Metropol,659,B,2026-04-24,2,1,1217745.32,3,{}
EV-BUR-C07498,C07498,CreditInfo,824,A,2026-04-22,0,5,1227941.03,4,{}
EV-BUR-C07499,C07499,Metropol,635,B,2026-04-24,0,7,312373.55,4,{}
EV-BUR-C07500,C07500,CreditInfo,802,A,2026-04-21,1,7,1692598.47,3,{}
EV-BUR-C07501,C07501,TransUnion,487,D,2026-04-24,7,6,1162230.66,4,{}
EV-BUR-C07502,C07502,Metropol,695,B,2026-04-23,1,5,1799879.15,3,{}
EV-BUR-C07503,C07503,TransUnion,709,B,2026-04-26,2,6,3714987.00,1,{}
EV-BUR-C07504,C07504,TransUnion,601,B,2026-04-23,0,3,2796729.66,0,{}
EV-BUR-C07505,C07505,Metropol,620,B,2026-04-24,0,7,127401.82,2,{}
EV-BUR-C07506,C07506,Metropol,418,D,2026-04-23,4,6,1451316.56,3,{}
EV-BUR-C07507,C07507,Metropol,564,C,2026-04-25,0,7,3372700.49,2,{}
EV-BUR-C07508,C07508,CreditInfo,349,E,2026-04-20,9,7,991356.31,0,{}
EV-BUR-C07509,C07509,Metropol,600,B,2026-04-20,0,7,1317341.93,1,{}
EV-BUR-C07510,C07510,TransUnion,732,A,2026-04-23,1,3,2391569.75,2,{}
EV-BUR-C07511,C07511,Metropol,351,E,2026-04-22,4,2,3178883.09,2,{}
EV-BUR-C07512,C07512,Metropol,846,A,2026-04-25,0,1,2720736.91,2,{}
EV-BUR-C07513,C07513,Metropol,680,B,2026-04-21,2,4,3288917.59,3,{}
EV-BUR-C07514,C07514,Metropol,843,A,2026-04-25,0,6,2965681.84,0,{}
EV-BUR-C07515,C07515,TransUnion,692,B,2026-04-25,2,2,2518532.19,0,{}
EV-BUR-C07516,C07516,Metropol,588,C,2026-04-20,2,7,278718.51,1,{}
EV-BUR-C07517,C07517,TransUnion,787,A,2026-04-25,0,7,283416.95,0,{}
EV-BUR-C07518,C07518,Metropol,612,B,2026-04-21,2,7,379324.49,1,{}
EV-BUR-C07519,C07519,TransUnion,716,B,2026-04-23,0,2,3337589.18,4,{}
EV-BUR-C07520,C07520,TransUnion,673,B,2026-04-20,2,2,2048218.87,2,{}
EV-BUR-C07521,C07521,Metropol,813,A,2026-04-25,2,2,191091.85,1,{}
EV-BUR-C07522,C07522,CreditInfo,769,A,2026-04-20,2,7,3943748.32,2,{}
EV-BUR-C07523,C07523,TransUnion,608,B,2026-04-24,0,4,2272409.22,1,{}
EV-BUR-C07524,C07524,TransUnion,799,A,2026-04-25,2,7,3705788.76,3,{}
EV-BUR-C07525,C07525,Metropol,625,B,2026-04-22,1,6,1534857.33,0,{}
EV-BUR-C07526,C07526,CreditInfo,586,C,2026-04-26,1,4,2675841.71,4,{}
EV-BUR-C07527,C07527,TransUnion,672,B,2026-04-22,2,7,3719454.63,4,{}
EV-BUR-C07528,C07528,TransUnion,694,B,2026-04-22,0,4,591600.74,4,{}
EV-BUR-C07529,C07529,TransUnion,838,A,2026-04-25,0,6,1476174.87,3,{}
EV-BUR-C07530,C07530,Metropol,669,B,2026-04-26,0,6,3481498.15,4,{}
EV-BUR-C07531,C07531,CreditInfo,800,A,2026-04-23,1,1,254108.84,4,{}
EV-BUR-C07532,C07532,CreditInfo,732,A,2026-04-21,0,5,3989203.72,0,{}
EV-BUR-C07533,C07533,Metropol,846,A,2026-04-25,1,1,1138495.23,3,{}
EV-BUR-C07534,C07534,CreditInfo,672,B,2026-04-23,0,5,238089.18,4,{}
EV-BUR-C07535,C07535,Metropol,828,A,2026-04-21,0,7,1946233.68,3,{}
EV-BUR-C07536,C07536,Metropol,560,C,2026-04-26,2,6,3389640.06,3,{}
EV-BUR-C07537,C07537,CreditInfo,792,A,2026-04-25,0,1,1409397.00,3,{}
EV-BUR-C07538,C07538,CreditInfo,771,A,2026-04-25,0,3,152286.61,4,{}
EV-BUR-C07539,C07539,TransUnion,684,B,2026-04-20,1,3,2000585.34,4,{}
EV-BUR-C07540,C07540,TransUnion,543,C,2026-04-21,1,4,1980152.75,2,{}
EV-BUR-C07541,C07541,CreditInfo,780,A,2026-04-21,1,2,1613513.11,2,{}
EV-BUR-C07542,C07542,Metropol,708,B,2026-04-25,0,2,846828.99,4,{}
EV-BUR-C07543,C07543,CreditInfo,567,C,2026-04-26,0,6,617753.06,0,{}
EV-BUR-C07544,C07544,TransUnion,782,A,2026-04-25,0,6,2049297.66,0,{}
EV-BUR-C07545,C07545,CreditInfo,564,C,2026-04-23,0,4,3162077.30,2,{}
EV-BUR-C07546,C07546,Metropol,602,B,2026-04-25,0,4,2528345.82,3,{}
EV-BUR-C07547,C07547,CreditInfo,750,A,2026-04-21,0,5,522909.51,0,{}
EV-BUR-C07548,C07548,CreditInfo,767,A,2026-04-22,1,6,3501753.47,4,{}
EV-BUR-C07549,C07549,TransUnion,722,A,2026-04-21,2,5,3190685.29,0,{}
EV-BUR-C07550,C07550,CreditInfo,753,A,2026-04-22,1,3,2091217.24,2,{}
EV-BUR-C07551,C07551,TransUnion,764,A,2026-04-24,0,6,3299735.96,4,{}
EV-BUR-C07552,C07552,Metropol,594,C,2026-04-22,1,4,1900851.64,1,{}
EV-BUR-C07553,C07553,Metropol,579,C,2026-04-22,1,6,3324291.12,4,{}
EV-BUR-C07554,C07554,TransUnion,677,B,2026-04-26,1,6,1220338.30,2,{}
EV-BUR-C07555,C07555,TransUnion,640,B,2026-04-21,2,1,2482189.32,1,{}
EV-BUR-C07556,C07556,CreditInfo,788,A,2026-04-26,1,7,1642069.02,4,{}
EV-BUR-C07557,C07557,CreditInfo,644,B,2026-04-24,0,3,3896248.33,4,{}
EV-BUR-C07558,C07558,CreditInfo,602,B,2026-04-20,0,4,2860067.29,3,{}
EV-BUR-C07559,C07559,Metropol,554,C,2026-04-23,1,6,2579779.21,0,{}
EV-BUR-C07560,C07560,Metropol,724,A,2026-04-20,2,6,3911989.58,0,{}
EV-BUR-C07561,C07561,Metropol,570,C,2026-04-22,0,7,3936913.99,4,{}
EV-BUR-C07562,C07562,TransUnion,576,C,2026-04-26,2,2,2667228.71,4,{}
EV-BUR-C07563,C07563,CreditInfo,635,B,2026-04-22,0,3,1697732.32,0,{}
EV-BUR-C07564,C07564,CreditInfo,555,C,2026-04-26,0,6,385949.94,4,{}
EV-BUR-C07565,C07565,CreditInfo,747,A,2026-04-24,1,6,1741850.57,4,{}
EV-BUR-C07566,C07566,CreditInfo,700,B,2026-04-21,0,1,2107311.58,4,{}
EV-BUR-C07567,C07567,CreditInfo,762,A,2026-04-24,1,5,321642.02,3,{}
EV-BUR-C07568,C07568,Metropol,801,A,2026-04-26,2,7,3505048.41,2,{}
EV-BUR-C07569,C07569,Metropol,689,B,2026-04-23,2,6,2335595.63,1,{}
EV-BUR-C07570,C07570,CreditInfo,574,C,2026-04-25,1,4,3358563.00,4,{}
EV-BUR-C07571,C07571,TransUnion,655,B,2026-04-25,1,7,1057369.14,3,{}
EV-BUR-C07572,C07572,CreditInfo,723,A,2026-04-26,1,4,3636490.17,4,{}
EV-BUR-C07573,C07573,Metropol,571,C,2026-04-24,0,6,3228634.78,1,{}
EV-BUR-C07574,C07574,TransUnion,594,C,2026-04-25,0,2,2094643.51,4,{}
EV-BUR-C07575,C07575,CreditInfo,699,B,2026-04-24,2,1,3372241.86,0,{}
EV-BUR-C07576,C07576,TransUnion,846,A,2026-04-26,0,6,1685534.13,0,{}
EV-BUR-C07577,C07577,CreditInfo,570,C,2026-04-25,1,3,3103043.28,3,{}
EV-BUR-C07578,C07578,TransUnion,772,A,2026-04-20,2,7,633635.72,2,{}
EV-BUR-C07579,C07579,Metropol,797,A,2026-04-21,1,3,462181.97,3,{}
EV-BUR-C07580,C07580,CreditInfo,622,B,2026-04-22,1,6,3011579.01,4,{}
EV-BUR-C07581,C07581,Metropol,364,E,2026-04-20,8,7,1064280.35,2,{}
EV-BUR-C07582,C07582,CreditInfo,550,C,2026-04-24,2,3,2480426.27,3,{}
EV-BUR-C07583,C07583,Metropol,783,A,2026-04-24,0,6,1037770.07,4,{}
EV-BUR-C07584,C07584,Metropol,616,B,2026-04-26,2,7,2637804.14,2,{}
EV-BUR-C07585,C07585,TransUnion,623,B,2026-04-25,0,7,2841080.92,1,{}
EV-BUR-C07586,C07586,TransUnion,795,A,2026-04-24,2,1,2109048.49,4,{}
EV-BUR-C07587,C07587,CreditInfo,721,A,2026-04-25,2,3,1701332.29,4,{}
EV-BUR-C07588,C07588,Metropol,691,B,2026-04-26,2,2,3469772.61,0,{}
EV-BUR-C07589,C07589,Metropol,705,B,2026-04-26,2,2,1121629.68,0,{}
EV-BUR-C07590,C07590,Metropol,543,C,2026-04-23,0,3,1405718.72,2,{}
EV-BUR-C07591,C07591,TransUnion,688,B,2026-04-23,1,2,467686.37,4,{}
EV-BUR-C07592,C07592,CreditInfo,585,C,2026-04-23,1,7,3088849.98,4,{}
EV-BUR-C07593,C07593,CreditInfo,599,C,2026-04-23,2,6,2458643.41,1,{}
EV-BUR-C07594,C07594,CreditInfo,619,B,2026-04-21,0,6,200617.53,0,{}
EV-BUR-C07595,C07595,TransUnion,780,A,2026-04-22,0,4,1117140.54,3,{}
EV-BUR-C07596,C07596,CreditInfo,788,A,2026-04-21,1,6,3583303.60,2,{}
EV-BUR-C07597,C07597,Metropol,835,A,2026-04-25,1,4,816867.63,0,{}
EV-BUR-C07598,C07598,CreditInfo,751,A,2026-04-23,2,6,3873943.37,2,{}
EV-BUR-C07599,C07599,CreditInfo,804,A,2026-04-21,2,6,480219.86,3,{}
EV-BUR-C07600,C07600,CreditInfo,808,A,2026-04-23,0,2,1939800.68,4,{}
EV-BUR-C07601,C07601,CreditInfo,556,C,2026-04-24,2,4,2660218.03,2,{}
EV-BUR-C07602,C07602,CreditInfo,674,B,2026-04-21,0,2,621735.76,3,{}
EV-BUR-C07603,C07603,TransUnion,722,A,2026-04-22,1,3,3180557.30,4,{}
EV-BUR-C07604,C07604,TransUnion,752,A,2026-04-21,2,5,1437546.24,3,{}
EV-BUR-C07605,C07605,Metropol,727,A,2026-04-23,2,3,55634.45,4,{}
EV-BUR-C07606,C07606,TransUnion,766,A,2026-04-20,0,7,1341031.15,4,{}
EV-BUR-C07607,C07607,Metropol,663,B,2026-04-23,0,6,3982463.74,3,{}
EV-BUR-C07608,C07608,TransUnion,710,B,2026-04-24,0,7,879686.10,1,{}
EV-BUR-C07609,C07609,Metropol,826,A,2026-04-23,1,4,1892006.29,3,{}
EV-BUR-C07610,C07610,TransUnion,581,C,2026-04-26,2,1,3430208.00,3,{}
EV-BUR-C07611,C07611,TransUnion,648,B,2026-04-25,1,7,1844931.72,2,{}
EV-BUR-C07612,C07612,Metropol,773,A,2026-04-24,0,6,990356.67,3,{}
EV-BUR-C07613,C07613,TransUnion,810,A,2026-04-23,0,2,3305744.23,2,{}
EV-BUR-C07614,C07614,TransUnion,838,A,2026-04-22,2,7,108312.49,3,{}
EV-BUR-C07615,C07615,CreditInfo,626,B,2026-04-24,0,7,1022835.22,4,{}
EV-BUR-C07616,C07616,CreditInfo,817,A,2026-04-22,1,4,465848.20,2,{}
EV-BUR-C07617,C07617,Metropol,657,B,2026-04-20,1,5,2862758.88,4,{}
EV-BUR-C07618,C07618,CreditInfo,633,B,2026-04-21,2,2,2249081.92,2,{}
EV-BUR-C07619,C07619,Metropol,791,A,2026-04-25,1,1,2973770.22,2,{}
EV-BUR-C07620,C07620,TransUnion,755,A,2026-04-22,1,3,3492123.60,2,{}
EV-BUR-C07621,C07621,TransUnion,687,B,2026-04-20,2,6,473336.91,3,{}
EV-BUR-C07622,C07622,Metropol,748,A,2026-04-21,1,4,326497.57,0,{}
EV-BUR-C07623,C07623,CreditInfo,748,A,2026-04-25,2,6,3271471.00,3,{}
EV-BUR-C07624,C07624,CreditInfo,651,B,2026-04-23,2,1,3387953.40,0,{}
EV-BUR-C07625,C07625,CreditInfo,817,A,2026-04-26,2,6,1042378.08,3,{}
EV-BUR-C07626,C07626,Metropol,620,B,2026-04-23,1,4,3286526.31,3,{}
EV-BUR-C07627,C07627,Metropol,830,A,2026-04-23,0,2,3468484.83,3,{}
EV-BUR-C07628,C07628,TransUnion,555,C,2026-04-25,0,7,2807837.53,3,{}
EV-BUR-C07629,C07629,CreditInfo,350,E,2026-04-23,3,3,1330594.20,2,{}
EV-BUR-C07630,C07630,CreditInfo,576,C,2026-04-21,2,7,363216.40,0,{}
EV-BUR-C07631,C07631,TransUnion,560,C,2026-04-25,0,1,623664.88,3,{}
EV-BUR-C07632,C07632,Metropol,745,A,2026-04-20,1,2,769067.86,2,{}
EV-BUR-C07633,C07633,Metropol,728,A,2026-04-23,1,7,2624385.79,0,{}
EV-BUR-C07634,C07634,TransUnion,595,C,2026-04-24,2,5,2912884.85,2,{}
EV-BUR-C07635,C07635,CreditInfo,834,A,2026-04-21,0,1,1502152.39,1,{}
EV-BUR-C07636,C07636,CreditInfo,652,B,2026-04-25,2,1,1080469.81,0,{}
EV-BUR-C07637,C07637,TransUnion,846,A,2026-04-21,1,6,3850974.09,1,{}
EV-BUR-C07638,C07638,Metropol,720,A,2026-04-20,1,6,1230807.14,4,{}
EV-BUR-C07639,C07639,CreditInfo,652,B,2026-04-26,0,1,1641381.20,3,{}
EV-BUR-C07640,C07640,TransUnion,842,A,2026-04-24,0,7,244584.71,1,{}
EV-BUR-C07641,C07641,TransUnion,692,B,2026-04-21,0,4,731376.74,1,{}
EV-BUR-C07642,C07642,Metropol,662,B,2026-04-23,2,6,782521.30,2,{}
EV-BUR-C07643,C07643,CreditInfo,564,C,2026-04-20,1,4,686603.15,4,{}
EV-BUR-C07644,C07644,Metropol,721,A,2026-04-22,2,5,1159818.65,0,{}
EV-BUR-C07645,C07645,TransUnion,821,A,2026-04-25,1,2,393658.59,0,{}
EV-BUR-C07646,C07646,Metropol,827,A,2026-04-25,2,3,2032219.76,0,{}
EV-BUR-C07647,C07647,TransUnion,826,A,2026-04-24,2,1,2008146.30,3,{}
EV-BUR-C07648,C07648,CreditInfo,596,C,2026-04-24,2,2,2487457.20,0,{}
EV-BUR-C07649,C07649,CreditInfo,739,A,2026-04-20,2,5,977202.20,2,{}
EV-BUR-C07650,C07650,CreditInfo,643,B,2026-04-20,0,3,2561589.44,3,{}
EV-BUR-C07651,C07651,CreditInfo,656,B,2026-04-22,0,2,3190263.69,0,{}
EV-BUR-C07652,C07652,Metropol,845,A,2026-04-26,0,4,1201355.68,0,{}
EV-BUR-C07653,C07653,TransUnion,836,A,2026-04-22,0,1,3613695.13,4,{}
EV-BUR-C07654,C07654,CreditInfo,749,A,2026-04-24,2,4,651621.20,3,{}
EV-BUR-C07655,C07655,TransUnion,823,A,2026-04-20,2,6,2026954.73,4,{}
EV-BUR-C07656,C07656,Metropol,623,B,2026-04-20,2,3,2118746.23,4,{}
EV-BUR-C07657,C07657,TransUnion,678,B,2026-04-22,0,4,1105602.56,3,{}
EV-BUR-C07658,C07658,TransUnion,802,A,2026-04-20,2,4,2362423.99,4,{}
EV-BUR-C07659,C07659,CreditInfo,754,A,2026-04-26,0,3,529396.83,1,{}
EV-BUR-C07660,C07660,CreditInfo,814,A,2026-04-23,2,4,3099527.81,2,{}
EV-BUR-C07661,C07661,TransUnion,638,B,2026-04-25,2,2,1067364.47,1,{}
EV-BUR-C07662,C07662,TransUnion,632,B,2026-04-22,1,4,3670692.01,3,{}
EV-BUR-C07663,C07663,CreditInfo,601,B,2026-04-24,2,4,146574.36,0,{}
EV-BUR-C07664,C07664,Metropol,568,C,2026-04-20,0,7,3150619.60,0,{}
EV-BUR-C07665,C07665,TransUnion,828,A,2026-04-22,2,6,3121164.51,0,{}
EV-BUR-C07666,C07666,Metropol,802,A,2026-04-26,1,6,1340183.61,1,{}
EV-BUR-C07667,C07667,TransUnion,440,D,2026-04-26,8,4,2606036.36,1,{}
EV-BUR-C07668,C07668,CreditInfo,708,B,2026-04-26,0,2,1788889.41,0,{}
EV-BUR-C07669,C07669,TransUnion,711,B,2026-04-20,2,5,3044452.36,1,{}
EV-BUR-C07670,C07670,TransUnion,486,D,2026-04-25,8,2,1075794.02,3,{}
EV-BUR-C07671,C07671,Metropol,773,A,2026-04-21,1,7,2455486.04,0,{}
EV-BUR-C07672,C07672,Metropol,796,A,2026-04-25,1,5,1201107.76,4,{}
EV-BUR-C07673,C07673,Metropol,679,B,2026-04-26,1,1,1496203.77,4,{}
EV-BUR-C07674,C07674,CreditInfo,790,A,2026-04-25,0,3,3522412.16,3,{}
EV-BUR-C07675,C07675,Metropol,763,A,2026-04-20,1,5,1191301.32,3,{}
EV-BUR-C07676,C07676,Metropol,607,B,2026-04-20,1,6,3561538.11,2,{}
EV-BUR-C07677,C07677,CreditInfo,607,B,2026-04-20,0,5,2735230.62,4,{}
EV-BUR-C07678,C07678,Metropol,723,A,2026-04-20,1,1,2119179.48,1,{}
EV-BUR-C07679,C07679,TransUnion,629,B,2026-04-23,2,3,2221776.22,1,{}
EV-BUR-C07680,C07680,Metropol,696,B,2026-04-25,1,7,886653.16,3,{}
EV-BUR-C07681,C07681,CreditInfo,623,B,2026-04-23,0,4,3451066.35,4,{}
EV-BUR-C07682,C07682,Metropol,576,C,2026-04-24,0,6,3227938.30,2,{}
EV-BUR-C07683,C07683,TransUnion,694,B,2026-04-22,1,2,2608087.72,0,{}
EV-BUR-C07684,C07684,TransUnion,689,B,2026-04-26,0,6,511743.20,0,{}
EV-BUR-C07685,C07685,CreditInfo,780,A,2026-04-22,2,1,1559986.03,4,{}
EV-BUR-C07686,C07686,Metropol,833,A,2026-04-24,0,1,1905542.98,0,{}
EV-BUR-C07687,C07687,TransUnion,700,B,2026-04-25,1,4,2378848.70,0,{}
EV-BUR-C07688,C07688,TransUnion,565,C,2026-04-22,2,7,512902.30,4,{}
EV-BUR-C07689,C07689,TransUnion,715,B,2026-04-21,2,7,1390731.71,0,{}
EV-BUR-C07690,C07690,TransUnion,585,C,2026-04-22,0,6,1476251.08,2,{}
EV-BUR-C07691,C07691,TransUnion,639,B,2026-04-26,1,6,3917601.90,1,{}
EV-BUR-C07692,C07692,CreditInfo,633,B,2026-04-23,2,7,3524178.01,1,{}
EV-BUR-C07693,C07693,Metropol,431,D,2026-04-23,3,3,1992454.42,3,{}
EV-BUR-C07694,C07694,Metropol,806,A,2026-04-22,2,3,2864955.92,4,{}
EV-BUR-C07695,C07695,Metropol,817,A,2026-04-20,0,6,918611.98,4,{}
EV-BUR-C07696,C07696,Metropol,730,A,2026-04-23,1,5,829643.33,2,{}
EV-BUR-C07697,C07697,Metropol,786,A,2026-04-25,0,6,1230809.70,1,{}
EV-BUR-C07698,C07698,Metropol,694,B,2026-04-21,0,6,1827013.10,2,{}
EV-BUR-C07699,C07699,Metropol,850,A,2026-04-21,1,1,2546859.58,1,{}
EV-BUR-C07700,C07700,Metropol,576,C,2026-04-22,2,2,126373.47,2,{}
EV-BUR-C07701,C07701,CreditInfo,662,B,2026-04-26,2,2,3040571.44,0,{}
EV-BUR-C07702,C07702,CreditInfo,832,A,2026-04-21,2,1,3766759.94,1,{}
EV-BUR-C07703,C07703,Metropol,641,B,2026-04-20,2,1,2638707.31,1,{}
EV-BUR-C07704,C07704,Metropol,850,A,2026-04-21,2,3,3001270.09,4,{}
EV-BUR-C07705,C07705,Metropol,621,B,2026-04-21,0,4,3351852.90,0,{}
EV-BUR-C07706,C07706,TransUnion,543,C,2026-04-20,1,6,2923849.79,3,{}
EV-BUR-C07707,C07707,TransUnion,788,A,2026-04-21,2,2,849285.81,2,{}
EV-BUR-C07708,C07708,Metropol,629,B,2026-04-24,1,5,3193887.34,2,{}
EV-BUR-C07709,C07709,CreditInfo,486,D,2026-04-22,7,3,2518891.28,1,{}
EV-BUR-C07710,C07710,CreditInfo,676,B,2026-04-25,0,6,674166.58,0,{}
EV-BUR-C07711,C07711,Metropol,665,B,2026-04-25,0,4,1663308.34,0,{}
EV-BUR-C07712,C07712,TransUnion,716,B,2026-04-24,2,4,828606.03,0,{}
EV-BUR-C07713,C07713,Metropol,732,A,2026-04-24,2,6,3952975.94,4,{}
EV-BUR-C07714,C07714,CreditInfo,831,A,2026-04-26,0,6,1727003.80,1,{}
EV-BUR-C07715,C07715,CreditInfo,788,A,2026-04-23,1,7,898624.99,2,{}
EV-BUR-C07716,C07716,Metropol,730,A,2026-04-21,1,5,2296777.67,0,{}
EV-BUR-C07717,C07717,CreditInfo,676,B,2026-04-23,0,4,763342.92,0,{}
EV-BUR-C07718,C07718,CreditInfo,835,A,2026-04-21,1,7,2740443.62,0,{}
EV-BUR-C07719,C07719,TransUnion,627,B,2026-04-26,1,3,2724817.73,4,{}
EV-BUR-C07720,C07720,TransUnion,628,B,2026-04-24,0,1,544110.40,1,{}
EV-BUR-C07721,C07721,Metropol,374,E,2026-04-23,8,4,2951666.82,2,{}
EV-BUR-C07722,C07722,TransUnion,800,A,2026-04-21,2,1,241431.09,0,{}
EV-BUR-C07723,C07723,CreditInfo,689,B,2026-04-25,0,6,1821687.26,3,{}
EV-BUR-C07724,C07724,CreditInfo,790,A,2026-04-25,1,6,2356871.15,0,{}
EV-BUR-C07725,C07725,Metropol,622,B,2026-04-20,2,5,779328.08,0,{}
EV-BUR-C07726,C07726,CreditInfo,831,A,2026-04-23,0,4,3749135.88,3,{}
EV-BUR-C07727,C07727,Metropol,759,A,2026-04-21,0,3,1855459.02,3,{}
EV-BUR-C07728,C07728,Metropol,655,B,2026-04-20,2,7,2447795.51,2,{}
EV-BUR-C07729,C07729,Metropol,651,B,2026-04-21,2,5,53948.95,3,{}
EV-BUR-C07730,C07730,TransUnion,446,D,2026-04-23,3,2,2468211.59,1,{}
EV-BUR-C07731,C07731,Metropol,418,D,2026-04-24,4,1,3301911.67,0,{}
EV-BUR-C07732,C07732,Metropol,819,A,2026-04-24,1,3,2341511.15,1,{}
EV-BUR-C07733,C07733,TransUnion,596,C,2026-04-23,1,6,2540432.64,3,{}
EV-BUR-C07734,C07734,CreditInfo,679,B,2026-04-26,1,3,2505331.56,0,{}
EV-BUR-C07735,C07735,TransUnion,624,B,2026-04-20,2,4,3869424.69,2,{}
EV-BUR-C07736,C07736,CreditInfo,574,C,2026-04-21,1,3,922751.37,2,{}
EV-BUR-C07737,C07737,CreditInfo,653,B,2026-04-20,2,7,3704680.20,0,{}
EV-BUR-C07738,C07738,CreditInfo,743,A,2026-04-24,0,6,1278926.46,1,{}
EV-BUR-C07739,C07739,Metropol,666,B,2026-04-23,0,5,3970458.04,3,{}
EV-BUR-C07740,C07740,Metropol,556,C,2026-04-24,0,2,338375.16,0,{}
EV-BUR-C07741,C07741,TransUnion,843,A,2026-04-21,0,5,2829740.16,0,{}
EV-BUR-C07742,C07742,TransUnion,448,D,2026-04-21,3,3,123169.46,1,{}
EV-BUR-C07743,C07743,Metropol,457,D,2026-04-22,7,1,972709.91,3,{}
EV-BUR-C07744,C07744,Metropol,612,B,2026-04-22,2,5,1859049.66,4,{}
EV-BUR-C07745,C07745,TransUnion,826,A,2026-04-21,0,5,3738362.23,4,{}
EV-BUR-C07746,C07746,CreditInfo,815,A,2026-04-21,0,7,788123.32,0,{}
EV-BUR-C07747,C07747,TransUnion,589,C,2026-04-21,2,3,1011270.38,1,{}
EV-BUR-C07748,C07748,CreditInfo,703,B,2026-04-21,2,7,2476122.82,2,{}
EV-BUR-C07749,C07749,CreditInfo,596,C,2026-04-26,2,1,1973925.18,1,{}
EV-BUR-C07750,C07750,Metropol,456,D,2026-04-24,8,2,677253.33,2,{}
EV-BUR-C07751,C07751,Metropol,321,E,2026-04-23,7,4,394248.30,4,{}
EV-BUR-C07752,C07752,TransUnion,708,B,2026-04-24,1,2,1852413.04,2,{}
EV-BUR-C07753,C07753,CreditInfo,722,A,2026-04-22,0,1,3868435.77,3,{}
EV-BUR-C07754,C07754,CreditInfo,715,B,2026-04-26,0,5,634098.40,4,{}
EV-BUR-C07755,C07755,Metropol,813,A,2026-04-23,1,1,2575596.37,2,{}
EV-BUR-C07756,C07756,CreditInfo,630,B,2026-04-25,2,4,3442885.30,1,{}
EV-BUR-C07757,C07757,Metropol,764,A,2026-04-20,1,3,2722791.40,4,{}
EV-BUR-C07758,C07758,Metropol,842,A,2026-04-24,1,7,1613352.35,1,{}
EV-BUR-C07759,C07759,CreditInfo,734,A,2026-04-21,1,5,2070244.57,4,{}
EV-BUR-C07760,C07760,TransUnion,602,B,2026-04-22,1,2,1450017.86,1,{}
EV-BUR-C07761,C07761,TransUnion,845,A,2026-04-26,1,5,3886354.74,1,{}
EV-BUR-C07762,C07762,Metropol,298,E,2026-04-24,7,1,498421.71,3,{}
EV-BUR-C07763,C07763,CreditInfo,795,A,2026-04-23,0,3,3525987.80,2,{}
EV-BUR-C07764,C07764,CreditInfo,704,B,2026-04-21,2,2,1198023.08,0,{}
EV-BUR-C07765,C07765,Metropol,742,A,2026-04-26,2,7,617023.78,4,{}
EV-BUR-C07766,C07766,Metropol,543,C,2026-04-25,2,2,3941419.48,1,{}
EV-BUR-C07767,C07767,Metropol,625,B,2026-04-25,0,5,3767654.18,3,{}
EV-BUR-C07768,C07768,CreditInfo,747,A,2026-04-25,1,3,3476661.34,2,{}
EV-BUR-C07769,C07769,Metropol,707,B,2026-04-21,1,4,437754.97,1,{}
EV-BUR-C07770,C07770,CreditInfo,840,A,2026-04-26,0,6,1728134.84,2,{}
EV-BUR-C07771,C07771,Metropol,602,B,2026-04-26,0,2,3512858.60,3,{}
EV-BUR-C07772,C07772,TransUnion,789,A,2026-04-25,2,6,711409.61,4,{}
EV-BUR-C07773,C07773,TransUnion,647,B,2026-04-24,0,3,3671496.88,2,{}
EV-BUR-C07774,C07774,TransUnion,684,B,2026-04-21,0,2,3880727.42,3,{}
EV-BUR-C07775,C07775,Metropol,615,B,2026-04-20,1,2,493937.00,0,{}
EV-BUR-C07776,C07776,Metropol,836,A,2026-04-26,1,3,3842436.19,3,{}
EV-BUR-C07777,C07777,TransUnion,818,A,2026-04-25,2,4,2037539.73,3,{}
EV-BUR-C07778,C07778,Metropol,801,A,2026-04-21,0,7,3869845.04,1,{}
EV-BUR-C07779,C07779,CreditInfo,562,C,2026-04-21,1,4,3557536.45,2,{}
EV-BUR-C07780,C07780,TransUnion,845,A,2026-04-24,0,2,843923.11,3,{}
EV-BUR-C07781,C07781,TransUnion,687,B,2026-04-21,1,6,3777368.39,1,{}
EV-BUR-C07782,C07782,TransUnion,819,A,2026-04-26,1,2,907859.82,0,{}
EV-BUR-C07783,C07783,Metropol,600,B,2026-04-21,0,7,1826641.88,0,{}
EV-BUR-C07784,C07784,TransUnion,622,B,2026-04-23,0,5,3938912.72,0,{}
EV-BUR-C07785,C07785,TransUnion,606,B,2026-04-24,2,2,3517276.70,2,{}
EV-BUR-C07786,C07786,TransUnion,319,E,2026-04-25,6,5,2278935.54,2,{}
EV-BUR-C07787,C07787,CreditInfo,665,B,2026-04-22,1,7,398292.64,3,{}
EV-BUR-C07788,C07788,TransUnion,685,B,2026-04-22,1,6,721308.06,3,{}
EV-BUR-C07789,C07789,TransUnion,574,C,2026-04-20,1,1,1751929.48,3,{}
EV-BUR-C07790,C07790,TransUnion,589,C,2026-04-24,1,1,1751760.50,0,{}
EV-BUR-C07791,C07791,Metropol,632,B,2026-04-20,2,5,3750908.72,0,{}
EV-BUR-C07792,C07792,TransUnion,816,A,2026-04-21,0,6,1213701.84,1,{}
EV-BUR-C07793,C07793,TransUnion,729,A,2026-04-24,1,2,1789487.58,0,{}
EV-BUR-C07794,C07794,TransUnion,658,B,2026-04-24,0,3,114995.72,4,{}
EV-BUR-C07795,C07795,CreditInfo,441,D,2026-04-23,4,4,1526462.39,2,{}
EV-BUR-C07796,C07796,TransUnion,794,A,2026-04-22,0,7,3618035.47,3,{}
EV-BUR-C07797,C07797,CreditInfo,658,B,2026-04-20,0,3,3296223.64,0,{}
EV-BUR-C07798,C07798,TransUnion,628,B,2026-04-20,2,2,705664.76,2,{}
EV-BUR-C07799,C07799,TransUnion,675,B,2026-04-23,1,1,2419918.19,4,{}
EV-BUR-C07800,C07800,CreditInfo,557,C,2026-04-24,1,6,3515205.24,3,{}
EV-BUR-C07801,C07801,CreditInfo,807,A,2026-04-25,0,5,3823112.66,1,{}
EV-BUR-C07802,C07802,Metropol,483,D,2026-04-21,9,2,1944913.34,3,{}
EV-BUR-C07803,C07803,TransUnion,788,A,2026-04-20,1,3,3682191.85,0,{}
EV-BUR-C07804,C07804,TransUnion,817,A,2026-04-20,2,3,1169376.12,2,{}
EV-BUR-C07805,C07805,Metropol,546,C,2026-04-20,2,4,1800544.77,3,{}
EV-BUR-C07806,C07806,CreditInfo,802,A,2026-04-24,1,7,1752406.86,3,{}
EV-BUR-C07807,C07807,CreditInfo,742,A,2026-04-22,0,5,3926407.57,0,{}
EV-BUR-C07808,C07808,TransUnion,812,A,2026-04-22,1,6,3977847.43,3,{}
EV-BUR-C07809,C07809,TransUnion,838,A,2026-04-23,0,1,1520358.83,4,{}
EV-BUR-C07810,C07810,Metropol,802,A,2026-04-20,2,4,982279.52,0,{}
EV-BUR-C07811,C07811,TransUnion,549,C,2026-04-26,0,6,1317449.86,4,{}
EV-BUR-C07812,C07812,Metropol,816,A,2026-04-25,0,5,1599251.45,1,{}
EV-BUR-C07813,C07813,CreditInfo,410,D,2026-04-20,4,1,1075079.25,4,{}
EV-BUR-C07814,C07814,Metropol,583,C,2026-04-22,2,7,3870781.78,0,{}
EV-BUR-C07815,C07815,TransUnion,467,D,2026-04-20,5,4,2430153.96,0,{}
EV-BUR-C07816,C07816,CreditInfo,641,B,2026-04-24,1,7,2528440.26,3,{}
EV-BUR-C07817,C07817,CreditInfo,828,A,2026-04-24,2,3,3123705.49,1,{}
EV-BUR-C07818,C07818,Metropol,832,A,2026-04-21,0,4,3284549.37,1,{}
EV-BUR-C07819,C07819,CreditInfo,789,A,2026-04-23,1,3,3670502.28,0,{}
EV-BUR-C07820,C07820,Metropol,650,B,2026-04-25,2,5,2280984.43,0,{}
EV-BUR-C07821,C07821,CreditInfo,682,B,2026-04-24,1,6,256985.63,3,{}
EV-BUR-C07822,C07822,Metropol,814,A,2026-04-26,1,2,476679.87,1,{}
EV-BUR-C07823,C07823,CreditInfo,672,B,2026-04-20,1,2,3022051.96,3,{}
EV-BUR-C07824,C07824,Metropol,797,A,2026-04-26,1,3,533915.75,0,{}
EV-BUR-C07825,C07825,CreditInfo,822,A,2026-04-22,0,6,3008859.64,1,{}
EV-BUR-C07826,C07826,Metropol,627,B,2026-04-25,0,6,1572933.97,4,{}
EV-BUR-C07827,C07827,TransUnion,749,A,2026-04-26,2,1,3414889.70,3,{}
EV-BUR-C07828,C07828,TransUnion,696,B,2026-04-21,2,6,968970.79,4,{}
EV-BUR-C07829,C07829,TransUnion,746,A,2026-04-22,2,6,2065977.25,3,{}
EV-BUR-C07830,C07830,CreditInfo,596,C,2026-04-22,2,6,2196623.73,4,{}
EV-BUR-C07831,C07831,Metropol,757,A,2026-04-25,1,2,2956929.83,1,{}
EV-BUR-C07832,C07832,CreditInfo,819,A,2026-04-22,1,4,1456986.55,4,{}
EV-BUR-C07833,C07833,TransUnion,701,B,2026-04-25,2,2,453813.55,2,{}
EV-BUR-C07834,C07834,Metropol,789,A,2026-04-25,1,3,962517.45,4,{}
EV-BUR-C07835,C07835,TransUnion,707,B,2026-04-21,1,2,324160.40,4,{}
EV-BUR-C07836,C07836,Metropol,756,A,2026-04-25,1,6,3856672.12,3,{}
EV-BUR-C07837,C07837,Metropol,679,B,2026-04-20,2,7,1185444.63,1,{}
EV-BUR-C07838,C07838,CreditInfo,639,B,2026-04-23,2,5,2390247.99,0,{}
EV-BUR-C07839,C07839,CreditInfo,766,A,2026-04-23,2,1,2531712.96,4,{}
EV-BUR-C07840,C07840,TransUnion,804,A,2026-04-26,0,2,2644027.19,1,{}
EV-BUR-C07841,C07841,TransUnion,766,A,2026-04-21,2,1,2897322.09,1,{}
EV-BUR-C07842,C07842,CreditInfo,604,B,2026-04-24,2,2,1839495.76,0,{}
EV-BUR-C07843,C07843,Metropol,572,C,2026-04-23,1,2,1650662.34,3,{}
EV-BUR-C07844,C07844,Metropol,812,A,2026-04-26,2,6,1114427.65,3,{}
EV-BUR-C07845,C07845,Metropol,608,B,2026-04-22,0,2,2902395.54,3,{}
EV-BUR-C07846,C07846,TransUnion,468,D,2026-04-20,9,5,3853569.41,2,{}
EV-BUR-C07847,C07847,Metropol,837,A,2026-04-21,0,7,3793954.73,2,{}
EV-BUR-C07848,C07848,TransUnion,838,A,2026-04-21,0,4,3585110.16,2,{}
EV-BUR-C07849,C07849,TransUnion,703,B,2026-04-21,0,1,2063324.85,1,{}
EV-BUR-C07850,C07850,CreditInfo,561,C,2026-04-25,1,5,2190332.66,4,{}
EV-BUR-C07851,C07851,Metropol,640,B,2026-04-24,2,4,3726041.16,4,{}
EV-BUR-C07852,C07852,TransUnion,632,B,2026-04-24,2,7,1728146.11,4,{}
EV-BUR-C07853,C07853,TransUnion,614,B,2026-04-26,1,2,1301752.88,0,{}
EV-BUR-C07854,C07854,CreditInfo,699,B,2026-04-23,2,4,2638268.91,3,{}
EV-BUR-C07855,C07855,TransUnion,569,C,2026-04-26,0,3,157274.71,4,{}
EV-BUR-C07856,C07856,TransUnion,600,B,2026-04-26,2,2,2623398.95,0,{}
EV-BUR-C07857,C07857,TransUnion,629,B,2026-04-22,2,1,1682805.74,0,{}
EV-BUR-C07858,C07858,Metropol,724,A,2026-04-22,0,2,1849676.90,0,{}
EV-BUR-C07859,C07859,Metropol,800,A,2026-04-24,2,3,1363109.08,2,{}
EV-BUR-C07860,C07860,CreditInfo,792,A,2026-04-22,1,4,1388405.67,0,{}
EV-BUR-C07861,C07861,Metropol,636,B,2026-04-22,1,3,543767.97,0,{}
EV-BUR-C07862,C07862,CreditInfo,333,E,2026-04-20,4,1,1907678.62,1,{}
EV-BUR-C07863,C07863,Metropol,772,A,2026-04-20,0,1,3065058.14,0,{}
EV-BUR-C07864,C07864,Metropol,542,C,2026-04-26,1,5,2772794.23,3,{}
EV-BUR-C07865,C07865,TransUnion,756,A,2026-04-24,2,2,2374562.70,2,{}
EV-BUR-C07866,C07866,CreditInfo,579,C,2026-04-24,2,6,630406.32,2,{}
EV-BUR-C07867,C07867,TransUnion,710,B,2026-04-20,0,5,3124651.25,4,{}
EV-BUR-C07868,C07868,Metropol,599,C,2026-04-25,1,5,2590539.94,2,{}
EV-BUR-C07869,C07869,Metropol,647,B,2026-04-23,0,5,1219905.37,3,{}
EV-BUR-C07870,C07870,CreditInfo,790,A,2026-04-25,0,3,1084939.48,3,{}
EV-BUR-C07871,C07871,Metropol,618,B,2026-04-26,1,3,3046703.84,0,{}
EV-BUR-C07872,C07872,Metropol,804,A,2026-04-21,0,4,739205.43,3,{}
EV-BUR-C07873,C07873,CreditInfo,389,E,2026-04-21,7,7,3457726.68,3,{}
EV-BUR-C07874,C07874,CreditInfo,707,B,2026-04-26,0,4,1170112.01,1,{}
EV-BUR-C07875,C07875,Metropol,645,B,2026-04-25,2,7,3917645.12,4,{}
EV-BUR-C07876,C07876,TransUnion,789,A,2026-04-25,0,5,3198692.78,1,{}
EV-BUR-C07877,C07877,Metropol,592,C,2026-04-26,1,7,2465792.28,0,{}
EV-BUR-C07878,C07878,CreditInfo,722,A,2026-04-21,0,2,1005815.06,1,{}
EV-BUR-C07879,C07879,Metropol,767,A,2026-04-24,1,4,3465037.34,1,{}
EV-BUR-C07880,C07880,Metropol,545,C,2026-04-21,0,2,2517339.08,0,{}
EV-BUR-C07881,C07881,Metropol,290,E,2026-04-23,8,1,2736633.38,1,{}
EV-BUR-C07882,C07882,Metropol,548,C,2026-04-24,1,3,2921028.41,3,{}
EV-BUR-C07883,C07883,TransUnion,392,E,2026-04-21,8,6,367067.24,4,{}
EV-BUR-C07884,C07884,TransUnion,720,A,2026-04-21,2,6,3727052.70,4,{}
EV-BUR-C07885,C07885,CreditInfo,547,C,2026-04-22,1,7,2886958.53,1,{}
EV-BUR-C07886,C07886,CreditInfo,607,B,2026-04-25,2,3,3992865.10,0,{}
EV-BUR-C07887,C07887,Metropol,646,B,2026-04-20,0,2,2894017.56,3,{}
EV-BUR-C07888,C07888,Metropol,727,A,2026-04-25,2,5,2671768.87,2,{}
EV-BUR-C07889,C07889,CreditInfo,807,A,2026-04-26,0,2,2361108.66,1,{}
EV-BUR-C07890,C07890,Metropol,673,B,2026-04-25,0,7,1854421.40,3,{}
EV-BUR-C07891,C07891,CreditInfo,629,B,2026-04-20,1,6,1194583.68,4,{}
EV-BUR-C07892,C07892,TransUnion,567,C,2026-04-26,2,5,446847.47,4,{}
EV-BUR-C07893,C07893,TransUnion,802,A,2026-04-25,2,3,861942.24,0,{}
EV-BUR-C07894,C07894,TransUnion,848,A,2026-04-24,1,2,356585.35,0,{}
EV-BUR-C07895,C07895,TransUnion,789,A,2026-04-23,0,2,2401357.73,3,{}
EV-BUR-C07896,C07896,CreditInfo,709,B,2026-04-22,2,6,1743717.44,3,{}
EV-BUR-C07897,C07897,Metropol,805,A,2026-04-24,0,3,1725326.47,4,{}
EV-BUR-C07898,C07898,Metropol,790,A,2026-04-26,2,7,824036.76,1,{}
EV-BUR-C07899,C07899,TransUnion,611,B,2026-04-23,1,3,698661.37,4,{}
EV-BUR-C07900,C07900,CreditInfo,559,C,2026-04-25,2,6,1036415.07,0,{}
EV-BUR-C07901,C07901,Metropol,592,C,2026-04-22,2,1,1752658.43,3,{}
EV-BUR-C07902,C07902,CreditInfo,561,C,2026-04-22,1,5,836232.92,3,{}
EV-BUR-C07903,C07903,TransUnion,776,A,2026-04-20,0,5,52135.10,0,{}
EV-BUR-C07904,C07904,Metropol,622,B,2026-04-24,2,2,202359.10,0,{}
EV-BUR-C07905,C07905,CreditInfo,453,D,2026-04-23,9,4,2222113.89,2,{}
EV-BUR-C07906,C07906,Metropol,540,C,2026-04-26,1,1,1513023.18,3,{}
EV-BUR-C07907,C07907,TransUnion,826,A,2026-04-22,2,6,2929654.76,1,{}
EV-BUR-C07908,C07908,Metropol,702,B,2026-04-21,0,5,3823751.77,1,{}
EV-BUR-C07909,C07909,TransUnion,616,B,2026-04-25,1,2,377996.55,3,{}
EV-BUR-C07910,C07910,Metropol,696,B,2026-04-26,2,4,3185603.85,1,{}
EV-BUR-C07911,C07911,Metropol,715,B,2026-04-24,1,1,1063881.72,4,{}
EV-BUR-C07912,C07912,Metropol,817,A,2026-04-25,2,2,1974247.40,3,{}
EV-BUR-C07913,C07913,TransUnion,561,C,2026-04-25,2,3,1908967.62,1,{}
EV-BUR-C07914,C07914,Metropol,556,C,2026-04-21,1,1,810201.11,0,{}
EV-BUR-C07915,C07915,Metropol,713,B,2026-04-20,1,7,2621827.31,1,{}
EV-BUR-C07916,C07916,TransUnion,546,C,2026-04-24,2,1,3475392.69,3,{}
EV-BUR-C07917,C07917,TransUnion,673,B,2026-04-20,2,4,591830.21,1,{}
EV-BUR-C07918,C07918,Metropol,619,B,2026-04-26,1,4,3435078.51,2,{}
EV-BUR-C07919,C07919,CreditInfo,476,D,2026-04-23,8,3,2131321.20,1,{}
EV-BUR-C07920,C07920,Metropol,812,A,2026-04-21,0,3,3291573.09,4,{}
EV-BUR-C07921,C07921,TransUnion,544,C,2026-04-24,0,3,65139.61,3,{}
EV-BUR-C07922,C07922,CreditInfo,572,C,2026-04-23,0,7,2231017.04,0,{}
EV-BUR-C07923,C07923,CreditInfo,758,A,2026-04-23,1,2,145469.14,3,{}
EV-BUR-C07924,C07924,Metropol,822,A,2026-04-25,0,6,1579346.93,1,{}
EV-BUR-C07925,C07925,Metropol,552,C,2026-04-25,1,4,668501.59,4,{}
EV-BUR-C07926,C07926,TransUnion,652,B,2026-04-22,0,2,827645.77,2,{}
EV-BUR-C07927,C07927,CreditInfo,834,A,2026-04-24,2,2,2456196.43,4,{}
EV-BUR-C07928,C07928,CreditInfo,556,C,2026-04-25,2,7,1221110.82,4,{}
EV-BUR-C07929,C07929,TransUnion,707,B,2026-04-26,2,6,1838700.37,0,{}
EV-BUR-C07930,C07930,Metropol,765,A,2026-04-22,0,6,3466759.15,2,{}
EV-BUR-C07931,C07931,CreditInfo,704,B,2026-04-21,1,1,3273328.59,3,{}
EV-BUR-C07932,C07932,Metropol,836,A,2026-04-26,2,5,2807790.91,4,{}
EV-BUR-C07933,C07933,TransUnion,798,A,2026-04-24,2,4,2192048.97,0,{}
EV-BUR-C07934,C07934,Metropol,755,A,2026-04-24,1,7,3952876.19,1,{}
EV-BUR-C07935,C07935,Metropol,780,A,2026-04-23,0,3,2912602.73,0,{}
EV-BUR-C07936,C07936,TransUnion,589,C,2026-04-21,0,1,2896651.60,4,{}
EV-BUR-C07937,C07937,TransUnion,682,B,2026-04-25,1,5,485059.31,2,{}
EV-BUR-C07938,C07938,CreditInfo,605,B,2026-04-25,2,4,2551556.99,0,{}
EV-BUR-C07939,C07939,TransUnion,364,E,2026-04-23,9,6,2066884.46,0,{}
EV-BUR-C07940,C07940,Metropol,728,A,2026-04-24,0,7,3066674.40,2,{}
EV-BUR-C07941,C07941,TransUnion,793,A,2026-04-24,2,7,3737417.35,4,{}
EV-BUR-C07942,C07942,TransUnion,613,B,2026-04-22,2,6,1606504.65,4,{}
EV-BUR-C07943,C07943,TransUnion,725,A,2026-04-25,2,6,510049.14,0,{}
EV-BUR-C07944,C07944,TransUnion,621,B,2026-04-21,1,1,1699417.66,4,{}
EV-BUR-C07945,C07945,TransUnion,632,B,2026-04-24,0,5,1520392.57,4,{}
EV-BUR-C07946,C07946,TransUnion,544,C,2026-04-24,1,7,1034320.73,1,{}
EV-BUR-C07947,C07947,TransUnion,677,B,2026-04-25,0,5,2508181.06,1,{}
EV-BUR-C07948,C07948,CreditInfo,625,B,2026-04-21,0,1,3761590.65,0,{}
EV-BUR-C07949,C07949,CreditInfo,832,A,2026-04-25,1,6,982026.43,1,{}
EV-BUR-C07950,C07950,CreditInfo,285,E,2026-04-20,8,5,1262041.86,4,{}
EV-BUR-C07951,C07951,TransUnion,837,A,2026-04-25,1,7,1252124.07,3,{}
EV-BUR-C07952,C07952,CreditInfo,690,B,2026-04-21,0,5,1569698.48,4,{}
EV-BUR-C07953,C07953,CreditInfo,786,A,2026-04-25,0,7,3809226.02,4,{}
EV-BUR-C07954,C07954,CreditInfo,714,B,2026-04-23,0,6,599606.08,1,{}
EV-BUR-C07955,C07955,Metropol,818,A,2026-04-23,2,3,3901708.19,4,{}
EV-BUR-C07956,C07956,Metropol,666,B,2026-04-24,2,4,1532488.70,3,{}
EV-BUR-C07957,C07957,CreditInfo,717,B,2026-04-24,2,3,1718734.86,1,{}
EV-BUR-C07958,C07958,TransUnion,825,A,2026-04-20,1,6,2048219.63,2,{}
EV-BUR-C07959,C07959,Metropol,813,A,2026-04-22,0,5,3696179.81,2,{}
EV-BUR-C07960,C07960,Metropol,658,B,2026-04-21,0,7,1931504.18,1,{}
EV-BUR-C07961,C07961,CreditInfo,704,B,2026-04-22,2,2,2725127.93,3,{}
EV-BUR-C07962,C07962,TransUnion,791,A,2026-04-24,2,1,3134225.85,3,{}
EV-BUR-C07963,C07963,Metropol,755,A,2026-04-25,0,7,970036.53,2,{}
EV-BUR-C07964,C07964,TransUnion,818,A,2026-04-22,1,6,2247133.88,1,{}
EV-BUR-C07965,C07965,TransUnion,673,B,2026-04-20,0,7,422651.77,4,{}
EV-BUR-C07966,C07966,Metropol,755,A,2026-04-22,0,1,1221903.99,1,{}
EV-BUR-C07967,C07967,Metropol,544,C,2026-04-21,1,5,1564310.89,4,{}
EV-BUR-C07968,C07968,CreditInfo,830,A,2026-04-24,2,6,2252026.85,0,{}
EV-BUR-C07969,C07969,CreditInfo,541,C,2026-04-22,0,2,3116504.69,2,{}
EV-BUR-C07970,C07970,Metropol,699,B,2026-04-24,0,3,1925453.09,2,{}
EV-BUR-C07971,C07971,Metropol,819,A,2026-04-23,0,6,2109820.07,2,{}
EV-BUR-C07972,C07972,CreditInfo,729,A,2026-04-21,1,3,1435573.20,4,{}
EV-BUR-C07973,C07973,TransUnion,788,A,2026-04-25,2,3,375797.70,1,{}
EV-BUR-C07974,C07974,Metropol,780,A,2026-04-25,1,2,2911397.89,3,{}
EV-BUR-C07975,C07975,CreditInfo,708,B,2026-04-24,0,7,1941937.44,1,{}
EV-BUR-C07976,C07976,Metropol,755,A,2026-04-20,1,2,3529476.31,4,{}
EV-BUR-C07977,C07977,TransUnion,682,B,2026-04-25,1,7,3861709.50,4,{}
EV-BUR-C07978,C07978,Metropol,790,A,2026-04-26,1,3,3815149.84,4,{}
EV-BUR-C07979,C07979,CreditInfo,751,A,2026-04-24,0,1,440231.54,3,{}
EV-BUR-C07980,C07980,TransUnion,663,B,2026-04-26,2,5,2253897.66,2,{}
EV-BUR-C07981,C07981,TransUnion,540,C,2026-04-25,2,2,2766015.04,3,{}
EV-BUR-C07982,C07982,Metropol,768,A,2026-04-25,1,5,2513508.55,2,{}
EV-BUR-C07983,C07983,CreditInfo,832,A,2026-04-24,2,4,2848017.91,0,{}
EV-BUR-C07984,C07984,CreditInfo,837,A,2026-04-22,0,7,2019819.97,2,{}
EV-BUR-C07985,C07985,CreditInfo,776,A,2026-04-22,2,3,1767030.74,1,{}
EV-BUR-C07986,C07986,Metropol,592,C,2026-04-26,2,7,2441144.41,0,{}
EV-BUR-C07987,C07987,TransUnion,698,B,2026-04-22,0,5,3576129.94,4,{}
EV-BUR-C07988,C07988,Metropol,734,A,2026-04-26,2,7,1518743.30,1,{}
EV-BUR-C07989,C07989,Metropol,747,A,2026-04-23,2,7,1445222.15,3,{}
EV-BUR-C07990,C07990,Metropol,640,B,2026-04-23,1,3,1026213.42,3,{}
EV-BUR-C07991,C07991,Metropol,688,B,2026-04-26,0,7,1521809.47,2,{}
EV-BUR-C07992,C07992,CreditInfo,644,B,2026-04-20,0,6,3726713.61,0,{}
EV-BUR-C07993,C07993,CreditInfo,679,B,2026-04-20,0,6,238042.67,3,{}
EV-BUR-C07994,C07994,CreditInfo,819,A,2026-04-21,1,1,451452.04,4,{}
EV-BUR-C07995,C07995,CreditInfo,742,A,2026-04-23,1,3,399755.06,4,{}
EV-BUR-C07996,C07996,Metropol,799,A,2026-04-21,2,5,3962306.35,2,{}
EV-BUR-C07997,C07997,TransUnion,824,A,2026-04-26,2,6,3065743.97,0,{}
EV-BUR-C07998,C07998,TransUnion,665,B,2026-04-23,1,3,2477616.15,1,{}
EV-BUR-C07999,C07999,CreditInfo,742,A,2026-04-20,1,3,2532819.28,4,{}
EV-BUR-C08000,C08000,CreditInfo,745,A,2026-04-23,2,4,3946339.48,4,{}
EV-BUR-C08001,C08001,Metropol,564,C,2026-04-25,1,3,3508158.88,3,{}
EV-BUR-C08002,C08002,CreditInfo,642,B,2026-04-20,1,2,2486783.61,4,{}
EV-BUR-C08003,C08003,CreditInfo,414,D,2026-04-22,6,4,3521879.63,2,{}
EV-BUR-C08004,C08004,Metropol,782,A,2026-04-22,1,2,2991979.06,0,{}
EV-BUR-C08005,C08005,TransUnion,764,A,2026-04-22,2,3,2244660.70,3,{}
EV-BUR-C08006,C08006,Metropol,748,A,2026-04-23,0,7,377204.84,4,{}
EV-BUR-C08007,C08007,Metropol,612,B,2026-04-24,1,1,870285.48,3,{}
EV-BUR-C08008,C08008,Metropol,327,E,2026-04-24,8,6,3032198.41,1,{}
EV-BUR-C08009,C08009,CreditInfo,711,B,2026-04-23,1,4,3997409.91,3,{}
EV-BUR-C08010,C08010,TransUnion,614,B,2026-04-24,0,6,3855943.81,2,{}
EV-BUR-C08011,C08011,Metropol,834,A,2026-04-25,0,2,2327541.87,3,{}
EV-BUR-C08012,C08012,Metropol,715,B,2026-04-23,1,7,1552618.34,4,{}
EV-BUR-C08013,C08013,CreditInfo,745,A,2026-04-25,0,7,520152.85,4,{}
EV-BUR-C08014,C08014,TransUnion,654,B,2026-04-22,2,6,1185678.00,2,{}
EV-BUR-C08015,C08015,TransUnion,805,A,2026-04-23,2,1,3615863.93,3,{}
EV-BUR-C08016,C08016,TransUnion,685,B,2026-04-23,0,2,3852739.63,3,{}
EV-BUR-C08017,C08017,CreditInfo,759,A,2026-04-20,2,2,409824.64,4,{}
EV-BUR-C08018,C08018,TransUnion,574,C,2026-04-24,2,5,2506268.39,4,{}
EV-BUR-C08019,C08019,TransUnion,835,A,2026-04-26,0,2,2180893.42,1,{}
EV-BUR-C08020,C08020,Metropol,599,C,2026-04-20,1,1,1383969.40,0,{}
EV-BUR-C08021,C08021,Metropol,795,A,2026-04-22,1,6,2420392.08,3,{}
EV-BUR-C08022,C08022,Metropol,352,E,2026-04-23,7,5,1987378.00,3,{}
EV-BUR-C08023,C08023,TransUnion,650,B,2026-04-22,2,3,3648714.74,3,{}
EV-BUR-C08024,C08024,TransUnion,545,C,2026-04-23,0,2,1181175.21,0,{}
EV-BUR-C08025,C08025,Metropol,752,A,2026-04-25,1,5,1373535.73,0,{}
EV-BUR-C08026,C08026,CreditInfo,614,B,2026-04-23,1,6,3116852.14,2,{}
EV-BUR-C08027,C08027,CreditInfo,653,B,2026-04-24,2,1,1003257.26,3,{}
EV-BUR-C08028,C08028,Metropol,846,A,2026-04-23,0,2,2359086.19,2,{}
EV-BUR-C08029,C08029,TransUnion,814,A,2026-04-24,0,2,167092.47,0,{}
EV-BUR-C08030,C08030,TransUnion,598,C,2026-04-25,1,7,2807734.09,1,{}
EV-BUR-C08031,C08031,TransUnion,648,B,2026-04-22,2,6,2408678.91,4,{}
EV-BUR-C08032,C08032,TransUnion,347,E,2026-04-24,6,3,1540861.12,0,{}
EV-BUR-C08033,C08033,CreditInfo,661,B,2026-04-26,1,6,3376371.32,0,{}
EV-BUR-C08034,C08034,TransUnion,735,A,2026-04-25,0,3,3096896.53,4,{}
EV-BUR-C08035,C08035,Metropol,845,A,2026-04-23,1,5,3118390.28,4,{}
EV-BUR-C08036,C08036,CreditInfo,840,A,2026-04-26,2,4,660551.29,1,{}
EV-BUR-C08037,C08037,TransUnion,742,A,2026-04-22,0,3,1572594.50,4,{}
EV-BUR-C08038,C08038,CreditInfo,710,B,2026-04-22,1,3,435336.24,1,{}
EV-BUR-C08039,C08039,CreditInfo,666,B,2026-04-21,1,5,3500419.11,3,{}
EV-BUR-C08040,C08040,Metropol,467,D,2026-04-26,3,3,1824949.10,3,{}
EV-BUR-C08041,C08041,Metropol,473,D,2026-04-25,9,4,1816394.32,0,{}
EV-BUR-C08042,C08042,Metropol,745,A,2026-04-20,1,4,54140.19,3,{}
EV-BUR-C08043,C08043,TransUnion,653,B,2026-04-22,2,3,2391024.42,1,{}
EV-BUR-C08044,C08044,Metropol,782,A,2026-04-24,0,2,731256.64,0,{}
EV-BUR-C08045,C08045,CreditInfo,437,D,2026-04-25,3,5,2692663.46,0,{}
EV-BUR-C08046,C08046,CreditInfo,709,B,2026-04-26,1,7,2166037.79,3,{}
EV-BUR-C08047,C08047,CreditInfo,594,C,2026-04-20,2,3,1247311.17,4,{}
EV-BUR-C08048,C08048,TransUnion,748,A,2026-04-25,0,5,1485024.68,2,{}
EV-BUR-C08049,C08049,CreditInfo,598,C,2026-04-24,0,3,1617412.44,4,{}
EV-BUR-C08050,C08050,CreditInfo,683,B,2026-04-21,2,5,1610703.29,3,{}
EV-BUR-C08051,C08051,CreditInfo,563,C,2026-04-23,2,2,2865790.11,3,{}
EV-BUR-C08052,C08052,Metropol,663,B,2026-04-23,0,6,2574657.44,0,{}
EV-BUR-C08053,C08053,TransUnion,736,A,2026-04-22,2,5,435444.11,4,{}
EV-BUR-C08054,C08054,CreditInfo,636,B,2026-04-20,0,5,3481128.45,4,{}
EV-BUR-C08055,C08055,CreditInfo,810,A,2026-04-24,1,7,2251996.54,2,{}
EV-BUR-C08056,C08056,Metropol,591,C,2026-04-23,1,2,3962639.70,4,{}
EV-BUR-C08057,C08057,Metropol,741,A,2026-04-20,2,3,3404236.18,2,{}
EV-BUR-C08058,C08058,TransUnion,831,A,2026-04-26,2,5,1617256.11,2,{}
EV-BUR-C08059,C08059,Metropol,708,B,2026-04-20,2,4,1513498.62,2,{}
EV-BUR-C08060,C08060,CreditInfo,560,C,2026-04-26,0,1,2284759.91,1,{}
EV-BUR-C08061,C08061,CreditInfo,708,B,2026-04-25,0,4,3081382.80,0,{}
EV-BUR-C08062,C08062,TransUnion,580,C,2026-04-25,2,3,2241420.46,0,{}
EV-BUR-C08063,C08063,Metropol,545,C,2026-04-21,0,4,2867462.92,4,{}
EV-BUR-C08064,C08064,Metropol,601,B,2026-04-23,2,2,3666645.20,0,{}
EV-BUR-C08065,C08065,TransUnion,573,C,2026-04-24,0,4,2702773.67,0,{}
EV-BUR-C08066,C08066,CreditInfo,822,A,2026-04-26,0,3,1490502.44,0,{}
EV-BUR-C08067,C08067,Metropol,548,C,2026-04-22,1,2,2899195.84,3,{}
EV-BUR-C08068,C08068,CreditInfo,649,B,2026-04-24,2,5,1542114.35,2,{}
EV-BUR-C08069,C08069,CreditInfo,693,B,2026-04-25,1,5,1025825.48,4,{}
EV-BUR-C08070,C08070,CreditInfo,424,D,2026-04-22,5,3,1519935.84,4,{}
EV-BUR-C08071,C08071,Metropol,789,A,2026-04-21,0,7,3815888.53,0,{}
EV-BUR-C08072,C08072,Metropol,816,A,2026-04-23,0,6,3740010.91,2,{}
EV-BUR-C08073,C08073,TransUnion,667,B,2026-04-21,1,3,833258.15,4,{}
EV-BUR-C08074,C08074,TransUnion,713,B,2026-04-21,1,5,2407914.32,0,{}
EV-BUR-C08075,C08075,Metropol,716,B,2026-04-23,2,6,1393089.73,1,{}
EV-BUR-C08076,C08076,TransUnion,848,A,2026-04-21,1,3,583315.51,0,{}
EV-BUR-C08077,C08077,Metropol,728,A,2026-04-25,0,1,3125350.27,3,{}
EV-BUR-C08078,C08078,CreditInfo,352,E,2026-04-25,3,5,2850995.29,3,{}
EV-BUR-C08079,C08079,TransUnion,634,B,2026-04-21,0,6,3096396.01,4,{}
EV-BUR-C08080,C08080,TransUnion,838,A,2026-04-25,1,2,2908177.31,3,{}
EV-BUR-C08081,C08081,TransUnion,675,B,2026-04-24,0,3,2673393.14,0,{}
EV-BUR-C08082,C08082,TransUnion,608,B,2026-04-25,1,4,3094666.91,2,{}
EV-BUR-C08083,C08083,Metropol,566,C,2026-04-24,1,7,3756055.24,1,{}
EV-BUR-C08084,C08084,CreditInfo,686,B,2026-04-24,1,4,2213583.42,3,{}
EV-BUR-C08085,C08085,CreditInfo,703,B,2026-04-25,2,6,1250451.22,3,{}
EV-BUR-C08086,C08086,CreditInfo,647,B,2026-04-23,1,5,1395412.55,3,{}
EV-BUR-C08087,C08087,CreditInfo,735,A,2026-04-21,1,3,2629391.13,1,{}
EV-BUR-C08088,C08088,TransUnion,610,B,2026-04-26,2,5,343128.01,2,{}
EV-BUR-C08089,C08089,TransUnion,719,B,2026-04-22,1,4,1805250.92,1,{}
EV-BUR-C08090,C08090,TransUnion,837,A,2026-04-23,1,7,1277504.73,2,{}
EV-BUR-C08091,C08091,CreditInfo,823,A,2026-04-25,2,7,323574.86,1,{}
EV-BUR-C08092,C08092,TransUnion,418,D,2026-04-23,5,6,2171752.55,2,{}
EV-BUR-C08093,C08093,TransUnion,681,B,2026-04-24,1,6,480969.08,1,{}
EV-BUR-C08094,C08094,CreditInfo,369,E,2026-04-25,5,4,54236.41,3,{}
EV-BUR-C08095,C08095,Metropol,615,B,2026-04-26,1,7,2516085.88,3,{}
EV-BUR-C08096,C08096,TransUnion,667,B,2026-04-20,1,6,472899.80,0,{}
EV-BUR-C08097,C08097,CreditInfo,786,A,2026-04-21,2,2,1716350.65,1,{}
EV-BUR-C08098,C08098,CreditInfo,653,B,2026-04-22,1,4,1523048.40,3,{}
EV-BUR-C08099,C08099,TransUnion,597,C,2026-04-26,1,3,2925958.46,2,{}
EV-BUR-C08100,C08100,CreditInfo,800,A,2026-04-26,1,7,881275.84,2,{}
EV-BUR-C08101,C08101,CreditInfo,600,B,2026-04-24,0,7,1154707.97,0,{}
EV-BUR-C08102,C08102,CreditInfo,828,A,2026-04-25,0,1,2301342.30,1,{}
EV-BUR-C08103,C08103,CreditInfo,762,A,2026-04-22,0,4,578432.15,4,{}
EV-BUR-C08104,C08104,Metropol,669,B,2026-04-26,2,3,3640552.91,1,{}
EV-BUR-C08105,C08105,TransUnion,782,A,2026-04-20,2,7,880168.07,1,{}
EV-BUR-C08106,C08106,CreditInfo,816,A,2026-04-26,1,3,3280309.45,4,{}
EV-BUR-C08107,C08107,Metropol,724,A,2026-04-23,2,1,2025011.45,0,{}
EV-BUR-C08108,C08108,CreditInfo,641,B,2026-04-24,0,7,3069815.65,1,{}
EV-BUR-C08109,C08109,CreditInfo,667,B,2026-04-21,2,3,1953092.37,1,{}
EV-BUR-C08110,C08110,Metropol,806,A,2026-04-23,2,1,2733126.40,1,{}
EV-BUR-C08111,C08111,Metropol,703,B,2026-04-22,2,4,2857710.11,2,{}
EV-BUR-C08112,C08112,Metropol,788,A,2026-04-24,0,4,1532564.04,3,{}
EV-BUR-C08113,C08113,TransUnion,581,C,2026-04-24,1,3,1444983.85,3,{}
EV-BUR-C08114,C08114,Metropol,745,A,2026-04-24,2,3,1396344.74,4,{}
EV-BUR-C08115,C08115,Metropol,462,D,2026-04-26,6,7,2944786.03,3,{}
EV-BUR-C08116,C08116,Metropol,773,A,2026-04-23,2,3,2390627.66,3,{}
EV-BUR-C08117,C08117,Metropol,811,A,2026-04-26,2,2,1786333.77,1,{}
EV-BUR-C08118,C08118,TransUnion,548,C,2026-04-23,1,5,3741561.73,3,{}
EV-BUR-C08119,C08119,CreditInfo,722,A,2026-04-26,0,7,3925501.52,1,{}
EV-BUR-C08120,C08120,TransUnion,641,B,2026-04-22,1,3,3675052.18,4,{}
EV-BUR-C08121,C08121,CreditInfo,644,B,2026-04-24,0,3,3614596.89,2,{}
EV-BUR-C08122,C08122,TransUnion,554,C,2026-04-26,1,3,1665436.56,3,{}
EV-BUR-C08123,C08123,TransUnion,843,A,2026-04-23,0,4,2653650.61,0,{}
EV-BUR-C08124,C08124,CreditInfo,714,B,2026-04-20,0,6,2920485.77,0,{}
EV-BUR-C08125,C08125,Metropol,565,C,2026-04-20,2,1,3091505.03,4,{}
EV-BUR-C08126,C08126,TransUnion,818,A,2026-04-22,0,1,1114551.87,2,{}
EV-BUR-C08127,C08127,Metropol,661,B,2026-04-22,2,5,292684.72,0,{}
EV-BUR-C08128,C08128,TransUnion,828,A,2026-04-23,2,4,178425.06,4,{}
EV-BUR-C08129,C08129,TransUnion,570,C,2026-04-22,2,6,3716081.41,3,{}
EV-BUR-C08130,C08130,TransUnion,648,B,2026-04-25,0,5,2290262.00,3,{}
EV-BUR-C08131,C08131,CreditInfo,612,B,2026-04-26,2,5,2176978.65,0,{}
EV-BUR-C08132,C08132,CreditInfo,754,A,2026-04-22,2,3,1876183.58,4,{}
EV-BUR-C08133,C08133,CreditInfo,611,B,2026-04-22,2,3,3918101.82,4,{}
EV-BUR-C08134,C08134,Metropol,556,C,2026-04-25,1,5,2182293.40,4,{}
EV-BUR-C08135,C08135,CreditInfo,819,A,2026-04-22,0,7,1470805.96,4,{}
EV-BUR-C08136,C08136,TransUnion,592,C,2026-04-23,0,5,751167.75,2,{}
EV-BUR-C08137,C08137,TransUnion,803,A,2026-04-25,2,2,2088099.09,3,{}
EV-BUR-C08138,C08138,TransUnion,603,B,2026-04-21,2,6,2098618.00,4,{}
EV-BUR-C08139,C08139,CreditInfo,805,A,2026-04-23,2,5,3289370.54,0,{}
EV-BUR-C08140,C08140,CreditInfo,642,B,2026-04-26,2,3,1432643.25,2,{}
EV-BUR-C08141,C08141,CreditInfo,517,C,2026-04-20,3,1,1003589.71,3,{}
EV-BUR-C08142,C08142,CreditInfo,507,C,2026-04-22,3,7,2747407.26,2,{}
EV-BUR-C08143,C08143,CreditInfo,813,A,2026-04-24,2,1,1419999.04,2,{}
EV-BUR-C08144,C08144,Metropol,716,B,2026-04-25,0,7,1984610.20,1,{}
EV-BUR-C08145,C08145,Metropol,580,C,2026-04-25,1,6,1167382.26,3,{}
EV-BUR-C08146,C08146,Metropol,606,B,2026-04-24,0,1,664026.48,2,{}
EV-BUR-C08147,C08147,CreditInfo,641,B,2026-04-26,1,3,2681410.01,1,{}
EV-BUR-C08148,C08148,Metropol,583,C,2026-04-25,0,2,1316509.99,1,{}
EV-BUR-C08149,C08149,TransUnion,609,B,2026-04-26,1,1,2846166.95,3,{}
EV-BUR-C08150,C08150,CreditInfo,649,B,2026-04-26,2,4,2597605.95,0,{}
EV-BUR-C08151,C08151,Metropol,560,C,2026-04-25,1,4,1965357.37,3,{}
EV-BUR-C08152,C08152,Metropol,837,A,2026-04-24,2,6,2395212.25,2,{}
EV-BUR-C08153,C08153,TransUnion,816,A,2026-04-22,2,3,3999029.82,2,{}
EV-BUR-C08154,C08154,CreditInfo,847,A,2026-04-24,2,2,2929959.84,4,{}
EV-BUR-C08155,C08155,Metropol,431,D,2026-04-25,3,6,2615093.20,0,{}
EV-BUR-C08156,C08156,TransUnion,357,E,2026-04-26,3,5,193609.59,0,{}
EV-BUR-C08157,C08157,TransUnion,843,A,2026-04-25,0,6,1367992.75,4,{}
EV-BUR-C08158,C08158,Metropol,567,C,2026-04-20,2,3,2959069.26,2,{}
EV-BUR-C08159,C08159,TransUnion,394,E,2026-04-21,9,6,3978886.70,2,{}
EV-BUR-C08160,C08160,TransUnion,789,A,2026-04-26,0,2,3782747.93,2,{}
EV-BUR-C08161,C08161,CreditInfo,830,A,2026-04-24,2,7,1073608.65,0,{}
EV-BUR-C08162,C08162,CreditInfo,569,C,2026-04-21,0,3,1649500.12,2,{}
EV-BUR-C08163,C08163,Metropol,593,C,2026-04-24,0,5,1899652.70,4,{}
EV-BUR-C08164,C08164,CreditInfo,658,B,2026-04-23,2,3,2840350.69,1,{}
EV-BUR-C08165,C08165,CreditInfo,698,B,2026-04-22,0,7,3689316.48,1,{}
EV-BUR-C08166,C08166,Metropol,738,A,2026-04-20,1,1,1871294.54,1,{}
EV-BUR-C08167,C08167,CreditInfo,685,B,2026-04-21,2,7,1427905.30,3,{}
EV-BUR-C08168,C08168,CreditInfo,691,B,2026-04-21,0,2,3933227.90,3,{}
EV-BUR-C08169,C08169,CreditInfo,584,C,2026-04-26,1,6,1647467.15,2,{}
EV-BUR-C08170,C08170,CreditInfo,745,A,2026-04-24,0,1,889075.59,3,{}
EV-BUR-C08171,C08171,TransUnion,796,A,2026-04-24,0,3,884807.38,3,{}
EV-BUR-C08172,C08172,TransUnion,595,C,2026-04-22,1,6,1262622.99,4,{}
EV-BUR-C08173,C08173,CreditInfo,690,B,2026-04-23,0,5,2674880.21,0,{}
EV-BUR-C08174,C08174,TransUnion,820,A,2026-04-25,1,3,351669.43,0,{}
EV-BUR-C08175,C08175,TransUnion,764,A,2026-04-23,1,4,719294.48,2,{}
EV-BUR-C08176,C08176,CreditInfo,781,A,2026-04-22,2,1,90447.44,0,{}
EV-BUR-C08177,C08177,TransUnion,715,B,2026-04-20,1,1,2536988.19,2,{}
EV-BUR-C08178,C08178,CreditInfo,668,B,2026-04-26,0,2,1488205.12,0,{}
EV-BUR-C08179,C08179,Metropol,547,C,2026-04-26,2,6,2692298.23,1,{}
EV-BUR-C08180,C08180,CreditInfo,630,B,2026-04-26,0,1,2773518.74,1,{}
EV-BUR-C08181,C08181,TransUnion,747,A,2026-04-22,2,1,3190021.87,3,{}
EV-BUR-C08182,C08182,CreditInfo,607,B,2026-04-25,2,5,1599608.46,2,{}
EV-BUR-C08183,C08183,TransUnion,819,A,2026-04-22,2,6,1296115.31,4,{}
EV-BUR-C08184,C08184,Metropol,800,A,2026-04-26,2,4,2793451.55,2,{}
EV-BUR-C08185,C08185,TransUnion,795,A,2026-04-25,0,2,79167.51,0,{}
EV-BUR-C08186,C08186,Metropol,724,A,2026-04-25,2,4,2668976.40,4,{}
EV-BUR-C08187,C08187,Metropol,546,C,2026-04-25,2,3,3655973.61,4,{}
EV-BUR-C08188,C08188,CreditInfo,753,A,2026-04-21,0,4,625469.72,1,{}
EV-BUR-C08189,C08189,CreditInfo,650,B,2026-04-23,2,4,2871364.39,4,{}
EV-BUR-C08190,C08190,Metropol,775,A,2026-04-20,1,3,3474888.56,1,{}
EV-BUR-C08191,C08191,TransUnion,642,B,2026-04-24,0,6,1174615.25,1,{}
EV-BUR-C08192,C08192,TransUnion,706,B,2026-04-26,1,6,2505237.76,1,{}
EV-BUR-C08193,C08193,Metropol,803,A,2026-04-21,1,5,3764864.47,4,{}
EV-BUR-C08194,C08194,Metropol,693,B,2026-04-24,2,6,2874395.50,0,{}
EV-BUR-C08195,C08195,TransUnion,775,A,2026-04-20,2,1,3274481.56,0,{}
EV-BUR-C08196,C08196,CreditInfo,675,B,2026-04-26,2,6,2674636.48,1,{}
EV-BUR-C08197,C08197,TransUnion,788,A,2026-04-24,2,6,1182880.26,4,{}
EV-BUR-C08198,C08198,Metropol,668,B,2026-04-26,1,2,2209569.06,0,{}
EV-BUR-C08199,C08199,CreditInfo,570,C,2026-04-20,1,5,1747824.23,0,{}
EV-BUR-C08200,C08200,TransUnion,827,A,2026-04-26,0,1,2805674.95,4,{}
EV-BUR-C08201,C08201,Metropol,553,C,2026-04-25,2,4,2826992.31,3,{}
EV-BUR-C08202,C08202,TransUnion,707,B,2026-04-26,1,3,249255.91,0,{}
EV-BUR-C08203,C08203,TransUnion,676,B,2026-04-23,2,2,1278245.38,3,{}
EV-BUR-C08204,C08204,Metropol,321,E,2026-04-23,8,1,108780.89,0,{}
EV-BUR-C08205,C08205,TransUnion,803,A,2026-04-24,1,2,828529.16,2,{}
EV-BUR-C08206,C08206,TransUnion,799,A,2026-04-20,2,3,3666348.63,3,{}
EV-BUR-C08207,C08207,Metropol,790,A,2026-04-20,0,4,2817649.70,3,{}
EV-BUR-C08208,C08208,CreditInfo,791,A,2026-04-26,0,2,2871960.23,0,{}
EV-BUR-C08209,C08209,Metropol,831,A,2026-04-23,0,6,974945.69,1,{}
EV-BUR-C08210,C08210,TransUnion,673,B,2026-04-26,0,5,112378.25,0,{}
EV-BUR-C08211,C08211,TransUnion,547,C,2026-04-26,0,7,2912260.98,2,{}
EV-BUR-C08212,C08212,TransUnion,786,A,2026-04-25,0,7,2771292.07,2,{}
EV-BUR-C08213,C08213,CreditInfo,650,B,2026-04-21,1,3,2321617.19,4,{}
EV-BUR-C08214,C08214,Metropol,555,C,2026-04-20,1,3,3688831.56,4,{}
EV-BUR-C08215,C08215,Metropol,581,C,2026-04-25,0,4,1629512.02,3,{}
EV-BUR-C08216,C08216,TransUnion,613,B,2026-04-26,1,3,89089.87,0,{}
EV-BUR-C08217,C08217,Metropol,596,C,2026-04-21,0,1,2539252.99,0,{}
EV-BUR-C08218,C08218,CreditInfo,724,A,2026-04-24,2,1,669702.55,3,{}
EV-BUR-C08219,C08219,TransUnion,664,B,2026-04-23,1,3,1179925.57,2,{}
EV-BUR-C08220,C08220,CreditInfo,519,C,2026-04-23,5,7,1753771.14,3,{}
EV-BUR-C08221,C08221,Metropol,615,B,2026-04-24,0,1,993751.10,3,{}
EV-BUR-C08222,C08222,TransUnion,801,A,2026-04-26,2,2,711988.57,0,{}
EV-BUR-C08223,C08223,TransUnion,563,C,2026-04-23,2,3,1303845.47,1,{}
EV-BUR-C08224,C08224,CreditInfo,669,B,2026-04-22,1,2,3845698.02,3,{}
EV-BUR-C08225,C08225,Metropol,606,B,2026-04-20,1,2,653150.49,0,{}
EV-BUR-C08226,C08226,CreditInfo,648,B,2026-04-23,0,2,2706455.26,2,{}
EV-BUR-C08227,C08227,Metropol,703,B,2026-04-25,1,1,2988484.64,3,{}
EV-BUR-C08228,C08228,CreditInfo,685,B,2026-04-23,1,3,442689.63,0,{}
EV-BUR-C08229,C08229,CreditInfo,749,A,2026-04-25,0,3,1492552.30,2,{}
EV-BUR-C08230,C08230,TransUnion,588,C,2026-04-22,2,5,2396034.45,4,{}
EV-BUR-C08231,C08231,Metropol,290,E,2026-04-22,8,4,2724866.72,2,{}
EV-BUR-C08232,C08232,CreditInfo,678,B,2026-04-24,2,6,76618.65,0,{}
EV-BUR-C08233,C08233,TransUnion,610,B,2026-04-24,2,5,1084037.46,1,{}
EV-BUR-C08234,C08234,CreditInfo,825,A,2026-04-26,2,1,384866.58,0,{}
EV-BUR-C08235,C08235,Metropol,540,C,2026-04-23,1,2,3324054.22,0,{}
EV-BUR-C08236,C08236,Metropol,634,B,2026-04-22,1,6,3175717.69,1,{}
EV-BUR-C08237,C08237,CreditInfo,833,A,2026-04-22,0,1,1995757.14,0,{}
EV-BUR-C08238,C08238,Metropol,802,A,2026-04-20,1,2,210336.17,3,{}
EV-BUR-C08239,C08239,CreditInfo,792,A,2026-04-23,2,4,1973984.08,2,{}
EV-BUR-C08240,C08240,CreditInfo,792,A,2026-04-24,1,1,2267604.68,4,{}
EV-BUR-C08241,C08241,CreditInfo,741,A,2026-04-25,2,5,1913492.51,4,{}
EV-BUR-C08242,C08242,CreditInfo,613,B,2026-04-20,0,4,280400.75,4,{}
EV-BUR-C08243,C08243,TransUnion,793,A,2026-04-26,0,1,719522.73,0,{}
EV-BUR-C08244,C08244,CreditInfo,688,B,2026-04-25,2,7,624927.30,4,{}
EV-BUR-C08245,C08245,CreditInfo,578,C,2026-04-26,1,3,1791192.69,0,{}
EV-BUR-C08246,C08246,TransUnion,703,B,2026-04-22,1,7,519349.74,1,{}
EV-BUR-C08247,C08247,CreditInfo,715,B,2026-04-21,2,7,3264533.83,2,{}
EV-BUR-C08248,C08248,CreditInfo,831,A,2026-04-22,1,6,3710488.61,0,{}
EV-BUR-C08249,C08249,CreditInfo,786,A,2026-04-24,2,6,1441384.51,2,{}
EV-BUR-C08250,C08250,CreditInfo,719,B,2026-04-24,2,3,1638566.57,0,{}
EV-BUR-C08251,C08251,TransUnion,669,B,2026-04-25,1,6,3070385.85,1,{}
EV-BUR-C08252,C08252,CreditInfo,775,A,2026-04-26,2,5,1034415.96,4,{}
EV-BUR-C08253,C08253,CreditInfo,704,B,2026-04-26,0,7,3607941.66,2,{}
EV-BUR-C08254,C08254,Metropol,628,B,2026-04-23,0,6,2181926.62,0,{}
EV-BUR-C08255,C08255,TransUnion,309,E,2026-04-24,7,5,1078948.04,0,{}
EV-BUR-C08256,C08256,CreditInfo,734,A,2026-04-26,2,5,3788680.25,2,{}
EV-BUR-C08257,C08257,CreditInfo,732,A,2026-04-22,2,2,3513091.85,1,{}
EV-BUR-C08258,C08258,TransUnion,642,B,2026-04-24,1,3,582907.64,2,{}
EV-BUR-C08259,C08259,TransUnion,550,C,2026-04-22,2,7,1683894.60,2,{}
EV-BUR-C08260,C08260,Metropol,792,A,2026-04-25,2,2,3217906.89,2,{}
EV-BUR-C08261,C08261,TransUnion,387,E,2026-04-20,6,1,2510493.98,0,{}
EV-BUR-C08262,C08262,Metropol,820,A,2026-04-23,2,2,1762436.26,4,{}
EV-BUR-C08263,C08263,Metropol,778,A,2026-04-22,0,1,3294277.25,1,{}
EV-BUR-C08264,C08264,Metropol,609,B,2026-04-24,1,5,2978662.62,2,{}
EV-BUR-C08265,C08265,CreditInfo,684,B,2026-04-24,1,6,488772.41,3,{}
EV-BUR-C08266,C08266,CreditInfo,606,B,2026-04-26,0,7,3042412.64,0,{}
EV-BUR-C08267,C08267,CreditInfo,583,C,2026-04-26,1,1,613608.00,0,{}
EV-BUR-C08268,C08268,TransUnion,353,E,2026-04-22,4,4,3772842.36,0,{}
EV-BUR-C08269,C08269,Metropol,833,A,2026-04-24,2,5,3643973.56,2,{}
EV-BUR-C08270,C08270,Metropol,567,C,2026-04-24,1,5,3587476.31,4,{}
EV-BUR-C08271,C08271,TransUnion,623,B,2026-04-25,0,6,502414.58,0,{}
EV-BUR-C08272,C08272,CreditInfo,416,D,2026-04-22,6,5,3138760.46,2,{}
EV-BUR-C08273,C08273,CreditInfo,670,B,2026-04-20,2,7,167467.28,1,{}
EV-BUR-C08274,C08274,CreditInfo,818,A,2026-04-20,2,4,2466010.45,4,{}
EV-BUR-C08275,C08275,TransUnion,563,C,2026-04-21,1,6,1811580.86,0,{}
EV-BUR-C08276,C08276,TransUnion,615,B,2026-04-20,1,3,1999001.94,2,{}
EV-BUR-C08277,C08277,TransUnion,725,A,2026-04-23,0,6,219319.36,3,{}
EV-BUR-C08278,C08278,TransUnion,827,A,2026-04-25,1,1,3664281.71,0,{}
EV-BUR-C08279,C08279,TransUnion,411,D,2026-04-23,7,3,2713357.48,3,{}
EV-BUR-C08280,C08280,CreditInfo,706,B,2026-04-25,2,5,63546.72,3,{}
EV-BUR-C08281,C08281,CreditInfo,675,B,2026-04-26,2,7,943157.95,2,{}
EV-BUR-C08282,C08282,Metropol,622,B,2026-04-20,0,2,3235315.10,0,{}
EV-BUR-C08283,C08283,CreditInfo,688,B,2026-04-20,2,7,1796860.42,0,{}
EV-BUR-C08284,C08284,CreditInfo,737,A,2026-04-25,1,3,2661586.15,3,{}
EV-BUR-C08285,C08285,TransUnion,754,A,2026-04-21,2,5,2292690.21,4,{}
EV-BUR-C08286,C08286,TransUnion,545,C,2026-04-24,0,6,2452751.06,2,{}
EV-BUR-C08287,C08287,Metropol,426,D,2026-04-24,6,1,748520.06,2,{}
EV-BUR-C08288,C08288,CreditInfo,663,B,2026-04-21,0,1,3653691.68,2,{}
EV-BUR-C08289,C08289,CreditInfo,801,A,2026-04-22,0,5,1351611.55,3,{}
EV-BUR-C08290,C08290,TransUnion,575,C,2026-04-20,2,4,637821.26,4,{}
EV-BUR-C08291,C08291,TransUnion,741,A,2026-04-22,0,5,1061147.19,3,{}
EV-BUR-C08292,C08292,TransUnion,772,A,2026-04-21,1,7,169709.84,0,{}
EV-BUR-C08293,C08293,Metropol,720,A,2026-04-26,2,5,3732150.43,2,{}
EV-BUR-C08294,C08294,TransUnion,847,A,2026-04-23,1,6,650819.97,1,{}
EV-BUR-C08295,C08295,CreditInfo,787,A,2026-04-24,2,1,1282733.08,1,{}
EV-BUR-C08296,C08296,CreditInfo,743,A,2026-04-22,2,1,2460274.48,4,{}
EV-BUR-C08297,C08297,TransUnion,663,B,2026-04-20,2,2,1391357.44,4,{}
EV-BUR-C08298,C08298,CreditInfo,806,A,2026-04-21,0,2,3555410.53,0,{}
EV-BUR-C08299,C08299,Metropol,553,C,2026-04-23,2,7,1303410.75,3,{}
EV-BUR-C08300,C08300,CreditInfo,824,A,2026-04-25,2,2,927566.16,1,{}
EV-BUR-C08301,C08301,Metropol,561,C,2026-04-26,1,3,1624508.38,3,{}
EV-BUR-C08302,C08302,CreditInfo,753,A,2026-04-25,0,5,830590.31,2,{}
EV-BUR-C08303,C08303,Metropol,653,B,2026-04-20,2,7,2884513.42,0,{}
EV-BUR-C08304,C08304,CreditInfo,602,B,2026-04-20,2,5,70228.26,1,{}
EV-BUR-C08305,C08305,CreditInfo,548,C,2026-04-23,1,3,780090.94,2,{}
EV-BUR-C08306,C08306,TransUnion,810,A,2026-04-26,2,4,3150080.47,3,{}
EV-BUR-C08307,C08307,Metropol,778,A,2026-04-23,2,1,1971225.13,3,{}
EV-BUR-C08308,C08308,CreditInfo,675,B,2026-04-25,1,1,1173206.57,3,{}
EV-BUR-C08309,C08309,CreditInfo,696,B,2026-04-21,2,7,3298671.03,4,{}
EV-BUR-C08310,C08310,CreditInfo,588,C,2026-04-25,0,5,565047.16,2,{}
EV-BUR-C08311,C08311,TransUnion,722,A,2026-04-25,1,4,1889498.08,2,{}
EV-BUR-C08312,C08312,CreditInfo,836,A,2026-04-21,0,5,3541539.31,1,{}
EV-BUR-C08313,C08313,Metropol,646,B,2026-04-24,0,1,462399.74,0,{}
EV-BUR-C08314,C08314,TransUnion,549,C,2026-04-23,2,2,975400.07,4,{}
EV-BUR-C08315,C08315,Metropol,555,C,2026-04-20,2,7,2705744.10,1,{}
EV-BUR-C08316,C08316,TransUnion,819,A,2026-04-22,0,5,3946596.35,4,{}
EV-BUR-C08317,C08317,TransUnion,567,C,2026-04-23,2,7,1349697.53,2,{}
EV-BUR-C08318,C08318,Metropol,556,C,2026-04-21,2,1,2875947.12,4,{}
EV-BUR-C08319,C08319,Metropol,780,A,2026-04-25,0,6,664918.19,1,{}
EV-BUR-C08320,C08320,Metropol,777,A,2026-04-24,2,5,3719514.28,2,{}
EV-BUR-C08321,C08321,TransUnion,597,C,2026-04-23,1,3,1998572.54,0,{}
EV-BUR-C08322,C08322,TransUnion,797,A,2026-04-26,0,4,3273294.52,4,{}
EV-BUR-C08323,C08323,Metropol,593,C,2026-04-26,2,5,2738275.09,2,{}
EV-BUR-C08324,C08324,Metropol,555,C,2026-04-25,0,7,1916690.56,4,{}
EV-BUR-C08325,C08325,CreditInfo,668,B,2026-04-21,0,4,3428929.57,2,{}
EV-BUR-C08326,C08326,TransUnion,680,B,2026-04-23,0,4,1036898.47,3,{}
EV-BUR-C08327,C08327,CreditInfo,781,A,2026-04-21,2,7,1654873.01,2,{}
EV-BUR-C08328,C08328,TransUnion,576,C,2026-04-21,2,4,499937.38,3,{}
EV-BUR-C08329,C08329,Metropol,559,C,2026-04-23,0,7,529793.12,4,{}
EV-BUR-C08330,C08330,TransUnion,612,B,2026-04-20,1,3,2376573.57,4,{}
EV-BUR-C08331,C08331,TransUnion,626,B,2026-04-22,2,5,358280.32,1,{}
EV-BUR-C08332,C08332,Metropol,724,A,2026-04-26,2,1,2442717.84,2,{}
EV-BUR-C08333,C08333,CreditInfo,716,B,2026-04-22,1,1,376316.50,0,{}
EV-BUR-C08334,C08334,Metropol,666,B,2026-04-22,0,7,3200060.41,1,{}
EV-BUR-C08335,C08335,Metropol,630,B,2026-04-26,2,4,3320815.28,3,{}
EV-BUR-C08336,C08336,CreditInfo,702,B,2026-04-20,0,7,2702673.24,2,{}
EV-BUR-C08337,C08337,TransUnion,837,A,2026-04-20,0,3,884994.58,3,{}
EV-BUR-C08338,C08338,CreditInfo,690,B,2026-04-23,2,7,2539876.32,1,{}
EV-BUR-C08339,C08339,Metropol,792,A,2026-04-20,1,2,1827959.67,1,{}
EV-BUR-C08340,C08340,TransUnion,410,D,2026-04-23,4,4,3076019.14,3,{}
EV-BUR-C08341,C08341,Metropol,377,E,2026-04-21,5,2,700445.52,4,{}
EV-BUR-C08342,C08342,CreditInfo,562,C,2026-04-22,0,6,2420375.93,3,{}
EV-BUR-C08343,C08343,CreditInfo,817,A,2026-04-23,1,7,1502288.50,4,{}
EV-BUR-C08344,C08344,TransUnion,393,E,2026-04-21,4,3,3871755.76,1,{}
EV-BUR-C08345,C08345,Metropol,615,B,2026-04-20,2,2,1258261.39,3,{}
EV-BUR-C08346,C08346,Metropol,772,A,2026-04-20,1,2,1783785.48,3,{}
EV-BUR-C08347,C08347,Metropol,368,E,2026-04-20,7,7,3199602.11,4,{}
EV-BUR-C08348,C08348,TransUnion,821,A,2026-04-21,0,7,3278375.92,3,{}
EV-BUR-C08349,C08349,TransUnion,589,C,2026-04-25,0,6,2143085.46,3,{}
EV-BUR-C08350,C08350,CreditInfo,299,E,2026-04-21,6,2,3107703.27,1,{}
EV-BUR-C08351,C08351,CreditInfo,761,A,2026-04-24,0,3,3924745.91,0,{}
EV-BUR-C08352,C08352,CreditInfo,579,C,2026-04-25,2,2,3293442.07,3,{}
EV-BUR-C08353,C08353,Metropol,556,C,2026-04-23,1,5,2144018.89,2,{}
EV-BUR-C08354,C08354,TransUnion,616,B,2026-04-20,0,6,333883.04,4,{}
EV-BUR-C08355,C08355,TransUnion,387,E,2026-04-22,7,6,1389783.84,3,{}
EV-BUR-C08356,C08356,TransUnion,842,A,2026-04-24,0,2,1880384.60,3,{}
EV-BUR-C08357,C08357,Metropol,626,B,2026-04-23,2,6,3477735.52,2,{}
EV-BUR-C08358,C08358,CreditInfo,550,C,2026-04-24,0,1,3169355.03,1,{}
EV-BUR-C08359,C08359,Metropol,645,B,2026-04-26,1,7,3793309.71,4,{}
EV-BUR-C08360,C08360,CreditInfo,707,B,2026-04-26,0,3,1931114.29,2,{}
EV-BUR-C08361,C08361,CreditInfo,772,A,2026-04-22,2,5,3561920.97,4,{}
EV-BUR-C08362,C08362,TransUnion,777,A,2026-04-26,1,6,2949016.11,1,{}
EV-BUR-C08363,C08363,Metropol,748,A,2026-04-24,0,5,1315352.09,4,{}
EV-BUR-C08364,C08364,CreditInfo,725,A,2026-04-24,0,2,647032.34,3,{}
EV-BUR-C08365,C08365,CreditInfo,827,A,2026-04-26,1,4,3660447.10,4,{}
EV-BUR-C08366,C08366,Metropol,824,A,2026-04-24,0,3,592498.77,1,{}
EV-BUR-C08367,C08367,TransUnion,689,B,2026-04-26,1,7,1747581.52,1,{}
EV-BUR-C08368,C08368,TransUnion,803,A,2026-04-21,1,5,3661565.17,4,{}
EV-BUR-C08369,C08369,Metropol,603,B,2026-04-23,2,7,2615487.13,2,{}
EV-BUR-C08370,C08370,TransUnion,579,C,2026-04-26,1,1,933101.54,2,{}
EV-BUR-C08371,C08371,TransUnion,834,A,2026-04-20,0,6,966161.03,0,{}
EV-BUR-C08372,C08372,CreditInfo,704,B,2026-04-21,2,6,3894414.96,1,{}
EV-BUR-C08373,C08373,TransUnion,754,A,2026-04-20,0,4,1948386.88,0,{}
EV-BUR-C08374,C08374,Metropol,814,A,2026-04-25,1,3,1223166.20,1,{}
EV-BUR-C08375,C08375,Metropol,734,A,2026-04-21,2,5,750548.92,0,{}
EV-BUR-C08376,C08376,TransUnion,569,C,2026-04-22,0,5,3133880.81,4,{}
EV-BUR-C08377,C08377,CreditInfo,721,A,2026-04-26,2,4,2273383.96,1,{}
EV-BUR-C08378,C08378,Metropol,742,A,2026-04-24,1,4,107261.48,0,{}
EV-BUR-C08379,C08379,CreditInfo,816,A,2026-04-21,1,5,3493736.88,2,{}
EV-BUR-C08380,C08380,TransUnion,545,C,2026-04-22,1,5,1664406.15,2,{}
EV-BUR-C08381,C08381,TransUnion,687,B,2026-04-21,2,1,3109542.54,1,{}
EV-BUR-C08382,C08382,CreditInfo,741,A,2026-04-23,1,4,1759773.49,1,{}
EV-BUR-C08383,C08383,Metropol,819,A,2026-04-25,1,2,861978.86,4,{}
EV-BUR-C08384,C08384,Metropol,591,C,2026-04-24,2,3,336651.24,2,{}
EV-BUR-C08385,C08385,Metropol,643,B,2026-04-22,2,1,3257071.23,1,{}
EV-BUR-C08386,C08386,TransUnion,775,A,2026-04-23,0,6,1757987.89,4,{}
EV-BUR-C08387,C08387,TransUnion,778,A,2026-04-24,2,2,1421055.95,1,{}
EV-BUR-C08388,C08388,TransUnion,618,B,2026-04-21,1,7,2607861.96,4,{}
EV-BUR-C08389,C08389,TransUnion,639,B,2026-04-24,0,6,134354.83,3,{}
EV-BUR-C08390,C08390,TransUnion,567,C,2026-04-26,2,4,810655.97,1,{}
EV-BUR-C08391,C08391,TransUnion,792,A,2026-04-20,2,2,2638711.95,3,{}
EV-BUR-C08392,C08392,CreditInfo,755,A,2026-04-23,1,5,610471.36,0,{}
EV-BUR-C08393,C08393,CreditInfo,662,B,2026-04-21,0,7,2506380.58,4,{}
EV-BUR-C08394,C08394,Metropol,649,B,2026-04-23,1,6,249436.57,1,{}
EV-BUR-C08395,C08395,CreditInfo,771,A,2026-04-20,1,5,3153554.81,3,{}
EV-BUR-C08396,C08396,CreditInfo,549,C,2026-04-26,0,1,1439871.23,0,{}
EV-BUR-C08397,C08397,CreditInfo,774,A,2026-04-26,0,4,1995430.57,0,{}
EV-BUR-C08398,C08398,Metropol,562,C,2026-04-23,2,3,2702767.84,4,{}
EV-BUR-C08399,C08399,TransUnion,805,A,2026-04-25,0,3,202284.82,2,{}
EV-BUR-C08400,C08400,TransUnion,634,B,2026-04-24,0,2,1352414.20,3,{}
EV-BUR-C08401,C08401,TransUnion,714,B,2026-04-26,1,6,2225430.91,3,{}
EV-BUR-C08402,C08402,Metropol,668,B,2026-04-23,0,1,569893.11,1,{}
EV-BUR-C08403,C08403,TransUnion,597,C,2026-04-25,2,4,2973104.36,3,{}
EV-BUR-C08404,C08404,Metropol,749,A,2026-04-24,0,2,3259440.89,3,{}
EV-BUR-C08405,C08405,CreditInfo,691,B,2026-04-21,0,2,2474618.26,1,{}
EV-BUR-C08406,C08406,TransUnion,635,B,2026-04-25,1,2,278517.08,2,{}
EV-BUR-C08407,C08407,CreditInfo,745,A,2026-04-26,1,2,1459162.16,1,{}
EV-BUR-C08408,C08408,CreditInfo,803,A,2026-04-21,0,3,2755452.07,0,{}
EV-BUR-C08409,C08409,TransUnion,587,C,2026-04-25,1,1,2195719.65,4,{}
EV-BUR-C08410,C08410,Metropol,606,B,2026-04-22,2,3,2412483.85,0,{}
EV-BUR-C08411,C08411,CreditInfo,578,C,2026-04-23,1,2,1341179.58,2,{}
EV-BUR-C08412,C08412,TransUnion,773,A,2026-04-20,0,1,2664374.12,0,{}
EV-BUR-C08413,C08413,TransUnion,662,B,2026-04-26,1,3,225113.56,2,{}
EV-BUR-C08414,C08414,Metropol,596,C,2026-04-22,2,7,3813366.44,4,{}
EV-BUR-C08415,C08415,Metropol,821,A,2026-04-25,1,7,2455782.38,3,{}
EV-BUR-C08416,C08416,CreditInfo,685,B,2026-04-24,2,5,2150153.54,2,{}
EV-BUR-C08417,C08417,CreditInfo,835,A,2026-04-22,0,3,2174146.21,3,{}
EV-BUR-C08418,C08418,Metropol,742,A,2026-04-25,1,2,787864.13,2,{}
EV-BUR-C08419,C08419,Metropol,559,C,2026-04-22,1,4,3490956.09,4,{}
EV-BUR-C08420,C08420,Metropol,821,A,2026-04-25,2,2,832450.69,3,{}
EV-BUR-C08421,C08421,TransUnion,763,A,2026-04-21,1,6,3043152.55,0,{}
EV-BUR-C08422,C08422,Metropol,559,C,2026-04-22,0,7,2352243.22,3,{}
EV-BUR-C08423,C08423,TransUnion,776,A,2026-04-21,2,2,462070.51,3,{}
EV-BUR-C08424,C08424,CreditInfo,708,B,2026-04-24,0,6,2820899.40,0,{}
EV-BUR-C08425,C08425,Metropol,633,B,2026-04-22,2,6,1029178.60,0,{}
EV-BUR-C08426,C08426,CreditInfo,669,B,2026-04-21,1,6,3613614.05,1,{}
EV-BUR-C08427,C08427,Metropol,747,A,2026-04-23,2,2,2207046.51,1,{}
EV-BUR-C08428,C08428,Metropol,839,A,2026-04-21,0,3,2871872.43,1,{}
EV-BUR-C08429,C08429,CreditInfo,841,A,2026-04-20,2,6,3649974.15,2,{}
EV-BUR-C08430,C08430,CreditInfo,585,C,2026-04-26,2,4,213820.42,1,{}
EV-BUR-C08431,C08431,Metropol,772,A,2026-04-22,1,2,1535792.08,1,{}
EV-BUR-C08432,C08432,TransUnion,772,A,2026-04-21,0,5,478953.04,4,{}
EV-BUR-C08433,C08433,Metropol,358,E,2026-04-21,9,3,2247145.52,2,{}
EV-BUR-C08434,C08434,CreditInfo,316,E,2026-04-25,9,5,1575754.46,1,{}
EV-BUR-C08435,C08435,TransUnion,648,B,2026-04-25,2,6,2719840.61,3,{}
EV-BUR-C08436,C08436,CreditInfo,758,A,2026-04-22,2,4,459240.39,1,{}
EV-BUR-C08437,C08437,CreditInfo,637,B,2026-04-26,1,4,1457452.46,0,{}
EV-BUR-C08438,C08438,CreditInfo,437,D,2026-04-22,6,2,1138857.88,4,{}
EV-BUR-C08439,C08439,TransUnion,771,A,2026-04-21,2,2,1814305.08,1,{}
EV-BUR-C08440,C08440,TransUnion,795,A,2026-04-20,2,3,353991.25,3,{}
EV-BUR-C08441,C08441,Metropol,781,A,2026-04-21,0,5,1775047.26,0,{}
EV-BUR-C08442,C08442,TransUnion,780,A,2026-04-24,1,6,1376686.43,3,{}
EV-BUR-C08443,C08443,CreditInfo,554,C,2026-04-24,1,5,2505293.58,1,{}
EV-BUR-C08444,C08444,TransUnion,786,A,2026-04-22,0,2,2997367.30,1,{}
EV-BUR-C08445,C08445,Metropol,667,B,2026-04-23,2,7,963016.71,3,{}
EV-BUR-C08446,C08446,Metropol,717,B,2026-04-21,1,7,3357490.57,1,{}
EV-BUR-C08447,C08447,Metropol,733,A,2026-04-20,1,6,3293866.57,1,{}
EV-BUR-C08448,C08448,TransUnion,633,B,2026-04-25,2,5,1479879.07,3,{}
EV-BUR-C08449,C08449,Metropol,826,A,2026-04-20,0,2,1082538.85,4,{}
EV-BUR-C08450,C08450,TransUnion,711,B,2026-04-21,1,4,3077134.54,0,{}
EV-BUR-C08451,C08451,TransUnion,641,B,2026-04-24,0,7,3106215.84,4,{}
EV-BUR-C08452,C08452,TransUnion,650,B,2026-04-26,0,2,3971658.93,1,{}
EV-BUR-C08453,C08453,CreditInfo,786,A,2026-04-24,1,2,2014551.70,4,{}
EV-BUR-C08454,C08454,CreditInfo,621,B,2026-04-25,0,4,1067464.02,4,{}
EV-BUR-C08455,C08455,CreditInfo,779,A,2026-04-22,0,6,3892288.48,3,{}
EV-BUR-C08456,C08456,CreditInfo,730,A,2026-04-24,2,7,3624805.23,3,{}
EV-BUR-C08457,C08457,TransUnion,669,B,2026-04-22,1,7,3278215.09,3,{}
EV-BUR-C08458,C08458,TransUnion,787,A,2026-04-24,2,2,2686760.86,2,{}
EV-BUR-C08459,C08459,CreditInfo,756,A,2026-04-21,0,4,3841479.53,3,{}
EV-BUR-C08460,C08460,Metropol,546,C,2026-04-22,2,3,3939862.34,4,{}
EV-BUR-C08461,C08461,Metropol,554,C,2026-04-22,2,6,225002.91,4,{}
EV-BUR-C08462,C08462,TransUnion,790,A,2026-04-26,1,5,2962242.91,4,{}
EV-BUR-C08463,C08463,Metropol,604,B,2026-04-21,0,5,3594272.99,3,{}
EV-BUR-C08464,C08464,TransUnion,711,B,2026-04-21,2,1,702549.87,2,{}
EV-BUR-C08465,C08465,TransUnion,757,A,2026-04-21,1,3,3432979.84,4,{}
EV-BUR-C08466,C08466,CreditInfo,611,B,2026-04-25,0,5,2987061.25,4,{}
EV-BUR-C08467,C08467,TransUnion,665,B,2026-04-24,2,7,1243927.93,3,{}
EV-BUR-C08468,C08468,CreditInfo,730,A,2026-04-26,0,7,3934499.62,3,{}
EV-BUR-C08469,C08469,TransUnion,635,B,2026-04-21,0,1,210808.47,1,{}
EV-BUR-C08470,C08470,TransUnion,590,C,2026-04-25,1,5,3866621.63,3,{}
EV-BUR-C08471,C08471,TransUnion,694,B,2026-04-23,0,1,1837116.21,4,{}
EV-BUR-C08472,C08472,Metropol,700,B,2026-04-20,1,7,579557.13,4,{}
EV-BUR-C08473,C08473,TransUnion,831,A,2026-04-21,1,2,3456294.01,4,{}
EV-BUR-C08474,C08474,TransUnion,638,B,2026-04-24,1,4,201835.43,0,{}
EV-BUR-C08475,C08475,TransUnion,598,C,2026-04-20,1,1,1602030.04,0,{}
EV-BUR-C08476,C08476,CreditInfo,557,C,2026-04-20,2,7,3852023.26,3,{}
EV-BUR-C08477,C08477,Metropol,683,B,2026-04-22,1,2,3645555.72,3,{}
EV-BUR-C08478,C08478,CreditInfo,614,B,2026-04-20,1,5,988252.78,2,{}
EV-BUR-C08479,C08479,Metropol,543,C,2026-04-25,2,7,221688.47,3,{}
EV-BUR-C08480,C08480,TransUnion,602,B,2026-04-23,2,5,337889.37,2,{}
EV-BUR-C08481,C08481,Metropol,629,B,2026-04-25,0,1,3474187.02,1,{}
EV-BUR-C08482,C08482,TransUnion,674,B,2026-04-24,1,6,2249692.38,4,{}
EV-BUR-C08483,C08483,CreditInfo,440,D,2026-04-23,6,1,3054574.35,3,{}
EV-BUR-C08484,C08484,TransUnion,711,B,2026-04-22,0,4,134111.46,4,{}
EV-BUR-C08485,C08485,CreditInfo,643,B,2026-04-21,2,1,683641.42,2,{}
EV-BUR-C08486,C08486,TransUnion,750,A,2026-04-24,0,5,574752.91,4,{}
EV-BUR-C08487,C08487,Metropol,503,C,2026-04-21,6,4,1079897.96,3,{}
EV-BUR-C08488,C08488,TransUnion,714,B,2026-04-25,0,7,736233.29,1,{}
EV-BUR-C08489,C08489,TransUnion,840,A,2026-04-26,1,4,1324569.84,0,{}
EV-BUR-C08490,C08490,CreditInfo,657,B,2026-04-21,0,3,3467216.00,1,{}
EV-BUR-C08491,C08491,CreditInfo,749,A,2026-04-23,0,5,2101623.52,4,{}
EV-BUR-C08492,C08492,Metropol,547,C,2026-04-22,1,4,2008089.13,4,{}
EV-BUR-C08493,C08493,CreditInfo,628,B,2026-04-25,0,6,1754184.62,1,{}
EV-BUR-C08494,C08494,Metropol,509,C,2026-04-20,6,6,1129264.91,1,{}
EV-BUR-C08495,C08495,Metropol,799,A,2026-04-25,2,1,114894.76,2,{}
EV-BUR-C08496,C08496,TransUnion,745,A,2026-04-21,0,1,1406506.09,1,{}
EV-BUR-C08497,C08497,Metropol,666,B,2026-04-26,0,6,2145722.28,2,{}
EV-BUR-C08498,C08498,Metropol,625,B,2026-04-26,2,7,2449812.34,0,{}
EV-BUR-C08499,C08499,Metropol,626,B,2026-04-26,0,3,3055967.17,1,{}
EV-BUR-C08500,C08500,TransUnion,666,B,2026-04-25,0,6,3061559.05,4,{}
EV-BUR-C08501,C08501,CreditInfo,787,A,2026-04-25,2,3,3345502.99,3,{}
EV-BUR-C08502,C08502,Metropol,764,A,2026-04-24,2,6,2117323.10,4,{}
EV-BUR-C08503,C08503,CreditInfo,548,C,2026-04-22,2,4,3444114.92,1,{}
EV-BUR-C08504,C08504,TransUnion,580,C,2026-04-21,1,2,3675536.03,4,{}
EV-BUR-C08505,C08505,Metropol,744,A,2026-04-23,0,7,1711909.43,4,{}
EV-BUR-C08506,C08506,TransUnion,669,B,2026-04-21,1,1,1038194.17,4,{}
EV-BUR-C08507,C08507,TransUnion,672,B,2026-04-22,2,4,3122146.13,1,{}
EV-BUR-C08508,C08508,Metropol,650,B,2026-04-23,0,4,1232683.64,1,{}
EV-BUR-C08509,C08509,CreditInfo,478,D,2026-04-22,4,2,2315094.36,2,{}
EV-BUR-C08510,C08510,Metropol,771,A,2026-04-21,0,3,3097547.79,3,{}
EV-BUR-C08511,C08511,CreditInfo,721,A,2026-04-24,0,4,2626927.28,1,{}
EV-BUR-C08512,C08512,TransUnion,663,B,2026-04-21,0,6,1769182.99,3,{}
EV-BUR-C08513,C08513,CreditInfo,617,B,2026-04-22,2,1,3509476.20,4,{}
EV-BUR-C08514,C08514,CreditInfo,838,A,2026-04-25,0,6,1246013.63,4,{}
EV-BUR-C08515,C08515,Metropol,560,C,2026-04-20,0,3,3072074.23,1,{}
EV-BUR-C08516,C08516,Metropol,714,B,2026-04-24,1,3,2897537.98,4,{}
EV-BUR-C08517,C08517,CreditInfo,567,C,2026-04-21,0,4,1481277.83,1,{}
EV-BUR-C08518,C08518,Metropol,354,E,2026-04-25,6,7,760538.37,1,{}
EV-BUR-C08519,C08519,TransUnion,766,A,2026-04-26,0,4,2486706.15,2,{}
EV-BUR-C08520,C08520,CreditInfo,834,A,2026-04-21,0,4,389508.16,0,{}
EV-BUR-C08521,C08521,TransUnion,660,B,2026-04-23,2,1,848901.73,4,{}
EV-BUR-C08522,C08522,Metropol,301,E,2026-04-25,6,6,2627243.53,0,{}
EV-BUR-C08523,C08523,CreditInfo,636,B,2026-04-20,1,1,1365822.02,2,{}
EV-BUR-C08524,C08524,Metropol,843,A,2026-04-26,1,7,1265066.41,2,{}
EV-BUR-C08525,C08525,CreditInfo,614,B,2026-04-20,1,6,1450563.39,1,{}
EV-BUR-C08526,C08526,Metropol,656,B,2026-04-21,1,3,2562914.99,0,{}
EV-BUR-C08527,C08527,TransUnion,825,A,2026-04-22,1,5,823311.62,0,{}
EV-BUR-C08528,C08528,CreditInfo,670,B,2026-04-24,2,1,163206.42,1,{}
EV-BUR-C08529,C08529,TransUnion,579,C,2026-04-23,0,3,3585557.05,1,{}
EV-BUR-C08530,C08530,CreditInfo,633,B,2026-04-24,1,3,3309320.24,3,{}
EV-BUR-C08531,C08531,CreditInfo,831,A,2026-04-22,2,7,3874520.48,0,{}
EV-BUR-C08532,C08532,TransUnion,590,C,2026-04-25,1,3,1663069.86,0,{}
EV-BUR-C08533,C08533,CreditInfo,564,C,2026-04-21,1,7,277131.53,4,{}
EV-BUR-C08534,C08534,TransUnion,586,C,2026-04-21,0,1,3046853.07,3,{}
EV-BUR-C08535,C08535,TransUnion,757,A,2026-04-21,0,1,937493.13,4,{}
EV-BUR-C08536,C08536,CreditInfo,573,C,2026-04-24,1,2,2691885.53,4,{}
EV-BUR-C08537,C08537,TransUnion,663,B,2026-04-23,1,3,1626431.30,4,{}
EV-BUR-C08538,C08538,CreditInfo,595,C,2026-04-20,2,4,2936001.20,0,{}
EV-BUR-C08539,C08539,TransUnion,683,B,2026-04-25,2,5,650276.23,2,{}
EV-BUR-C08540,C08540,CreditInfo,718,B,2026-04-25,0,4,3089422.92,3,{}
EV-BUR-C08541,C08541,Metropol,579,C,2026-04-26,0,6,3062426.81,0,{}
EV-BUR-C08542,C08542,CreditInfo,594,C,2026-04-24,2,2,493512.72,4,{}
EV-BUR-C08543,C08543,TransUnion,548,C,2026-04-20,2,1,1824913.12,1,{}
EV-BUR-C08544,C08544,CreditInfo,832,A,2026-04-25,1,4,1217847.00,4,{}
EV-BUR-C08545,C08545,CreditInfo,785,A,2026-04-26,1,1,1047662.49,4,{}
EV-BUR-C08546,C08546,CreditInfo,645,B,2026-04-21,1,5,2003983.43,0,{}
EV-BUR-C08547,C08547,CreditInfo,826,A,2026-04-25,2,6,2889537.07,0,{}
EV-BUR-C08548,C08548,CreditInfo,768,A,2026-04-24,1,2,1947050.08,2,{}
EV-BUR-C08549,C08549,CreditInfo,798,A,2026-04-20,1,7,146118.39,2,{}
EV-BUR-C08550,C08550,TransUnion,787,A,2026-04-21,1,4,3975442.06,4,{}
EV-BUR-C08551,C08551,Metropol,760,A,2026-04-25,2,7,3396477.84,1,{}
EV-BUR-C08552,C08552,Metropol,711,B,2026-04-23,1,4,222244.02,2,{}
EV-BUR-C08553,C08553,TransUnion,670,B,2026-04-20,1,3,289426.23,0,{}
EV-BUR-C08554,C08554,CreditInfo,476,D,2026-04-20,3,6,2049569.35,0,{}
EV-BUR-C08555,C08555,Metropol,544,C,2026-04-24,1,2,3465594.34,1,{}
EV-BUR-C08556,C08556,CreditInfo,734,A,2026-04-24,2,1,3528881.85,0,{}
EV-BUR-C08557,C08557,CreditInfo,737,A,2026-04-24,0,4,1363230.85,1,{}
EV-BUR-C08558,C08558,TransUnion,715,B,2026-04-21,2,7,1292205.53,1,{}
EV-BUR-C08559,C08559,CreditInfo,776,A,2026-04-25,1,7,1688332.23,3,{}
EV-BUR-C08560,C08560,Metropol,820,A,2026-04-26,1,1,2484715.93,1,{}
EV-BUR-C08561,C08561,CreditInfo,543,C,2026-04-25,2,6,3121747.47,4,{}
EV-BUR-C08562,C08562,TransUnion,570,C,2026-04-21,2,1,2883206.76,0,{}
EV-BUR-C08563,C08563,CreditInfo,576,C,2026-04-23,2,2,2181958.79,1,{}
EV-BUR-C08564,C08564,TransUnion,699,B,2026-04-21,2,1,2929561.39,3,{}
EV-BUR-C08565,C08565,CreditInfo,605,B,2026-04-25,0,5,916702.24,2,{}
EV-BUR-C08566,C08566,TransUnion,566,C,2026-04-20,1,7,2532956.91,1,{}
EV-BUR-C08567,C08567,Metropol,669,B,2026-04-25,2,3,490889.23,3,{}
EV-BUR-C08568,C08568,TransUnion,724,A,2026-04-20,2,4,3994631.24,4,{}
EV-BUR-C08569,C08569,Metropol,299,E,2026-04-26,5,5,1132621.29,1,{}
EV-BUR-C08570,C08570,CreditInfo,773,A,2026-04-22,2,7,1262265.50,3,{}
EV-BUR-C08571,C08571,TransUnion,565,C,2026-04-25,1,4,2504684.22,1,{}
EV-BUR-C08572,C08572,Metropol,769,A,2026-04-20,2,4,1333641.80,2,{}
EV-BUR-C08573,C08573,TransUnion,564,C,2026-04-25,1,5,2084803.13,1,{}
EV-BUR-C08574,C08574,Metropol,748,A,2026-04-25,0,7,1456680.22,4,{}
EV-BUR-C08575,C08575,CreditInfo,834,A,2026-04-26,0,3,3163478.97,3,{}
EV-BUR-C08576,C08576,CreditInfo,795,A,2026-04-20,1,3,338124.37,0,{}
EV-BUR-C08577,C08577,Metropol,647,B,2026-04-25,0,7,3235989.27,0,{}
EV-BUR-C08578,C08578,CreditInfo,782,A,2026-04-25,0,5,3705638.76,2,{}
EV-BUR-C08579,C08579,Metropol,807,A,2026-04-24,0,4,936977.31,4,{}
EV-BUR-C08580,C08580,TransUnion,563,C,2026-04-24,1,7,3120228.04,2,{}
EV-BUR-C08581,C08581,Metropol,760,A,2026-04-25,1,5,1766866.84,0,{}
EV-BUR-C08582,C08582,TransUnion,647,B,2026-04-23,0,4,2164068.00,3,{}
EV-BUR-C08583,C08583,CreditInfo,839,A,2026-04-25,2,7,3475723.67,2,{}
EV-BUR-C08584,C08584,CreditInfo,794,A,2026-04-26,2,1,1251852.23,2,{}
EV-BUR-C08585,C08585,Metropol,804,A,2026-04-20,1,3,3035900.28,4,{}
EV-BUR-C08586,C08586,CreditInfo,741,A,2026-04-22,2,2,1540278.68,1,{}
EV-BUR-C08587,C08587,TransUnion,847,A,2026-04-24,2,6,2320336.02,3,{}
EV-BUR-C08588,C08588,Metropol,804,A,2026-04-26,1,1,2352357.72,0,{}
EV-BUR-C08589,C08589,CreditInfo,752,A,2026-04-22,1,3,2543309.32,4,{}
EV-BUR-C08590,C08590,CreditInfo,602,B,2026-04-26,0,3,2372557.10,2,{}
EV-BUR-C08591,C08591,CreditInfo,558,C,2026-04-22,1,1,3051579.13,2,{}
EV-BUR-C08592,C08592,CreditInfo,700,B,2026-04-22,2,5,1030323.30,2,{}
EV-BUR-C08593,C08593,CreditInfo,567,C,2026-04-20,1,7,167526.69,2,{}
EV-BUR-C08594,C08594,CreditInfo,511,C,2026-04-22,8,6,1138621.25,1,{}
EV-BUR-C08595,C08595,TransUnion,571,C,2026-04-20,2,7,2935576.97,4,{}
EV-BUR-C08596,C08596,Metropol,704,B,2026-04-20,2,5,3790606.15,0,{}
EV-BUR-C08597,C08597,CreditInfo,389,E,2026-04-26,3,6,1859340.29,2,{}
EV-BUR-C08598,C08598,Metropol,812,A,2026-04-26,0,4,2050675.14,3,{}
EV-BUR-C08599,C08599,TransUnion,348,E,2026-04-26,6,6,523308.20,1,{}
EV-BUR-C08600,C08600,TransUnion,747,A,2026-04-21,0,4,1325636.92,1,{}
EV-BUR-C08601,C08601,TransUnion,617,B,2026-04-23,1,2,3200377.63,2,{}
EV-BUR-C08602,C08602,CreditInfo,540,C,2026-04-26,1,4,623465.51,2,{}
EV-BUR-C08603,C08603,TransUnion,569,C,2026-04-26,2,1,1618927.78,0,{}
EV-BUR-C08604,C08604,CreditInfo,586,C,2026-04-21,0,7,1321729.37,0,{}
EV-BUR-C08605,C08605,Metropol,803,A,2026-04-25,2,3,2425130.92,2,{}
EV-BUR-C08606,C08606,Metropol,646,B,2026-04-25,2,6,1172765.73,0,{}
EV-BUR-C08607,C08607,Metropol,828,A,2026-04-25,0,2,1344258.88,3,{}
EV-BUR-C08608,C08608,TransUnion,558,C,2026-04-26,1,2,927122.31,3,{}
EV-BUR-C08609,C08609,Metropol,600,B,2026-04-20,1,6,511299.74,4,{}
EV-BUR-C08610,C08610,Metropol,800,A,2026-04-26,2,3,3452742.34,2,{}
EV-BUR-C08611,C08611,TransUnion,708,B,2026-04-23,1,7,3300418.39,0,{}
EV-BUR-C08612,C08612,TransUnion,632,B,2026-04-24,1,2,1619898.33,3,{}
EV-BUR-C08613,C08613,Metropol,712,B,2026-04-26,1,3,1535173.00,2,{}
EV-BUR-C08614,C08614,CreditInfo,698,B,2026-04-22,1,5,1183182.69,4,{}
EV-BUR-C08615,C08615,TransUnion,721,A,2026-04-25,0,3,1719382.17,2,{}
EV-BUR-C08616,C08616,CreditInfo,730,A,2026-04-26,0,2,3112884.88,1,{}
EV-BUR-C08617,C08617,CreditInfo,589,C,2026-04-26,0,3,731319.56,0,{}
EV-BUR-C08618,C08618,TransUnion,832,A,2026-04-24,2,1,2260246.52,0,{}
EV-BUR-C08619,C08619,TransUnion,759,A,2026-04-22,1,3,774194.29,1,{}
EV-BUR-C08620,C08620,TransUnion,561,C,2026-04-22,1,5,3822311.29,0,{}
EV-BUR-C08621,C08621,CreditInfo,547,C,2026-04-20,1,7,1923602.94,2,{}
EV-BUR-C08622,C08622,CreditInfo,689,B,2026-04-24,2,6,216425.55,1,{}
EV-BUR-C08623,C08623,TransUnion,625,B,2026-04-25,1,2,1850727.18,1,{}
EV-BUR-C08624,C08624,CreditInfo,356,E,2026-04-24,3,7,1160360.36,0,{}
EV-BUR-C08625,C08625,TransUnion,571,C,2026-04-25,1,1,2185722.17,3,{}
EV-BUR-C08626,C08626,CreditInfo,718,B,2026-04-25,0,2,384216.26,4,{}
EV-BUR-C08627,C08627,TransUnion,419,D,2026-04-25,8,2,3505318.94,1,{}
EV-BUR-C08628,C08628,TransUnion,583,C,2026-04-25,2,4,2719930.54,2,{}
EV-BUR-C08629,C08629,CreditInfo,658,B,2026-04-23,2,6,3784167.35,4,{}
EV-BUR-C08630,C08630,Metropol,649,B,2026-04-23,2,2,3735520.41,4,{}
EV-BUR-C08631,C08631,TransUnion,847,A,2026-04-24,2,5,340166.64,4,{}
EV-BUR-C08632,C08632,CreditInfo,723,A,2026-04-25,0,4,1843692.58,2,{}
EV-BUR-C08633,C08633,CreditInfo,768,A,2026-04-20,1,1,3177169.46,0,{}
EV-BUR-C08634,C08634,Metropol,828,A,2026-04-24,2,4,231359.87,0,{}
EV-BUR-C08635,C08635,TransUnion,603,B,2026-04-23,0,4,2283801.81,2,{}
EV-BUR-C08636,C08636,CreditInfo,654,B,2026-04-20,1,3,2751554.75,2,{}
EV-BUR-C08637,C08637,Metropol,723,A,2026-04-26,2,2,3936258.42,1,{}
EV-BUR-C08638,C08638,CreditInfo,810,A,2026-04-21,0,6,531140.64,4,{}
EV-BUR-C08639,C08639,CreditInfo,847,A,2026-04-20,0,5,72797.24,0,{}
EV-BUR-C08640,C08640,CreditInfo,788,A,2026-04-20,0,6,549613.21,3,{}
EV-BUR-C08641,C08641,Metropol,618,B,2026-04-23,0,1,3076001.89,1,{}
EV-BUR-C08642,C08642,CreditInfo,585,C,2026-04-21,0,3,968086.59,1,{}
EV-BUR-C08643,C08643,Metropol,570,C,2026-04-24,0,4,1411069.01,0,{}
EV-BUR-C08644,C08644,CreditInfo,752,A,2026-04-21,1,2,2715325.79,2,{}
EV-BUR-C08645,C08645,CreditInfo,845,A,2026-04-24,2,6,2744992.80,1,{}
EV-BUR-C08646,C08646,TransUnion,540,C,2026-04-21,1,7,3930018.50,3,{}
EV-BUR-C08647,C08647,CreditInfo,781,A,2026-04-24,1,2,3845686.25,4,{}
EV-BUR-C08648,C08648,CreditInfo,572,C,2026-04-20,2,7,3290103.33,2,{}
EV-BUR-C08649,C08649,Metropol,770,A,2026-04-26,1,2,1519071.83,4,{}
EV-BUR-C08650,C08650,Metropol,821,A,2026-04-24,1,4,3296836.52,0,{}
EV-BUR-C08651,C08651,Metropol,687,B,2026-04-21,2,6,3230108.86,4,{}
EV-BUR-C08652,C08652,Metropol,633,B,2026-04-24,1,6,1826111.57,0,{}
EV-BUR-C08653,C08653,TransUnion,629,B,2026-04-26,0,7,134872.01,2,{}
EV-BUR-C08654,C08654,Metropol,566,C,2026-04-22,2,6,582917.69,2,{}
EV-BUR-C08655,C08655,TransUnion,306,E,2026-04-20,6,6,2070441.76,4,{}
EV-BUR-C08656,C08656,Metropol,629,B,2026-04-20,0,4,105756.35,2,{}
EV-BUR-C08657,C08657,Metropol,841,A,2026-04-25,1,1,3553979.62,3,{}
EV-BUR-C08658,C08658,TransUnion,634,B,2026-04-21,2,4,785600.85,3,{}
EV-BUR-C08659,C08659,Metropol,804,A,2026-04-24,1,1,3760848.37,2,{}
EV-BUR-C08660,C08660,TransUnion,730,A,2026-04-20,2,7,1856709.08,3,{}
EV-BUR-C08661,C08661,CreditInfo,586,C,2026-04-20,2,1,1578960.38,4,{}
EV-BUR-C08662,C08662,CreditInfo,714,B,2026-04-21,2,3,2650029.22,1,{}
EV-BUR-C08663,C08663,Metropol,592,C,2026-04-22,1,4,930227.84,1,{}
EV-BUR-C08664,C08664,CreditInfo,821,A,2026-04-26,2,3,3771216.04,1,{}
EV-BUR-C08665,C08665,Metropol,668,B,2026-04-22,2,7,1572652.48,0,{}
EV-BUR-C08666,C08666,CreditInfo,552,C,2026-04-20,0,5,1903786.21,3,{}
EV-BUR-C08667,C08667,CreditInfo,596,C,2026-04-24,0,6,2008047.50,1,{}
EV-BUR-C08668,C08668,CreditInfo,631,B,2026-04-23,2,5,3383742.68,0,{}
EV-BUR-C08669,C08669,Metropol,599,C,2026-04-20,0,7,949404.53,3,{}
EV-BUR-C08670,C08670,Metropol,697,B,2026-04-24,1,2,3510174.06,4,{}
EV-BUR-C08671,C08671,Metropol,329,E,2026-04-25,5,2,446598.15,3,{}
EV-BUR-C08672,C08672,TransUnion,676,B,2026-04-26,1,3,867482.42,3,{}
EV-BUR-C08673,C08673,CreditInfo,833,A,2026-04-20,2,6,479650.55,2,{}
EV-BUR-C08674,C08674,Metropol,495,D,2026-04-21,9,2,2127891.22,2,{}
EV-BUR-C08675,C08675,Metropol,836,A,2026-04-23,1,4,602760.63,3,{}
EV-BUR-C08676,C08676,Metropol,669,B,2026-04-22,0,7,2825100.01,2,{}
EV-BUR-C08677,C08677,Metropol,648,B,2026-04-26,1,2,2840857.63,4,{}
EV-BUR-C08678,C08678,Metropol,605,B,2026-04-20,1,5,3182415.25,1,{}
EV-BUR-C08679,C08679,Metropol,690,B,2026-04-25,1,7,2090653.83,1,{}
EV-BUR-C08680,C08680,CreditInfo,567,C,2026-04-26,1,4,2190629.41,4,{}
EV-BUR-C08681,C08681,TransUnion,734,A,2026-04-25,0,4,3144865.58,0,{}
EV-BUR-C08682,C08682,Metropol,834,A,2026-04-20,0,1,1533613.40,2,{}
EV-BUR-C08683,C08683,CreditInfo,600,B,2026-04-25,1,5,2341427.77,0,{}
EV-BUR-C08684,C08684,Metropol,684,B,2026-04-25,1,1,1230424.73,3,{}
EV-BUR-C08685,C08685,TransUnion,642,B,2026-04-26,0,6,326284.14,2,{}
EV-BUR-C08686,C08686,TransUnion,739,A,2026-04-21,2,3,2972501.17,1,{}
EV-BUR-C08687,C08687,Metropol,546,C,2026-04-21,0,4,2259747.26,4,{}
EV-BUR-C08688,C08688,Metropol,628,B,2026-04-24,0,7,2243084.35,0,{}
EV-BUR-C08689,C08689,CreditInfo,713,B,2026-04-26,2,6,941049.36,1,{}
EV-BUR-C08690,C08690,CreditInfo,720,A,2026-04-24,1,7,842138.50,0,{}
EV-BUR-C08691,C08691,CreditInfo,680,B,2026-04-20,1,1,1312825.23,1,{}
EV-BUR-C08692,C08692,CreditInfo,620,B,2026-04-20,1,3,396412.45,3,{}
EV-BUR-C08693,C08693,TransUnion,282,E,2026-04-26,8,6,3320220.95,4,{}
EV-BUR-C08694,C08694,TransUnion,719,B,2026-04-21,1,3,3281982.07,0,{}
EV-BUR-C08695,C08695,Metropol,408,D,2026-04-21,9,6,1038275.71,2,{}
EV-BUR-C08696,C08696,CreditInfo,840,A,2026-04-25,1,3,1368893.75,4,{}
EV-BUR-C08697,C08697,CreditInfo,770,A,2026-04-21,2,2,2070240.82,4,{}
EV-BUR-C08698,C08698,TransUnion,624,B,2026-04-25,0,2,1629950.58,2,{}
EV-BUR-C08699,C08699,TransUnion,793,A,2026-04-20,1,5,208415.88,4,{}
EV-BUR-C08700,C08700,Metropol,724,A,2026-04-25,0,6,3220222.20,1,{}
EV-BUR-C08701,C08701,TransUnion,784,A,2026-04-24,1,2,2440345.37,4,{}
EV-BUR-C08702,C08702,Metropol,641,B,2026-04-23,1,6,2875818.42,1,{}
EV-BUR-C08703,C08703,Metropol,764,A,2026-04-24,1,5,2862086.62,1,{}
EV-BUR-C08704,C08704,CreditInfo,651,B,2026-04-25,2,2,3773931.80,3,{}
EV-BUR-C08705,C08705,Metropol,605,B,2026-04-20,0,2,1176704.90,4,{}
EV-BUR-C08706,C08706,Metropol,821,A,2026-04-21,2,4,1462664.29,0,{}
EV-BUR-C08707,C08707,TransUnion,590,C,2026-04-23,0,7,2619601.28,3,{}
EV-BUR-C08708,C08708,TransUnion,679,B,2026-04-22,2,4,3085009.24,1,{}
EV-BUR-C08709,C08709,CreditInfo,567,C,2026-04-23,0,7,3038985.61,1,{}
EV-BUR-C08710,C08710,TransUnion,833,A,2026-04-25,2,2,3560101.42,2,{}
EV-BUR-C08711,C08711,TransUnion,626,B,2026-04-21,0,2,3599278.11,0,{}
EV-BUR-C08712,C08712,TransUnion,586,C,2026-04-25,2,1,120043.35,1,{}
EV-BUR-C08713,C08713,CreditInfo,604,B,2026-04-21,1,6,1117513.00,0,{}
EV-BUR-C08714,C08714,CreditInfo,683,B,2026-04-23,2,1,2324914.03,2,{}
EV-BUR-C08715,C08715,Metropol,613,B,2026-04-25,0,6,1802556.66,1,{}
EV-BUR-C08716,C08716,TransUnion,684,B,2026-04-22,0,5,2015196.67,1,{}
EV-BUR-C08717,C08717,Metropol,611,B,2026-04-21,0,6,1269840.56,0,{}
EV-BUR-C08718,C08718,CreditInfo,555,C,2026-04-26,2,6,532055.29,2,{}
EV-BUR-C08719,C08719,TransUnion,822,A,2026-04-20,0,2,468709.65,4,{}
EV-BUR-C08720,C08720,Metropol,841,A,2026-04-23,1,6,2827990.70,0,{}
EV-BUR-C08721,C08721,CreditInfo,661,B,2026-04-24,2,4,887040.39,4,{}
EV-BUR-C08722,C08722,Metropol,818,A,2026-04-24,1,3,1931823.32,3,{}
EV-BUR-C08723,C08723,TransUnion,452,D,2026-04-24,6,7,3094624.30,2,{}
EV-BUR-C08724,C08724,CreditInfo,709,B,2026-04-20,2,6,1915618.59,2,{}
EV-BUR-C08725,C08725,Metropol,574,C,2026-04-21,0,7,447683.00,4,{}
EV-BUR-C08726,C08726,CreditInfo,652,B,2026-04-21,1,1,2450548.68,2,{}
EV-BUR-C08727,C08727,TransUnion,547,C,2026-04-20,2,7,2617812.91,3,{}
EV-BUR-C08728,C08728,Metropol,811,A,2026-04-21,1,7,548423.15,1,{}
EV-BUR-C08729,C08729,Metropol,550,C,2026-04-23,0,4,1641830.51,4,{}
EV-BUR-C08730,C08730,Metropol,631,B,2026-04-24,2,3,1943456.23,1,{}
EV-BUR-C08731,C08731,Metropol,709,B,2026-04-20,0,2,3430810.02,4,{}
EV-BUR-C08732,C08732,Metropol,360,E,2026-04-23,9,3,1733959.06,1,{}
EV-BUR-C08733,C08733,TransUnion,732,A,2026-04-21,1,1,1475090.49,2,{}
EV-BUR-C08734,C08734,CreditInfo,711,B,2026-04-20,2,2,3686224.25,1,{}
EV-BUR-C08735,C08735,TransUnion,614,B,2026-04-24,0,5,802149.87,4,{}
EV-BUR-C08736,C08736,Metropol,550,C,2026-04-22,0,2,282833.93,2,{}
EV-BUR-C08737,C08737,TransUnion,791,A,2026-04-25,0,6,2419305.78,2,{}
EV-BUR-C08738,C08738,Metropol,723,A,2026-04-24,1,1,1004341.08,2,{}
EV-BUR-C08739,C08739,CreditInfo,667,B,2026-04-25,1,5,2148699.13,2,{}
EV-BUR-C08740,C08740,Metropol,553,C,2026-04-20,2,3,3189260.52,2,{}
EV-BUR-C08741,C08741,Metropol,709,B,2026-04-23,1,4,3814190.65,1,{}
EV-BUR-C08742,C08742,CreditInfo,576,C,2026-04-26,1,4,2447527.51,4,{}
EV-BUR-C08743,C08743,Metropol,615,B,2026-04-24,1,4,3176462.79,2,{}
EV-BUR-C08744,C08744,Metropol,474,D,2026-04-23,4,1,2193555.88,3,{}
EV-BUR-C08745,C08745,Metropol,786,A,2026-04-26,0,7,1685481.71,4,{}
EV-BUR-C08746,C08746,TransUnion,633,B,2026-04-25,1,1,2865117.96,3,{}
EV-BUR-C08747,C08747,Metropol,593,C,2026-04-22,2,1,2466369.72,3,{}
EV-BUR-C08748,C08748,Metropol,790,A,2026-04-23,2,7,3624270.67,0,{}
EV-BUR-C08749,C08749,TransUnion,753,A,2026-04-26,0,1,729622.52,1,{}
EV-BUR-C08750,C08750,Metropol,820,A,2026-04-25,2,6,688273.14,4,{}
EV-BUR-C08751,C08751,TransUnion,846,A,2026-04-23,0,2,251879.46,4,{}
EV-BUR-C08752,C08752,TransUnion,697,B,2026-04-20,0,3,648140.03,1,{}
EV-BUR-C08753,C08753,CreditInfo,591,C,2026-04-21,2,7,3702245.52,4,{}
EV-BUR-C08754,C08754,CreditInfo,738,A,2026-04-21,0,7,678961.18,3,{}
EV-BUR-C08755,C08755,Metropol,599,C,2026-04-23,1,6,3619287.07,4,{}
EV-BUR-C08756,C08756,CreditInfo,652,B,2026-04-25,0,4,1787677.55,2,{}
EV-BUR-C08757,C08757,CreditInfo,780,A,2026-04-24,1,6,3778813.98,4,{}
EV-BUR-C08758,C08758,CreditInfo,606,B,2026-04-25,2,4,1875739.79,3,{}
EV-BUR-C08759,C08759,Metropol,448,D,2026-04-26,9,2,742987.37,1,{}
EV-BUR-C08760,C08760,Metropol,785,A,2026-04-22,1,5,3340574.42,1,{}
EV-BUR-C08761,C08761,TransUnion,688,B,2026-04-21,2,6,775705.80,2,{}
EV-BUR-C08762,C08762,TransUnion,821,A,2026-04-24,2,3,1163833.43,3,{}
EV-BUR-C08763,C08763,CreditInfo,400,D,2026-04-21,5,2,1147453.67,0,{}
EV-BUR-C08764,C08764,TransUnion,708,B,2026-04-20,1,4,634148.94,4,{}
EV-BUR-C08765,C08765,Metropol,850,A,2026-04-25,0,2,2499729.92,2,{}
EV-BUR-C08766,C08766,TransUnion,771,A,2026-04-20,1,4,637757.78,2,{}
EV-BUR-C08767,C08767,TransUnion,603,B,2026-04-23,1,5,2936753.21,3,{}
EV-BUR-C08768,C08768,Metropol,786,A,2026-04-21,1,5,1134002.92,0,{}
EV-BUR-C08769,C08769,TransUnion,713,B,2026-04-22,2,5,57899.68,1,{}
EV-BUR-C08770,C08770,CreditInfo,324,E,2026-04-22,9,6,212819.69,0,{}
EV-BUR-C08771,C08771,CreditInfo,818,A,2026-04-25,0,6,2877879.73,2,{}
EV-BUR-C08772,C08772,CreditInfo,689,B,2026-04-21,0,4,2751552.47,2,{}
EV-BUR-C08773,C08773,TransUnion,801,A,2026-04-20,1,6,2441047.39,3,{}
EV-BUR-C08774,C08774,CreditInfo,776,A,2026-04-25,2,2,544151.44,2,{}
EV-BUR-C08775,C08775,CreditInfo,652,B,2026-04-25,0,5,3991558.58,2,{}
EV-BUR-C08776,C08776,CreditInfo,546,C,2026-04-23,0,6,2568563.69,3,{}
EV-BUR-C08777,C08777,Metropol,742,A,2026-04-20,1,7,2809286.53,0,{}
EV-BUR-C08778,C08778,TransUnion,596,C,2026-04-25,1,7,1392271.91,2,{}
EV-BUR-C08779,C08779,CreditInfo,760,A,2026-04-22,2,1,1401016.31,4,{}
EV-BUR-C08780,C08780,Metropol,710,B,2026-04-20,0,7,632195.38,1,{}
EV-BUR-C08781,C08781,TransUnion,738,A,2026-04-25,1,2,101863.73,1,{}
EV-BUR-C08782,C08782,Metropol,669,B,2026-04-23,2,3,2039667.63,1,{}
EV-BUR-C08783,C08783,Metropol,848,A,2026-04-24,2,6,3345184.15,0,{}
EV-BUR-C08784,C08784,CreditInfo,804,A,2026-04-25,0,4,1166203.31,2,{}
EV-BUR-C08785,C08785,CreditInfo,500,C,2026-04-21,5,1,1497296.69,3,{}
EV-BUR-C08786,C08786,TransUnion,548,C,2026-04-20,2,2,1479452.08,4,{}
EV-BUR-C08787,C08787,Metropol,574,C,2026-04-22,0,5,581214.96,1,{}
EV-BUR-C08788,C08788,TransUnion,683,B,2026-04-22,2,6,2095971.46,1,{}
EV-BUR-C08789,C08789,TransUnion,748,A,2026-04-22,0,4,782095.20,4,{}
EV-BUR-C08790,C08790,CreditInfo,646,B,2026-04-21,0,7,1589431.57,4,{}
EV-BUR-C08791,C08791,CreditInfo,564,C,2026-04-20,2,4,1706830.52,3,{}
EV-BUR-C08792,C08792,CreditInfo,714,B,2026-04-26,1,6,1293773.69,4,{}
EV-BUR-C08793,C08793,Metropol,682,B,2026-04-26,2,4,2352088.88,2,{}
EV-BUR-C08794,C08794,CreditInfo,597,C,2026-04-24,0,6,2536533.56,1,{}
EV-BUR-C08795,C08795,TransUnion,644,B,2026-04-25,1,7,1500093.04,4,{}
EV-BUR-C08796,C08796,Metropol,598,C,2026-04-20,1,3,1699290.38,3,{}
EV-BUR-C08797,C08797,CreditInfo,741,A,2026-04-25,1,1,468938.29,4,{}
EV-BUR-C08798,C08798,Metropol,588,C,2026-04-22,0,1,3939054.33,4,{}
EV-BUR-C08799,C08799,CreditInfo,739,A,2026-04-20,2,4,2139866.67,1,{}
EV-BUR-C08800,C08800,CreditInfo,629,B,2026-04-23,2,3,1067118.22,2,{}
EV-BUR-C08801,C08801,Metropol,814,A,2026-04-22,1,3,2430011.16,2,{}
EV-BUR-C08802,C08802,CreditInfo,642,B,2026-04-25,2,4,1223834.07,3,{}
EV-BUR-C08803,C08803,CreditInfo,677,B,2026-04-21,1,6,1602848.88,3,{}
EV-BUR-C08804,C08804,CreditInfo,657,B,2026-04-22,2,3,2339002.66,0,{}
EV-BUR-C08805,C08805,CreditInfo,471,D,2026-04-23,4,1,1179732.09,4,{}
EV-BUR-C08806,C08806,TransUnion,570,C,2026-04-26,1,3,1901771.02,1,{}
EV-BUR-C08807,C08807,CreditInfo,702,B,2026-04-25,0,7,1993911.62,0,{}
EV-BUR-C08808,C08808,Metropol,632,B,2026-04-26,2,5,3150822.57,4,{}
EV-BUR-C08809,C08809,TransUnion,555,C,2026-04-21,1,5,3106316.50,4,{}
EV-BUR-C08810,C08810,CreditInfo,658,B,2026-04-23,2,7,3704815.26,3,{}
EV-BUR-C08811,C08811,CreditInfo,601,B,2026-04-23,1,6,2955225.91,3,{}
EV-BUR-C08812,C08812,Metropol,845,A,2026-04-23,1,2,2520571.76,2,{}
EV-BUR-C08813,C08813,Metropol,614,B,2026-04-20,1,3,670666.22,4,{}
EV-BUR-C08814,C08814,CreditInfo,751,A,2026-04-25,0,6,1240209.56,1,{}
EV-BUR-C08815,C08815,CreditInfo,650,B,2026-04-22,0,3,1383414.80,4,{}
EV-BUR-C08816,C08816,Metropol,789,A,2026-04-25,2,1,146370.35,0,{}
EV-BUR-C08817,C08817,Metropol,544,C,2026-04-24,2,2,1939413.70,0,{}
EV-BUR-C08818,C08818,Metropol,743,A,2026-04-23,0,5,973215.88,0,{}
EV-BUR-C08819,C08819,TransUnion,658,B,2026-04-22,0,4,3363663.21,2,{}
EV-BUR-C08820,C08820,CreditInfo,736,A,2026-04-24,1,1,3421866.07,3,{}
EV-BUR-C08821,C08821,Metropol,746,A,2026-04-23,1,3,1313746.16,0,{}
EV-BUR-C08822,C08822,TransUnion,728,A,2026-04-26,0,6,2874700.54,1,{}
EV-BUR-C08823,C08823,Metropol,808,A,2026-04-20,1,4,3004483.09,4,{}
EV-BUR-C08824,C08824,TransUnion,690,B,2026-04-26,0,5,2432860.99,0,{}
EV-BUR-C08825,C08825,TransUnion,794,A,2026-04-25,0,1,2488895.76,3,{}
EV-BUR-C08826,C08826,TransUnion,753,A,2026-04-20,2,4,181769.47,4,{}
EV-BUR-C08827,C08827,TransUnion,580,C,2026-04-20,0,5,2233520.49,0,{}
EV-BUR-C08828,C08828,CreditInfo,500,C,2026-04-26,5,1,1082894.59,2,{}
EV-BUR-C08829,C08829,TransUnion,850,A,2026-04-21,0,5,1366862.82,4,{}
EV-BUR-C08830,C08830,Metropol,611,B,2026-04-22,1,6,1038898.89,1,{}
EV-BUR-C08831,C08831,CreditInfo,705,B,2026-04-23,2,3,3570707.27,0,{}
EV-BUR-C08832,C08832,CreditInfo,732,A,2026-04-21,1,6,3410373.34,2,{}
EV-BUR-C08833,C08833,TransUnion,749,A,2026-04-24,0,3,3089517.48,0,{}
EV-BUR-C08834,C08834,CreditInfo,566,C,2026-04-24,1,4,3176369.80,4,{}
EV-BUR-C08835,C08835,Metropol,436,D,2026-04-26,8,6,2321767.55,2,{}
EV-BUR-C08836,C08836,CreditInfo,759,A,2026-04-24,0,4,995314.58,1,{}
EV-BUR-C08837,C08837,CreditInfo,280,E,2026-04-25,3,1,2499888.28,0,{}
EV-BUR-C08838,C08838,TransUnion,847,A,2026-04-25,0,3,602916.45,3,{}
EV-BUR-C08839,C08839,CreditInfo,719,B,2026-04-23,0,4,1140311.98,3,{}
EV-BUR-C08840,C08840,TransUnion,772,A,2026-04-25,2,7,624396.43,1,{}
EV-BUR-C08841,C08841,Metropol,615,B,2026-04-24,0,4,928932.40,0,{}
EV-BUR-C08842,C08842,CreditInfo,623,B,2026-04-23,0,1,2538135.00,2,{}
EV-BUR-C08843,C08843,CreditInfo,846,A,2026-04-20,2,2,1232113.55,4,{}
EV-BUR-C08844,C08844,CreditInfo,787,A,2026-04-22,0,4,883194.97,1,{}
EV-BUR-C08845,C08845,Metropol,826,A,2026-04-22,1,7,1813726.03,1,{}
EV-BUR-C08846,C08846,CreditInfo,840,A,2026-04-20,0,2,527330.01,1,{}
EV-BUR-C08847,C08847,Metropol,674,B,2026-04-20,2,5,2026725.82,2,{}
EV-BUR-C08848,C08848,Metropol,711,B,2026-04-21,2,1,3448575.23,1,{}
EV-BUR-C08849,C08849,Metropol,668,B,2026-04-24,2,5,3130385.21,0,{}
EV-BUR-C08850,C08850,CreditInfo,730,A,2026-04-24,1,7,3233005.32,0,{}
EV-BUR-C08851,C08851,TransUnion,592,C,2026-04-24,2,4,891225.72,0,{}
EV-BUR-C08852,C08852,CreditInfo,575,C,2026-04-20,1,7,2633203.11,4,{}
EV-BUR-C08853,C08853,CreditInfo,721,A,2026-04-20,2,7,3171733.91,4,{}
EV-BUR-C08854,C08854,Metropol,647,B,2026-04-24,2,4,2467929.11,1,{}
EV-BUR-C08855,C08855,CreditInfo,766,A,2026-04-21,1,6,3804994.31,1,{}
EV-BUR-C08856,C08856,Metropol,674,B,2026-04-25,1,7,960853.07,3,{}
EV-BUR-C08857,C08857,CreditInfo,708,B,2026-04-26,2,4,595746.50,3,{}
EV-BUR-C08858,C08858,Metropol,722,A,2026-04-23,0,5,1717382.51,0,{}
EV-BUR-C08859,C08859,CreditInfo,546,C,2026-04-23,2,2,1286021.31,3,{}
EV-BUR-C08860,C08860,TransUnion,548,C,2026-04-20,0,5,3038882.96,4,{}
EV-BUR-C08861,C08861,CreditInfo,414,D,2026-04-25,4,7,3570575.72,2,{}
EV-BUR-C08862,C08862,CreditInfo,769,A,2026-04-25,1,4,880507.52,4,{}
EV-BUR-C08863,C08863,TransUnion,540,C,2026-04-23,0,2,3350103.61,0,{}
EV-BUR-C08864,C08864,TransUnion,694,B,2026-04-24,2,4,217136.51,4,{}
EV-BUR-C08865,C08865,CreditInfo,810,A,2026-04-26,1,5,1951065.45,2,{}
EV-BUR-C08866,C08866,Metropol,626,B,2026-04-22,2,4,1407140.38,1,{}
EV-BUR-C08867,C08867,Metropol,704,B,2026-04-26,0,1,2503805.98,3,{}
EV-BUR-C08868,C08868,Metropol,812,A,2026-04-21,1,1,2075342.21,2,{}
EV-BUR-C08869,C08869,Metropol,685,B,2026-04-24,2,7,232080.71,2,{}
EV-BUR-C08870,C08870,CreditInfo,735,A,2026-04-24,0,5,1234133.20,0,{}
EV-BUR-C08871,C08871,TransUnion,830,A,2026-04-20,0,4,326216.77,3,{}
EV-BUR-C08872,C08872,TransUnion,774,A,2026-04-24,2,1,3351052.16,0,{}
EV-BUR-C08873,C08873,Metropol,736,A,2026-04-26,2,5,638112.17,4,{}
EV-BUR-C08874,C08874,Metropol,625,B,2026-04-23,1,6,1169293.03,1,{}
EV-BUR-C08875,C08875,Metropol,616,B,2026-04-21,1,7,2339990.30,0,{}
EV-BUR-C08876,C08876,Metropol,568,C,2026-04-20,1,2,3013620.22,0,{}
EV-BUR-C08877,C08877,CreditInfo,825,A,2026-04-25,1,4,2501829.49,1,{}
EV-BUR-C08878,C08878,TransUnion,342,E,2026-04-21,9,3,1006924.13,1,{}
EV-BUR-C08879,C08879,Metropol,811,A,2026-04-25,2,5,3353833.91,4,{}
EV-BUR-C08880,C08880,CreditInfo,620,B,2026-04-22,2,1,1547397.54,4,{}
EV-BUR-C08881,C08881,CreditInfo,541,C,2026-04-23,0,5,2088827.65,0,{}
EV-BUR-C08882,C08882,Metropol,686,B,2026-04-25,2,4,3198187.84,4,{}
EV-BUR-C08883,C08883,Metropol,681,B,2026-04-26,1,1,3333361.32,3,{}
EV-BUR-C08884,C08884,Metropol,672,B,2026-04-23,2,7,1808578.64,3,{}
EV-BUR-C08885,C08885,TransUnion,576,C,2026-04-23,2,4,3123284.96,1,{}
EV-BUR-C08886,C08886,TransUnion,586,C,2026-04-22,0,6,3452525.15,3,{}
EV-BUR-C08887,C08887,Metropol,830,A,2026-04-25,0,4,2732538.99,1,{}
EV-BUR-C08888,C08888,CreditInfo,743,A,2026-04-24,0,5,719939.92,1,{}
EV-BUR-C08889,C08889,TransUnion,642,B,2026-04-23,2,5,3753257.60,4,{}
EV-BUR-C08890,C08890,TransUnion,574,C,2026-04-26,1,5,3746264.58,1,{}
EV-BUR-C08891,C08891,Metropol,616,B,2026-04-22,2,7,3930567.15,2,{}
EV-BUR-C08892,C08892,TransUnion,619,B,2026-04-26,0,5,404880.30,1,{}
EV-BUR-C08893,C08893,Metropol,650,B,2026-04-21,2,4,65253.98,1,{}
EV-BUR-C08894,C08894,CreditInfo,560,C,2026-04-20,2,3,3124118.99,3,{}
EV-BUR-C08895,C08895,CreditInfo,546,C,2026-04-25,2,5,946719.23,2,{}
EV-BUR-C08896,C08896,CreditInfo,560,C,2026-04-23,0,7,1882677.46,4,{}
EV-BUR-C08897,C08897,TransUnion,808,A,2026-04-22,0,7,105206.96,3,{}
EV-BUR-C08898,C08898,TransUnion,707,B,2026-04-26,1,7,1319715.76,3,{}
EV-BUR-C08899,C08899,TransUnion,683,B,2026-04-23,0,3,1804405.16,3,{}
EV-BUR-C08900,C08900,CreditInfo,668,B,2026-04-26,1,6,269103.07,1,{}
EV-BUR-C08901,C08901,TransUnion,616,B,2026-04-23,1,7,834782.26,4,{}
EV-BUR-C08902,C08902,Metropol,685,B,2026-04-23,0,6,873237.59,2,{}
EV-BUR-C08903,C08903,TransUnion,682,B,2026-04-21,1,5,141106.46,1,{}
EV-BUR-C08904,C08904,TransUnion,739,A,2026-04-21,1,3,247264.24,2,{}
EV-BUR-C08905,C08905,TransUnion,578,C,2026-04-21,1,2,920914.76,1,{}
EV-BUR-C08906,C08906,Metropol,751,A,2026-04-20,0,1,3322638.08,3,{}
EV-BUR-C08907,C08907,CreditInfo,849,A,2026-04-22,1,5,3602645.96,1,{}
EV-BUR-C08908,C08908,Metropol,577,C,2026-04-23,1,1,2221709.53,0,{}
EV-BUR-C08909,C08909,Metropol,843,A,2026-04-26,1,5,3697276.84,4,{}
EV-BUR-C08910,C08910,TransUnion,629,B,2026-04-20,0,7,194863.35,3,{}
EV-BUR-C08911,C08911,CreditInfo,690,B,2026-04-20,0,6,1761833.56,4,{}
EV-BUR-C08912,C08912,CreditInfo,544,C,2026-04-20,0,1,865456.29,4,{}
EV-BUR-C08913,C08913,CreditInfo,838,A,2026-04-26,0,4,2822996.61,3,{}
EV-BUR-C08914,C08914,CreditInfo,775,A,2026-04-24,0,7,3258026.50,1,{}
EV-BUR-C08915,C08915,TransUnion,574,C,2026-04-20,1,1,2335632.17,3,{}
EV-BUR-C08916,C08916,TransUnion,631,B,2026-04-24,0,6,3112763.93,3,{}
EV-BUR-C08917,C08917,CreditInfo,577,C,2026-04-23,2,7,166212.98,3,{}
EV-BUR-C08918,C08918,CreditInfo,471,D,2026-04-22,9,3,230167.42,4,{}
EV-BUR-C08919,C08919,Metropol,594,C,2026-04-24,2,3,3749352.55,3,{}
EV-BUR-C08920,C08920,TransUnion,541,C,2026-04-24,1,4,2515599.81,0,{}
EV-BUR-C08921,C08921,Metropol,601,B,2026-04-24,1,4,1871637.45,1,{}
EV-BUR-C08922,C08922,CreditInfo,399,E,2026-04-24,4,7,497419.52,1,{}
EV-BUR-C08923,C08923,CreditInfo,747,A,2026-04-21,1,3,1121354.69,3,{}
EV-BUR-C08924,C08924,TransUnion,545,C,2026-04-22,0,1,1914622.10,4,{}
EV-BUR-C08925,C08925,CreditInfo,674,B,2026-04-22,1,5,1177907.91,1,{}
EV-BUR-C08926,C08926,Metropol,794,A,2026-04-20,0,4,523221.89,2,{}
EV-BUR-C08927,C08927,TransUnion,824,A,2026-04-25,2,3,2311837.44,0,{}
EV-BUR-C08928,C08928,CreditInfo,613,B,2026-04-24,0,1,3481019.15,0,{}
EV-BUR-C08929,C08929,CreditInfo,668,B,2026-04-25,1,2,2216411.36,0,{}
EV-BUR-C08930,C08930,TransUnion,828,A,2026-04-22,2,7,2570029.96,1,{}
EV-BUR-C08931,C08931,TransUnion,378,E,2026-04-22,4,5,1013733.03,0,{}
EV-BUR-C08932,C08932,CreditInfo,633,B,2026-04-25,0,7,3866825.08,3,{}
EV-BUR-C08933,C08933,Metropol,624,B,2026-04-22,1,4,1332374.92,4,{}
EV-BUR-C08934,C08934,TransUnion,810,A,2026-04-23,0,6,2281111.28,0,{}
EV-BUR-C08935,C08935,CreditInfo,748,A,2026-04-20,2,1,3744599.94,0,{}
EV-BUR-C08936,C08936,TransUnion,840,A,2026-04-24,2,2,2020466.81,4,{}
EV-BUR-C08937,C08937,Metropol,791,A,2026-04-21,2,7,807466.55,2,{}
EV-BUR-C08938,C08938,TransUnion,714,B,2026-04-26,1,4,1358176.55,3,{}
EV-BUR-C08939,C08939,TransUnion,806,A,2026-04-26,2,6,2033299.36,3,{}
EV-BUR-C08940,C08940,Metropol,810,A,2026-04-25,0,5,2018089.92,3,{}
EV-BUR-C08941,C08941,Metropol,706,B,2026-04-25,0,5,255791.24,1,{}
EV-BUR-C08942,C08942,Metropol,588,C,2026-04-25,2,7,3152503.66,3,{}
EV-BUR-C08943,C08943,Metropol,552,C,2026-04-20,0,5,2419336.62,4,{}
EV-BUR-C08944,C08944,Metropol,434,D,2026-04-23,5,7,2135589.59,2,{}
EV-BUR-C08945,C08945,CreditInfo,727,A,2026-04-26,2,6,746489.22,4,{}
EV-BUR-C08946,C08946,TransUnion,788,A,2026-04-23,2,6,2558849.73,2,{}
EV-BUR-C08947,C08947,TransUnion,591,C,2026-04-24,0,2,1036180.28,3,{}
EV-BUR-C08948,C08948,Metropol,689,B,2026-04-22,2,2,3890396.35,3,{}
EV-BUR-C08949,C08949,Metropol,705,B,2026-04-23,0,2,201525.29,0,{}
EV-BUR-C08950,C08950,CreditInfo,601,B,2026-04-23,1,2,2400055.54,3,{}
EV-BUR-C08951,C08951,TransUnion,826,A,2026-04-24,0,2,1299026.65,3,{}
EV-BUR-C08952,C08952,Metropol,736,A,2026-04-24,2,2,3866154.22,4,{}
EV-BUR-C08953,C08953,CreditInfo,723,A,2026-04-24,0,7,3644024.97,3,{}
EV-BUR-C08954,C08954,Metropol,806,A,2026-04-26,1,4,1155212.56,3,{}
EV-BUR-C08955,C08955,Metropol,701,B,2026-04-23,2,4,2860585.73,0,{}
EV-BUR-C08956,C08956,Metropol,848,A,2026-04-24,0,3,2868508.63,2,{}
EV-BUR-C08957,C08957,TransUnion,520,C,2026-04-20,8,7,2830130.67,1,{}
EV-BUR-C08958,C08958,TransUnion,794,A,2026-04-24,0,7,1883664.51,1,{}
EV-BUR-C08959,C08959,Metropol,687,B,2026-04-22,1,7,2362227.01,3,{}
EV-BUR-C08960,C08960,CreditInfo,632,B,2026-04-21,1,5,1845828.45,4,{}
EV-BUR-C08961,C08961,TransUnion,771,A,2026-04-21,1,1,1738070.19,0,{}
EV-BUR-C08962,C08962,TransUnion,462,D,2026-04-25,8,7,2805588.38,0,{}
EV-BUR-C08963,C08963,Metropol,286,E,2026-04-22,9,6,3889174.54,2,{}
EV-BUR-C08964,C08964,TransUnion,819,A,2026-04-25,1,4,3618614.24,4,{}
EV-BUR-C08965,C08965,Metropol,772,A,2026-04-20,1,2,289489.81,2,{}
EV-BUR-C08966,C08966,CreditInfo,692,B,2026-04-20,1,5,3488606.71,4,{}
EV-BUR-C08967,C08967,TransUnion,785,A,2026-04-24,2,1,2572092.28,4,{}
EV-BUR-C08968,C08968,TransUnion,704,B,2026-04-23,0,6,3282977.04,0,{}
EV-BUR-C08969,C08969,CreditInfo,685,B,2026-04-25,1,3,3186480.00,2,{}
EV-BUR-C08970,C08970,CreditInfo,781,A,2026-04-25,2,1,425230.49,4,{}
EV-BUR-C08971,C08971,Metropol,630,B,2026-04-24,0,5,3133146.73,3,{}
EV-BUR-C08972,C08972,CreditInfo,790,A,2026-04-25,2,2,974796.73,1,{}
EV-BUR-C08973,C08973,CreditInfo,596,C,2026-04-22,1,4,2054060.85,3,{}
EV-BUR-C08974,C08974,CreditInfo,652,B,2026-04-25,2,4,1141068.89,3,{}
EV-BUR-C08975,C08975,Metropol,562,C,2026-04-20,1,5,453973.45,3,{}
EV-BUR-C08976,C08976,TransUnion,747,A,2026-04-24,2,1,3808009.57,1,{}
EV-BUR-C08977,C08977,CreditInfo,816,A,2026-04-21,2,3,2639267.70,0,{}
EV-BUR-C08978,C08978,CreditInfo,691,B,2026-04-21,1,3,2365093.71,4,{}
EV-BUR-C08979,C08979,CreditInfo,654,B,2026-04-25,1,5,2199187.79,1,{}
EV-BUR-C08980,C08980,CreditInfo,682,B,2026-04-22,2,5,604726.36,2,{}
EV-BUR-C08981,C08981,CreditInfo,713,B,2026-04-22,1,7,2306427.18,4,{}
EV-BUR-C08982,C08982,TransUnion,563,C,2026-04-23,1,5,3095885.85,3,{}
EV-BUR-C08983,C08983,Metropol,571,C,2026-04-26,0,4,1314769.90,0,{}
EV-BUR-C08984,C08984,Metropol,554,C,2026-04-26,0,1,3282384.10,1,{}
EV-BUR-C08985,C08985,CreditInfo,746,A,2026-04-20,2,4,3401573.54,0,{}
EV-BUR-C08986,C08986,CreditInfo,554,C,2026-04-21,2,3,2400883.78,4,{}
EV-BUR-C08987,C08987,TransUnion,673,B,2026-04-23,0,4,3557785.84,0,{}
EV-BUR-C08988,C08988,CreditInfo,744,A,2026-04-21,1,1,610671.34,4,{}
EV-BUR-C08989,C08989,CreditInfo,647,B,2026-04-24,0,3,2811802.19,4,{}
EV-BUR-C08990,C08990,Metropol,683,B,2026-04-23,2,6,727307.14,4,{}
EV-BUR-C08991,C08991,CreditInfo,547,C,2026-04-24,2,5,1822015.71,2,{}
EV-BUR-C08992,C08992,TransUnion,708,B,2026-04-25,0,3,1472608.08,4,{}
EV-BUR-C08993,C08993,TransUnion,546,C,2026-04-21,1,7,2271506.65,0,{}
EV-BUR-C08994,C08994,TransUnion,682,B,2026-04-26,0,5,1241242.57,3,{}
EV-BUR-C08995,C08995,TransUnion,751,A,2026-04-26,1,7,2819033.35,3,{}
EV-BUR-C08996,C08996,Metropol,732,A,2026-04-22,1,6,917710.91,0,{}
EV-BUR-C08997,C08997,Metropol,648,B,2026-04-22,1,7,3075407.87,4,{}
EV-BUR-C08998,C08998,TransUnion,666,B,2026-04-22,1,2,1298301.77,2,{}
EV-BUR-C08999,C08999,Metropol,679,B,2026-04-20,0,3,792980.95,3,{}
EV-BUR-C09000,C09000,CreditInfo,555,C,2026-04-22,2,5,2329046.42,2,{}
EV-BUR-C09001,C09001,CreditInfo,650,B,2026-04-26,1,4,869261.19,4,{}
EV-BUR-C09002,C09002,CreditInfo,700,B,2026-04-25,2,5,3689077.41,0,{}
EV-BUR-C09003,C09003,TransUnion,777,A,2026-04-23,0,3,434607.82,0,{}
EV-BUR-C09004,C09004,CreditInfo,786,A,2026-04-22,2,2,698904.23,2,{}
EV-BUR-C09005,C09005,CreditInfo,777,A,2026-04-22,2,3,805403.63,1,{}
EV-BUR-C09006,C09006,TransUnion,612,B,2026-04-24,2,1,3718641.93,2,{}
EV-BUR-C09007,C09007,TransUnion,624,B,2026-04-24,2,7,3880059.00,4,{}
EV-BUR-C09008,C09008,CreditInfo,644,B,2026-04-20,0,6,3823576.36,2,{}
EV-BUR-C09009,C09009,Metropol,808,A,2026-04-25,1,7,2575144.52,2,{}
EV-BUR-C09010,C09010,Metropol,552,C,2026-04-23,2,4,465586.90,3,{}
EV-BUR-C09011,C09011,CreditInfo,690,B,2026-04-22,0,3,756019.90,2,{}
EV-BUR-C09012,C09012,TransUnion,566,C,2026-04-23,1,6,793181.25,1,{}
EV-BUR-C09013,C09013,TransUnion,841,A,2026-04-25,2,5,1466391.27,2,{}
EV-BUR-C09014,C09014,TransUnion,616,B,2026-04-20,2,3,1523773.01,0,{}
EV-BUR-C09015,C09015,TransUnion,663,B,2026-04-24,2,6,3859604.85,2,{}
EV-BUR-C09016,C09016,Metropol,717,B,2026-04-24,2,6,3707503.40,1,{}
EV-BUR-C09017,C09017,CreditInfo,712,B,2026-04-24,0,7,1601486.34,0,{}
EV-BUR-C09018,C09018,TransUnion,714,B,2026-04-23,1,3,3848809.73,3,{}
EV-BUR-C09019,C09019,TransUnion,711,B,2026-04-22,0,3,1782960.09,2,{}
EV-BUR-C09020,C09020,CreditInfo,840,A,2026-04-20,2,7,943489.97,4,{}
EV-BUR-C09021,C09021,CreditInfo,756,A,2026-04-21,0,1,1919385.93,4,{}
EV-BUR-C09022,C09022,TransUnion,590,C,2026-04-21,2,2,2432967.15,0,{}
EV-BUR-C09023,C09023,Metropol,796,A,2026-04-24,1,7,1569100.23,2,{}
EV-BUR-C09024,C09024,Metropol,636,B,2026-04-21,1,1,3830002.75,0,{}
EV-BUR-C09025,C09025,TransUnion,640,B,2026-04-21,2,4,2382956.24,3,{}
EV-BUR-C09026,C09026,CreditInfo,636,B,2026-04-25,1,4,1461851.60,3,{}
EV-BUR-C09027,C09027,TransUnion,822,A,2026-04-22,0,6,1892996.62,4,{}
EV-BUR-C09028,C09028,TransUnion,590,C,2026-04-22,0,2,3757639.58,2,{}
EV-BUR-C09029,C09029,Metropol,847,A,2026-04-25,0,2,3455121.29,2,{}
EV-BUR-C09030,C09030,TransUnion,588,C,2026-04-21,2,7,2375157.09,1,{}
EV-BUR-C09031,C09031,TransUnion,584,C,2026-04-26,2,4,1097389.55,1,{}
EV-BUR-C09032,C09032,TransUnion,426,D,2026-04-20,4,2,3775011.87,1,{}
EV-BUR-C09033,C09033,CreditInfo,590,C,2026-04-26,0,7,335702.36,4,{}
EV-BUR-C09034,C09034,Metropol,591,C,2026-04-22,0,7,3423343.11,4,{}
EV-BUR-C09035,C09035,CreditInfo,697,B,2026-04-20,0,2,2444981.57,0,{}
EV-BUR-C09036,C09036,Metropol,664,B,2026-04-23,2,4,902768.61,3,{}
EV-BUR-C09037,C09037,TransUnion,804,A,2026-04-26,0,3,1887265.25,0,{}
EV-BUR-C09038,C09038,CreditInfo,569,C,2026-04-25,1,6,1263557.23,3,{}
EV-BUR-C09039,C09039,TransUnion,603,B,2026-04-22,1,1,1698807.35,3,{}
EV-BUR-C09040,C09040,CreditInfo,694,B,2026-04-26,2,7,1599326.12,3,{}
EV-BUR-C09041,C09041,CreditInfo,730,A,2026-04-20,1,6,1516339.75,3,{}
EV-BUR-C09042,C09042,TransUnion,567,C,2026-04-20,0,5,1182421.06,0,{}
EV-BUR-C09043,C09043,Metropol,800,A,2026-04-22,1,3,1879401.93,3,{}
EV-BUR-C09044,C09044,CreditInfo,745,A,2026-04-21,2,3,83071.05,1,{}
EV-BUR-C09045,C09045,Metropol,739,A,2026-04-25,1,3,3627866.15,2,{}
EV-BUR-C09046,C09046,Metropol,647,B,2026-04-26,0,4,3602626.86,1,{}
EV-BUR-C09047,C09047,TransUnion,793,A,2026-04-26,1,3,2823056.27,3,{}
EV-BUR-C09048,C09048,TransUnion,774,A,2026-04-23,2,4,1416037.12,3,{}
EV-BUR-C09049,C09049,CreditInfo,632,B,2026-04-21,1,3,604752.37,1,{}
EV-BUR-C09050,C09050,CreditInfo,670,B,2026-04-22,1,1,756749.09,0,{}
EV-BUR-C09051,C09051,TransUnion,644,B,2026-04-25,2,3,1991028.58,1,{}
EV-BUR-C09052,C09052,TransUnion,583,C,2026-04-25,0,4,2120097.88,3,{}
EV-BUR-C09053,C09053,Metropol,679,B,2026-04-24,0,1,3203261.92,3,{}
EV-BUR-C09054,C09054,CreditInfo,798,A,2026-04-22,1,1,2228934.71,1,{}
EV-BUR-C09055,C09055,TransUnion,560,C,2026-04-21,0,3,2227619.40,0,{}
EV-BUR-C09056,C09056,TransUnion,392,E,2026-04-26,3,1,2101171.52,3,{}
EV-BUR-C09057,C09057,TransUnion,577,C,2026-04-20,1,3,3829238.41,2,{}
EV-BUR-C09058,C09058,CreditInfo,546,C,2026-04-21,1,6,1551774.47,2,{}
EV-BUR-C09059,C09059,CreditInfo,741,A,2026-04-20,0,2,1639385.03,2,{}
EV-BUR-C09060,C09060,Metropol,760,A,2026-04-25,0,3,1991230.13,4,{}
EV-BUR-C09061,C09061,Metropol,783,A,2026-04-26,0,7,2414308.47,2,{}
EV-BUR-C09062,C09062,Metropol,751,A,2026-04-26,2,1,452813.68,1,{}
EV-BUR-C09063,C09063,CreditInfo,601,B,2026-04-24,0,3,3694678.15,4,{}
EV-BUR-C09064,C09064,Metropol,745,A,2026-04-25,1,3,451071.14,2,{}
EV-BUR-C09065,C09065,CreditInfo,736,A,2026-04-26,0,1,3778330.47,1,{}
EV-BUR-C09066,C09066,CreditInfo,788,A,2026-04-22,1,4,1050744.99,4,{}
EV-BUR-C09067,C09067,TransUnion,736,A,2026-04-21,1,7,970692.26,0,{}
EV-BUR-C09068,C09068,TransUnion,803,A,2026-04-23,0,6,3595198.96,2,{}
EV-BUR-C09069,C09069,Metropol,657,B,2026-04-25,0,2,2361857.03,3,{}
EV-BUR-C09070,C09070,CreditInfo,770,A,2026-04-26,1,3,1872105.20,2,{}
EV-BUR-C09071,C09071,CreditInfo,747,A,2026-04-25,0,1,1196541.93,3,{}
EV-BUR-C09072,C09072,CreditInfo,769,A,2026-04-26,1,2,1873885.14,4,{}
EV-BUR-C09073,C09073,CreditInfo,736,A,2026-04-22,2,2,2721162.60,0,{}
EV-BUR-C09074,C09074,Metropol,569,C,2026-04-25,0,5,2895785.89,4,{}
EV-BUR-C09075,C09075,Metropol,545,C,2026-04-26,2,5,2437005.64,1,{}
EV-BUR-C09076,C09076,TransUnion,801,A,2026-04-23,0,4,1570203.91,4,{}
EV-BUR-C09077,C09077,Metropol,602,B,2026-04-26,1,2,1891800.27,1,{}
EV-BUR-C09078,C09078,CreditInfo,572,C,2026-04-20,1,3,3346235.02,4,{}
EV-BUR-C09079,C09079,Metropol,289,E,2026-04-23,4,3,1875753.89,3,{}
EV-BUR-C09080,C09080,Metropol,576,C,2026-04-25,0,1,3374811.37,4,{}
EV-BUR-C09081,C09081,Metropol,694,B,2026-04-26,1,7,2302250.17,4,{}
EV-BUR-C09082,C09082,Metropol,703,B,2026-04-22,2,7,3139872.87,4,{}
EV-BUR-C09083,C09083,CreditInfo,761,A,2026-04-20,0,5,1822621.17,4,{}
EV-BUR-C09084,C09084,CreditInfo,543,C,2026-04-22,0,7,1194524.41,4,{}
EV-BUR-C09085,C09085,CreditInfo,835,A,2026-04-23,2,7,3573704.53,2,{}
EV-BUR-C09086,C09086,CreditInfo,758,A,2026-04-24,1,3,1704544.72,2,{}
EV-BUR-C09087,C09087,CreditInfo,847,A,2026-04-25,0,6,756376.95,1,{}
EV-BUR-C09088,C09088,CreditInfo,805,A,2026-04-21,0,1,3360678.44,3,{}
EV-BUR-C09089,C09089,CreditInfo,680,B,2026-04-22,1,2,405527.92,3,{}
EV-BUR-C09090,C09090,Metropol,581,C,2026-04-25,2,3,3889474.74,4,{}
EV-BUR-C09091,C09091,Metropol,720,A,2026-04-24,2,3,1891562.44,0,{}
EV-BUR-C09092,C09092,CreditInfo,749,A,2026-04-23,2,4,3346566.69,0,{}
EV-BUR-C09093,C09093,CreditInfo,762,A,2026-04-26,2,3,171397.55,4,{}
EV-BUR-C09094,C09094,Metropol,606,B,2026-04-25,1,1,90222.32,3,{}
EV-BUR-C09095,C09095,CreditInfo,599,C,2026-04-20,1,1,2892113.10,4,{}
EV-BUR-C09096,C09096,Metropol,686,B,2026-04-21,0,5,627701.72,2,{}
EV-BUR-C09097,C09097,CreditInfo,840,A,2026-04-21,2,7,3331428.05,0,{}
EV-BUR-C09098,C09098,CreditInfo,588,C,2026-04-26,0,4,216148.51,2,{}
EV-BUR-C09099,C09099,CreditInfo,642,B,2026-04-26,1,5,1072343.71,1,{}
EV-BUR-C09100,C09100,CreditInfo,813,A,2026-04-20,2,1,3318973.25,4,{}
EV-BUR-C09101,C09101,CreditInfo,620,B,2026-04-24,0,4,3486035.45,3,{}
EV-BUR-C09102,C09102,Metropol,646,B,2026-04-23,0,4,1874654.62,4,{}
EV-BUR-C09103,C09103,TransUnion,810,A,2026-04-26,1,5,3593760.35,1,{}
EV-BUR-C09104,C09104,Metropol,558,C,2026-04-21,2,4,2458423.97,4,{}
EV-BUR-C09105,C09105,CreditInfo,721,A,2026-04-21,2,7,3608159.75,2,{}
EV-BUR-C09106,C09106,TransUnion,678,B,2026-04-20,0,4,343413.00,2,{}
EV-BUR-C09107,C09107,CreditInfo,654,B,2026-04-24,1,7,536145.20,2,{}
EV-BUR-C09108,C09108,TransUnion,720,A,2026-04-25,1,2,643387.53,0,{}
EV-BUR-C09109,C09109,Metropol,801,A,2026-04-20,1,1,3576792.61,2,{}
EV-BUR-C09110,C09110,Metropol,549,C,2026-04-23,2,1,3099575.69,1,{}
EV-BUR-C09111,C09111,TransUnion,744,A,2026-04-24,0,2,2077764.38,2,{}
EV-BUR-C09112,C09112,Metropol,681,B,2026-04-23,0,6,3998712.28,3,{}
EV-BUR-C09113,C09113,CreditInfo,674,B,2026-04-25,0,1,1752805.54,1,{}
EV-BUR-C09114,C09114,CreditInfo,756,A,2026-04-25,2,6,1277330.86,3,{}
EV-BUR-C09115,C09115,CreditInfo,463,D,2026-04-22,4,5,3088354.11,0,{}
EV-BUR-C09116,C09116,Metropol,689,B,2026-04-20,1,5,3271025.92,4,{}
EV-BUR-C09117,C09117,Metropol,486,D,2026-04-24,3,1,3256451.15,4,{}
EV-BUR-C09118,C09118,Metropol,728,A,2026-04-20,0,2,2992206.32,2,{}
EV-BUR-C09119,C09119,CreditInfo,681,B,2026-04-24,1,1,3110941.84,0,{}
EV-BUR-C09120,C09120,Metropol,818,A,2026-04-26,0,5,3375906.44,3,{}
EV-BUR-C09121,C09121,CreditInfo,626,B,2026-04-21,1,5,795447.10,1,{}
EV-BUR-C09122,C09122,TransUnion,494,D,2026-04-22,8,7,2970937.39,2,{}
EV-BUR-C09123,C09123,TransUnion,560,C,2026-04-21,2,6,1584422.73,4,{}
EV-BUR-C09124,C09124,TransUnion,557,C,2026-04-25,0,4,1323404.66,2,{}
EV-BUR-C09125,C09125,CreditInfo,614,B,2026-04-24,0,7,3955102.95,1,{}
EV-BUR-C09126,C09126,TransUnion,735,A,2026-04-20,0,5,2203767.13,0,{}
EV-BUR-C09127,C09127,CreditInfo,709,B,2026-04-21,1,3,1375503.96,0,{}
EV-BUR-C09128,C09128,CreditInfo,598,C,2026-04-26,1,3,2954605.62,2,{}
EV-BUR-C09129,C09129,Metropol,577,C,2026-04-22,0,5,1211232.48,2,{}
EV-BUR-C09130,C09130,TransUnion,759,A,2026-04-21,2,7,1436546.59,0,{}
EV-BUR-C09131,C09131,TransUnion,685,B,2026-04-24,0,6,2394304.88,2,{}
EV-BUR-C09132,C09132,TransUnion,668,B,2026-04-25,2,7,331514.16,3,{}
EV-BUR-C09133,C09133,Metropol,635,B,2026-04-23,0,3,783723.10,1,{}
EV-BUR-C09134,C09134,CreditInfo,594,C,2026-04-22,0,2,3132712.27,3,{}
EV-BUR-C09135,C09135,CreditInfo,700,B,2026-04-25,2,2,3584416.84,4,{}
EV-BUR-C09136,C09136,CreditInfo,541,C,2026-04-21,0,5,1020044.95,0,{}
EV-BUR-C09137,C09137,TransUnion,824,A,2026-04-26,1,2,2045449.23,4,{}
EV-BUR-C09138,C09138,Metropol,607,B,2026-04-21,2,6,1746276.41,4,{}
EV-BUR-C09139,C09139,Metropol,308,E,2026-04-25,4,5,1504772.40,3,{}
EV-BUR-C09140,C09140,TransUnion,627,B,2026-04-23,0,6,3784733.49,1,{}
EV-BUR-C09141,C09141,Metropol,433,D,2026-04-25,5,7,2768878.72,2,{}
EV-BUR-C09142,C09142,TransUnion,623,B,2026-04-26,2,6,2114077.09,2,{}
EV-BUR-C09143,C09143,CreditInfo,782,A,2026-04-23,0,1,3483325.50,0,{}
EV-BUR-C09144,C09144,TransUnion,606,B,2026-04-26,2,7,2462342.03,1,{}
EV-BUR-C09145,C09145,TransUnion,545,C,2026-04-20,1,4,2283915.30,0,{}
EV-BUR-C09146,C09146,Metropol,720,A,2026-04-20,0,3,3069944.42,3,{}
EV-BUR-C09147,C09147,Metropol,734,A,2026-04-21,1,5,576347.02,4,{}
EV-BUR-C09148,C09148,CreditInfo,835,A,2026-04-24,1,6,2658288.96,4,{}
EV-BUR-C09149,C09149,TransUnion,650,B,2026-04-24,1,4,2927730.65,1,{}
EV-BUR-C09150,C09150,TransUnion,720,A,2026-04-25,2,4,3793223.79,3,{}
EV-BUR-C09151,C09151,TransUnion,815,A,2026-04-26,2,2,3240873.28,3,{}
EV-BUR-C09152,C09152,Metropol,835,A,2026-04-22,2,4,1362161.14,3,{}
EV-BUR-C09153,C09153,TransUnion,644,B,2026-04-25,1,7,504629.23,1,{}
EV-BUR-C09154,C09154,Metropol,772,A,2026-04-26,0,4,3893581.64,0,{}
EV-BUR-C09155,C09155,CreditInfo,631,B,2026-04-22,1,6,3025071.09,3,{}
EV-BUR-C09156,C09156,CreditInfo,579,C,2026-04-25,1,7,2525232.90,0,{}
EV-BUR-C09157,C09157,Metropol,836,A,2026-04-26,1,4,1190935.92,3,{}
EV-BUR-C09158,C09158,TransUnion,570,C,2026-04-22,1,3,1170665.32,0,{}
EV-BUR-C09159,C09159,Metropol,726,A,2026-04-23,2,2,3124046.78,0,{}
EV-BUR-C09160,C09160,TransUnion,667,B,2026-04-22,1,4,3891785.94,4,{}
EV-BUR-C09161,C09161,TransUnion,849,A,2026-04-22,2,6,211856.24,4,{}
EV-BUR-C09162,C09162,Metropol,564,C,2026-04-22,1,3,269602.61,4,{}
EV-BUR-C09163,C09163,TransUnion,564,C,2026-04-21,2,4,3163472.89,3,{}
EV-BUR-C09164,C09164,TransUnion,582,C,2026-04-23,0,1,1131392.30,1,{}
EV-BUR-C09165,C09165,CreditInfo,682,B,2026-04-21,1,5,1151701.54,4,{}
EV-BUR-C09166,C09166,TransUnion,683,B,2026-04-21,0,4,301787.00,4,{}
EV-BUR-C09167,C09167,Metropol,631,B,2026-04-23,0,7,3237521.27,1,{}
EV-BUR-C09168,C09168,Metropol,604,B,2026-04-24,2,6,1591182.45,2,{}
EV-BUR-C09169,C09169,TransUnion,658,B,2026-04-20,0,7,2795646.37,0,{}
EV-BUR-C09170,C09170,CreditInfo,682,B,2026-04-21,0,3,167965.91,2,{}
EV-BUR-C09171,C09171,TransUnion,689,B,2026-04-20,0,1,1492930.28,4,{}
EV-BUR-C09172,C09172,Metropol,836,A,2026-04-25,1,7,2375489.96,4,{}
EV-BUR-C09173,C09173,CreditInfo,828,A,2026-04-25,2,4,836622.76,4,{}
EV-BUR-C09174,C09174,TransUnion,698,B,2026-04-26,2,4,2391196.49,4,{}
EV-BUR-C09175,C09175,TransUnion,689,B,2026-04-20,1,7,703521.24,4,{}
EV-BUR-C09176,C09176,Metropol,494,D,2026-04-26,9,2,477766.64,3,{}
EV-BUR-C09177,C09177,TransUnion,396,E,2026-04-26,3,3,657899.96,1,{}
EV-BUR-C09178,C09178,CreditInfo,554,C,2026-04-26,2,5,1851335.86,4,{}
EV-BUR-C09179,C09179,CreditInfo,624,B,2026-04-23,1,5,1463488.32,3,{}
EV-BUR-C09180,C09180,Metropol,730,A,2026-04-20,0,4,807542.04,4,{}
EV-BUR-C09181,C09181,Metropol,543,C,2026-04-25,0,7,3153199.66,0,{}
EV-BUR-C09182,C09182,TransUnion,763,A,2026-04-20,2,2,3964538.54,1,{}
EV-BUR-C09183,C09183,CreditInfo,817,A,2026-04-22,1,1,3958777.86,0,{}
EV-BUR-C09184,C09184,Metropol,849,A,2026-04-20,0,4,3775833.21,3,{}
EV-BUR-C09185,C09185,Metropol,715,B,2026-04-26,2,4,3496803.02,4,{}
EV-BUR-C09186,C09186,TransUnion,560,C,2026-04-25,0,7,2281412.61,2,{}
EV-BUR-C09187,C09187,Metropol,801,A,2026-04-25,1,6,3753229.87,3,{}
EV-BUR-C09188,C09188,Metropol,562,C,2026-04-26,1,6,811238.36,0,{}
EV-BUR-C09189,C09189,Metropol,669,B,2026-04-24,2,5,832129.16,3,{}
EV-BUR-C09190,C09190,Metropol,844,A,2026-04-22,1,7,3391590.00,2,{}
EV-BUR-C09191,C09191,CreditInfo,753,A,2026-04-20,1,7,1126830.88,3,{}
EV-BUR-C09192,C09192,CreditInfo,679,B,2026-04-22,0,2,608961.70,0,{}
EV-BUR-C09193,C09193,TransUnion,709,B,2026-04-24,1,6,2569727.16,3,{}
EV-BUR-C09194,C09194,CreditInfo,740,A,2026-04-26,0,4,2265262.20,2,{}
EV-BUR-C09195,C09195,TransUnion,668,B,2026-04-23,0,6,1150921.28,3,{}
EV-BUR-C09196,C09196,Metropol,781,A,2026-04-22,0,5,2965114.80,2,{}
EV-BUR-C09197,C09197,Metropol,604,B,2026-04-22,0,4,2915850.88,2,{}
EV-BUR-C09198,C09198,TransUnion,685,B,2026-04-24,0,3,3690910.96,2,{}
EV-BUR-C09199,C09199,CreditInfo,848,A,2026-04-23,2,3,651954.92,3,{}
EV-BUR-C09200,C09200,Metropol,711,B,2026-04-21,0,7,2788223.48,3,{}
EV-BUR-C09201,C09201,TransUnion,540,C,2026-04-21,2,4,2449244.21,0,{}
EV-BUR-C09202,C09202,Metropol,672,B,2026-04-22,1,3,3535937.25,1,{}
EV-BUR-C09203,C09203,TransUnion,812,A,2026-04-21,2,1,3350808.88,3,{}
EV-BUR-C09204,C09204,CreditInfo,461,D,2026-04-23,5,4,1895466.40,2,{}
EV-BUR-C09205,C09205,Metropol,676,B,2026-04-23,2,5,2675057.81,4,{}
EV-BUR-C09206,C09206,Metropol,697,B,2026-04-25,2,6,513182.71,3,{}
EV-BUR-C09207,C09207,CreditInfo,838,A,2026-04-26,1,3,2670108.33,3,{}
EV-BUR-C09208,C09208,CreditInfo,790,A,2026-04-21,0,6,1530568.00,2,{}
EV-BUR-C09209,C09209,TransUnion,786,A,2026-04-21,0,7,2740767.33,4,{}
EV-BUR-C09210,C09210,CreditInfo,710,B,2026-04-22,0,4,2345199.85,4,{}
EV-BUR-C09211,C09211,TransUnion,600,B,2026-04-24,1,5,1025124.22,1,{}
EV-BUR-C09212,C09212,Metropol,595,C,2026-04-24,0,3,3288043.68,2,{}
EV-BUR-C09213,C09213,Metropol,803,A,2026-04-21,1,1,3915104.17,1,{}
EV-BUR-C09214,C09214,Metropol,641,B,2026-04-25,2,2,3326274.54,3,{}
EV-BUR-C09215,C09215,TransUnion,576,C,2026-04-26,2,5,1072286.39,0,{}
EV-BUR-C09216,C09216,CreditInfo,822,A,2026-04-26,2,5,660097.31,1,{}
EV-BUR-C09217,C09217,Metropol,769,A,2026-04-23,0,4,1145594.88,2,{}
EV-BUR-C09218,C09218,CreditInfo,598,C,2026-04-20,1,6,3997589.23,2,{}
EV-BUR-C09219,C09219,CreditInfo,599,C,2026-04-20,2,2,2363945.05,3,{}
EV-BUR-C09220,C09220,CreditInfo,847,A,2026-04-22,1,6,339614.95,1,{}
EV-BUR-C09221,C09221,Metropol,762,A,2026-04-24,0,6,2549297.20,0,{}
EV-BUR-C09222,C09222,Metropol,568,C,2026-04-22,2,3,1526009.33,2,{}
EV-BUR-C09223,C09223,TransUnion,520,C,2026-04-22,9,3,800180.52,1,{}
EV-BUR-C09224,C09224,Metropol,289,E,2026-04-20,6,5,3791023.64,4,{}
EV-BUR-C09225,C09225,Metropol,840,A,2026-04-22,1,3,3569615.70,4,{}
EV-BUR-C09226,C09226,Metropol,785,A,2026-04-24,1,2,3803222.48,4,{}
EV-BUR-C09227,C09227,TransUnion,541,C,2026-04-21,1,4,3620813.27,3,{}
EV-BUR-C09228,C09228,Metropol,848,A,2026-04-24,2,3,792095.50,4,{}
EV-BUR-C09229,C09229,Metropol,804,A,2026-04-24,0,2,3348964.70,4,{}
EV-BUR-C09230,C09230,CreditInfo,642,B,2026-04-20,1,6,320471.59,1,{}
EV-BUR-C09231,C09231,CreditInfo,553,C,2026-04-26,0,2,1021189.05,2,{}
EV-BUR-C09232,C09232,CreditInfo,550,C,2026-04-22,0,6,558990.66,4,{}
EV-BUR-C09233,C09233,Metropol,813,A,2026-04-22,2,4,864622.67,1,{}
EV-BUR-C09234,C09234,Metropol,579,C,2026-04-21,0,5,3917978.68,1,{}
EV-BUR-C09235,C09235,Metropol,793,A,2026-04-24,2,4,826432.13,1,{}
EV-BUR-C09236,C09236,CreditInfo,733,A,2026-04-22,2,3,2424922.80,3,{}
EV-BUR-C09237,C09237,Metropol,695,B,2026-04-22,2,4,846117.90,0,{}
EV-BUR-C09238,C09238,Metropol,849,A,2026-04-20,1,2,383885.00,0,{}
EV-BUR-C09239,C09239,Metropol,593,C,2026-04-21,0,4,221885.66,2,{}
EV-BUR-C09240,C09240,TransUnion,785,A,2026-04-26,2,3,3697680.73,2,{}
EV-BUR-C09241,C09241,Metropol,288,E,2026-04-23,8,3,2779269.14,4,{}
EV-BUR-C09242,C09242,CreditInfo,648,B,2026-04-20,0,6,2502072.02,0,{}
EV-BUR-C09243,C09243,CreditInfo,582,C,2026-04-24,1,6,1046303.09,1,{}
EV-BUR-C09244,C09244,Metropol,752,A,2026-04-22,1,4,294605.99,3,{}
EV-BUR-C09245,C09245,CreditInfo,695,B,2026-04-22,1,5,531741.41,4,{}
EV-BUR-C09246,C09246,TransUnion,620,B,2026-04-20,2,2,79488.76,0,{}
EV-BUR-C09247,C09247,Metropol,774,A,2026-04-21,0,7,1234835.84,2,{}
EV-BUR-C09248,C09248,TransUnion,561,C,2026-04-20,2,2,1884931.88,4,{}
EV-BUR-C09249,C09249,TransUnion,580,C,2026-04-24,0,3,105537.59,0,{}
EV-BUR-C09250,C09250,TransUnion,789,A,2026-04-25,1,6,1891511.35,4,{}
EV-BUR-C09251,C09251,CreditInfo,772,A,2026-04-21,1,6,3661812.18,0,{}
EV-BUR-C09252,C09252,CreditInfo,709,B,2026-04-22,2,6,3866715.20,1,{}
EV-BUR-C09253,C09253,CreditInfo,790,A,2026-04-22,2,4,1145245.10,3,{}
EV-BUR-C09254,C09254,TransUnion,549,C,2026-04-25,2,4,412298.45,3,{}
EV-BUR-C09255,C09255,CreditInfo,554,C,2026-04-20,2,4,596586.35,2,{}
EV-BUR-C09256,C09256,CreditInfo,506,C,2026-04-20,3,6,2710637.57,2,{}
EV-BUR-C09257,C09257,TransUnion,552,C,2026-04-26,1,5,3208641.67,1,{}
EV-BUR-C09258,C09258,CreditInfo,635,B,2026-04-26,0,6,1693472.39,1,{}
EV-BUR-C09259,C09259,TransUnion,629,B,2026-04-22,1,2,686376.12,2,{}
EV-BUR-C09260,C09260,CreditInfo,759,A,2026-04-25,1,7,874743.26,0,{}
EV-BUR-C09261,C09261,TransUnion,688,B,2026-04-21,0,1,3163319.74,0,{}
EV-BUR-C09262,C09262,Metropol,637,B,2026-04-23,1,2,102918.28,3,{}
EV-BUR-C09263,C09263,Metropol,775,A,2026-04-21,2,6,1148881.42,3,{}
EV-BUR-C09264,C09264,TransUnion,796,A,2026-04-20,1,1,1342851.57,3,{}
EV-BUR-C09265,C09265,CreditInfo,832,A,2026-04-23,2,3,527031.07,2,{}
EV-BUR-C09266,C09266,TransUnion,775,A,2026-04-26,1,6,1687584.00,2,{}
EV-BUR-C09267,C09267,CreditInfo,625,B,2026-04-26,2,6,2492451.24,2,{}
EV-BUR-C09268,C09268,CreditInfo,604,B,2026-04-24,1,6,128287.40,4,{}
EV-BUR-C09269,C09269,Metropol,672,B,2026-04-26,2,1,1433800.32,1,{}
EV-BUR-C09270,C09270,Metropol,762,A,2026-04-24,2,4,3998317.26,1,{}
EV-BUR-C09271,C09271,TransUnion,812,A,2026-04-21,0,6,3702818.81,4,{}
EV-BUR-C09272,C09272,Metropol,342,E,2026-04-25,5,2,1247544.73,1,{}
EV-BUR-C09273,C09273,Metropol,825,A,2026-04-22,0,2,3977434.66,4,{}
EV-BUR-C09274,C09274,Metropol,841,A,2026-04-25,1,6,607234.40,4,{}
EV-BUR-C09275,C09275,TransUnion,283,E,2026-04-25,8,5,3276998.73,4,{}
EV-BUR-C09276,C09276,Metropol,614,B,2026-04-26,0,1,3891458.70,1,{}
EV-BUR-C09277,C09277,Metropol,561,C,2026-04-25,2,3,1152666.27,0,{}
EV-BUR-C09278,C09278,CreditInfo,682,B,2026-04-21,1,3,690337.93,2,{}
EV-BUR-C09279,C09279,CreditInfo,739,A,2026-04-25,0,5,3176457.81,0,{}
EV-BUR-C09280,C09280,TransUnion,293,E,2026-04-22,4,6,3068129.54,1,{}
EV-BUR-C09281,C09281,Metropol,601,B,2026-04-24,1,5,1706477.43,1,{}
EV-BUR-C09282,C09282,Metropol,548,C,2026-04-20,1,5,340579.56,3,{}
EV-BUR-C09283,C09283,TransUnion,790,A,2026-04-20,1,3,1402729.18,3,{}
EV-BUR-C09284,C09284,TransUnion,833,A,2026-04-23,1,4,1643058.30,2,{}
EV-BUR-C09285,C09285,CreditInfo,455,D,2026-04-22,9,1,3778533.39,2,{}
EV-BUR-C09286,C09286,TransUnion,725,A,2026-04-25,0,5,1063197.08,0,{}
EV-BUR-C09287,C09287,CreditInfo,682,B,2026-04-20,2,6,1071022.08,0,{}
EV-BUR-C09288,C09288,CreditInfo,591,C,2026-04-22,1,3,221401.93,4,{}
EV-BUR-C09289,C09289,CreditInfo,823,A,2026-04-21,1,4,1441124.81,3,{}
EV-BUR-C09290,C09290,CreditInfo,716,B,2026-04-23,2,6,3898397.91,4,{}
EV-BUR-C09291,C09291,Metropol,623,B,2026-04-26,2,6,3764593.98,4,{}
EV-BUR-C09292,C09292,CreditInfo,819,A,2026-04-24,2,3,489574.47,3,{}
EV-BUR-C09293,C09293,Metropol,554,C,2026-04-24,2,7,461888.09,4,{}
EV-BUR-C09294,C09294,TransUnion,816,A,2026-04-24,2,1,1434581.09,1,{}
EV-BUR-C09295,C09295,Metropol,690,B,2026-04-26,1,7,3286438.66,3,{}
EV-BUR-C09296,C09296,TransUnion,585,C,2026-04-21,2,1,1632097.45,3,{}
EV-BUR-C09297,C09297,Metropol,708,B,2026-04-22,0,4,3653337.42,4,{}
EV-BUR-C09298,C09298,TransUnion,752,A,2026-04-21,0,5,1698765.92,2,{}
EV-BUR-C09299,C09299,TransUnion,624,B,2026-04-25,2,6,3955437.20,2,{}
EV-BUR-C09300,C09300,Metropol,617,B,2026-04-23,0,5,3623214.51,1,{}
EV-BUR-C09301,C09301,Metropol,612,B,2026-04-20,1,7,1966781.21,1,{}
EV-BUR-C09302,C09302,Metropol,806,A,2026-04-20,1,1,683497.53,1,{}
EV-BUR-C09303,C09303,Metropol,618,B,2026-04-24,0,4,1136196.34,1,{}
EV-BUR-C09304,C09304,CreditInfo,716,B,2026-04-21,1,5,3562541.64,4,{}
EV-BUR-C09305,C09305,TransUnion,658,B,2026-04-26,0,7,2323739.98,3,{}
EV-BUR-C09306,C09306,Metropol,630,B,2026-04-25,1,6,2893641.08,1,{}
EV-BUR-C09307,C09307,Metropol,689,B,2026-04-24,1,2,2859678.36,1,{}
EV-BUR-C09308,C09308,TransUnion,591,C,2026-04-22,2,6,2045279.66,1,{}
EV-BUR-C09309,C09309,TransUnion,440,D,2026-04-24,5,5,841026.31,0,{}
EV-BUR-C09310,C09310,TransUnion,718,B,2026-04-22,0,3,1110826.68,1,{}
EV-BUR-C09311,C09311,Metropol,730,A,2026-04-26,0,6,1351725.97,1,{}
EV-BUR-C09312,C09312,CreditInfo,500,C,2026-04-21,9,3,2781980.97,2,{}
EV-BUR-C09313,C09313,Metropol,782,A,2026-04-25,2,7,2733060.59,4,{}
EV-BUR-C09314,C09314,Metropol,548,C,2026-04-22,2,5,3241207.37,4,{}
EV-BUR-C09315,C09315,Metropol,600,B,2026-04-21,0,4,1883760.97,1,{}
EV-BUR-C09316,C09316,TransUnion,687,B,2026-04-22,2,4,2208970.75,3,{}
EV-BUR-C09317,C09317,Metropol,694,B,2026-04-20,1,3,3716797.85,2,{}
EV-BUR-C09318,C09318,Metropol,783,A,2026-04-20,2,6,782565.95,3,{}
EV-BUR-C09319,C09319,TransUnion,701,B,2026-04-20,1,3,1019466.03,3,{}
EV-BUR-C09320,C09320,CreditInfo,566,C,2026-04-23,1,6,2250060.05,0,{}
EV-BUR-C09321,C09321,TransUnion,786,A,2026-04-22,2,3,2108123.88,3,{}
EV-BUR-C09322,C09322,Metropol,746,A,2026-04-26,2,6,2886141.54,0,{}
EV-BUR-C09323,C09323,Metropol,600,B,2026-04-26,0,3,2928065.05,3,{}
EV-BUR-C09324,C09324,CreditInfo,584,C,2026-04-23,1,2,1644697.89,2,{}
EV-BUR-C09325,C09325,CreditInfo,637,B,2026-04-20,2,6,3024179.38,4,{}
EV-BUR-C09326,C09326,TransUnion,834,A,2026-04-25,0,2,1871129.19,2,{}
EV-BUR-C09327,C09327,CreditInfo,794,A,2026-04-21,2,5,1793434.61,4,{}
EV-BUR-C09328,C09328,TransUnion,555,C,2026-04-20,0,7,3627716.12,4,{}
EV-BUR-C09329,C09329,CreditInfo,426,D,2026-04-26,9,6,382167.55,3,{}
EV-BUR-C09330,C09330,CreditInfo,743,A,2026-04-24,1,5,584355.61,1,{}
EV-BUR-C09331,C09331,Metropol,568,C,2026-04-26,1,6,3277109.10,4,{}
EV-BUR-C09332,C09332,CreditInfo,613,B,2026-04-23,1,4,2710760.00,2,{}
EV-BUR-C09333,C09333,TransUnion,739,A,2026-04-24,0,6,73048.98,2,{}
EV-BUR-C09334,C09334,TransUnion,707,B,2026-04-22,0,2,3602150.69,0,{}
EV-BUR-C09335,C09335,TransUnion,816,A,2026-04-22,2,1,1775120.61,3,{}
EV-BUR-C09336,C09336,Metropol,794,A,2026-04-20,2,2,1185801.86,3,{}
EV-BUR-C09337,C09337,Metropol,686,B,2026-04-24,0,3,3981844.09,1,{}
EV-BUR-C09338,C09338,TransUnion,721,A,2026-04-24,2,5,3406562.44,4,{}
EV-BUR-C09339,C09339,CreditInfo,708,B,2026-04-26,1,2,3472758.64,4,{}
EV-BUR-C09340,C09340,TransUnion,645,B,2026-04-21,1,5,2814956.43,3,{}
EV-BUR-C09341,C09341,TransUnion,620,B,2026-04-25,2,5,1362068.34,3,{}
EV-BUR-C09342,C09342,CreditInfo,609,B,2026-04-20,1,5,2897398.84,2,{}
EV-BUR-C09343,C09343,TransUnion,635,B,2026-04-24,0,4,994353.43,0,{}
EV-BUR-C09344,C09344,CreditInfo,761,A,2026-04-24,1,5,1628825.02,1,{}
EV-BUR-C09345,C09345,Metropol,549,C,2026-04-25,2,2,3677202.12,0,{}
EV-BUR-C09346,C09346,TransUnion,683,B,2026-04-21,1,6,3454863.19,2,{}
EV-BUR-C09347,C09347,Metropol,609,B,2026-04-26,1,1,2367972.81,4,{}
EV-BUR-C09348,C09348,Metropol,390,E,2026-04-22,7,5,291966.20,0,{}
EV-BUR-C09349,C09349,CreditInfo,793,A,2026-04-21,2,2,2845513.76,0,{}
EV-BUR-C09350,C09350,TransUnion,842,A,2026-04-26,2,7,1946490.35,2,{}
EV-BUR-C09351,C09351,CreditInfo,690,B,2026-04-26,0,7,3548105.24,4,{}
EV-BUR-C09352,C09352,Metropol,567,C,2026-04-24,2,7,1315650.10,2,{}
EV-BUR-C09353,C09353,CreditInfo,588,C,2026-04-22,2,5,2835326.10,0,{}
EV-BUR-C09354,C09354,Metropol,756,A,2026-04-20,1,1,342031.56,2,{}
EV-BUR-C09355,C09355,TransUnion,574,C,2026-04-26,0,1,2519855.71,4,{}
EV-BUR-C09356,C09356,TransUnion,420,D,2026-04-22,3,1,861782.66,3,{}
EV-BUR-C09357,C09357,TransUnion,832,A,2026-04-24,0,7,1908866.99,2,{}
EV-BUR-C09358,C09358,Metropol,386,E,2026-04-22,7,6,3149075.52,3,{}
EV-BUR-C09359,C09359,Metropol,663,B,2026-04-24,2,3,2136503.89,2,{}
EV-BUR-C09360,C09360,CreditInfo,812,A,2026-04-24,2,6,266638.20,2,{}
EV-BUR-C09361,C09361,CreditInfo,635,B,2026-04-23,0,3,3462258.47,0,{}
EV-BUR-C09362,C09362,Metropol,767,A,2026-04-22,0,7,2014524.97,2,{}
EV-BUR-C09363,C09363,Metropol,684,B,2026-04-22,1,1,200478.77,4,{}
EV-BUR-C09364,C09364,CreditInfo,693,B,2026-04-21,1,7,3682400.76,4,{}
EV-BUR-C09365,C09365,CreditInfo,810,A,2026-04-23,2,1,530263.51,2,{}
EV-BUR-C09366,C09366,CreditInfo,771,A,2026-04-20,2,7,3990114.20,4,{}
EV-BUR-C09367,C09367,CreditInfo,609,B,2026-04-24,0,4,3263854.42,0,{}
EV-BUR-C09368,C09368,Metropol,662,B,2026-04-25,0,3,1807840.83,3,{}
EV-BUR-C09369,C09369,TransUnion,557,C,2026-04-22,1,4,1192096.59,0,{}
EV-BUR-C09370,C09370,TransUnion,724,A,2026-04-26,0,1,851620.45,1,{}
EV-BUR-C09371,C09371,CreditInfo,711,B,2026-04-24,0,2,896338.77,4,{}
EV-BUR-C09372,C09372,CreditInfo,753,A,2026-04-23,0,4,3269540.32,1,{}
EV-BUR-C09373,C09373,TransUnion,551,C,2026-04-21,0,4,1438761.90,0,{}
EV-BUR-C09374,C09374,CreditInfo,559,C,2026-04-23,0,5,3818057.74,1,{}
EV-BUR-C09375,C09375,CreditInfo,663,B,2026-04-24,1,1,2243544.58,2,{}
EV-BUR-C09376,C09376,CreditInfo,723,A,2026-04-23,1,6,2152611.56,2,{}
EV-BUR-C09377,C09377,CreditInfo,676,B,2026-04-24,2,1,563301.91,3,{}
EV-BUR-C09378,C09378,CreditInfo,756,A,2026-04-24,0,6,1533948.75,3,{}
EV-BUR-C09379,C09379,TransUnion,644,B,2026-04-23,2,5,2264503.42,1,{}
EV-BUR-C09380,C09380,Metropol,841,A,2026-04-21,1,5,1972440.38,4,{}
EV-BUR-C09381,C09381,Metropol,677,B,2026-04-22,0,1,1154009.82,1,{}
EV-BUR-C09382,C09382,TransUnion,749,A,2026-04-25,2,5,2148586.61,3,{}
EV-BUR-C09383,C09383,CreditInfo,770,A,2026-04-22,0,4,2422901.11,4,{}
EV-BUR-C09384,C09384,TransUnion,556,C,2026-04-21,1,7,631561.52,4,{}
EV-BUR-C09385,C09385,Metropol,810,A,2026-04-20,1,2,1563410.84,0,{}
EV-BUR-C09386,C09386,TransUnion,656,B,2026-04-25,2,6,3974108.50,0,{}
EV-BUR-C09387,C09387,Metropol,788,A,2026-04-23,1,6,3173980.09,0,{}
EV-BUR-C09388,C09388,Metropol,557,C,2026-04-20,0,5,419558.64,0,{}
EV-BUR-C09389,C09389,Metropol,723,A,2026-04-26,1,4,2009234.77,4,{}
EV-BUR-C09390,C09390,CreditInfo,847,A,2026-04-24,1,6,2556922.95,1,{}
EV-BUR-C09391,C09391,CreditInfo,587,C,2026-04-22,0,5,1609707.97,2,{}
EV-BUR-C09392,C09392,CreditInfo,829,A,2026-04-24,2,4,3168028.50,3,{}
EV-BUR-C09393,C09393,Metropol,617,B,2026-04-24,2,3,2866705.96,3,{}
EV-BUR-C09394,C09394,TransUnion,419,D,2026-04-22,3,5,3953484.88,2,{}
EV-BUR-C09395,C09395,Metropol,584,C,2026-04-23,2,1,3973885.42,3,{}
EV-BUR-C09396,C09396,TransUnion,803,A,2026-04-20,1,1,721946.14,0,{}
EV-BUR-C09397,C09397,Metropol,605,B,2026-04-21,2,6,178605.18,4,{}
EV-BUR-C09398,C09398,Metropol,817,A,2026-04-24,2,7,2938564.31,1,{}
EV-BUR-C09399,C09399,TransUnion,771,A,2026-04-23,2,1,980591.85,4,{}
EV-BUR-C09400,C09400,CreditInfo,451,D,2026-04-24,3,7,58191.78,1,{}
EV-BUR-C09401,C09401,CreditInfo,562,C,2026-04-20,2,4,2475621.08,2,{}
EV-BUR-C09402,C09402,CreditInfo,845,A,2026-04-24,2,5,580181.56,1,{}
EV-BUR-C09403,C09403,Metropol,802,A,2026-04-25,0,2,884463.67,3,{}
EV-BUR-C09404,C09404,Metropol,833,A,2026-04-20,1,5,1234443.70,3,{}
EV-BUR-C09405,C09405,TransUnion,593,C,2026-04-23,0,4,3196193.44,0,{}
EV-BUR-C09406,C09406,CreditInfo,753,A,2026-04-20,2,5,851219.59,3,{}
EV-BUR-C09407,C09407,Metropol,542,C,2026-04-26,2,6,789769.47,2,{}
EV-BUR-C09408,C09408,TransUnion,729,A,2026-04-22,2,1,1189425.79,4,{}
EV-BUR-C09409,C09409,CreditInfo,786,A,2026-04-24,2,4,628043.41,3,{}
EV-BUR-C09410,C09410,TransUnion,571,C,2026-04-24,2,3,1637690.26,2,{}
EV-BUR-C09411,C09411,CreditInfo,751,A,2026-04-22,0,1,3477847.65,4,{}
EV-BUR-C09412,C09412,TransUnion,566,C,2026-04-21,0,7,621560.24,4,{}
EV-BUR-C09413,C09413,TransUnion,618,B,2026-04-26,0,7,2288293.35,3,{}
EV-BUR-C09414,C09414,TransUnion,590,C,2026-04-21,2,7,1107436.53,4,{}
EV-BUR-C09415,C09415,Metropol,375,E,2026-04-24,3,2,3350078.05,0,{}
EV-BUR-C09416,C09416,TransUnion,620,B,2026-04-20,2,2,1949967.68,2,{}
EV-BUR-C09417,C09417,CreditInfo,740,A,2026-04-24,1,5,2847354.67,0,{}
EV-BUR-C09418,C09418,Metropol,830,A,2026-04-22,1,3,1140766.79,3,{}
EV-BUR-C09419,C09419,CreditInfo,725,A,2026-04-23,1,7,711571.41,0,{}
EV-BUR-C09420,C09420,Metropol,717,B,2026-04-22,2,5,2808936.27,4,{}
EV-BUR-C09421,C09421,Metropol,466,D,2026-04-26,9,1,2777792.06,4,{}
EV-BUR-C09422,C09422,TransUnion,654,B,2026-04-24,2,7,260114.01,0,{}
EV-BUR-C09423,C09423,Metropol,607,B,2026-04-22,2,2,3413300.57,4,{}
EV-BUR-C09424,C09424,TransUnion,727,A,2026-04-24,1,2,3439348.52,4,{}
EV-BUR-C09425,C09425,Metropol,457,D,2026-04-22,3,7,3515194.95,4,{}
EV-BUR-C09426,C09426,TransUnion,567,C,2026-04-21,1,6,434832.25,1,{}
EV-BUR-C09427,C09427,TransUnion,359,E,2026-04-23,8,6,1007013.92,3,{}
EV-BUR-C09428,C09428,TransUnion,800,A,2026-04-21,1,4,3113644.98,3,{}
EV-BUR-C09429,C09429,CreditInfo,756,A,2026-04-24,1,4,3131325.22,3,{}
EV-BUR-C09430,C09430,Metropol,624,B,2026-04-26,2,7,3609063.61,0,{}
EV-BUR-C09431,C09431,CreditInfo,699,B,2026-04-24,1,5,1428326.71,0,{}
EV-BUR-C09432,C09432,TransUnion,777,A,2026-04-23,2,6,1519156.03,4,{}
EV-BUR-C09433,C09433,Metropol,609,B,2026-04-23,0,2,3462660.69,2,{}
EV-BUR-C09434,C09434,TransUnion,649,B,2026-04-25,2,4,1188424.50,2,{}
EV-BUR-C09435,C09435,Metropol,807,A,2026-04-21,1,5,54697.92,1,{}
EV-BUR-C09436,C09436,Metropol,593,C,2026-04-25,0,6,1390711.55,1,{}
EV-BUR-C09437,C09437,CreditInfo,609,B,2026-04-23,0,5,614149.69,1,{}
EV-BUR-C09438,C09438,TransUnion,731,A,2026-04-23,2,3,2846596.63,0,{}
EV-BUR-C09439,C09439,CreditInfo,839,A,2026-04-24,2,4,3301021.40,1,{}
EV-BUR-C09440,C09440,CreditInfo,742,A,2026-04-24,0,6,1874057.75,0,{}
EV-BUR-C09441,C09441,CreditInfo,627,B,2026-04-20,1,7,2810971.42,0,{}
EV-BUR-C09442,C09442,Metropol,835,A,2026-04-22,0,1,2993432.16,3,{}
EV-BUR-C09443,C09443,TransUnion,603,B,2026-04-21,0,2,1146724.69,3,{}
EV-BUR-C09444,C09444,Metropol,738,A,2026-04-20,1,6,2969328.53,2,{}
EV-BUR-C09445,C09445,CreditInfo,650,B,2026-04-25,1,6,2294413.56,2,{}
EV-BUR-C09446,C09446,CreditInfo,689,B,2026-04-23,0,5,2912543.02,3,{}
EV-BUR-C09447,C09447,TransUnion,368,E,2026-04-23,5,6,2001766.05,4,{}
EV-BUR-C09448,C09448,Metropol,640,B,2026-04-25,0,6,2233518.20,1,{}
EV-BUR-C09449,C09449,TransUnion,560,C,2026-04-21,1,3,1263442.07,0,{}
EV-BUR-C09450,C09450,CreditInfo,440,D,2026-04-22,7,3,173427.49,3,{}
EV-BUR-C09451,C09451,Metropol,737,A,2026-04-24,2,3,3008922.06,4,{}
EV-BUR-C09452,C09452,TransUnion,430,D,2026-04-21,3,2,3364366.23,2,{}
EV-BUR-C09453,C09453,TransUnion,609,B,2026-04-24,2,6,1212584.94,4,{}
EV-BUR-C09454,C09454,Metropol,653,B,2026-04-22,2,6,1303322.16,3,{}
EV-BUR-C09455,C09455,CreditInfo,727,A,2026-04-21,1,3,450989.32,3,{}
EV-BUR-C09456,C09456,TransUnion,717,B,2026-04-22,0,3,972609.90,0,{}
EV-BUR-C09457,C09457,CreditInfo,690,B,2026-04-21,1,7,1078495.79,4,{}
EV-BUR-C09458,C09458,TransUnion,697,B,2026-04-22,2,3,2686808.48,3,{}
EV-BUR-C09459,C09459,TransUnion,777,A,2026-04-26,0,4,3428189.65,0,{}
EV-BUR-C09460,C09460,CreditInfo,684,B,2026-04-20,1,3,954482.80,3,{}
EV-BUR-C09461,C09461,CreditInfo,811,A,2026-04-24,1,5,57424.98,2,{}
EV-BUR-C09462,C09462,Metropol,789,A,2026-04-24,2,3,1592337.69,0,{}
EV-BUR-C09463,C09463,Metropol,720,A,2026-04-24,0,5,1149952.16,3,{}
EV-BUR-C09464,C09464,TransUnion,547,C,2026-04-26,1,1,2250113.88,2,{}
EV-BUR-C09465,C09465,Metropol,826,A,2026-04-21,1,1,2994251.16,2,{}
EV-BUR-C09466,C09466,TransUnion,572,C,2026-04-22,0,5,2348183.96,0,{}
EV-BUR-C09467,C09467,CreditInfo,708,B,2026-04-23,0,6,3426543.48,0,{}
EV-BUR-C09468,C09468,Metropol,570,C,2026-04-23,0,3,3476723.11,2,{}
EV-BUR-C09469,C09469,Metropol,662,B,2026-04-24,1,3,865455.93,2,{}
EV-BUR-C09470,C09470,TransUnion,831,A,2026-04-25,0,1,114211.96,2,{}
EV-BUR-C09471,C09471,CreditInfo,787,A,2026-04-26,2,4,2780345.28,2,{}
EV-BUR-C09472,C09472,TransUnion,557,C,2026-04-26,2,2,2209644.41,0,{}
EV-BUR-C09473,C09473,Metropol,701,B,2026-04-22,2,7,2016022.93,1,{}
EV-BUR-C09474,C09474,Metropol,721,A,2026-04-21,0,2,1392740.26,0,{}
EV-BUR-C09475,C09475,CreditInfo,640,B,2026-04-20,0,5,1455935.54,2,{}
EV-BUR-C09476,C09476,Metropol,788,A,2026-04-23,1,1,2269825.04,3,{}
EV-BUR-C09477,C09477,TransUnion,627,B,2026-04-21,1,1,2065173.24,3,{}
EV-BUR-C09478,C09478,Metropol,768,A,2026-04-25,0,1,2663362.04,3,{}
EV-BUR-C09479,C09479,Metropol,623,B,2026-04-24,0,2,3160522.96,0,{}
EV-BUR-C09480,C09480,CreditInfo,640,B,2026-04-22,2,2,438369.04,2,{}
EV-BUR-C09481,C09481,TransUnion,670,B,2026-04-21,0,6,3558043.79,1,{}
EV-BUR-C09482,C09482,CreditInfo,753,A,2026-04-21,1,7,2469606.40,2,{}
EV-BUR-C09483,C09483,TransUnion,566,C,2026-04-22,1,1,3175934.17,4,{}
EV-BUR-C09484,C09484,TransUnion,776,A,2026-04-23,1,6,1194951.56,4,{}
EV-BUR-C09485,C09485,Metropol,728,A,2026-04-22,1,7,3581584.86,4,{}
EV-BUR-C09486,C09486,CreditInfo,583,C,2026-04-24,0,6,1529318.92,4,{}
EV-BUR-C09487,C09487,Metropol,704,B,2026-04-24,1,2,3268271.00,4,{}
EV-BUR-C09488,C09488,Metropol,850,A,2026-04-20,2,6,3986083.91,3,{}
EV-BUR-C09489,C09489,TransUnion,609,B,2026-04-23,1,6,1412968.19,2,{}
EV-BUR-C09490,C09490,TransUnion,738,A,2026-04-25,2,7,3906489.12,4,{}
EV-BUR-C09491,C09491,TransUnion,580,C,2026-04-24,0,4,831051.62,1,{}
EV-BUR-C09492,C09492,Metropol,607,B,2026-04-24,2,1,3844568.97,1,{}
EV-BUR-C09493,C09493,TransUnion,634,B,2026-04-26,2,2,71246.41,4,{}
EV-BUR-C09494,C09494,Metropol,814,A,2026-04-24,2,4,1497398.27,3,{}
EV-BUR-C09495,C09495,TransUnion,779,A,2026-04-22,2,4,3548844.04,0,{}
EV-BUR-C09496,C09496,TransUnion,730,A,2026-04-20,2,1,1062768.89,0,{}
EV-BUR-C09497,C09497,CreditInfo,752,A,2026-04-25,2,3,3757452.48,0,{}
EV-BUR-C09498,C09498,TransUnion,662,B,2026-04-21,0,2,807908.95,2,{}
EV-BUR-C09499,C09499,Metropol,704,B,2026-04-25,0,7,3222192.50,0,{}
EV-BUR-C09500,C09500,CreditInfo,694,B,2026-04-22,2,3,110721.58,2,{}
EV-BUR-C09501,C09501,Metropol,560,C,2026-04-22,2,6,1018916.60,1,{}
EV-BUR-C09502,C09502,CreditInfo,520,C,2026-04-25,3,7,2393697.21,4,{}
EV-BUR-C09503,C09503,TransUnion,803,A,2026-04-22,1,1,564366.00,2,{}
EV-BUR-C09504,C09504,Metropol,650,B,2026-04-25,1,3,852936.40,0,{}
EV-BUR-C09505,C09505,Metropol,568,C,2026-04-24,0,3,92570.34,0,{}
EV-BUR-C09506,C09506,TransUnion,665,B,2026-04-20,2,3,489356.63,2,{}
EV-BUR-C09507,C09507,CreditInfo,601,B,2026-04-20,1,1,148992.47,2,{}
EV-BUR-C09508,C09508,Metropol,607,B,2026-04-26,0,7,1805759.43,4,{}
EV-BUR-C09509,C09509,CreditInfo,840,A,2026-04-20,2,4,2912069.89,2,{}
EV-BUR-C09510,C09510,TransUnion,320,E,2026-04-25,6,5,3669547.20,0,{}
EV-BUR-C09511,C09511,CreditInfo,653,B,2026-04-23,1,6,471938.83,1,{}
EV-BUR-C09512,C09512,CreditInfo,802,A,2026-04-24,1,4,3505801.94,2,{}
EV-BUR-C09513,C09513,CreditInfo,687,B,2026-04-24,0,5,1653728.86,1,{}
EV-BUR-C09514,C09514,Metropol,670,B,2026-04-26,0,1,783212.74,1,{}
EV-BUR-C09515,C09515,CreditInfo,805,A,2026-04-24,2,1,3187096.68,1,{}
EV-BUR-C09516,C09516,Metropol,644,B,2026-04-25,2,3,1301159.67,3,{}
EV-BUR-C09517,C09517,Metropol,704,B,2026-04-21,1,4,1218349.31,2,{}
EV-BUR-C09518,C09518,CreditInfo,404,D,2026-04-20,3,6,2458318.67,3,{}
EV-BUR-C09519,C09519,Metropol,769,A,2026-04-25,1,4,3088164.20,1,{}
EV-BUR-C09520,C09520,CreditInfo,633,B,2026-04-26,2,2,690897.14,0,{}
EV-BUR-C09521,C09521,TransUnion,784,A,2026-04-23,0,2,2263870.83,3,{}
EV-BUR-C09522,C09522,Metropol,740,A,2026-04-24,2,2,1905259.20,4,{}
EV-BUR-C09523,C09523,Metropol,789,A,2026-04-24,2,2,3559774.19,3,{}
EV-BUR-C09524,C09524,Metropol,694,B,2026-04-22,0,5,3026753.60,3,{}
EV-BUR-C09525,C09525,Metropol,681,B,2026-04-26,2,5,368227.40,1,{}
EV-BUR-C09526,C09526,CreditInfo,292,E,2026-04-26,7,2,2093000.29,2,{}
EV-BUR-C09527,C09527,Metropol,608,B,2026-04-23,1,1,645219.24,3,{}
EV-BUR-C09528,C09528,TransUnion,831,A,2026-04-22,1,5,1127421.74,1,{}
EV-BUR-C09529,C09529,TransUnion,582,C,2026-04-21,2,1,2912580.63,3,{}
EV-BUR-C09530,C09530,CreditInfo,748,A,2026-04-25,2,4,3623584.30,2,{}
EV-BUR-C09531,C09531,CreditInfo,577,C,2026-04-20,1,4,1920344.72,4,{}
EV-BUR-C09532,C09532,CreditInfo,704,B,2026-04-26,2,2,1197199.57,3,{}
EV-BUR-C09533,C09533,TransUnion,694,B,2026-04-26,2,7,3459542.83,2,{}
EV-BUR-C09534,C09534,Metropol,747,A,2026-04-21,0,6,3006169.50,0,{}
EV-BUR-C09535,C09535,TransUnion,618,B,2026-04-23,2,6,2744998.30,0,{}
EV-BUR-C09536,C09536,CreditInfo,310,E,2026-04-23,8,7,3498926.11,0,{}
EV-BUR-C09537,C09537,Metropol,724,A,2026-04-24,0,7,1174258.07,3,{}
EV-BUR-C09538,C09538,TransUnion,768,A,2026-04-21,0,4,2793550.48,3,{}
EV-BUR-C09539,C09539,CreditInfo,708,B,2026-04-24,2,6,2862524.03,0,{}
EV-BUR-C09540,C09540,CreditInfo,669,B,2026-04-26,2,1,2307684.08,3,{}
EV-BUR-C09541,C09541,Metropol,746,A,2026-04-24,0,3,2685836.16,1,{}
EV-BUR-C09542,C09542,Metropol,833,A,2026-04-25,2,3,3899053.33,4,{}
EV-BUR-C09543,C09543,CreditInfo,830,A,2026-04-24,1,6,1379806.41,1,{}
EV-BUR-C09544,C09544,Metropol,633,B,2026-04-20,0,7,3644306.57,2,{}
EV-BUR-C09545,C09545,CreditInfo,610,B,2026-04-25,1,6,1009280.30,4,{}
EV-BUR-C09546,C09546,TransUnion,550,C,2026-04-25,0,3,296869.36,4,{}
EV-BUR-C09547,C09547,TransUnion,728,A,2026-04-20,1,2,3930416.34,1,{}
EV-BUR-C09548,C09548,Metropol,653,B,2026-04-21,0,6,3484974.15,2,{}
EV-BUR-C09549,C09549,Metropol,680,B,2026-04-26,2,6,558124.39,1,{}
EV-BUR-C09550,C09550,Metropol,543,C,2026-04-24,0,7,2116607.51,3,{}
EV-BUR-C09551,C09551,Metropol,335,E,2026-04-23,6,7,1038567.25,4,{}
EV-BUR-C09552,C09552,TransUnion,850,A,2026-04-25,1,6,1159548.77,4,{}
EV-BUR-C09553,C09553,CreditInfo,630,B,2026-04-21,2,1,2269341.77,0,{}
EV-BUR-C09554,C09554,CreditInfo,818,A,2026-04-21,2,5,300611.19,0,{}
EV-BUR-C09555,C09555,CreditInfo,575,C,2026-04-22,1,7,2559899.99,0,{}
EV-BUR-C09556,C09556,Metropol,844,A,2026-04-22,0,2,1470698.43,1,{}
EV-BUR-C09557,C09557,TransUnion,805,A,2026-04-25,2,6,2190342.95,0,{}
EV-BUR-C09558,C09558,Metropol,772,A,2026-04-22,0,3,3018224.50,1,{}
EV-BUR-C09559,C09559,CreditInfo,692,B,2026-04-25,0,1,3813182.04,0,{}
EV-BUR-C09560,C09560,Metropol,678,B,2026-04-25,2,6,1359605.53,0,{}
EV-BUR-C09561,C09561,Metropol,629,B,2026-04-23,1,2,1592975.17,3,{}
EV-BUR-C09562,C09562,Metropol,573,C,2026-04-21,1,1,2384225.47,0,{}
EV-BUR-C09563,C09563,Metropol,657,B,2026-04-23,1,3,490883.22,3,{}
EV-BUR-C09564,C09564,CreditInfo,617,B,2026-04-24,1,1,3368155.80,4,{}
EV-BUR-C09565,C09565,CreditInfo,706,B,2026-04-23,2,2,1883807.41,3,{}
EV-BUR-C09566,C09566,TransUnion,562,C,2026-04-20,2,5,2378692.09,3,{}
EV-BUR-C09567,C09567,CreditInfo,699,B,2026-04-24,0,4,3664704.56,0,{}
EV-BUR-C09568,C09568,TransUnion,569,C,2026-04-20,2,6,635128.50,0,{}
EV-BUR-C09569,C09569,TransUnion,832,A,2026-04-22,0,4,2622065.49,1,{}
EV-BUR-C09570,C09570,TransUnion,823,A,2026-04-25,0,6,392650.16,1,{}
EV-BUR-C09571,C09571,CreditInfo,577,C,2026-04-25,0,3,2108331.33,3,{}
EV-BUR-C09572,C09572,CreditInfo,615,B,2026-04-23,0,6,3388624.74,3,{}
EV-BUR-C09573,C09573,CreditInfo,725,A,2026-04-23,0,6,997304.98,2,{}
EV-BUR-C09574,C09574,Metropol,839,A,2026-04-22,0,1,2083644.49,3,{}
EV-BUR-C09575,C09575,TransUnion,292,E,2026-04-23,7,6,499152.08,3,{}
EV-BUR-C09576,C09576,Metropol,769,A,2026-04-23,2,1,1357935.93,1,{}
EV-BUR-C09577,C09577,TransUnion,706,B,2026-04-25,0,4,3518437.29,0,{}
EV-BUR-C09578,C09578,TransUnion,673,B,2026-04-21,0,6,916582.57,1,{}
EV-BUR-C09579,C09579,Metropol,719,B,2026-04-22,0,3,2346634.01,4,{}
EV-BUR-C09580,C09580,TransUnion,628,B,2026-04-21,2,7,194900.71,4,{}
EV-BUR-C09581,C09581,TransUnion,552,C,2026-04-24,2,7,3118727.28,3,{}
EV-BUR-C09582,C09582,Metropol,554,C,2026-04-25,1,2,3529752.07,2,{}
EV-BUR-C09583,C09583,TransUnion,654,B,2026-04-26,0,3,2846576.15,2,{}
EV-BUR-C09584,C09584,CreditInfo,674,B,2026-04-26,1,1,1609869.56,1,{}
EV-BUR-C09585,C09585,TransUnion,586,C,2026-04-26,1,6,183278.54,4,{}
EV-BUR-C09586,C09586,Metropol,815,A,2026-04-25,0,4,2814018.28,0,{}
EV-BUR-C09587,C09587,Metropol,834,A,2026-04-24,0,2,802251.00,0,{}
EV-BUR-C09588,C09588,TransUnion,736,A,2026-04-21,1,2,653534.29,1,{}
EV-BUR-C09589,C09589,Metropol,652,B,2026-04-21,0,5,1370154.87,0,{}
EV-BUR-C09590,C09590,CreditInfo,569,C,2026-04-21,2,3,207874.20,1,{}
EV-BUR-C09591,C09591,Metropol,736,A,2026-04-26,2,7,1005920.69,1,{}
EV-BUR-C09592,C09592,TransUnion,457,D,2026-04-20,5,2,3515179.01,0,{}
EV-BUR-C09593,C09593,CreditInfo,811,A,2026-04-23,1,4,1591881.95,2,{}
EV-BUR-C09594,C09594,TransUnion,804,A,2026-04-25,2,1,3862031.24,1,{}
EV-BUR-C09595,C09595,CreditInfo,702,B,2026-04-25,1,5,3191354.85,2,{}
EV-BUR-C09596,C09596,Metropol,774,A,2026-04-22,1,2,3257732.03,2,{}
EV-BUR-C09597,C09597,Metropol,846,A,2026-04-21,1,7,1078435.38,1,{}
EV-BUR-C09598,C09598,Metropol,815,A,2026-04-23,1,3,1323359.87,3,{}
EV-BUR-C09599,C09599,TransUnion,591,C,2026-04-26,2,1,2050617.00,0,{}
EV-BUR-C09600,C09600,CreditInfo,597,C,2026-04-21,0,4,3075101.55,3,{}
EV-BUR-C09601,C09601,Metropol,711,B,2026-04-20,0,7,1923863.24,1,{}
EV-BUR-C09602,C09602,TransUnion,844,A,2026-04-21,2,6,2001652.97,0,{}
EV-BUR-C09603,C09603,Metropol,759,A,2026-04-21,2,7,1219011.43,3,{}
EV-BUR-C09604,C09604,CreditInfo,758,A,2026-04-22,1,4,2720493.24,4,{}
EV-BUR-C09605,C09605,Metropol,657,B,2026-04-26,0,3,642697.50,0,{}
EV-BUR-C09606,C09606,CreditInfo,639,B,2026-04-24,2,6,3212372.79,4,{}
EV-BUR-C09607,C09607,Metropol,702,B,2026-04-24,2,2,1038017.81,4,{}
EV-BUR-C09608,C09608,TransUnion,411,D,2026-04-23,9,2,3884779.80,2,{}
EV-BUR-C09609,C09609,TransUnion,754,A,2026-04-23,0,2,2148232.97,4,{}
EV-BUR-C09610,C09610,CreditInfo,609,B,2026-04-23,2,6,1739087.11,2,{}
EV-BUR-C09611,C09611,TransUnion,305,E,2026-04-20,3,7,3172791.37,2,{}
EV-BUR-C09612,C09612,CreditInfo,789,A,2026-04-24,1,6,3588543.94,3,{}
EV-BUR-C09613,C09613,TransUnion,637,B,2026-04-26,1,7,1904186.91,0,{}
EV-BUR-C09614,C09614,Metropol,655,B,2026-04-20,0,2,2006878.06,1,{}
EV-BUR-C09615,C09615,TransUnion,648,B,2026-04-21,1,3,1203268.37,1,{}
EV-BUR-C09616,C09616,CreditInfo,763,A,2026-04-22,0,6,2362926.78,3,{}
EV-BUR-C09617,C09617,TransUnion,789,A,2026-04-23,0,5,2551598.31,1,{}
EV-BUR-C09618,C09618,TransUnion,643,B,2026-04-20,1,4,1964018.24,0,{}
EV-BUR-C09619,C09619,Metropol,700,B,2026-04-21,0,1,537472.14,2,{}
EV-BUR-C09620,C09620,TransUnion,729,A,2026-04-24,2,3,2881677.71,0,{}
EV-BUR-C09621,C09621,CreditInfo,833,A,2026-04-23,2,2,3413766.43,3,{}
EV-BUR-C09622,C09622,CreditInfo,617,B,2026-04-23,1,3,3399792.70,2,{}
EV-BUR-C09623,C09623,TransUnion,814,A,2026-04-20,0,6,1757708.43,0,{}
EV-BUR-C09624,C09624,Metropol,613,B,2026-04-25,1,3,314696.86,2,{}
EV-BUR-C09625,C09625,CreditInfo,664,B,2026-04-25,1,3,1363303.32,4,{}
EV-BUR-C09626,C09626,TransUnion,585,C,2026-04-25,2,3,2964011.05,3,{}
EV-BUR-C09627,C09627,Metropol,581,C,2026-04-21,1,5,3503919.38,4,{}
EV-BUR-C09628,C09628,TransUnion,700,B,2026-04-24,2,2,3886132.16,0,{}
EV-BUR-C09629,C09629,TransUnion,680,B,2026-04-20,1,6,2809777.88,2,{}
EV-BUR-C09630,C09630,TransUnion,723,A,2026-04-21,2,7,3934389.82,0,{}
EV-BUR-C09631,C09631,Metropol,722,A,2026-04-21,1,5,1737699.42,3,{}
EV-BUR-C09632,C09632,TransUnion,735,A,2026-04-24,2,2,3576464.80,0,{}
EV-BUR-C09633,C09633,CreditInfo,719,B,2026-04-23,1,6,2724400.08,3,{}
EV-BUR-C09634,C09634,Metropol,546,C,2026-04-26,1,7,3057352.79,2,{}
EV-BUR-C09635,C09635,CreditInfo,738,A,2026-04-26,0,1,2091821.25,3,{}
EV-BUR-C09636,C09636,Metropol,638,B,2026-04-20,2,1,1410953.02,3,{}
EV-BUR-C09637,C09637,TransUnion,548,C,2026-04-24,1,7,3996769.19,1,{}
EV-BUR-C09638,C09638,Metropol,695,B,2026-04-22,0,7,3880640.28,0,{}
EV-BUR-C09639,C09639,TransUnion,813,A,2026-04-21,0,2,89549.80,1,{}
EV-BUR-C09640,C09640,CreditInfo,744,A,2026-04-25,2,5,1040282.37,3,{}
EV-BUR-C09641,C09641,TransUnion,699,B,2026-04-26,0,2,2407130.74,2,{}
EV-BUR-C09642,C09642,TransUnion,576,C,2026-04-22,1,4,1230510.65,4,{}
EV-BUR-C09643,C09643,Metropol,712,B,2026-04-25,2,5,1266493.38,0,{}
EV-BUR-C09644,C09644,CreditInfo,841,A,2026-04-21,2,1,1988524.45,3,{}
EV-BUR-C09645,C09645,Metropol,785,A,2026-04-23,1,6,113626.99,0,{}
EV-BUR-C09646,C09646,CreditInfo,724,A,2026-04-26,2,1,2239811.57,4,{}
EV-BUR-C09647,C09647,Metropol,707,B,2026-04-25,2,1,870390.73,0,{}
EV-BUR-C09648,C09648,Metropol,816,A,2026-04-20,0,5,460651.84,3,{}
EV-BUR-C09649,C09649,CreditInfo,805,A,2026-04-24,2,1,3112725.85,0,{}
EV-BUR-C09650,C09650,Metropol,668,B,2026-04-26,1,3,3807488.27,2,{}
EV-BUR-C09651,C09651,Metropol,549,C,2026-04-22,2,1,521551.48,4,{}
EV-BUR-C09652,C09652,Metropol,489,D,2026-04-26,4,1,2779208.22,3,{}
EV-BUR-C09653,C09653,Metropol,797,A,2026-04-26,1,7,1418404.94,2,{}
EV-BUR-C09654,C09654,Metropol,790,A,2026-04-24,1,7,2995100.37,4,{}
EV-BUR-C09655,C09655,TransUnion,585,C,2026-04-25,2,1,3851417.11,0,{}
EV-BUR-C09656,C09656,TransUnion,613,B,2026-04-24,1,6,3900320.50,0,{}
EV-BUR-C09657,C09657,CreditInfo,842,A,2026-04-25,1,4,928839.77,0,{}
EV-BUR-C09658,C09658,Metropol,681,B,2026-04-20,2,6,3552125.50,1,{}
EV-BUR-C09659,C09659,CreditInfo,750,A,2026-04-24,0,1,1191899.47,4,{}
EV-BUR-C09660,C09660,CreditInfo,483,D,2026-04-21,4,5,932919.37,2,{}
EV-BUR-C09661,C09661,TransUnion,820,A,2026-04-24,2,1,3062060.98,1,{}
EV-BUR-C09662,C09662,CreditInfo,748,A,2026-04-21,2,5,2596068.05,1,{}
EV-BUR-C09663,C09663,Metropol,836,A,2026-04-21,1,7,2044020.73,4,{}
EV-BUR-C09664,C09664,TransUnion,649,B,2026-04-25,1,1,1695477.89,2,{}
EV-BUR-C09665,C09665,CreditInfo,630,B,2026-04-25,2,7,3995554.94,0,{}
EV-BUR-C09666,C09666,TransUnion,727,A,2026-04-25,0,6,208411.01,4,{}
EV-BUR-C09667,C09667,TransUnion,652,B,2026-04-25,2,6,3851013.91,4,{}
EV-BUR-C09668,C09668,Metropol,750,A,2026-04-21,1,1,887828.93,1,{}
EV-BUR-C09669,C09669,TransUnion,659,B,2026-04-23,2,6,3670850.59,0,{}
EV-BUR-C09670,C09670,Metropol,665,B,2026-04-20,1,6,608632.97,0,{}
EV-BUR-C09671,C09671,Metropol,649,B,2026-04-25,1,1,1612818.70,1,{}
EV-BUR-C09672,C09672,Metropol,578,C,2026-04-25,1,6,612751.06,2,{}
EV-BUR-C09673,C09673,Metropol,670,B,2026-04-23,2,2,3696275.97,1,{}
EV-BUR-C09674,C09674,TransUnion,746,A,2026-04-21,2,7,1107203.85,3,{}
EV-BUR-C09675,C09675,Metropol,806,A,2026-04-24,2,3,2372207.08,2,{}
EV-BUR-C09676,C09676,Metropol,791,A,2026-04-24,0,7,959851.05,1,{}
EV-BUR-C09677,C09677,Metropol,798,A,2026-04-20,1,6,2134617.09,0,{}
EV-BUR-C09678,C09678,TransUnion,337,E,2026-04-24,8,4,1608276.91,1,{}
EV-BUR-C09679,C09679,TransUnion,756,A,2026-04-26,1,1,426125.06,1,{}
EV-BUR-C09680,C09680,CreditInfo,723,A,2026-04-20,2,4,1668802.84,3,{}
EV-BUR-C09681,C09681,Metropol,600,B,2026-04-21,1,2,3855098.87,3,{}
EV-BUR-C09682,C09682,Metropol,767,A,2026-04-26,1,4,2329174.92,0,{}
EV-BUR-C09683,C09683,CreditInfo,754,A,2026-04-25,1,4,344310.51,1,{}
EV-BUR-C09684,C09684,CreditInfo,769,A,2026-04-25,2,6,2503033.79,2,{}
EV-BUR-C09685,C09685,TransUnion,751,A,2026-04-24,0,5,1887593.49,2,{}
EV-BUR-C09686,C09686,Metropol,615,B,2026-04-23,1,2,2350349.60,3,{}
EV-BUR-C09687,C09687,CreditInfo,555,C,2026-04-23,0,5,2739513.37,2,{}
EV-BUR-C09688,C09688,TransUnion,605,B,2026-04-23,1,3,1528714.68,1,{}
EV-BUR-C09689,C09689,Metropol,814,A,2026-04-23,0,1,3017863.53,0,{}
EV-BUR-C09690,C09690,CreditInfo,670,B,2026-04-23,2,7,2585646.20,1,{}
EV-BUR-C09691,C09691,CreditInfo,597,C,2026-04-20,1,7,1534568.19,2,{}
EV-BUR-C09692,C09692,Metropol,753,A,2026-04-24,0,7,398195.22,3,{}
EV-BUR-C09693,C09693,Metropol,599,C,2026-04-22,2,1,284339.27,3,{}
EV-BUR-C09694,C09694,TransUnion,822,A,2026-04-23,2,7,2610378.15,3,{}
EV-BUR-C09695,C09695,TransUnion,709,B,2026-04-22,1,5,3107340.41,3,{}
EV-BUR-C09696,C09696,CreditInfo,791,A,2026-04-21,2,1,2048496.90,3,{}
EV-BUR-C09697,C09697,Metropol,828,A,2026-04-20,1,1,880279.39,3,{}
EV-BUR-C09698,C09698,CreditInfo,569,C,2026-04-23,2,5,2635629.27,0,{}
EV-BUR-C09699,C09699,Metropol,624,B,2026-04-21,0,3,2039616.86,0,{}
EV-BUR-C09700,C09700,CreditInfo,820,A,2026-04-24,1,7,313466.98,0,{}
EV-BUR-C09701,C09701,Metropol,564,C,2026-04-26,1,2,3589238.98,1,{}
EV-BUR-C09702,C09702,CreditInfo,838,A,2026-04-20,1,5,378438.23,4,{}
EV-BUR-C09703,C09703,Metropol,695,B,2026-04-21,2,2,1122935.70,4,{}
EV-BUR-C09704,C09704,Metropol,643,B,2026-04-25,1,4,2327154.37,0,{}
EV-BUR-C09705,C09705,TransUnion,657,B,2026-04-24,2,2,2333286.52,2,{}
EV-BUR-C09706,C09706,TransUnion,583,C,2026-04-20,0,3,3632300.54,4,{}
EV-BUR-C09707,C09707,TransUnion,641,B,2026-04-24,2,5,2139127.75,2,{}
EV-BUR-C09708,C09708,TransUnion,711,B,2026-04-26,1,4,1719568.84,1,{}
EV-BUR-C09709,C09709,Metropol,746,A,2026-04-22,0,6,2063279.00,1,{}
EV-BUR-C09710,C09710,CreditInfo,405,D,2026-04-26,6,6,2019232.17,1,{}
EV-BUR-C09711,C09711,TransUnion,704,B,2026-04-21,0,2,1425676.17,3,{}
EV-BUR-C09712,C09712,CreditInfo,585,C,2026-04-26,2,3,305262.73,1,{}
EV-BUR-C09713,C09713,TransUnion,828,A,2026-04-22,0,7,3601898.01,4,{}
EV-BUR-C09714,C09714,Metropol,645,B,2026-04-24,1,5,2140773.90,2,{}
EV-BUR-C09715,C09715,TransUnion,572,C,2026-04-26,1,1,1667510.71,3,{}
EV-BUR-C09716,C09716,Metropol,700,B,2026-04-22,2,1,3807294.06,2,{}
EV-BUR-C09717,C09717,TransUnion,757,A,2026-04-23,0,1,3626514.74,1,{}
EV-BUR-C09718,C09718,TransUnion,600,B,2026-04-21,2,4,1208149.16,0,{}
EV-BUR-C09719,C09719,TransUnion,578,C,2026-04-23,2,6,992933.71,3,{}
EV-BUR-C09720,C09720,Metropol,730,A,2026-04-22,0,3,1057539.13,2,{}
EV-BUR-C09721,C09721,CreditInfo,754,A,2026-04-24,1,3,1305454.63,2,{}
EV-BUR-C09722,C09722,Metropol,831,A,2026-04-26,2,2,2764028.04,1,{}
EV-BUR-C09723,C09723,TransUnion,660,B,2026-04-24,2,4,460469.28,2,{}
EV-BUR-C09724,C09724,TransUnion,754,A,2026-04-23,1,1,630651.72,2,{}
EV-BUR-C09725,C09725,TransUnion,847,A,2026-04-20,1,4,3716031.73,3,{}
EV-BUR-C09726,C09726,TransUnion,726,A,2026-04-26,2,5,2283376.19,0,{}
EV-BUR-C09727,C09727,CreditInfo,582,C,2026-04-23,1,7,3769357.17,1,{}
EV-BUR-C09728,C09728,TransUnion,397,E,2026-04-25,6,3,1146893.70,3,{}
EV-BUR-C09729,C09729,CreditInfo,712,B,2026-04-20,0,6,1345216.86,4,{}
EV-BUR-C09730,C09730,CreditInfo,774,A,2026-04-23,0,1,1883002.36,0,{}
EV-BUR-C09731,C09731,TransUnion,721,A,2026-04-25,2,6,2556942.05,0,{}
EV-BUR-C09732,C09732,CreditInfo,651,B,2026-04-24,0,6,172234.87,1,{}
EV-BUR-C09733,C09733,TransUnion,791,A,2026-04-20,0,2,3679177.09,2,{}
EV-BUR-C09734,C09734,CreditInfo,518,C,2026-04-25,3,3,300298.01,0,{}
EV-BUR-C09735,C09735,CreditInfo,595,C,2026-04-25,2,2,1539758.73,1,{}
EV-BUR-C09736,C09736,Metropol,702,B,2026-04-25,1,2,2897540.88,4,{}
EV-BUR-C09737,C09737,CreditInfo,803,A,2026-04-25,1,7,1424239.72,2,{}
EV-BUR-C09738,C09738,TransUnion,694,B,2026-04-20,1,2,481386.71,4,{}
EV-BUR-C09739,C09739,Metropol,617,B,2026-04-21,0,7,3446166.13,3,{}
EV-BUR-C09740,C09740,CreditInfo,589,C,2026-04-20,1,2,935898.02,4,{}
EV-BUR-C09741,C09741,CreditInfo,566,C,2026-04-22,2,5,1752041.34,1,{}
EV-BUR-C09742,C09742,Metropol,669,B,2026-04-26,0,4,106897.70,2,{}
EV-BUR-C09743,C09743,Metropol,602,B,2026-04-20,0,5,3964506.43,3,{}
EV-BUR-C09744,C09744,CreditInfo,767,A,2026-04-23,1,7,510356.47,4,{}
EV-BUR-C09745,C09745,TransUnion,628,B,2026-04-22,2,7,1891242.48,0,{}
EV-BUR-C09746,C09746,TransUnion,590,C,2026-04-22,2,2,2304900.88,4,{}
EV-BUR-C09747,C09747,Metropol,702,B,2026-04-22,2,3,1289119.36,2,{}
EV-BUR-C09748,C09748,CreditInfo,630,B,2026-04-22,0,7,2558094.18,4,{}
EV-BUR-C09749,C09749,Metropol,837,A,2026-04-21,0,7,2813560.57,4,{}
EV-BUR-C09750,C09750,TransUnion,818,A,2026-04-21,2,2,3898512.58,1,{}
EV-BUR-C09751,C09751,Metropol,658,B,2026-04-24,0,6,1643689.88,1,{}
EV-BUR-C09752,C09752,CreditInfo,610,B,2026-04-26,0,2,3162602.10,1,{}
EV-BUR-C09753,C09753,TransUnion,796,A,2026-04-23,1,1,3758588.23,0,{}
EV-BUR-C09754,C09754,CreditInfo,772,A,2026-04-25,1,7,2770126.91,0,{}
EV-BUR-C09755,C09755,Metropol,844,A,2026-04-26,1,2,1047034.99,4,{}
EV-BUR-C09756,C09756,TransUnion,767,A,2026-04-23,1,6,3621253.48,1,{}
EV-BUR-C09757,C09757,Metropol,822,A,2026-04-25,0,5,2692210.43,0,{}
EV-BUR-C09758,C09758,Metropol,664,B,2026-04-26,1,7,3473414.99,0,{}
EV-BUR-C09759,C09759,CreditInfo,722,A,2026-04-22,1,3,1306292.61,4,{}
EV-BUR-C09760,C09760,Metropol,571,C,2026-04-26,1,3,695272.95,4,{}
EV-BUR-C09761,C09761,TransUnion,559,C,2026-04-22,2,3,616384.28,2,{}
EV-BUR-C09762,C09762,CreditInfo,540,C,2026-04-24,2,3,3208740.90,4,{}
EV-BUR-C09763,C09763,TransUnion,608,B,2026-04-26,1,5,3589369.10,1,{}
EV-BUR-C09764,C09764,Metropol,664,B,2026-04-20,0,1,1112270.60,3,{}
EV-BUR-C09765,C09765,TransUnion,746,A,2026-04-25,1,5,3218271.43,0,{}
EV-BUR-C09766,C09766,CreditInfo,550,C,2026-04-24,0,2,3508417.75,3,{}
EV-BUR-C09767,C09767,CreditInfo,710,B,2026-04-21,2,6,841413.75,2,{}
EV-BUR-C09768,C09768,CreditInfo,711,B,2026-04-20,0,2,107338.26,0,{}
EV-BUR-C09769,C09769,CreditInfo,807,A,2026-04-25,0,2,224756.72,2,{}
EV-BUR-C09770,C09770,Metropol,837,A,2026-04-23,2,7,3681903.49,0,{}
EV-BUR-C09771,C09771,Metropol,812,A,2026-04-26,2,7,2888419.61,0,{}
EV-BUR-C09772,C09772,Metropol,639,B,2026-04-21,1,6,2070006.13,0,{}
EV-BUR-C09773,C09773,CreditInfo,779,A,2026-04-26,0,7,2592708.02,3,{}
EV-BUR-C09774,C09774,Metropol,382,E,2026-04-25,5,4,1394371.42,2,{}
EV-BUR-C09775,C09775,TransUnion,750,A,2026-04-23,2,1,1094070.71,1,{}
EV-BUR-C09776,C09776,CreditInfo,760,A,2026-04-25,2,1,708518.97,2,{}
EV-BUR-C09777,C09777,Metropol,591,C,2026-04-24,1,3,975025.19,3,{}
EV-BUR-C09778,C09778,CreditInfo,720,A,2026-04-22,0,6,409396.10,0,{}
EV-BUR-C09779,C09779,TransUnion,820,A,2026-04-21,0,5,951636.24,0,{}
EV-BUR-C09780,C09780,Metropol,696,B,2026-04-21,2,5,1064703.52,0,{}
EV-BUR-C09781,C09781,Metropol,818,A,2026-04-23,0,2,2164911.12,0,{}
EV-BUR-C09782,C09782,TransUnion,617,B,2026-04-23,1,6,635016.96,3,{}
EV-BUR-C09783,C09783,TransUnion,721,A,2026-04-22,1,6,1192039.02,0,{}
EV-BUR-C09784,C09784,Metropol,616,B,2026-04-21,0,6,279453.57,1,{}
EV-BUR-C09785,C09785,CreditInfo,821,A,2026-04-26,1,2,3368917.34,1,{}
EV-BUR-C09786,C09786,TransUnion,399,E,2026-04-21,7,5,862665.53,0,{}
EV-BUR-C09787,C09787,CreditInfo,631,B,2026-04-26,0,1,3180839.66,0,{}
EV-BUR-C09788,C09788,TransUnion,682,B,2026-04-26,0,7,56732.17,0,{}
EV-BUR-C09789,C09789,TransUnion,589,C,2026-04-25,1,3,1722745.75,0,{}
EV-BUR-C09790,C09790,CreditInfo,568,C,2026-04-24,0,1,1548540.59,4,{}
EV-BUR-C09791,C09791,Metropol,615,B,2026-04-25,1,3,3003253.97,2,{}
EV-BUR-C09792,C09792,TransUnion,717,B,2026-04-22,1,6,850257.20,2,{}
EV-BUR-C09793,C09793,CreditInfo,811,A,2026-04-25,2,5,789498.99,4,{}
EV-BUR-C09794,C09794,Metropol,736,A,2026-04-22,2,3,1629024.60,4,{}
EV-BUR-C09795,C09795,CreditInfo,703,B,2026-04-22,2,2,159363.42,1,{}
EV-BUR-C09796,C09796,CreditInfo,549,C,2026-04-21,2,7,1503650.19,0,{}
EV-BUR-C09797,C09797,TransUnion,656,B,2026-04-20,1,6,3736571.05,3,{}
EV-BUR-C09798,C09798,CreditInfo,594,C,2026-04-25,2,6,464840.63,4,{}
EV-BUR-C09799,C09799,Metropol,794,A,2026-04-21,2,1,1657482.24,4,{}
EV-BUR-C09800,C09800,Metropol,694,B,2026-04-26,1,6,3507200.32,1,{}
EV-BUR-C09801,C09801,Metropol,810,A,2026-04-23,1,3,3056018.39,1,{}
EV-BUR-C09802,C09802,CreditInfo,589,C,2026-04-22,1,6,3571023.19,0,{}
EV-BUR-C09803,C09803,CreditInfo,729,A,2026-04-25,0,6,3593900.15,2,{}
EV-BUR-C09804,C09804,TransUnion,666,B,2026-04-20,0,6,3059971.80,0,{}
EV-BUR-C09805,C09805,CreditInfo,548,C,2026-04-22,1,4,2573205.56,4,{}
EV-BUR-C09806,C09806,Metropol,662,B,2026-04-20,2,7,1928989.75,2,{}
EV-BUR-C09807,C09807,Metropol,554,C,2026-04-23,2,2,2537107.48,2,{}
EV-BUR-C09808,C09808,Metropol,830,A,2026-04-21,2,2,138650.20,2,{}
EV-BUR-C09809,C09809,TransUnion,836,A,2026-04-24,1,1,2598388.68,1,{}
EV-BUR-C09810,C09810,Metropol,816,A,2026-04-23,2,4,2981703.10,0,{}
EV-BUR-C09811,C09811,CreditInfo,574,C,2026-04-22,1,3,820947.18,4,{}
EV-BUR-C09812,C09812,Metropol,720,A,2026-04-22,1,4,3727843.41,1,{}
EV-BUR-C09813,C09813,CreditInfo,726,A,2026-04-25,2,5,2391982.68,3,{}
EV-BUR-C09814,C09814,TransUnion,694,B,2026-04-21,1,4,2462292.28,0,{}
EV-BUR-C09815,C09815,Metropol,850,A,2026-04-22,0,1,3125519.49,3,{}
EV-BUR-C09816,C09816,Metropol,678,B,2026-04-26,1,1,3911391.07,3,{}
EV-BUR-C09817,C09817,CreditInfo,688,B,2026-04-25,0,4,1178538.08,3,{}
EV-BUR-C09818,C09818,Metropol,734,A,2026-04-26,1,6,3202390.85,2,{}
EV-BUR-C09819,C09819,Metropol,776,A,2026-04-20,1,7,1205617.16,2,{}
EV-BUR-C09820,C09820,TransUnion,465,D,2026-04-22,7,5,677273.23,2,{}
EV-BUR-C09821,C09821,CreditInfo,737,A,2026-04-26,2,6,2363211.75,4,{}
EV-BUR-C09822,C09822,TransUnion,703,B,2026-04-23,0,7,117292.09,2,{}
EV-BUR-C09823,C09823,CreditInfo,823,A,2026-04-21,0,2,1701857.08,1,{}
EV-BUR-C09824,C09824,CreditInfo,798,A,2026-04-25,2,7,3988012.94,0,{}
EV-BUR-C09825,C09825,Metropol,835,A,2026-04-23,2,7,2309307.86,2,{}
EV-BUR-C09826,C09826,TransUnion,631,B,2026-04-25,2,2,3491431.36,4,{}
EV-BUR-C09827,C09827,CreditInfo,731,A,2026-04-21,2,5,436947.36,4,{}
EV-BUR-C09828,C09828,Metropol,831,A,2026-04-24,1,4,187495.74,4,{}
EV-BUR-C09829,C09829,TransUnion,590,C,2026-04-22,2,5,1361058.85,0,{}
EV-BUR-C09830,C09830,TransUnion,581,C,2026-04-25,0,2,2389245.50,1,{}
EV-BUR-C09831,C09831,TransUnion,639,B,2026-04-26,2,4,3227519.07,0,{}
EV-BUR-C09832,C09832,CreditInfo,759,A,2026-04-24,0,2,2874975.73,1,{}
EV-BUR-C09833,C09833,CreditInfo,712,B,2026-04-24,2,4,3565393.82,3,{}
EV-BUR-C09834,C09834,TransUnion,555,C,2026-04-26,0,5,2650370.35,2,{}
EV-BUR-C09835,C09835,TransUnion,703,B,2026-04-24,0,4,1652386.43,0,{}
EV-BUR-C09836,C09836,TransUnion,596,C,2026-04-20,2,1,3966093.63,3,{}
EV-BUR-C09837,C09837,CreditInfo,576,C,2026-04-21,1,5,1813774.23,4,{}
EV-BUR-C09838,C09838,TransUnion,732,A,2026-04-26,1,4,2939394.61,0,{}
EV-BUR-C09839,C09839,CreditInfo,611,B,2026-04-25,0,2,3927978.06,4,{}
EV-BUR-C09840,C09840,TransUnion,586,C,2026-04-25,2,3,2516123.54,4,{}
EV-BUR-C09841,C09841,TransUnion,815,A,2026-04-21,2,6,1657196.46,2,{}
EV-BUR-C09842,C09842,CreditInfo,794,A,2026-04-20,2,2,2214343.49,2,{}
EV-BUR-C09843,C09843,TransUnion,778,A,2026-04-20,2,1,3150461.24,2,{}
EV-BUR-C09844,C09844,Metropol,655,B,2026-04-26,2,6,1857695.41,3,{}
EV-BUR-C09845,C09845,Metropol,561,C,2026-04-26,0,6,3210699.28,1,{}
EV-BUR-C09846,C09846,Metropol,403,D,2026-04-24,4,3,934832.14,4,{}
EV-BUR-C09847,C09847,TransUnion,342,E,2026-04-23,7,4,3856625.58,0,{}
EV-BUR-C09848,C09848,Metropol,743,A,2026-04-20,0,2,2676340.06,1,{}
EV-BUR-C09849,C09849,Metropol,745,A,2026-04-21,2,4,1972715.34,0,{}
EV-BUR-C09850,C09850,Metropol,643,B,2026-04-25,1,2,1542680.67,1,{}
EV-BUR-C09851,C09851,TransUnion,767,A,2026-04-20,1,6,363054.36,1,{}
EV-BUR-C09852,C09852,CreditInfo,650,B,2026-04-24,1,1,3779486.99,0,{}
EV-BUR-C09853,C09853,CreditInfo,796,A,2026-04-20,2,1,2758408.43,3,{}
EV-BUR-C09854,C09854,CreditInfo,647,B,2026-04-20,1,5,3740531.60,4,{}
EV-BUR-C09855,C09855,Metropol,602,B,2026-04-22,1,3,1842171.34,1,{}
EV-BUR-C09856,C09856,TransUnion,611,B,2026-04-22,1,7,369191.76,3,{}
EV-BUR-C09857,C09857,TransUnion,702,B,2026-04-26,0,3,56790.53,2,{}
EV-BUR-C09858,C09858,CreditInfo,635,B,2026-04-23,1,6,589999.94,4,{}
EV-BUR-C09859,C09859,CreditInfo,360,E,2026-04-23,7,3,569630.26,2,{}
EV-BUR-C09860,C09860,TransUnion,607,B,2026-04-25,0,2,2325767.80,4,{}
EV-BUR-C09861,C09861,TransUnion,720,A,2026-04-21,2,6,2701713.67,0,{}
EV-BUR-C09862,C09862,Metropol,829,A,2026-04-25,2,2,1968039.52,0,{}
EV-BUR-C09863,C09863,Metropol,658,B,2026-04-24,2,6,1629004.06,0,{}
EV-BUR-C09864,C09864,CreditInfo,634,B,2026-04-23,1,7,2959590.19,4,{}
EV-BUR-C09865,C09865,CreditInfo,697,B,2026-04-25,1,6,1509416.77,2,{}
EV-BUR-C09866,C09866,CreditInfo,598,C,2026-04-23,0,5,3124784.41,3,{}
EV-BUR-C09867,C09867,Metropol,645,B,2026-04-25,0,7,937174.26,0,{}
EV-BUR-C09868,C09868,Metropol,573,C,2026-04-23,1,7,2672422.85,1,{}
EV-BUR-C09869,C09869,TransUnion,623,B,2026-04-24,2,5,1416813.34,0,{}
EV-BUR-C09870,C09870,CreditInfo,828,A,2026-04-26,2,3,1210644.91,4,{}
EV-BUR-C09871,C09871,TransUnion,726,A,2026-04-24,0,4,3542825.51,2,{}
EV-BUR-C09872,C09872,CreditInfo,573,C,2026-04-20,2,1,119010.80,4,{}
EV-BUR-C09873,C09873,CreditInfo,816,A,2026-04-22,0,3,2749325.74,3,{}
EV-BUR-C09874,C09874,CreditInfo,315,E,2026-04-25,6,2,2462688.54,1,{}
EV-BUR-C09875,C09875,Metropol,842,A,2026-04-25,1,4,1809057.06,4,{}
EV-BUR-C09876,C09876,CreditInfo,614,B,2026-04-20,0,3,902812.03,2,{}
EV-BUR-C09877,C09877,Metropol,811,A,2026-04-25,1,2,1939440.28,3,{}
EV-BUR-C09878,C09878,CreditInfo,772,A,2026-04-21,1,4,599870.06,4,{}
EV-BUR-C09879,C09879,TransUnion,669,B,2026-04-21,2,1,1051383.96,2,{}
EV-BUR-C09880,C09880,Metropol,457,D,2026-04-26,9,4,1189282.49,4,{}
EV-BUR-C09881,C09881,CreditInfo,767,A,2026-04-24,2,6,2321936.95,2,{}
EV-BUR-C09882,C09882,TransUnion,564,C,2026-04-26,1,2,3116270.03,4,{}
EV-BUR-C09883,C09883,TransUnion,764,A,2026-04-21,0,5,2419847.85,0,{}
EV-BUR-C09884,C09884,CreditInfo,629,B,2026-04-25,0,7,3538173.53,1,{}
EV-BUR-C09885,C09885,TransUnion,769,A,2026-04-22,0,6,3201915.32,1,{}
EV-BUR-C09886,C09886,Metropol,569,C,2026-04-20,2,3,1524648.16,0,{}
EV-BUR-C09887,C09887,CreditInfo,845,A,2026-04-20,0,7,1236538.14,4,{}
EV-BUR-C09888,C09888,CreditInfo,624,B,2026-04-21,2,7,1727761.28,2,{}
EV-BUR-C09889,C09889,TransUnion,821,A,2026-04-25,2,4,145071.54,0,{}
EV-BUR-C09890,C09890,CreditInfo,761,A,2026-04-25,1,3,833567.03,0,{}
EV-BUR-C09891,C09891,CreditInfo,601,B,2026-04-25,2,3,3985549.10,2,{}
EV-BUR-C09892,C09892,CreditInfo,564,C,2026-04-26,0,5,2108937.78,3,{}
EV-BUR-C09893,C09893,TransUnion,760,A,2026-04-21,0,7,2602063.96,4,{}
EV-BUR-C09894,C09894,Metropol,704,B,2026-04-20,0,7,681296.12,3,{}
EV-BUR-C09895,C09895,Metropol,581,C,2026-04-25,0,6,2260449.80,2,{}
EV-BUR-C09896,C09896,TransUnion,559,C,2026-04-26,2,1,1257442.51,2,{}
EV-BUR-C09897,C09897,Metropol,746,A,2026-04-23,1,1,705561.52,4,{}
EV-BUR-C09898,C09898,CreditInfo,575,C,2026-04-23,0,4,2961550.37,0,{}
EV-BUR-C09899,C09899,Metropol,708,B,2026-04-26,2,3,2396119.29,0,{}
EV-BUR-C09900,C09900,Metropol,728,A,2026-04-25,2,4,1336254.79,0,{}
EV-BUR-C09901,C09901,Metropol,639,B,2026-04-22,0,6,2522383.44,0,{}
EV-BUR-C09902,C09902,TransUnion,794,A,2026-04-23,2,7,258141.77,2,{}
EV-BUR-C09903,C09903,Metropol,556,C,2026-04-24,1,7,294948.66,4,{}
EV-BUR-C09904,C09904,TransUnion,614,B,2026-04-23,2,6,1562324.60,4,{}
EV-BUR-C09905,C09905,Metropol,648,B,2026-04-23,1,5,2951665.53,2,{}
EV-BUR-C09906,C09906,Metropol,590,C,2026-04-20,2,5,1137138.59,0,{}
EV-BUR-C09907,C09907,CreditInfo,559,C,2026-04-22,0,5,2132377.01,1,{}
EV-BUR-C09908,C09908,Metropol,689,B,2026-04-22,2,1,1572865.26,2,{}
EV-BUR-C09909,C09909,Metropol,731,A,2026-04-21,2,4,3716803.37,3,{}
EV-BUR-C09910,C09910,Metropol,593,C,2026-04-24,2,4,3043009.02,0,{}
EV-BUR-C09911,C09911,CreditInfo,850,A,2026-04-20,0,7,3607331.43,1,{}
EV-BUR-C09912,C09912,CreditInfo,459,D,2026-04-26,4,2,312042.44,1,{}
EV-BUR-C09913,C09913,TransUnion,826,A,2026-04-26,1,2,508126.74,3,{}
EV-BUR-C09914,C09914,CreditInfo,694,B,2026-04-20,0,1,3496683.96,2,{}
EV-BUR-C09915,C09915,TransUnion,591,C,2026-04-21,2,1,2888751.66,4,{}
EV-BUR-C09916,C09916,TransUnion,778,A,2026-04-20,2,1,526559.85,4,{}
EV-BUR-C09917,C09917,CreditInfo,632,B,2026-04-26,1,6,1110652.60,4,{}
EV-BUR-C09918,C09918,CreditInfo,588,C,2026-04-25,1,3,3937224.82,1,{}
EV-BUR-C09919,C09919,CreditInfo,627,B,2026-04-22,1,1,469786.28,2,{}
EV-BUR-C09920,C09920,TransUnion,614,B,2026-04-21,1,2,3486526.49,4,{}
EV-BUR-C09921,C09921,CreditInfo,783,A,2026-04-24,0,1,1183593.82,0,{}
EV-BUR-C09922,C09922,TransUnion,724,A,2026-04-26,1,2,2361494.38,0,{}
EV-BUR-C09923,C09923,CreditInfo,706,B,2026-04-22,1,4,102578.14,0,{}
EV-BUR-C09924,C09924,CreditInfo,630,B,2026-04-23,0,7,994842.75,2,{}
EV-BUR-C09925,C09925,Metropol,765,A,2026-04-21,2,6,547852.33,3,{}
EV-BUR-C09926,C09926,CreditInfo,637,B,2026-04-23,1,2,111749.71,3,{}
EV-BUR-C09927,C09927,Metropol,568,C,2026-04-22,2,1,982522.21,0,{}
EV-BUR-C09928,C09928,CreditInfo,659,B,2026-04-21,2,4,1444901.45,4,{}
EV-BUR-C09929,C09929,TransUnion,713,B,2026-04-26,1,4,3512805.05,0,{}
EV-BUR-C09930,C09930,Metropol,690,B,2026-04-24,1,2,1538824.68,3,{}
EV-BUR-C09931,C09931,TransUnion,850,A,2026-04-26,1,3,1464002.39,2,{}
EV-BUR-C09932,C09932,TransUnion,795,A,2026-04-24,2,3,595357.86,3,{}
EV-BUR-C09933,C09933,TransUnion,572,C,2026-04-26,2,4,1517439.41,0,{}
EV-BUR-C09934,C09934,TransUnion,769,A,2026-04-25,0,2,700830.44,0,{}
EV-BUR-C09935,C09935,TransUnion,669,B,2026-04-21,0,6,1865951.87,1,{}
EV-BUR-C09936,C09936,CreditInfo,818,A,2026-04-22,0,1,3250143.30,3,{}
EV-BUR-C09937,C09937,TransUnion,661,B,2026-04-21,0,6,1317931.81,2,{}
EV-BUR-C09938,C09938,Metropol,578,C,2026-04-21,0,2,149279.93,2,{}
EV-BUR-C09939,C09939,TransUnion,765,A,2026-04-25,1,4,3870623.51,0,{}
EV-BUR-C09940,C09940,Metropol,436,D,2026-04-21,5,4,2901518.06,2,{}
EV-BUR-C09941,C09941,TransUnion,629,B,2026-04-23,0,6,2189012.36,2,{}
EV-BUR-C09942,C09942,Metropol,819,A,2026-04-23,2,5,813399.13,3,{}
EV-BUR-C09943,C09943,TransUnion,516,C,2026-04-26,8,4,2813135.14,3,{}
EV-BUR-C09944,C09944,TransUnion,400,D,2026-04-24,3,6,3322784.73,1,{}
EV-BUR-C09945,C09945,CreditInfo,666,B,2026-04-24,1,1,657712.33,0,{}
EV-BUR-C09946,C09946,CreditInfo,588,C,2026-04-22,0,4,955730.73,1,{}
EV-BUR-C09947,C09947,Metropol,625,B,2026-04-22,1,1,567863.36,4,{}
EV-BUR-C09948,C09948,CreditInfo,431,D,2026-04-21,7,2,3164662.74,0,{}
EV-BUR-C09949,C09949,TransUnion,771,A,2026-04-21,0,3,2388277.81,4,{}
EV-BUR-C09950,C09950,CreditInfo,831,A,2026-04-24,0,6,3424463.29,2,{}
EV-BUR-C09951,C09951,TransUnion,699,B,2026-04-20,2,1,749500.97,1,{}
EV-BUR-C09952,C09952,TransUnion,696,B,2026-04-26,0,4,1458079.30,0,{}
EV-BUR-C09953,C09953,Metropol,685,B,2026-04-25,2,4,3855764.16,4,{}
EV-BUR-C09954,C09954,TransUnion,711,B,2026-04-26,2,1,2667617.13,1,{}
EV-BUR-C09955,C09955,TransUnion,628,B,2026-04-21,2,5,610274.74,3,{}
EV-BUR-C09956,C09956,Metropol,845,A,2026-04-26,0,5,3068496.19,4,{}
EV-BUR-C09957,C09957,Metropol,802,A,2026-04-25,1,7,1125468.63,2,{}
EV-BUR-C09958,C09958,CreditInfo,640,B,2026-04-24,0,7,2897205.56,2,{}
EV-BUR-C09959,C09959,TransUnion,837,A,2026-04-20,2,1,1861047.54,4,{}
EV-BUR-C09960,C09960,TransUnion,720,A,2026-04-21,0,4,2933496.18,3,{}
EV-BUR-C09961,C09961,Metropol,806,A,2026-04-21,1,6,3717549.11,2,{}
EV-BUR-C09962,C09962,TransUnion,297,E,2026-04-26,8,1,611052.69,1,{}
EV-BUR-C09963,C09963,CreditInfo,378,E,2026-04-21,4,6,1705830.92,4,{}
EV-BUR-C09964,C09964,TransUnion,283,E,2026-04-25,7,2,2325909.39,0,{}
EV-BUR-C09965,C09965,CreditInfo,643,B,2026-04-22,1,3,3861966.91,0,{}
EV-BUR-C09966,C09966,CreditInfo,511,C,2026-04-26,6,7,2113627.09,1,{}
EV-BUR-C09967,C09967,Metropol,568,C,2026-04-24,1,1,3413599.29,3,{}
EV-BUR-C09968,C09968,CreditInfo,719,B,2026-04-22,0,5,1623451.07,4,{}
EV-BUR-C09969,C09969,Metropol,647,B,2026-04-26,0,5,3379637.68,3,{}
EV-BUR-C09970,C09970,Metropol,719,B,2026-04-21,0,2,3612372.14,3,{}
EV-BUR-C09971,C09971,Metropol,582,C,2026-04-22,0,5,3305197.00,2,{}
EV-BUR-C09972,C09972,CreditInfo,721,A,2026-04-26,0,1,112529.62,2,{}
EV-BUR-C09973,C09973,Metropol,785,A,2026-04-21,1,7,1770518.08,2,{}
EV-BUR-C09974,C09974,TransUnion,603,B,2026-04-25,1,5,2600836.86,2,{}
EV-BUR-C09975,C09975,TransUnion,737,A,2026-04-24,0,2,2198109.02,1,{}
EV-BUR-C09976,C09976,CreditInfo,786,A,2026-04-26,1,5,1349732.62,0,{}
EV-BUR-C09977,C09977,CreditInfo,633,B,2026-04-22,1,3,2496600.59,4,{}
EV-BUR-C09978,C09978,Metropol,425,D,2026-04-21,3,1,3818991.18,3,{}
EV-BUR-C09979,C09979,Metropol,635,B,2026-04-24,2,1,3472636.58,4,{}
EV-BUR-C09980,C09980,TransUnion,779,A,2026-04-21,2,4,1218205.23,4,{}
EV-BUR-C09981,C09981,CreditInfo,575,C,2026-04-20,1,2,3743405.59,1,{}
EV-BUR-C09982,C09982,Metropol,703,B,2026-04-23,0,5,2895467.42,2,{}
EV-BUR-C09983,C09983,TransUnion,840,A,2026-04-26,0,6,2439841.18,4,{}
EV-BUR-C09984,C09984,TransUnion,691,B,2026-04-26,1,3,2589775.59,1,{}
EV-BUR-C09985,C09985,Metropol,595,C,2026-04-21,1,4,3708543.02,1,{}
EV-BUR-C09986,C09986,CreditInfo,810,A,2026-04-24,1,2,1107003.17,2,{}
EV-BUR-C09987,C09987,Metropol,504,C,2026-04-26,8,5,1548129.38,3,{}
EV-BUR-C09988,C09988,Metropol,847,A,2026-04-25,1,7,2833807.67,3,{}
EV-BUR-C09989,C09989,TransUnion,551,C,2026-04-24,2,2,578506.96,4,{}
EV-BUR-C09990,C09990,Metropol,608,B,2026-04-20,1,1,1194338.29,0,{}
EV-BUR-C09991,C09991,TransUnion,781,A,2026-04-22,1,5,1400710.62,4,{}
EV-BUR-C09992,C09992,TransUnion,589,C,2026-04-26,0,5,2453711.60,3,{}
EV-BUR-C09993,C09993,TransUnion,782,A,2026-04-22,0,6,2108530.70,1,{}
EV-BUR-C09994,C09994,CreditInfo,846,A,2026-04-25,0,6,2855370.09,2,{}
EV-BUR-C09995,C09995,CreditInfo,292,E,2026-04-20,6,2,328053.83,3,{}
EV-BUR-C09996,C09996,CreditInfo,603,B,2026-04-26,2,1,2480585.49,4,{}
EV-BUR-C09997,C09997,TransUnion,591,C,2026-04-22,1,4,694609.74,1,{}
EV-BUR-C09998,C09998,CreditInfo,398,E,2026-04-25,8,3,1086938.15,2,{}
EV-BUR-C09999,C09999,TransUnion,714,B,2026-04-25,2,1,2606048.63,4,{}
EV-BUR-C10000,C10000,Metropol,752,A,2026-04-25,0,1,57072.51,1,{}
